Gmt time,open,high,low,close,volume,EMA,EMASignal,isPivot,pointpos,pattern_detected,pointBreak
04.05.2003 21:00:00.000,1.12284,1.12338,1.12242,1.12305,29059099.6094,1.12305,0,0,,0,0.0
04.05.2003 22:00:00.000,1.12274,1.12302,1.12226,1.12241,26091800.7813,1.1230007692307693,0,0,,0,0.0
04.05.2003 23:00:00.000,1.12235,1.12235,1.1216,1.12169,29240900.3906,1.1228999408284026,0,0,,0,0.0
05.05.2003 00:00:00.000,1.12161,1.12314,1.12154,1.12258,29914800.7813,1.1228753299954486,0,0,,0,0.0
05.05.2003 01:00:00.000,1.12232,1.12262,1.12099,1.1214,28370699.2188,1.1227618430727218,0,0,,0,0.0
05.05.2003 02:00:00.000,1.12141,1.12211,1.12085,1.12152,29867699.2188,1.1226663166825124,0,0,,0,0.0
05.05.2003 03:00:00.000,1.12123,1.12179,1.12049,1.12162,27256800.7813,1.1225858307838577,0,0,,0,0.0
05.05.2003 04:00:00.000,1.12098,1.12176,1.12079,1.12122,28278900.3906,1.122480766877407,0,0,,0,0.0
05.05.2003 05:00:00.000,1.12129,1.12222,1.12091,1.12143,26764900.3906,1.1223999386560681,0,0,,0,0.0
05.05.2003 06:00:00.000,1.12128,1.12241,1.12066,1.12088,29956599.6094,1.1222830202979093,0,0,,0,0.0
05.05.2003 07:00:00.000,1.12103,1.12203,1.12014,1.12143,27322800.7813,1.1222174033519163,0,2,1.11914,0,0.0
05.05.2003 08:00:00.000,1.12129,1.12205,1.12054,1.12093,25939900.3906,1.122118372324846,0,0,,0,0.0
05.05.2003 09:00:00.000,1.12082,1.12161,1.12042,1.12118,27366000.0,1.1220461898383196,0,0,,0,0.0
05.05.2003 10:00:00.000,1.1209,1.12289,1.12071,1.12213,27687500.0,1.1220526367738335,0,0,,0,0.0
05.05.2003 11:00:00.000,1.12252,1.12321,1.12144,1.12241,27812599.6094,1.1220801262527695,0,0,,0,0.0
05.05.2003 12:00:00.000,1.12248,1.12276,1.12117,1.12154,27855400.3906,1.1220385780794797,0,0,,0,0.0
05.05.2003 13:00:00.000,1.12174,1.12349,1.1212,1.12284,26335699.2188,1.1221002259195199,0,0,,0,0.0
05.05.2003 14:00:00.000,1.1228,1.12457,1.12206,1.1242,26436099.6094,1.1222617470026337,0,0,,0,0.0
05.05.2003 15:00:00.000,1.12432,1.12828,1.12251,1.12764,26947199.2188,1.1226754587716619,0,0,,0,0.0
05.05.2003 16:00:00.000,1.12732,1.1289,1.12631,1.12698,292878406.25,1.1230065773276878,0,0,,0,0.0
05.05.2003 17:00:00.000,1.12698,1.13009,1.12646,1.12892,135829796.875,1.1234614559947889,0,1,1.13109,0,0.0
05.05.2003 18:00:00.000,1.12918,1.12981,1.12762,1.12819,146120296.875,1.123825190149036,0,0,,0,0.0
05.05.2003 19:00:00.000,1.12798,1.12924,1.12756,1.12764,107658703.125,1.1241186370606486,0,0,,0,0.0
05.05.2003 20:00:00.000,1.12783,1.1286,1.12735,1.12774,63229800.7813,1.124397203440599,0,0,,0,0.0
05.05.2003 21:00:00.000,1.12728,1.12922,1.12728,1.12908,29232800.7813,1.124757418560553,0,0,,0,0.0
05.05.2003 22:00:00.000,1.1289,1.12952,1.12803,1.12858,26955800.7813,1.1250514632866642,0,0,,0,0.0
05.05.2003 23:00:00.000,1.12861,1.12983,1.1286,1.12924,29986400.3906,1.1253736584184593,0,0,,0,0.0
06.05.2003 00:00:00.000,1.12921,1.12994,1.12831,1.12897,29251199.2188,1.1256503000785778,0,0,,0,0.0
06.05.2003 01:00:00.000,1.12882,1.12951,1.12774,1.12776,29633699.2188,1.125812584687918,0,0,,0,0.0
06.05.2003 02:00:00.000,1.12771,1.12882,1.12735,1.12768,30240099.6094,1.1259562320196166,0,0,,0,0.0
06.05.2003 03:00:00.000,1.12747,1.12861,1.12734,1.1279,27435599.6094,1.1261057526334923,0,0,,0,0.0
06.05.2003 04:00:00.000,1.12792,1.12899,1.12765,1.12851,27480699.2188,1.1262906947386082,0,0,,0,0.0
06.05.2003 05:00:00.000,1.12846,1.12892,1.12771,1.12811,25228099.6094,1.126430641297177,2,0,,0,0.0
06.05.2003 06:00:00.000,1.12839,1.12881,1.12723,1.12823,28644800.7813,1.1265690535050865,2,2,1.12623,0,0.0
06.05.2003 07:00:00.000,1.12817,1.12981,1.12768,1.1293,26561199.2188,1.1267791263123876,2,0,,0,0.0
06.05.2003 08:00:00.000,1.12956,1.13402,1.12933,1.13361,25829000.0,1.1273045781345117,2,0,,0,0.0
06.05.2003 09:00:00.000,1.13373,1.13426,1.13199,1.13274,27161099.6094,1.1277226875087802,2,0,,0,0.0
06.05.2003 10:00:00.000,1.13294,1.13445,1.13181,1.13336,27024199.2188,1.1281563269311818,2,0,,0,0.0
06.05.2003 11:00:00.000,1.13377,1.13572,1.13289,1.13361,26307000.0,1.128575840244168,2,0,,0,0.0
06.05.2003 12:00:00.000,1.13316,1.13646,1.13295,1.13436,28336900.3906,1.1290207756100012,2,0,,0,0.0
06.05.2003 13:00:00.000,1.13424,1.13538,1.13184,1.13262,27186000.0,1.1292976390246168,2,0,,0,0.0
06.05.2003 14:00:00.000,1.13234,1.13376,1.13103,1.13258,27962400.3906,1.1295501283304155,2,0,,0,0.0
06.05.2003 15:00:00.000,1.13325,1.13473,1.13114,1.1338,26345000.0,1.1298770415357682,2,0,,0,0.0
06.05.2003 16:00:00.000,1.13409,1.13636,1.13304,1.135,295778687.5,1.130271115263786,2,0,,0,0.0
06.05.2003 17:00:00.000,1.1352,1.13609,1.13354,1.13373,138287796.875,1.130537183320418,2,0,,0,0.0
06.05.2003 18:00:00.000,1.13384,1.13685,1.1337,1.13545,148475296.875,1.1309150922957705,2,0,,0,0.0
06.05.2003 19:00:00.000,1.13642,1.14308,1.13613,1.14142,108530898.4375,1.1317231621191728,2,0,,0,0.0
06.05.2003 20:00:00.000,1.14174,1.14506,1.14073,1.14338,61797800.7813,1.1326198419561595,2,1,1.1460599999999999,0,0.0
06.05.2003 21:00:00.000,1.14297,1.14353,1.14192,1.14276,29417199.2188,1.133399854113378,2,0,,0,0.0
06.05.2003 22:00:00.000,1.14294,1.14438,1.14203,1.14386,28122099.6094,1.1342044807200413,2,0,,0,0.0
06.05.2003 23:00:00.000,1.14345,1.1439,1.14212,1.14234,30430199.2188,1.1348302898954228,2,0,,0,0.0
07.05.2003 00:00:00.000,1.14218,1.14289,1.14156,1.14258,28683699.2188,1.135426421441929,2,0,,0,0.0
07.05.2003 01:00:00.000,1.14185,1.14258,1.14057,1.14091,29909900.3906,1.1358482351771653,2,0,,0,0.0
07.05.2003 02:00:00.000,1.1407,1.14157,1.13991,1.14106,30473699.2188,1.1362491401635373,2,0,,0,0.0
07.05.2003 03:00:00.000,1.14151,1.14194,1.1405,1.14075,27214300.7813,1.1365953601509575,2,0,,0,0.0
07.05.2003 04:00:00.000,1.14081,1.14196,1.14075,1.14187,28837599.6094,1.137001101677807,2,0,,0,0.0
07.05.2003 05:00:00.000,1.1416,1.14323,1.14131,1.14136,24898400.3906,1.137336401548745,2,0,,0,0.0
07.05.2003 06:00:00.000,1.14117,1.14186,1.13931,1.14016,28194099.6094,1.137553601429611,2,0,,0,0.0
07.05.2003 07:00:00.000,1.14033,1.14186,1.13892,1.14068,28881800.7813,1.1377940936273332,2,0,,0,0.0
07.05.2003 08:00:00.000,1.14061,1.14198,1.13959,1.13975,27207900.3906,1.1379445479636923,2,0,,0,0.0
07.05.2003 09:00:00.000,1.13946,1.14042,1.13762,1.13857,25949400.3906,1.1379926596587928,2,0,,0,0.0
07.05.2003 10:00:00.000,1.13842,1.14067,1.13771,1.14001,29141199.2188,1.1381478396850397,2,0,,0,0.0
07.05.2003 11:00:00.000,1.13991,1.14176,1.13872,1.13971,27972199.2188,1.1382680058631136,2,0,,0,0.0
07.05.2003 12:00:00.000,1.1399,1.14244,1.13877,1.14144,28004800.7813,1.138512005412105,2,0,,0,0.0
07.05.2003 13:00:00.000,1.1413,1.14302,1.13842,1.14088,26602400.3906,1.1386941588419432,2,0,,0,0.0
07.05.2003 14:00:00.000,1.14055,1.14126,1.13466,1.13845,27875199.2188,1.138675377392563,0,0,,0,0.0
07.05.2003 15:00:00.000,1.13848,1.13975,1.13471,1.13508,26053800.7813,1.1383988099008275,0,0,,0,0.0
07.05.2003 16:00:00.000,1.13495,1.13692,1.13265,1.13366,296163093.75,1.1380342860623023,0,2,1.13165,0,0.0
07.05.2003 17:00:00.000,1.13348,1.13697,1.13335,1.13375,134765406.25,1.1377047255959714,0,0,,0,0.0
07.05.2003 18:00:00.000,1.13365,1.1366,1.13365,1.13606,143796000.0,1.137578208242435,0,0,,0,0.0
07.05.2003 19:00:00.000,1.13622,1.13762,1.13476,1.1368,105757101.5625,1.1375183460699403,0,0,,0,0.0
07.05.2003 20:00:00.000,1.13675,1.1374,1.13574,1.13647,63657101.5625,1.1374377040645602,0,0,,0,0.0
07.05.2003 21:00:00.000,1.13605,1.13718,1.13528,1.13534,27956300.7813,1.1372763422134404,0,0,,0,0.0
07.05.2003 22:00:00.000,1.13544,1.13636,1.13469,1.13485,26918000.0,1.1370897005047143,0,0,,0,0.0
07.05.2003 23:00:00.000,1.13502,1.13555,1.13401,1.13494,27683199.2188,1.1369243389274286,0,0,,0,0.0
08.05.2003 00:00:00.000,1.13507,1.13654,1.135,1.13591,28423599.6094,1.136846312856088,0,0,,0,0.0
08.05.2003 01:00:00.000,1.13519,1.13613,1.13461,1.13499,31345400.3906,1.1367035195594657,0,0,,0,0.0
08.05.2003 02:00:00.000,1.13486,1.13567,1.13295,1.13304,28502599.6094,1.1364217103625838,0,0,,0,0.0
08.05.2003 03:00:00.000,1.13279,1.13416,1.13266,1.13384,28771300.7813,1.1362231172577697,0,0,,0,0.0
08.05.2003 04:00:00.000,1.13372,1.13384,1.13161,1.13206,28371599.6094,1.1359028774687105,0,0,,0,0.0
08.05.2003 05:00:00.000,1.13145,1.13246,1.13006,1.131,25761900.3906,1.1355257330480406,0,2,1.1290600000000002,0,0.0
08.05.2003 06:00:00.000,1.13128,1.13379,1.13092,1.13259,30322300.7813,1.1352999074289607,0,0,,0,0.0
08.05.2003 07:00:00.000,1.1328,1.13399,1.13237,1.13306,27524199.2188,1.1351276068575022,1,0,,0,0.0
08.05.2003 08:00:00.000,1.1326,1.13383,1.13075,1.13292,25790599.6094,1.1349577909453867,1,0,,0,0.0
08.05.2003 09:00:00.000,1.13331,1.13573,1.13226,1.13533,26678800.7813,1.1349864224111263,0,0,,0,0.0
08.05.2003 10:00:00.000,1.1352,1.13608,1.13416,1.13493,28223800.7813,1.134982082225655,0,0,,0,0.0
08.05.2003 11:00:00.000,1.13504,1.13694,1.13466,1.13583,25843699.2188,1.1350473066698357,0,0,,0,0.0
08.05.2003 12:00:00.000,1.13565,1.14336,1.13534,1.14314,28636000.0,1.1356698215413867,0,0,,0,0.0
08.05.2003 13:00:00.000,1.14316,1.14812,1.14226,1.14704,27576000.0,1.1365444506535878,0,0,,0,0.0
08.05.2003 14:00:00.000,1.14703,1.14845,1.14531,1.1466,26299800.7813,1.1373179544494658,0,0,,0,0.0
08.05.2003 15:00:00.000,1.14649,1.14733,1.14316,1.14485,25089099.6094,1.1378973425687378,0,0,,0,0.0
08.05.2003 16:00:00.000,1.14489,1.14759,1.14475,1.14526,289619406.25,1.138463700832681,0,0,,0,0.0
08.05.2003 17:00:00.000,1.14527,1.1503,1.14504,1.14837,135008093.75,1.1392257238455517,0,0,,0,0.0
08.05.2003 18:00:00.000,1.14849,1.14934,1.14602,1.14848,147474906.25,1.1399375912420477,0,0,,0,0.0
08.05.2003 19:00:00.000,1.14873,1.14993,1.14714,1.14966,103810796.875,1.1406854688388135,0,0,,0,0.0
08.05.2003 20:00:00.000,1.14965,1.15077,1.14886,1.14996,63551199.2188,1.141398894312751,0,0,,0,0.0
08.05.2003 21:00:00.000,1.14932,1.15051,1.14866,1.14947,28171000.0,1.1420197485963857,0,0,,0,0.0
08.05.2003 22:00:00.000,1.14918,1.14994,1.14719,1.14737,27112300.7813,1.1424313063966636,0,0,,0,0.0
08.05.2003 23:00:00.000,1.14817,1.14904,1.14792,1.1482,28672900.3906,1.1428750520584587,0,0,,0,0.0
09.05.2003 00:00:00.000,1.14831,1.1535,1.1481,1.15148,27927300.7813,1.1435369711308851,0,0,,0,0.0
09.05.2003 01:00:00.000,1.1517,1.15366,1.1512,1.15164,30878300.7813,1.144160281043894,0,1,1.1546599999999998,0,0.0
09.05.2003 02:00:00.000,1.15132,1.1524,1.15077,1.15188,30990000.0,1.1447541055789792,0,0,,0,0.0
09.05.2003 03:00:00.000,1.15152,1.15234,1.14818,1.15145,27066199.2188,1.1452691743805963,0,0,,0,0.0
09.05.2003 04:00:00.000,1.15137,1.15245,1.15093,1.15211,29807000.0,1.1457953917359351,2,0,,0,0.0
09.05.2003 05:00:00.000,1.15185,1.15253,1.15125,1.15225,25464400.3906,1.1462919000639402,2,0,,0,0.0
09.05.2003 06:00:00.000,1.15243,1.15259,1.1491,1.14961,29581400.3906,1.1465471385205601,2,0,,0,0.0
09.05.2003 07:00:00.000,1.14974,1.15076,1.14751,1.14978,26172199.2188,1.1467958201728248,2,0,,0,0.0
09.05.2003 08:00:00.000,1.15009,1.15232,1.14861,1.15126,26634400.3906,1.1471392186210692,2,0,,0,0.0
09.05.2003 09:00:00.000,1.1511,1.15319,1.14962,1.14975,26409900.3906,1.1473400479579101,2,0,,0,0.0
09.05.2003 10:00:00.000,1.14965,1.15123,1.14799,1.14894,26368599.6094,1.147463121191917,2,0,,0,0.0
09.05.2003 11:00:00.000,1.14862,1.15,1.14794,1.14866,26846000.0,1.147555188792539,2,0,,0,0.0
09.05.2003 12:00:00.000,1.14872,1.15035,1.14756,1.14805,28710900.3906,1.147593251193113,2,0,,0,0.0
09.05.2003 13:00:00.000,1.14815,1.14944,1.14522,1.14644,27381099.6094,1.1475045395628736,0,0,,0,0.0
09.05.2003 14:00:00.000,1.14636,1.14797,1.14346,1.14701,26652099.6094,1.1474664980580371,0,2,1.14246,0,0.0
09.05.2003 15:00:00.000,1.14756,1.15091,1.14668,1.14869,25501699.2188,1.1475606135920344,0,0,,0,0.0
09.05.2003 16:00:00.000,1.14844,1.14997,1.14805,1.14936,294701812.5,1.1476990279311088,0,0,,0,0.0
09.05.2003 17:00:00.000,1.14943,1.14995,1.1477,1.1484,132277796.875,1.147752948859485,0,0,,0,0.0
09.05.2003 18:00:00.000,1.1483,1.14945,1.14776,1.14827,149506000.0,1.1477927220241402,0,0,,0,0.0
09.05.2003 19:00:00.000,1.14845,1.14929,1.14769,1.14875,107246000.0,1.147866358791514,0,0,,0,0.0
09.05.2003 20:00:00.000,1.14893,1.14921,1.14826,1.14877,62837199.2188,1.1479358696537054,0,0,,0,0.0
11.05.2003 21:00:00.000,1.14888,1.1526,1.14888,1.15224,28675500.0,1.1482669566034203,0,0,,0,0.0
11.05.2003 22:00:00.000,1.15237,1.15329,1.14963,1.15268,27745199.2188,1.1486064214800804,0,0,,0,0.0
11.05.2003 23:00:00.000,1.15289,1.15645,1.15274,1.15605,28107900.3906,1.1491790044431514,0,0,,0,0.0
12.05.2003 00:00:00.000,1.15632,1.15741,1.1552,1.1552,27067800.7813,1.1496421579475244,0,0,,0,0.0
12.05.2003 01:00:00.000,1.15538,1.15642,1.15505,1.15527,31434500.0,1.150075068874638,0,0,,0,0.0
12.05.2003 02:00:00.000,1.15517,1.15661,1.1548,1.15645,30569500.0,1.1505654481919734,0,0,,0,0.0
12.05.2003 03:00:00.000,1.1567,1.15747,1.15614,1.15708,28561400.3906,1.1510665675618217,0,0,,0,0.0
12.05.2003 04:00:00.000,1.15712,1.15838,1.15676,1.15729,28837199.2188,1.1515452931339893,0,0,,0,0.0
12.05.2003 05:00:00.000,1.15696,1.15769,1.15585,1.15621,24866800.7813,1.1519041167390671,0,0,,0,0.0
12.05.2003 06:00:00.000,1.15584,1.1566,1.15529,1.15618,28639699.2188,1.152233030836062,0,0,,0,0.0
12.05.2003 07:00:00.000,1.15596,1.15685,1.1554,1.15637,28379699.2188,1.152551259233288,2,0,,0,0.0
12.05.2003 08:00:00.000,1.15677,1.1609,1.15619,1.16057,26827500.0,1.1531680854461122,2,0,,0,0.0
12.05.2003 09:00:00.000,1.16026,1.16229,1.15831,1.15886,28538900.3906,1.1536059250271806,2,1,1.16329,0,0.0
12.05.2003 10:00:00.000,1.15862,1.1598,1.15656,1.15743,26680199.2188,1.1539000846404746,2,0,,0,0.0
12.05.2003 11:00:00.000,1.15774,1.15977,1.15702,1.15806,27898099.6094,1.1542200781296688,2,0,,0,0.0
12.05.2003 12:00:00.000,1.15789,1.15933,1.15711,1.15856,27542699.2188,1.1545539182735405,2,0,,0,0.0
12.05.2003 13:00:00.000,1.15828,1.15999,1.15758,1.15908,27321400.3906,1.1549020784063453,2,0,,0,0.0
12.05.2003 14:00:00.000,1.15885,1.16056,1.15733,1.15831,26112300.7813,1.1551642262212418,2,0,,0,0.0
12.05.2003 15:00:00.000,1.15836,1.15849,1.15346,1.15417,26941300.7813,1.1550877472811465,0,0,,0,0.0
12.05.2003 16:00:00.000,1.15418,1.15688,1.154,1.15538,290661593.75,1.15511022825952,0,0,,0,0.0
12.05.2003 17:00:00.000,1.1555,1.15672,1.15467,1.15544,135356000.0,1.1551355953164801,0,0,,0,0.0
12.05.2003 18:00:00.000,1.1552,1.15646,1.15502,1.15586,145808796.875,1.155191318753674,0,0,,0,0.0
12.05.2003 19:00:00.000,1.15611,1.1572,1.15529,1.15572,104303000.0,1.1552319865418528,0,0,,0,0.0
12.05.2003 20:00:00.000,1.15543,1.15597,1.1536,1.15427,63511398.4375,1.1551579875770948,0,0,,0,0.0
12.05.2003 21:00:00.000,1.15357,1.15679,1.15225,1.15532,28237800.7813,1.1551704500711646,0,0,,0,0.0
12.05.2003 22:00:00.000,1.15537,1.15739,1.15517,1.15625,25720099.6094,1.1552534923733828,0,0,,0,0.0
12.05.2003 23:00:00.000,1.15612,1.15671,1.15524,1.15559,28413199.2188,1.1552793775754304,0,0,,0,0.0
13.05.2003 00:00:00.000,1.15544,1.15591,1.15085,1.15134,27575199.2188,1.1549763485311666,0,0,,0,0.0
13.05.2003 01:00:00.000,1.15111,1.1515,1.1462,1.14809,29974000.0,1.1544466294133846,0,2,1.1452000000000002,0,0.0
13.05.2003 02:00:00.000,1.14817,1.15183,1.14747,1.15063,27878800.7813,1.154153042535432,0,0,,0,0.0
13.05.2003 03:00:00.000,1.15045,1.15128,1.14931,1.15034,25375800.7813,1.153859731571168,0,0,,0,0.0
13.05.2003 04:00:00.000,1.15043,1.1509,1.14898,1.14964,28649199.2188,1.1535351368349243,0,0,,0,0.0
13.05.2003 05:00:00.000,1.14969,1.15543,1.1495,1.15359,25415400.3906,1.1535393570783916,0,0,,0,0.0
13.05.2003 06:00:00.000,1.15331,1.15486,1.15315,1.15432,28473099.6094,1.1535994065339001,0,0,,0,0.0
13.05.2003 07:00:00.000,1.15399,1.15487,1.1472,1.14848,25749099.6094,1.1532056060312925,0,0,,0,0.0
13.05.2003 08:00:00.000,1.14852,1.15081,1.14799,1.14938,27087400.3906,1.15291132864427,0,0,,0,0.0
13.05.2003 09:00:00.000,1.14963,1.15193,1.149,1.15112,27457699.2188,1.1527735341331724,0,0,,0,0.0
13.05.2003 10:00:00.000,1.1511,1.15159,1.14907,1.15085,26544300.7813,1.1526255699690822,0,0,,0,0.0
13.05.2003 11:00:00.000,1.15042,1.15153,1.15033,1.15092,27470599.6094,1.1524943722791527,0,0,,0,0.0
13.05.2003 12:00:00.000,1.1513,1.15302,1.15009,1.15243,27302599.6094,1.1524894205653717,0,0,,0,0.0
13.05.2003 13:00:00.000,1.15244,1.15532,1.15146,1.15387,26621800.7813,1.1525956189834201,0,0,,0,0.0
13.05.2003 14:00:00.000,1.1532,1.15472,1.15132,1.15224,26223000.0,1.1525682636770032,0,0,,0,0.0
13.05.2003 15:00:00.000,1.15238,1.15333,1.14866,1.15141,24843699.2188,1.1524791664710798,0,0,,0,0.0
13.05.2003 16:00:00.000,1.15133,1.15175,1.14891,1.14988,295745000.0,1.152279230588689,0,0,,0,0.0
13.05.2003 17:00:00.000,1.14977,1.15176,1.1496,1.15064,136570406.25,1.1521531359280206,0,0,,0,0.0
13.05.2003 18:00:00.000,1.15051,1.15263,1.15001,1.15202,147392906.25,1.1521428947027883,0,0,,0,0.0
13.05.2003 19:00:00.000,1.15212,1.15379,1.1509,1.15148,107010500.0,1.152091902802574,0,0,,0,0.0
13.05.2003 20:00:00.000,1.15123,1.1519,1.15054,1.1512,62089398.4375,1.1520232948946838,0,0,,0,0.0
13.05.2003 21:00:00.000,1.1512,1.15339,1.15092,1.15232,30540199.2188,1.1520461183643236,0,0,,0,0.0
13.05.2003 22:00:00.000,1.15254,1.15366,1.15146,1.1534,27677599.6094,1.1521502631055296,0,0,,0,0.0
13.05.2003 23:00:00.000,1.15334,1.1537,1.15211,1.15277,28631099.6094,1.152197935174335,0,0,,0,0.0
14.05.2003 00:00:00.000,1.15265,1.15352,1.15195,1.152,26659900.3906,1.1521827093916939,0,0,,0,0.0
14.05.2003 01:00:00.000,1.1515,1.1522,1.14968,1.15037,30552099.6094,1.1520432702077175,0,0,,0,0.0
14.05.2003 02:00:00.000,1.15013,1.15107,1.1486,1.1499,29661800.7813,1.1518784032686624,0,0,,0,0.0
14.05.2003 03:00:00.000,1.14968,1.15066,1.14934,1.14951,26976900.3906,1.1516962184018424,0,0,,0,0.0
14.05.2003 04:00:00.000,1.1496,1.15142,1.14914,1.15109,29454000.0,1.1516495862170852,0,0,,0,0.0
14.05.2003 05:00:00.000,1.15116,1.15166,1.15008,1.15034,25328500.0,1.151548848815771,0,0,,0,0.0
14.05.2003 06:00:00.000,1.15021,1.15101,1.14937,1.14991,27871699.2188,1.1514227835222501,0,0,,0,0.0
14.05.2003 07:00:00.000,1.14992,1.15001,1.14704,1.14769,27435699.2188,1.151135646328231,0,0,,0,0.0
14.05.2003 08:00:00.000,1.1472,1.1526,1.14667,1.15203,27593400.3906,1.151204442764521,0,2,1.1456700000000002,0,0.0
14.05.2003 09:00:00.000,1.15231,1.15326,1.14929,1.15002,26981199.2188,1.1511133317826348,0,0,,0,0.0
14.05.2003 10:00:00.000,1.14983,1.15075,1.14776,1.14909,26965400.3906,1.1509576908762784,0,0,,0,0.0
14.05.2003 11:00:00.000,1.14873,1.14932,1.14788,1.14838,26888199.2188,1.1507594069627185,0,0,,0,0.0
14.05.2003 12:00:00.000,1.14825,1.14998,1.14751,1.14899,27160300.7813,1.1506232987348173,0,0,,0,0.0
14.05.2003 13:00:00.000,1.14921,1.15171,1.14864,1.14917,27179000.0,1.150511506524447,0,0,,0,0.0
14.05.2003 14:00:00.000,1.14875,1.15046,1.1471,1.14926,27581900.3906,1.1504152367917972,0,0,,0,0.0
14.05.2003 15:00:00.000,1.14914,1.15091,1.14811,1.14916,26397500.0,1.1503186801155052,0,0,,0,0.0
14.05.2003 16:00:00.000,1.14925,1.15056,1.14879,1.14957,298594593.75,1.1502610893373895,0,0,,0,0.0
14.05.2003 17:00:00.000,1.14973,1.15261,1.14933,1.1513,135009796.875,1.1503410055422059,0,0,,0,0.0
14.05.2003 18:00:00.000,1.15155,1.15184,1.14911,1.15028,145921406.25,1.15033631280819,0,0,,0,0.0
14.05.2003 19:00:00.000,1.15048,1.15104,1.14994,1.15018,107950398.4375,1.1503242887460217,0,0,,0,0.0
14.05.2003 20:00:00.000,1.14984,1.15052,1.14903,1.1494,62459000.0,1.1502531896117123,0,0,,0,0.0
14.05.2003 21:00:00.000,1.14913,1.14967,1.14843,1.1486,30934900.3906,1.1501260211800421,0,0,,0,0.0
14.05.2003 22:00:00.000,1.14864,1.14931,1.14701,1.14729,27781000.0,1.1499078657046544,0,0,,0,0.0
14.05.2003 23:00:00.000,1.14694,1.1482,1.14661,1.1477,28428500.0,1.1497380298812194,0,0,,0,0.0
15.05.2003 00:00:00.000,1.14767,1.14783,1.14689,1.14697,28718500.0,1.149525104505741,0,0,,0,0.0
15.05.2003 01:00:00.000,1.14717,1.1487,1.14632,1.14755,31318500.0,1.1493731733899148,0,0,,0,0.0
15.05.2003 02:00:00.000,1.14744,1.14773,1.14657,1.14667,30072599.6094,1.149165236975306,0,0,,0,0.0
15.05.2003 03:00:00.000,1.14661,1.14686,1.14194,1.1442,27287099.6094,1.1487832956695132,0,2,1.14094,0,0.0
15.05.2003 04:00:00.000,1.14418,1.1457,1.1437,1.14452,29531699.2188,1.1484553498487813,0,0,,0,0.0
15.05.2003 05:00:00.000,1.14434,1.14465,1.14374,1.14374,24744000.0,1.1480926306296442,0,0,,0,0.0
15.05.2003 06:00:00.000,1.14433,1.14454,1.14307,1.14337,28143800.7813,1.1477293513504407,0,0,,0,0.0
15.05.2003 07:00:00.000,1.14348,1.14455,1.14249,1.14443,27594599.6094,1.1474755550927145,0,0,,0,0.0
15.05.2003 08:00:00.000,1.14476,1.14633,1.14412,1.14563,28566699.2188,1.1473335893163519,0,0,,0,0.0
15.05.2003 09:00:00.000,1.14601,1.14796,1.14523,1.14744,27036000.0,1.1473417747535557,0,0,,0,0.0
15.05.2003 10:00:00.000,1.14751,1.14779,1.14589,1.14741,25817400.3906,1.147347022849436,0,0,,0,0.0
15.05.2003 11:00:00.000,1.14718,1.14835,1.14623,1.14692,26410699.2188,1.147314174937941,0,0,,0,0.0
15.05.2003 12:00:00.000,1.14713,1.1484,1.14615,1.14729,28822099.6094,1.1473123153273301,0,1,1.1494,0,0.0
15.05.2003 13:00:00.000,1.14729,1.14765,1.14422,1.14469,25995300.7813,1.1471105987636894,0,0,,0,0.0
15.05.2003 14:00:00.000,1.1446,1.14664,1.14354,1.14573,27812300.7813,1.1470043988587904,0,0,,0,0.0
15.05.2003 15:00:00.000,1.14601,1.14679,1.1444,1.14583,28401900.3906,1.1469140604850372,0,0,,0,0.0
15.05.2003 16:00:00.000,1.14582,1.14642,1.14442,1.14553,292430812.5,1.1468075942938805,0,0,,0,0.0
15.05.2003 17:00:00.000,1.14517,1.14702,1.13914,1.13979,134734796.875,1.1462677793481975,0,0,,0,0.0
15.05.2003 18:00:00.000,1.13946,1.141,1.1382,1.13907,147137203.125,1.1457141040137209,0,0,,0,0.0
15.05.2003 19:00:00.000,1.13881,1.13952,1.13744,1.13928,105240703.125,1.1452191729357424,0,0,,0,0.0
15.05.2003 20:00:00.000,1.13948,1.13958,1.13831,1.13847,62896300.7813,1.144700005786839,0,0,,0,0.0
15.05.2003 21:00:00.000,1.13775,1.13854,1.13756,1.13797,29560500.0,1.1441823130340054,0,0,,0,0.0
15.05.2003 22:00:00.000,1.13792,1.13887,1.13702,1.1378,28420199.2188,1.1436913658775434,0,0,,0,0.0
15.05.2003 23:00:00.000,1.13794,1.13943,1.13787,1.13838,30388900.3906,1.1432827992715784,0,0,,0,0.0
16.05.2003 00:00:00.000,1.13825,1.13893,1.13675,1.13865,27159099.6094,1.1429264300968416,0,2,1.13575,0,0.0
16.05.2003 01:00:00.000,1.13881,1.14,1.13871,1.13924,31062800.7813,1.1426428585509307,0,0,,0,0.0
16.05.2003 02:00:00.000,1.13922,1.14087,1.13864,1.14009,28285900.3906,1.142446484816244,0,0,,0,0.0
16.05.2003 03:00:00.000,1.14017,1.14135,1.13993,1.14011,27041199.2188,1.1422667552149943,0,0,,0,0.0
16.05.2003 04:00:00.000,1.14039,1.14116,1.13999,1.14084,28180099.6094,1.142157004813841,0,0,,0,0.0
16.05.2003 05:00:00.000,1.1408,1.14125,1.14039,1.14073,27447699.2188,1.1420472352127764,1,0,,0,0.0
16.05.2003 06:00:00.000,1.14038,1.1411,1.13863,1.13948,29076699.2188,1.1418497555810245,1,0,,0,0.0
16.05.2003 07:00:00.000,1.13949,1.14027,1.1382,1.14014,27803900.3906,1.1417182359209457,1,0,,0,0.0
16.05.2003 08:00:00.000,1.14029,1.14093,1.13926,1.1404,27287699.2188,1.141616833157796,1,0,,0,0.0
16.05.2003 09:00:00.000,1.14057,1.14217,1.1399,1.14198,26692900.3906,1.1416447690687348,0,0,,0,0.0
16.05.2003 10:00:00.000,1.1423,1.14336,1.14134,1.14285,26327699.2188,1.1417374791403707,0,0,,0,0.0
16.05.2003 11:00:00.000,1.14276,1.14401,1.14208,1.14331,27299400.3906,1.1418584422834193,0,0,,0,0.0
16.05.2003 12:00:00.000,1.14374,1.14853,1.14286,1.1479,27966000.0,1.1423231774923872,0,0,,0,0.0
16.05.2003 13:00:00.000,1.14799,1.15105,1.14796,1.14967,27782400.3906,1.1428883176852804,0,0,,0,0.0
16.05.2003 14:00:00.000,1.14958,1.15478,1.14925,1.15334,26947800.7813,1.1436922932479512,0,0,,0,0.0
16.05.2003 15:00:00.000,1.15397,1.15557,1.15254,1.15339,27046800.7813,1.1444382706904164,0,0,,0,0.0
16.05.2003 16:00:00.000,1.15369,1.15504,1.15324,1.15429,288686500.0,1.145196096021923,0,0,,0,0.0
16.05.2003 17:00:00.000,1.15413,1.15499,1.15317,1.15317,135388203.125,1.145809473251006,0,0,,0,0.0
16.05.2003 18:00:00.000,1.1534,1.15593,1.15263,1.15511,148999296.875,1.146524898385544,0,0,,0,0.0
16.05.2003 19:00:00.000,1.1549,1.15766,1.15468,1.15746,107297296.875,1.1473660600481945,0,0,,0,0.0
16.05.2003 20:00:00.000,1.15743,1.15766,1.15613,1.15705,61884601.5625,1.148110978506026,0,0,,0,0.0
18.05.2003 21:00:00.000,1.16564,1.16811,1.16281,1.16742,30656400.3906,1.1495962878517163,0,0,,0,0.0
18.05.2003 22:00:00.000,1.1677,1.16841,1.16631,1.16683,27745500.0,1.150921958016969,0,0,,0,0.0
18.05.2003 23:00:00.000,1.16671,1.16671,1.16536,1.16576,29489199.2188,1.1520633458618177,0,0,,0,0.0
19.05.2003 00:00:00.000,1.16546,1.16771,1.16406,1.16672,28408300.7813,1.1531907807955242,0,0,,0,0.0
19.05.2003 01:00:00.000,1.16679,1.16992,1.1655,1.16793,29813199.2188,1.1543245668881763,2,0,,0,0.0
19.05.2003 02:00:00.000,1.16814,1.17071,1.16759,1.16892,29367699.2188,1.1554472925121628,2,0,,0,0.0
19.05.2003 03:00:00.000,1.16899,1.17078,1.16873,1.16983,27570300.7813,1.1565536546266117,2,0,,0,0.0
19.05.2003 04:00:00.000,1.17009,1.17045,1.16916,1.1694,28991000.0,1.1575418350399493,2,0,,0,0.0
19.05.2003 05:00:00.000,1.16906,1.16965,1.1686,1.16922,27233500.0,1.1584401554214916,2,0,,0,0.0
19.05.2003 06:00:00.000,1.16901,1.16949,1.16799,1.16833,28499800.7813,1.1592009126967615,2,0,,0,0.0
19.05.2003 07:00:00.000,1.16862,1.17124,1.16648,1.16859,25848300.7813,1.159923150181626,2,0,,0,0.0
19.05.2003 08:00:00.000,1.16867,1.16965,1.16805,1.16884,26681199.2188,1.1606090617061164,2,0,,0,0.0
19.05.2003 09:00:00.000,1.16937,1.17353,1.16844,1.17135,26528400.3906,1.1614352877287228,2,1,1.1745299999999999,0,0.0
19.05.2003 10:00:00.000,1.1712,1.17208,1.16999,1.17115,27788000.0,1.162182573288052,2,0,,0,0.0
19.05.2003 11:00:00.000,1.17097,1.17217,1.16871,1.16935,27434000.0,1.1627339138043558,2,0,,0,0.0
19.05.2003 12:00:00.000,1.16863,1.16916,1.16554,1.16637,28362000.0,1.1630136127424824,2,0,,0,0.0
19.05.2003 13:00:00.000,1.16598,1.16761,1.16274,1.16736,26042300.7813,1.16334795022383,2,0,,0,0.0
19.05.2003 14:00:00.000,1.16703,1.1682,1.16571,1.16781,26436000.0,1.1636911848219968,2,0,,0,0.0
19.05.2003 15:00:00.000,1.16835,1.17032,1.16654,1.16826,26164000.0,1.1640426321433817,2,0,,0,0.0
19.05.2003 16:00:00.000,1.16826,1.16937,1.16771,1.16826,294664187.5,1.1643670450554293,2,0,,0,0.0
19.05.2003 17:00:00.000,1.16827,1.16948,1.16748,1.16784,135260203.125,1.164634195435781,2,0,,0,0.0
19.05.2003 18:00:00.000,1.16786,1.16801,1.16374,1.16585,146613906.25,1.1647277188637981,2,0,,0,0.0
19.05.2003 19:00:00.000,1.16562,1.16606,1.16205,1.16451,107761203.125,1.1647109712588906,0,2,1.1610500000000001,0,0.0
19.05.2003 20:00:00.000,1.16475,1.16617,1.16449,1.16566,63102398.4375,1.1647839734697452,0,0,,0,0.0
19.05.2003 21:00:00.000,1.1652,1.16601,1.16398,1.16487,29066099.6094,1.1647905908951495,0,0,,0,0.0
19.05.2003 22:00:00.000,1.16498,1.16581,1.16419,1.16461,27164300.7813,1.1647766992878303,0,0,,0,0.0
19.05.2003 23:00:00.000,1.16483,1.165,1.16319,1.1641,29131099.6094,1.1647246454964588,0,0,,0,0.0
20.05.2003 00:00:00.000,1.16404,1.1641,1.16233,1.16293,30285000.0,1.1645865958428852,0,0,,0,0.0
20.05.2003 01:00:00.000,1.16302,1.16467,1.16279,1.16411,30496300.7813,1.1645499346242016,0,0,,0,0.0
20.05.2003 02:00:00.000,1.16426,1.16598,1.16386,1.16557,30098099.6094,1.1646284011915709,0,0,,0,0.0
20.05.2003 03:00:00.000,1.16534,1.16642,1.16486,1.16537,25876599.6094,1.1646854472537578,0,0,,0,0.0
20.05.2003 04:00:00.000,1.16538,1.1658,1.16482,1.16513,28746500.0,1.1647196436188534,0,0,,0,0.0
20.05.2003 05:00:00.000,1.16505,1.16663,1.16484,1.16605,26453800.7813,1.1648219787250955,0,0,,0,0.0
20.05.2003 06:00:00.000,1.16603,1.16812,1.1658,1.16712,29928800.7813,1.164998749592396,0,0,,0,0.0
20.05.2003 07:00:00.000,1.16695,1.16749,1.16351,1.16433,27040800.7813,1.164947307316058,0,0,,0,0.0
20.05.2003 08:00:00.000,1.16389,1.1649,1.16103,1.16156,27189800.7813,1.1646867452148228,0,0,,0,0.0
20.05.2003 09:00:00.000,1.16169,1.16328,1.16062,1.16062,27054099.6094,1.1643739186598365,0,0,,0,0.0
20.05.2003 10:00:00.000,1.16035,1.16277,1.15998,1.1621,25900800.7813,1.1641990018398491,0,2,1.1589800000000001,0,0.0
20.05.2003 11:00:00.000,1.16226,1.16586,1.16166,1.16543,26726300.7813,1.1642936940060147,0,0,,0,0.0
20.05.2003 12:00:00.000,1.16567,1.16656,1.16396,1.16414,26810199.2188,1.1642818713901675,0,0,,0,0.0
20.05.2003 13:00:00.000,1.1641,1.16529,1.16328,1.16453,28095300.7813,1.1643009582063084,0,0,,0,0.0
20.05.2003 14:00:00.000,1.16446,1.16746,1.16434,1.16603,26137900.3906,1.1644339614212078,0,0,,0,0.0
20.05.2003 15:00:00.000,1.16587,1.16686,1.16294,1.16466,26627699.2188,1.164451349004192,0,0,,0,0.0
20.05.2003 16:00:00.000,1.16516,1.1697,1.16457,1.16845,293631312.5,1.164758937542331,0,0,,0,0.0
20.05.2003 17:00:00.000,1.16856,1.17096,1.16756,1.16975,139067296.875,1.1651428654236904,0,0,,0,0.0
20.05.2003 18:00:00.000,1.16949,1.1703,1.16757,1.16905,149463500.0,1.1654434142372527,0,0,,0,0.0
20.05.2003 19:00:00.000,1.16904,1.17146,1.16786,1.17067,107402898.4375,1.1658454592959258,0,0,,0,0.0
20.05.2003 20:00:00.000,1.17093,1.17126,1.17025,1.17039,59660699.2188,1.1661950393500855,0,0,,0,0.0
20.05.2003 21:00:00.000,1.16989,1.1713,1.16956,1.17048,29912900.3906,1.1665246517077714,0,0,,0,0.0
20.05.2003 22:00:00.000,1.17023,1.1716,1.16998,1.17113,26218500.0,1.166878909268712,0,0,,0,0.0
20.05.2003 23:00:00.000,1.17117,1.17364,1.17102,1.17321,29315099.6094,1.1673659162480419,0,0,,0,0.0
21.05.2003 00:00:00.000,1.17312,1.17437,1.17183,1.17209,28160500.0,1.167729307305885,0,1,1.1753699999999998,0,0.0
21.05.2003 01:00:00.000,1.17194,1.17278,1.17088,1.17136,30862300.7813,1.1680085913592786,0,0,,0,0.0
21.05.2003 02:00:00.000,1.17118,1.17215,1.17106,1.17144,30081900.3906,1.1682725458701033,0,0,,0,0.0
21.05.2003 03:00:00.000,1.17156,1.17226,1.17115,1.1717,27685400.3906,1.1685361961877878,0,0,,0,0.0
21.05.2003 04:00:00.000,1.17166,1.17207,1.17128,1.17163,27301000.0,1.1687741810964196,0,0,,0,0.0
21.05.2003 05:00:00.000,1.1713,1.17183,1.17103,1.17139,24714400.3906,1.1689753979351567,2,0,,0,0.0
21.05.2003 06:00:00.000,1.17101,1.17168,1.17017,1.17046,27525900.3906,1.1690895980939908,2,0,,0,0.0
21.05.2003 07:00:00.000,1.17044,1.17285,1.16973,1.17114,28430500.0,1.16924732131753,2,0,,0,0.0
21.05.2003 08:00:00.000,1.17092,1.1718,1.17041,1.17132,26570300.7813,1.1694067581392587,2,0,,0,0.0
21.05.2003 09:00:00.000,1.1712,1.17229,1.17012,1.17131,25961599.6094,1.1695531613593158,2,0,,0,0.0
21.05.2003 10:00:00.000,1.17133,1.17191,1.17039,1.17105,26865199.2188,1.1696683027932147,2,0,,0,0.0
21.05.2003 11:00:00.000,1.17096,1.17183,1.16971,1.17065,28174300.7813,1.1697438179629673,2,0,,0,0.0
21.05.2003 12:00:00.000,1.17056,1.17095,1.16738,1.16839,29897199.2188,1.1696396781196623,0,0,,0,0.0
21.05.2003 13:00:00.000,1.16815,1.16898,1.1661,1.1675,26417400.3906,1.169475087495073,0,0,,0,0.0
21.05.2003 14:00:00.000,1.16731,1.17395,1.16673,1.17281,26632000.0,1.1697316192262213,0,1,1.17495,0,0.0
21.05.2003 15:00:00.000,1.17271,1.17311,1.1676,1.16957,25831099.6094,1.1697191869780506,0,0,,0,0.0
21.05.2003 16:00:00.000,1.1694,1.17086,1.16829,1.17043,290123906.25,1.1697738649028158,0,0,,0,0.0
21.05.2003 17:00:00.000,1.1705,1.17174,1.1696,1.16992,136174796.875,1.1697851060641375,0,0,,0,0.0
21.05.2003 18:00:00.000,1.16989,1.17029,1.16874,1.16949,147799796.875,1.1697624055976656,0,0,,0,0.0
21.05.2003 19:00:00.000,1.16906,1.16973,1.16651,1.16696,105068601.5625,1.1695468359363068,0,0,,0,0.0
21.05.2003 20:00:00.000,1.167,1.16824,1.16658,1.16716,63946800.7813,1.1693632331719757,0,0,,0,0.0
21.05.2003 21:00:00.000,1.16654,1.16803,1.16349,1.1635,29715599.6094,1.16891221523567,0,0,,0,0.0
21.05.2003 22:00:00.000,1.16354,1.1652,1.16226,1.1638,27800699.2188,1.1685189679098493,0,0,,0,0.0
21.05.2003 23:00:00.000,1.16383,1.16478,1.16275,1.16404,27724400.3906,1.1681744319167842,0,0,,0,0.0
22.05.2003 00:00:00.000,1.16424,1.16561,1.16417,1.16525,28417000.0,1.1679494756154933,0,0,,0,0.0
22.05.2003 01:00:00.000,1.16521,1.16575,1.16372,1.16429,30114800.7813,1.1676679774912246,0,0,,0,0.0
22.05.2003 02:00:00.000,1.16396,1.16447,1.16226,1.16269,30938000.0,1.167285056145746,0,0,,0,0.0
22.05.2003 03:00:00.000,1.16288,1.16391,1.16227,1.16328,26265000.0,1.1669769749037657,0,0,,0,0.0
22.05.2003 04:00:00.000,1.16326,1.16478,1.16316,1.16422,28248400.3906,1.1667648999111686,0,0,,0,0.0
22.05.2003 05:00:00.000,1.16429,1.16525,1.16397,1.16454,26072800.7813,1.1665937537641557,0,0,,0,0.0
22.05.2003 06:00:00.000,1.16436,1.16529,1.16327,1.16386,29042300.7813,1.166383465013067,0,0,,0,0.0
22.05.2003 07:00:00.000,1.16384,1.16456,1.16181,1.16325,27864500.0,1.166142429242831,0,2,1.1608100000000001,0,0.0
22.05.2003 08:00:00.000,1.16343,1.16538,1.16308,1.16438,25131500.0,1.1660068577626133,0,0,,0,0.0
22.05.2003 09:00:00.000,1.16507,1.16781,1.16482,1.16691,27707199.2188,1.1660763302424124,0,0,,0,0.0
22.05.2003 10:00:00.000,1.16686,1.16794,1.16626,1.16754,27133500.0,1.1661889202237654,0,0,,0,0.0
22.05.2003 11:00:00.000,1.16739,1.17128,1.16739,1.16933,27306000.0,1.1664305417450143,0,0,,0,0.0
22.05.2003 12:00:00.000,1.16944,1.17166,1.16863,1.17147,27528800.7813,1.1668181923800132,0,0,,0,0.0
22.05.2003 13:00:00.000,1.17152,1.17266,1.1705,1.1712,27077099.6094,1.1671552545046275,0,1,1.17366,0,0.0
22.05.2003 14:00:00.000,1.17138,1.17184,1.16779,1.16877,28238400.3906,1.1672794656965793,0,0,,0,0.0
22.05.2003 15:00:00.000,1.16826,1.17089,1.16705,1.16799,25893900.3906,1.167334122181458,0,0,,0,0.0
22.05.2003 16:00:00.000,1.16757,1.17074,1.16738,1.16966,292678000.0,1.1675130358598074,0,0,,0,0.0
22.05.2003 17:00:00.000,1.16955,1.17133,1.16835,1.16875,136122796.875,1.1676081869475146,0,0,,0,0.0
22.05.2003 18:00:00.000,1.16847,1.17223,1.1683,1.16988,147318406.25,1.167782941797706,0,0,,0,0.0
22.05.2003 19:00:00.000,1.1699,1.17046,1.16904,1.16962,107107296.875,1.167924253967113,0,0,,0,0.0
22.05.2003 20:00:00.000,1.16931,1.16978,1.16847,1.16908,64630699.2188,1.1680131575081045,0,0,,0,0.0
22.05.2003 21:00:00.000,1.16877,1.17038,1.16789,1.16991,27144400.3906,1.1681590684690197,0,0,,0,0.0
22.05.2003 22:00:00.000,1.16968,1.17004,1.16866,1.16901,29651500.0,1.1682245247406335,0,0,,0,0.0
22.05.2003 23:00:00.000,1.16899,1.16992,1.16894,1.16908,28549800.7813,1.1682903305298156,0,0,,0,0.0
23.05.2003 00:00:00.000,1.16892,1.16979,1.16731,1.16786,28189800.7813,1.1682572281813681,0,0,,0,0.0
23.05.2003 01:00:00.000,1.16774,1.168,1.16638,1.16696,31164199.2188,1.1681574413981861,0,0,,0,0.0
23.05.2003 02:00:00.000,1.16719,1.16895,1.16684,1.1682,28747800.7813,1.1681607151367872,0,0,,0,0.0
23.05.2003 03:00:00.000,1.16825,1.16921,1.16746,1.16804,27645500.0,1.1681514293570343,0,0,,0,0.0
23.05.2003 04:00:00.000,1.16803,1.16812,1.16735,1.16768,28119099.6094,1.1681151655603395,0,0,,0,0.0
23.05.2003 05:00:00.000,1.16732,1.16801,1.16682,1.16737,25235500.0,1.1680578451326211,0,0,,0,0.0
23.05.2003 06:00:00.000,1.16711,1.16801,1.16635,1.16766,29116599.6094,1.168027241660881,0,2,1.16535,0,0.0
23.05.2003 07:00:00.000,1.16778,1.16902,1.16658,1.1685,27697000.0,1.168063607686967,0,0,,0,0.0
23.05.2003 08:00:00.000,1.16826,1.17164,1.1681,1.17111,26864800.7813,1.1682979455572005,0,0,,0,0.0
23.05.2003 09:00:00.000,1.17179,1.17869,1.17134,1.17845,26668900.3906,1.1690788728220314,0,0,,0,0.0
23.05.2003 10:00:00.000,1.17872,1.18079,1.17835,1.17928,27461699.2188,1.1698635749126445,0,0,,0,0.0
23.05.2003 11:00:00.000,1.17937,1.18063,1.17806,1.17878,28541599.6094,1.170549453765518,0,0,,0,0.0
23.05.2003 12:00:00.000,1.17895,1.18056,1.17792,1.17885,27255900.3906,1.1711879573220167,0,0,,0,0.0
23.05.2003 13:00:00.000,1.17884,1.17977,1.17743,1.17782,26176199.2188,1.1716981144510923,0,0,,0,0.0
23.05.2003 14:00:00.000,1.1773,1.17889,1.177,1.17813,27212599.6094,1.1721928748779313,0,0,,0,0.0
23.05.2003 15:00:00.000,1.17834,1.17938,1.17682,1.17818,26299199.2188,1.1726534229642442,0,0,,0,0.0
23.05.2003 16:00:00.000,1.17802,1.1788,1.17675,1.17803,297359406.25,1.1730670058131485,0,0,,0,0.0
23.05.2003 17:00:00.000,1.17838,1.18165,1.17831,1.17985,134013500.0,1.1735887745967524,0,0,,0,0.0
23.05.2003 18:00:00.000,1.17996,1.18314,1.17969,1.1827,145730500.0,1.17428963808931,0,0,,0,0.0
23.05.2003 19:00:00.000,1.18259,1.18363,1.18211,1.18304,108222601.5625,1.174962742851671,0,1,1.1846299999999998,0,0.0
23.05.2003 20:00:00.000,1.18306,1.18347,1.18209,1.18236,63097300.7813,1.1755317626323116,0,0,,0,0.0
25.05.2003 21:00:00.000,1.182,1.18296,1.18168,1.18243,30721400.3906,1.17606239627598,0,0,,0,0.0
25.05.2003 22:00:00.000,1.18261,1.18332,1.18224,1.18268,27990599.6094,1.1765714427162894,0,0,,0,0.0
25.05.2003 23:00:00.000,1.18255,1.18282,1.18144,1.18177,29795099.6094,1.1769713317381134,0,0,,0,0.0
26.05.2003 00:00:00.000,1.18158,1.18211,1.18082,1.18123,29452099.6094,1.1772989216044125,2,0,,0,0.0
26.05.2003 01:00:00.000,1.18113,1.18165,1.18035,1.18102,32239400.3906,1.1775851584040733,2,0,,0,0.0
26.05.2003 02:00:00.000,1.181,1.18162,1.18047,1.18128,30330800.7813,1.1778693769883755,2,0,,0,0.0
26.05.2003 03:00:00.000,1.18082,1.18206,1.18067,1.18118,28417500.0,1.178124040296962,2,0,,0,0.0
26.05.2003 04:00:00.000,1.1813,1.18193,1.18083,1.18174,28105599.6094,1.1784021910433495,2,0,,0,0.0
26.05.2003 05:00:00.000,1.18172,1.1827,1.18147,1.18201,25355900.3906,1.1786797148092458,2,0,,0,0.0
26.05.2003 06:00:00.000,1.18208,1.18272,1.18109,1.18192,29673699.2188,1.178928967516227,2,0,,0,0.0
26.05.2003 07:00:00.000,1.18201,1.18207,1.18054,1.18085,27570400.3906,1.1790767392457482,2,0,,0,0.0
26.05.2003 08:00:00.000,1.18069,1.1812,1.17955,1.18053,27464699.2188,1.179188528534537,2,2,1.1785500000000002,0,0.0
26.05.2003 09:00:00.000,1.1808,1.18211,1.18041,1.18075,27431400.3906,1.1793086417241878,2,0,,0,0.0
26.05.2003 10:00:00.000,1.18089,1.18223,1.18074,1.18135,26867300.7813,1.1794656692838659,2,0,,0,0.0
26.05.2003 11:00:00.000,1.1816,1.18188,1.1805,1.18099,26648099.6094,1.1795829254927994,2,0,,0,0.0
26.05.2003 12:00:00.000,1.1809,1.18155,1.18043,1.1809,28084099.6094,1.1796842389164304,2,0,,0,0.0
26.05.2003 13:00:00.000,1.18084,1.18151,1.18052,1.18126,26815800.7813,1.1798054513074743,2,0,,0,0.0
26.05.2003 14:00:00.000,1.18106,1.18491,1.18059,1.18419,26904300.7813,1.1801427242838225,2,0,,0,0.0
26.05.2003 15:00:00.000,1.18447,1.18656,1.18287,1.18617,25951000.0,1.1806063608773747,2,0,,0,0.0
26.05.2003 16:00:00.000,1.18625,1.18677,1.18478,1.18598,291110812.5,1.1810197177329613,2,0,,0,0.0
26.05.2003 17:00:00.000,1.18563,1.18722,1.18557,1.18681,132877093.75,1.181465124061195,2,0,,0,0.0
26.05.2003 18:00:00.000,1.18637,1.18701,1.18612,1.18667,148027296.875,1.181865499133411,2,0,,0,0.0
26.05.2003 19:00:00.000,1.18675,1.18721,1.18646,1.18711,105929398.4375,1.1822689222769946,2,0,,0,0.0
26.05.2003 20:00:00.000,1.18703,1.18744,1.18646,1.1866,64549000.0,1.1826020821018413,2,0,,0,0.0
26.05.2003 21:00:00.000,1.186,1.18705,1.186,1.18692,30078900.3906,1.182934229632469,2,0,,0,0.0
26.05.2003 22:00:00.000,1.18659,1.18742,1.18565,1.18574,26729500.0,1.1831500581222791,2,0,,0,0.0
26.05.2003 23:00:00.000,1.1856,1.18607,1.18507,1.18567,30173000.0,1.1833438998051808,2,0,,0,0.0
27.05.2003 00:00:00.000,1.18548,1.18631,1.1844,1.18604,28848199.2188,1.1835512921278595,2,0,,0,0.0
27.05.2003 01:00:00.000,1.18636,1.18962,1.18613,1.18878,31087599.6094,1.1839535004257165,2,0,,0,0.0
27.05.2003 02:00:00.000,1.18869,1.18979,1.18785,1.18795,28649099.6094,1.1842609234698922,2,0,,0,0.0
27.05.2003 03:00:00.000,1.18795,1.18882,1.18763,1.18841,26626699.2188,1.1845800832029774,2,0,,0,0.0
27.05.2003 04:00:00.000,1.18836,1.18933,1.18798,1.18867,28231599.6094,1.1848946921873638,2,0,,0,0.0
27.05.2003 05:00:00.000,1.1887,1.19067,1.18416,1.18441,23736599.6094,1.1848574081729513,0,0,,0,0.0
27.05.2003 06:00:00.000,1.18401,1.18535,1.18166,1.18331,29806000.0,1.1847383767750321,0,2,1.18066,0,0.0
27.05.2003 07:00:00.000,1.18342,1.18703,1.18217,1.18657,25168800.7813,1.1848792708692604,0,0,,0,0.0
27.05.2003 08:00:00.000,1.18677,1.18985,1.18524,1.18787,25707900.3906,1.1851093269562403,0,0,,0,0.0
27.05.2003 09:00:00.000,1.18821,1.19031,1.18776,1.18977,28632000.0,1.185467840267299,0,0,,0,0.0
27.05.2003 10:00:00.000,1.18965,1.19113,1.18819,1.19023,27690900.3906,1.1858341602467375,0,0,,0,0.0
27.05.2003 11:00:00.000,1.1899,1.19223,1.18896,1.19074,28256699.2188,1.1862115325354499,0,0,,0,0.0
27.05.2003 12:00:00.000,1.19081,1.19127,1.18922,1.1895,28950900.3906,1.1864644915711844,0,0,,0,0.0
27.05.2003 13:00:00.000,1.18924,1.19025,1.18894,1.19006,24629099.6094,1.1867410691426319,0,0,,0,0.0
27.05.2003 14:00:00.000,1.19008,1.19168,1.18951,1.19057,25729000.0,1.1870356022855064,0,0,,0,0.0
27.05.2003 15:00:00.000,1.19028,1.19286,1.18605,1.18706,27101500.0,1.1870374790327751,0,1,1.19386,0,0.0
27.05.2003 16:00:00.000,1.18657,1.18735,1.18484,1.1852,290213500.0,1.1868961344917923,0,0,,0,0.0
27.05.2003 17:00:00.000,1.18507,1.18716,1.18478,1.1866,136514500.0,1.1868733549155006,0,0,,0,0.0
27.05.2003 18:00:00.000,1.18658,1.1875,1.18575,1.18666,149532796.875,1.1868569429989237,0,0,,0,0.0
27.05.2003 19:00:00.000,1.18661,1.18708,1.18528,1.18565,106910203.125,1.1867641012297758,0,0,,0,0.0
27.05.2003 20:00:00.000,1.18542,1.18572,1.18239,1.18258,62910800.7813,1.186442247289024,0,0,,0,0.0
27.05.2003 21:00:00.000,1.18191,1.18266,1.1807,1.18076,28010500.0,1.1860051513437144,0,2,1.1797000000000002,0,0.0
27.05.2003 22:00:00.000,1.18073,1.1818,1.18073,1.18119,26688599.6094,1.1856347550865056,0,0,,0,0.0
27.05.2003 23:00:00.000,1.1811,1.18138,1.1807,1.18102,28531900.3906,1.1852797739260053,0,0,,0,0.0
28.05.2003 00:00:00.000,1.18107,1.1825,1.181,1.181,28459400.3906,1.1849505605470818,0,0,,0,0.0
28.05.2003 01:00:00.000,1.18145,1.18189,1.18102,1.18166,32500300.7813,1.1846974405049986,0,0,,0,0.0
28.05.2003 02:00:00.000,1.18146,1.18289,1.18119,1.18258,29600300.7813,1.1845345604661526,0,0,,0,0.0
28.05.2003 03:00:00.000,1.18236,1.18324,1.18209,1.18266,27043900.3906,1.1843903635072177,0,0,,0,0.0
28.05.2003 04:00:00.000,1.18285,1.18412,1.18263,1.18318,28071300.7813,1.184297258622047,0,0,,0,0.0
28.05.2003 05:00:00.000,1.1834,1.18439,1.18295,1.18405,24752599.6094,1.1842782387280435,0,0,,0,0.0
28.05.2003 06:00:00.000,1.18379,1.18423,1.18293,1.18396,31328500.0,1.1842537588258863,0,0,,0,0.0
28.05.2003 07:00:00.000,1.18388,1.18397,1.18155,1.18202,25405699.2188,1.1840819312238953,1,0,,0,0.0
28.05.2003 08:00:00.000,1.18199,1.18353,1.17599,1.17675,27279699.2188,1.183517936514365,1,0,,0,0.0
28.05.2003 09:00:00.000,1.17692,1.17925,1.17651,1.17858,26442000.0,1.1831380952440294,1,0,,0,0.0
28.05.2003 10:00:00.000,1.17837,1.17967,1.1773,1.17776,27373000.0,1.1827243956098732,1,0,,0,0.0
28.05.2003 11:00:00.000,1.17759,1.17778,1.17213,1.17297,26808500.0,1.181974057486037,1,0,,0,0.0
28.05.2003 12:00:00.000,1.17258,1.17346,1.17037,1.1718,27253900.3906,1.1811914376794188,1,2,1.16937,0,0.0
28.05.2003 13:00:00.000,1.17187,1.17599,1.17095,1.17506,27892599.6094,1.1807197886271559,1,0,,0,0.0
28.05.2003 14:00:00.000,1.1751,1.17576,1.17295,1.17471,28344900.3906,1.1802574971942978,1,0,,0,0.0
28.05.2003 15:00:00.000,1.17509,1.17749,1.17364,1.17414,26588599.6094,1.1797869204870444,1,0,,0,0.0
28.05.2003 16:00:00.000,1.17367,1.17574,1.17204,1.17413,291550000.0,1.1793517727572718,1,0,,0,0.0
28.05.2003 17:00:00.000,1.17384,1.17654,1.17193,1.17618,137892296.875,1.1791077902374818,1,0,,0,0.0
28.05.2003 18:00:00.000,1.17651,1.1779,1.17465,1.17587,151687296.875,1.1788587294499833,1,0,,0,0.0
28.05.2003 19:00:00.000,1.17625,1.17691,1.17538,1.17597,104260601.5625,1.1786365194922923,1,0,,0,0.0
28.05.2003 20:00:00.000,1.17601,1.17627,1.17524,1.17619,62646101.5625,1.178448325685193,1,0,,0,0.0
28.05.2003 21:00:00.000,1.17587,1.17693,1.17551,1.17629,27876699.2188,1.1782823006324858,1,0,,0,0.0
28.05.2003 22:00:00.000,1.17634,1.17661,1.17437,1.1751,26913500.0,1.1780375082761407,1,0,,0,0.0
28.05.2003 23:00:00.000,1.17497,1.17545,1.17396,1.17516,29459800.7813,1.1778161614856684,1,0,,0,0.0
29.05.2003 00:00:00.000,1.17522,1.17591,1.17439,1.17524,27878099.6094,1.1776179952175403,1,0,,0,0.0
29.05.2003 01:00:00.000,1.17538,1.17689,1.17483,1.17634,29531699.2188,1.1775196878931142,1,0,,0,0.0
29.05.2003 02:00:00.000,1.17659,1.17667,1.17317,1.17406,30683900.3906,1.1772535580551826,1,0,,0,0.0
29.05.2003 03:00:00.000,1.1736,1.1746,1.17307,1.17354,27760000.0,1.1769678997432456,1,0,,0,0.0
29.05.2003 04:00:00.000,1.17334,1.1752,1.17334,1.17419,28674699.2188,1.1767542151476114,1,0,,0,0.0
29.05.2003 05:00:00.000,1.17414,1.17557,1.17372,1.17463,25475500.0,1.1765908139824106,1,0,,0,0.0
29.05.2003 06:00:00.000,1.17487,1.17682,1.17462,1.1759,29578599.6094,1.1765376744453022,1,0,,0,0.0
29.05.2003 07:00:00.000,1.17565,1.17623,1.17333,1.1743,27194199.2188,1.1763655456418176,1,0,,0,0.0
29.05.2003 08:00:00.000,1.1743,1.17516,1.17004,1.1702,26887699.2188,1.1758912729001394,1,0,,0,0.0
29.05.2003 09:00:00.000,1.17057,1.17267,1.16933,1.17058,27488000.0,1.1754827134462826,1,0,,0,0.0
29.05.2003 10:00:00.000,1.17034,1.17181,1.16909,1.17074,27207199.2188,1.1751178893350303,1,2,1.16809,0,0.0
29.05.2003 11:00:00.000,1.17108,1.17583,1.17014,1.17408,28111599.6094,1.175038051693874,1,0,,0,0.0
29.05.2003 12:00:00.000,1.1742,1.17768,1.17366,1.17586,28560300.7813,1.175101278486653,0,0,,0,0.0
29.05.2003 13:00:00.000,1.17614,1.1769,1.17397,1.17577,25561199.2188,1.1751527186030644,0,0,,0,0.0
29.05.2003 14:00:00.000,1.17592,1.1789,1.17536,1.17659,26584300.7813,1.175263278710521,0,0,,0,0.0
29.05.2003 15:00:00.000,1.1767,1.183,1.17639,1.18206,27032500.0,1.1757861034250965,0,0,,0,0.0
29.05.2003 16:00:00.000,1.18217,1.18448,1.18161,1.18234,296193687.5,1.1762902493154737,0,0,,0,0.0
29.05.2003 17:00:00.000,1.1832,1.18834,1.18256,1.18783,137243296.875,1.1771779224450527,0,0,,0,0.0
29.05.2003 18:00:00.000,1.18818,1.18998,1.18796,1.18887,148637593.75,1.1780773130262026,0,0,,0,0.0
29.05.2003 19:00:00.000,1.18829,1.18896,1.18535,1.18685,105228796.875,1.17875213510111,0,0,,0,0.0
29.05.2003 20:00:00.000,1.18683,1.18917,1.1866,1.18803,62586101.5625,1.1794658170164094,0,0,,0,0.0
29.05.2003 21:00:00.000,1.18757,1.19061,1.18757,1.1901,30085599.6094,1.1802838310920705,0,0,,0,0.0
29.05.2003 22:00:00.000,1.19032,1.19129,1.18938,1.19025,27172099.6094,1.1810504594696036,0,0,,0,0.0
29.05.2003 23:00:00.000,1.19014,1.19144,1.18903,1.18922,31218099.6094,1.1816788856642497,0,1,1.19244,0,0.0
30.05.2003 00:00:00.000,1.18908,1.18963,1.18792,1.18812,29787099.6094,1.182174355997769,0,0,,0,0.0
30.05.2003 01:00:00.000,1.18794,1.18932,1.18744,1.18898,28436800.7813,1.182697867074864,0,0,,0,0.0
30.05.2003 02:00:00.000,1.18848,1.18937,1.18664,1.18747,30612800.7813,1.1830649542229517,0,0,,0,0.0
30.05.2003 03:00:00.000,1.18743,1.18827,1.18677,1.18702,26756000.0,1.1833691885134938,0,0,,0,0.0
30.05.2003 04:00:00.000,1.18701,1.18833,1.18677,1.1873,28427699.2188,1.1836715586278406,2,0,,0,0.0
30.05.2003 05:00:00.000,1.18741,1.18754,1.18575,1.18639,24690099.6094,1.183880669502622,2,0,,0,0.0
30.05.2003 06:00:00.000,1.18668,1.18838,1.18619,1.18724,29526599.6094,1.184139079540882,2,0,,0,0.0
30.05.2003 07:00:00.000,1.18702,1.18906,1.18626,1.18833,27409199.2188,1.1844614580377373,2,0,,0,0.0
30.05.2003 08:00:00.000,1.18806,1.1887,1.18413,1.1852,26054599.6094,1.1845182689579112,2,0,,0,0.0
30.05.2003 09:00:00.000,1.18468,1.18536,1.18225,1.183,27068400.3906,1.184401479038072,0,0,,0,0.0
30.05.2003 10:00:00.000,1.18286,1.18546,1.1825,1.1839,26835000.0,1.184362903727451,0,0,,0,0.0
30.05.2003 11:00:00.000,1.1839,1.18433,1.18269,1.1828,26855699.2188,1.184242680363801,0,0,,0,0.0
30.05.2003 12:00:00.000,1.18276,1.18397,1.18134,1.18252,28602500.0,1.1841101664896627,0,0,,0,0.0
30.05.2003 13:00:00.000,1.18223,1.18326,1.18107,1.1818,26539300.7813,1.1839324613750735,0,0,,0,0.0
30.05.2003 14:00:00.000,1.18153,1.18227,1.17913,1.18055,26397900.3906,1.1836722720385293,0,0,,0,0.0
30.05.2003 15:00:00.000,1.18016,1.1806,1.17419,1.17542,26002900.3906,1.1830374818817195,0,0,,0,0.0
30.05.2003 16:00:00.000,1.17518,1.1781,1.17474,1.17606,292232906.25,1.1825007525062028,0,0,,0,0.0
30.05.2003 17:00:00.000,1.17612,1.17714,1.17554,1.17645,133047500.0,1.182035310005726,0,0,,0,0.0
30.05.2003 18:00:00.000,1.17664,1.17905,1.17585,1.17724,148226593.75,1.1816664400052854,0,0,,0,0.0
30.05.2003 19:00:00.000,1.17705,1.17908,1.17577,1.17801,107260296.875,1.1813851753894944,0,0,,0,0.0
30.05.2003 20:00:00.000,1.17812,1.17844,1.17643,1.17661,62805300.7813,1.181017854205687,0,0,,0,0.0
01.06.2003 21:00:00.000,1.17079,1.17464,1.17058,1.17119,30805199.2188,1.1802618654206343,0,0,,0,0.0
01.06.2003 22:00:00.000,1.17112,1.17177,1.17066,1.17123,27399400.3906,1.179567106542124,0,0,,0,0.0
01.06.2003 23:00:00.000,1.17134,1.17264,1.17092,1.17203,30777400.3906,1.178987329115807,0,0,,0,0.0
02.06.2003 00:00:00.000,1.172,1.17249,1.17112,1.17213,30045900.3906,1.178459842260745,0,0,,0,0.0
02.06.2003 01:00:00.000,1.1721,1.17284,1.17024,1.17098,31128699.2188,1.1778844697791493,1,0,,0,0.0
02.06.2003 02:00:00.000,1.17068,1.17206,1.17018,1.1705,29149500.0,1.1773164336422917,1,0,,0,0.0
02.06.2003 03:00:00.000,1.17031,1.17067,1.16504,1.16692,27082500.0,1.1765167079775,1,2,1.1640400000000002,0,0.0
02.06.2003 04:00:00.000,1.16688,1.16745,1.16629,1.16744,27942800.7813,1.1758184996715386,1,0,,0,0.0
02.06.2003 05:00:00.000,1.16754,1.17325,1.1672,1.17304,23525000.0,1.1756047689275742,1,0,,0,0.0
02.06.2003 06:00:00.000,1.17291,1.17535,1.17188,1.1726,29118400.3906,1.1753736328562223,1,0,,0,0.0
02.06.2003 07:00:00.000,1.17226,1.17296,1.16974,1.17136,26407900.3906,1.1750648918672824,1,0,,0,0.0
02.06.2003 08:00:00.000,1.17097,1.17178,1.16637,1.16826,27022000.0,1.1745414386467221,1,0,,0,0.0
02.06.2003 09:00:00.000,1.16866,1.16953,1.16751,1.16797,27236400.3906,1.174035943366205,1,0,,0,0.0
02.06.2003 10:00:00.000,1.16764,1.16859,1.1667,1.16794,26239000.0,1.173567024645728,1,0,,0,0.0
02.06.2003 11:00:00.000,1.16839,1.17182,1.16767,1.16982,26631099.6094,1.1732787919806722,1,0,,0,0.0
02.06.2003 12:00:00.000,1.16977,1.17004,1.16643,1.16738,27832599.6094,1.1728250387513897,1,0,,0,0.0
02.06.2003 13:00:00.000,1.16715,1.16938,1.16622,1.16878,25237599.6094,1.1725138819243597,1,0,,0,0.0
02.06.2003 14:00:00.000,1.16864,1.16893,1.1664,1.16667,26499900.3906,1.172064352545563,1,0,,0,0.0
02.06.2003 15:00:00.000,1.16705,1.17269,1.16576,1.17144,26084699.2188,1.1720163254266736,1,2,1.16476,0,0.0
02.06.2003 16:00:00.000,1.17173,1.17453,1.17131,1.17387,294319906.25,1.172158915778468,0,0,,0,0.0
02.06.2003 17:00:00.000,1.174,1.17652,1.17388,1.17477,131851093.75,1.1723597684108935,0,0,,0,0.0
02.06.2003 18:00:00.000,1.17477,1.17584,1.17392,1.1753,145279703.125,1.1725859400715941,0,0,,0,0.0
02.06.2003 20:00:00.000,1.17577,1.17624,1.17393,1.17443,62609398.4375,1.1727277908353178,0,0,,0,0.0
02.06.2003 21:00:00.000,1.17426,1.17649,1.17426,1.17488,28866400.3906,1.1728933453864472,0,0,,0,0.0
02.06.2003 22:00:00.000,1.17507,1.17671,1.17498,1.17666,26502699.2188,1.1731830880490284,0,0,,0,0.0
02.06.2003 23:00:00.000,1.17631,1.17663,1.17425,1.17441,27576500.0,1.173277465891411,0,0,,0,0.0
03.06.2003 00:00:00.000,1.17411,1.17458,1.17338,1.17402,28529699.2188,1.173334583899764,0,0,,0,0.0
03.06.2003 01:00:00.000,1.17387,1.17512,1.1735,1.17424,31374300.7813,1.17340423129209,0,0,,0,0.0
03.06.2003 02:00:00.000,1.17436,1.17476,1.17258,1.17279,28674099.6094,1.17335698273116,0,0,,0,0.0
03.06.2003 03:00:00.000,1.17274,1.17409,1.1723,1.17378,27733800.7813,1.1733895225210709,0,0,,0,0.0
03.06.2003 04:00:00.000,1.17412,1.17607,1.17383,1.17548,27714000.0,1.1735503284809887,0,0,,0,0.0
03.06.2003 05:00:00.000,1.17551,1.17619,1.1743,1.17518,25808699.2188,1.173675687828605,0,0,,0,0.0
03.06.2003 06:00:00.000,1.1751,1.17573,1.17416,1.1752,28830199.2188,1.17379294261102,0,0,,0,0.0
03.06.2003 07:00:00.000,1.1753,1.17773,1.17433,1.17623,26985800.7813,1.1739804085640186,0,1,1.1787299999999998,0,0.0
03.06.2003 08:00:00.000,1.17616,1.17763,1.17541,1.17694,25786699.2188,1.1742080694437096,0,0,,0,0.0
03.06.2003 09:00:00.000,1.17675,1.17741,1.17575,1.17673,27027300.7813,1.1744020641018857,0,0,,0,0.0
03.06.2003 10:00:00.000,1.17665,1.17709,1.17274,1.17326,27713000.0,1.1743142130171254,0,0,,0,0.0
03.06.2003 11:00:00.000,1.17284,1.17331,1.17096,1.1712,27280599.6094,1.1740746581696542,0,0,,0,0.0
03.06.2003 12:00:00.000,1.17141,1.1731,1.17102,1.1723,28551099.6094,1.1739381460027578,0,0,,0,0.0
03.06.2003 13:00:00.000,1.17208,1.17249,1.17003,1.17085,26168599.6094,1.173700596310238,0,0,,0,0.0
03.06.2003 14:00:00.000,1.17124,1.17481,1.17028,1.17349,25690500.0,1.173684396594066,0,0,,0,0.0
03.06.2003 15:00:00.000,1.17344,1.17397,1.17037,1.17092,25805300.7813,1.1734717507022148,0,0,,0,0.0
03.06.2003 16:00:00.000,1.17076,1.17156,1.16858,1.16983,295115687.5,1.1731916160328137,0,2,1.16758,0,0.0
03.06.2003 17:00:00.000,1.1699,1.17383,1.16966,1.17268,134697296.875,1.1731522609533667,0,0,,0,0.0
03.06.2003 18:00:00.000,1.17292,1.1746,1.17254,1.17439,147509406.25,1.1732474716492618,0,0,,0,0.0
03.06.2003 19:00:00.000,1.17426,1.17541,1.17378,1.17451,106633601.5625,1.1733445892147034,0,0,,0,0.0
03.06.2003 20:00:00.000,1.17452,1.17491,1.17346,1.17361,64356601.5625,1.173365005428957,0,0,,0,0.0
03.06.2003 21:00:00.000,1.17295,1.17393,1.17285,1.17293,29671300.7813,1.1733315434728835,0,0,,0,0.0
03.06.2003 22:00:00.000,1.17286,1.17376,1.17225,1.1736,28273099.6094,1.1733521939749696,0,0,,0,0.0
03.06.2003 23:00:00.000,1.17378,1.17444,1.17273,1.17337,28504599.6094,1.1733535636692027,0,0,,0,0.0
04.06.2003 00:00:00.000,1.17324,1.17349,1.17157,1.17216,27525900.3906,1.173261751079264,0,0,,0,0.0
04.06.2003 01:00:00.000,1.17225,1.17357,1.17136,1.1718,32194400.3906,1.1731493086885514,0,0,,0,0.0
04.06.2003 02:00:00.000,1.17193,1.1732,1.17182,1.17226,29710900.3906,1.1730809003278937,0,0,,0,0.0
04.06.2003 03:00:00.000,1.17243,1.1729,1.1716,1.17221,27046699.2188,1.1730139079949788,0,0,,0,0.0
04.06.2003 04:00:00.000,1.17205,1.17296,1.17107,1.17243,28878199.2188,1.172968991995365,0,0,,0,0.0
04.06.2003 05:00:00.000,1.17274,1.17283,1.17101,1.17139,26549400.3906,1.1728475310726447,0,0,,0,0.0
04.06.2003 06:00:00.000,1.17094,1.17212,1.17082,1.17097,30827599.6094,1.1727031056055184,0,0,,0,0.0
04.06.2003 07:00:00.000,1.17087,1.17258,1.17066,1.17226,27125900.3906,1.17266902055894,0,0,,0,0.0
04.06.2003 08:00:00.000,1.17251,1.17463,1.17079,1.17353,28310900.3906,1.172735249746714,0,1,1.17563,0,0.0
04.06.2003 09:00:00.000,1.17333,1.17406,1.17236,1.1725,26984300.7813,1.1727171536123515,0,0,,0,0.0
04.06.2003 10:00:00.000,1.17234,1.17234,1.16951,1.17123,26833300.7813,1.1726027571806323,0,0,,0,0.0
04.06.2003 11:00:00.000,1.17107,1.17157,1.16889,1.17033,27409400.3906,1.1724279297051992,0,0,,0,0.0
04.06.2003 12:00:00.000,1.17033,1.1712,1.16931,1.17019,28262599.6094,1.1722557812663377,0,0,,0,0.0
04.06.2003 13:00:00.000,1.17012,1.17038,1.16834,1.17013,25679300.7813,1.1720922596304655,0,0,,0,0.0
04.06.2003 14:00:00.000,1.17009,1.17248,1.16981,1.17032,28611099.6094,1.1719559319665835,0,0,,0,0.0
04.06.2003 15:00:00.000,1.16979,1.1717,1.1669,1.16754,26370400.3906,1.1716162448922312,0,0,,0,0.0
04.06.2003 16:00:00.000,1.16749,1.17069,1.16719,1.17038,290795093.75,1.1715211491312902,0,0,,0,0.0
04.06.2003 17:00:00.000,1.17043,1.17121,1.1692,1.1699,133297703.125,1.1713964453519603,0,0,,0,0.0
04.06.2003 18:00:00.000,1.16989,1.17071,1.16908,1.16958,147958796.875,1.1712567187864251,0,0,,0,0.0
04.06.2003 19:00:00.000,1.16924,1.16987,1.16797,1.16823,104730101.5625,1.1710238942643925,0,0,,0,0.0
04.06.2003 20:00:00.000,1.16837,1.16864,1.16609,1.16615,64569601.5625,1.1706489793209778,0,0,,0,0.0
04.06.2003 21:00:00.000,1.16565,1.16629,1.16322,1.16384,30328300.7813,1.1701252116809027,0,0,,0,0.0
04.06.2003 22:00:00.000,1.16375,1.16462,1.16321,1.16386,26527500.0,1.1696432723208332,0,0,,0,0.0
04.06.2003 23:00:00.000,1.16333,1.16511,1.16333,1.16444,28193599.6094,1.169243020603846,0,0,,0,0.0
05.06.2003 00:00:00.000,1.16448,1.16512,1.16326,1.16452,28159400.3906,1.1688797113266272,0,0,,0,0.0
05.06.2003 01:00:00.000,1.1645,1.16559,1.16315,1.16324,32000599.6094,1.1684458873784251,1,0,,0,0.0
05.06.2003 02:00:00.000,1.16286,1.1641,1.16273,1.16319,29570699.2188,1.1680415883493156,1,2,1.1617300000000002,0,0.0
05.06.2003 03:00:00.000,1.16338,1.16472,1.16323,1.1641,27428500.0,1.1677383892455222,1,0,,0,0.0
05.06.2003 04:00:00.000,1.1642,1.16592,1.16413,1.16527,28451800.7813,1.167548513149713,1,0,,0,0.0
05.06.2003 05:00:00.000,1.16561,1.16605,1.16454,1.16472,25308699.2188,1.1673309352151198,1,0,,0,0.0
05.06.2003 06:00:00.000,1.16451,1.16647,1.16451,1.1654,28273699.2188,1.1671824017370338,1,0,,0,0.0
05.06.2003 07:00:00.000,1.16526,1.1661,1.16424,1.16523,28002699.2188,1.1670322169880312,1,0,,0,0.0
05.06.2003 08:00:00.000,1.16509,1.16738,1.16508,1.16626,26543000.0,1.1669728156812595,1,0,,0,0.0
05.06.2003 09:00:00.000,1.1663,1.16843,1.16578,1.16731,27052599.6094,1.1669987529365475,0,0,,0,0.0
05.06.2003 10:00:00.000,1.16746,1.16944,1.16689,1.16845,28767599.6094,1.167110387326044,0,0,,0,0.0
05.06.2003 11:00:00.000,1.1685,1.16864,1.16671,1.16749,29109400.3906,1.1671395883009639,0,0,,0,0.0
05.06.2003 12:00:00.000,1.16737,1.17388,1.16737,1.17321,27170000.0,1.1676065430470437,0,0,,0,0.0
05.06.2003 13:00:00.000,1.17397,1.18243,1.17325,1.18009,27930300.7813,1.1685668089665018,0,0,,0,0.0
05.06.2003 14:00:00.000,1.18084,1.1853,1.17962,1.18241,27809000.0,1.1696316698152325,0,0,,0,0.0
05.06.2003 15:00:00.000,1.18246,1.18501,1.18201,1.18378,26840000.0,1.1707200029063685,0,0,,0,0.0
05.06.2003 16:00:00.000,1.1842,1.1885,1.18381,1.18677,297087187.5,1.1719546180674172,0,1,1.1894999999999998,0,0.0
05.06.2003 17:00:00.000,1.18638,1.1873,1.18539,1.18653,136124093.75,1.1730758012930007,0,0,,0,0.0
05.06.2003 18:00:00.000,1.18671,1.18765,1.1852,1.18542,145430093.75,1.174025355039693,0,0,,0,0.0
05.06.2003 19:00:00.000,1.1854,1.18626,1.18411,1.18433,107084101.5625,1.1748180200366398,0,0,,0,0.0
05.06.2003 20:00:00.000,1.18429,1.1847,1.18313,1.18375,61485000.0,1.1755050954184367,0,0,,0,0.0
05.06.2003 21:00:00.000,1.18319,1.18424,1.18286,1.18332,28792900.3906,1.176106241924711,0,0,,0,0.0
05.06.2003 22:00:00.000,1.18347,1.18521,1.18325,1.18416,26785199.2188,1.1767257617766564,0,0,,0,0.0
05.06.2003 23:00:00.000,1.1841,1.18473,1.18366,1.18397,27566900.3906,1.17728301087076,0,0,,0,0.0
06.06.2003 00:00:00.000,1.18391,1.18463,1.18299,1.18326,28723800.7813,1.177742779265317,0,0,,0,0.0
06.06.2003 01:00:00.000,1.18331,1.18523,1.18285,1.18433,31358300.7813,1.1782494885526003,0,0,,0,0.0
06.06.2003 02:00:00.000,1.18429,1.18562,1.18403,1.18516,28754800.7813,1.1787810663562466,0,0,,0,0.0
06.06.2003 03:00:00.000,1.18489,1.18553,1.1844,1.18491,29064400.3906,1.1792525227903816,0,0,,0,0.0
06.06.2003 04:00:00.000,1.18483,1.18533,1.18423,1.1848,28288199.2188,1.1796792518065062,2,0,,0,0.0
06.06.2003 05:00:00.000,1.18477,1.18532,1.18422,1.18504,26155500.0,1.1800916170521598,2,0,,0,0.0
06.06.2003 06:00:00.000,1.1852,1.18569,1.18404,1.18435,29127800.7813,1.1804191849712247,2,0,,0,0.0
06.06.2003 07:00:00.000,1.18431,1.18557,1.18375,1.18411,26781099.6094,1.180703093819592,2,0,,0,0.0
06.06.2003 08:00:00.000,1.18366,1.18404,1.18164,1.18299,27886199.2188,1.1808790096796233,2,0,,0,0.0
06.06.2003 09:00:00.000,1.18326,1.18676,1.18255,1.18661,27746300.7813,1.1813198550888833,2,0,,0,0.0
06.06.2003 10:00:00.000,1.1868,1.18772,1.18355,1.18446,24929900.3906,1.1815614046974308,2,1,1.18872,0,0.0
06.06.2003 11:00:00.000,1.18432,1.18449,1.18197,1.18209,25772699.2188,1.1816020658745514,2,0,,0,0.0
06.06.2003 12:00:00.000,1.18214,1.18329,1.18152,1.18152,29165900.3906,1.1815957531149706,0,0,,0,0.0
06.06.2003 13:00:00.000,1.18116,1.1819,1.16979,1.17242,26503300.7813,1.1808899259522807,0,0,,0,0.0
06.06.2003 14:00:00.000,1.17257,1.17496,1.17116,1.17231,26423199.2188,1.1802299316482592,0,0,,0,0.0
06.06.2003 15:00:00.000,1.17195,1.17227,1.16829,1.1694,26143099.6094,1.1793968599830085,0,0,,0,0.0
06.06.2003 16:00:00.000,1.16936,1.1727,1.16866,1.16916,295197500.0,1.1786094092150847,0,0,,0,0.0
06.06.2003 17:00:00.000,1.169,1.17175,1.16886,1.17061,139125906.25,1.1779940700446936,0,0,,0,0.0
06.06.2003 18:00:00.000,1.17051,1.17312,1.1694,1.17087,149978593.75,1.1774460646566403,0,0,,0,0.0
06.06.2003 19:00:00.000,1.17083,1.17125,1.16915,1.16972,106271296.875,1.1768517519907449,0,0,,0,0.0
06.06.2003 20:00:00.000,1.16966,1.17029,1.16853,1.16971,62541000.0,1.1763023864529953,0,0,,0,0.0
08.06.2003 21:00:00.000,1.1687,1.17035,1.16839,1.16952,30852400.3906,1.1757806644181494,0,0,,0,0.0
08.06.2003 22:00:00.000,1.16971,1.17102,1.16957,1.17072,25981000.0,1.1753913825398303,0,0,,0,0.0
08.06.2003 23:00:00.000,1.17063,1.17063,1.16955,1.16989,29872300.7813,1.1749681992675356,0,0,,0,0.0
09.06.2003 00:00:00.000,1.16983,1.17083,1.16983,1.17016,29074099.6094,1.1745983377854174,0,0,,0,0.0
09.06.2003 01:00:00.000,1.1696,1.17048,1.16673,1.16714,29669099.6094,1.1740246194942314,0,0,,0,0.0
09.06.2003 02:00:00.000,1.16688,1.1681,1.16548,1.16738,29130800.7813,1.1735134949177521,0,2,1.1644800000000002,0,0.0
09.06.2003 03:00:00.000,1.16792,1.16914,1.1672,1.16914,26847599.6094,1.1731770722317714,0,0,,0,0.0
09.06.2003 04:00:00.000,1.16893,1.17091,1.16874,1.17037,29277500.0,1.172961143598558,0,0,,0,0.0
09.06.2003 05:00:00.000,1.17041,1.17095,1.16935,1.16954,25654300.7813,1.1726979787063614,1,0,,0,0.0
09.06.2003 06:00:00.000,1.16935,1.16994,1.16842,1.16893,30415500.0,1.1724081341904875,1,0,,0,0.0
09.06.2003 07:00:00.000,1.16847,1.16938,1.16679,1.1675,28129300.7813,1.1720305854066038,1,0,,0,0.0
09.06.2003 08:00:00.000,1.16767,1.16911,1.16711,1.16765,27714400.3906,1.1716936172984034,1,0,,0,0.0
09.06.2003 09:00:00.000,1.16829,1.17406,1.16795,1.17228,27303699.2188,1.1717387236600647,0,0,,0,0.0
09.06.2003 10:00:00.000,1.17252,1.17361,1.17131,1.17209,27294300.7813,1.171765744916983,0,0,,0,0.0
09.06.2003 11:00:00.000,1.17168,1.17204,1.16914,1.16999,27114099.6094,1.1716291491541382,0,0,,0,0.0
09.06.2003 12:00:00.000,1.16976,1.17275,1.16877,1.17204,28260099.6094,1.1716607530653584,0,0,,0,0.0
09.06.2003 13:00:00.000,1.17297,1.17846,1.17201,1.17811,28498599.6094,1.172156848983408,0,1,1.17946,0,0.0
09.06.2003 14:00:00.000,1.17806,1.1783,1.17476,1.17529,25737199.2188,1.1723978606000691,0,0,,0,0.0
09.06.2003 15:00:00.000,1.17496,1.17798,1.17432,1.17567,26334199.2188,1.172649563630833,0,0,,0,0.0
09.06.2003 16:00:00.000,1.17561,1.1764,1.17171,1.17384,292478312.5,1.1727411356592305,0,0,,0,0.0
09.06.2003 17:00:00.000,1.1734,1.17446,1.17276,1.17309,133039500.0,1.1727679713777515,0,0,,0,0.0
09.06.2003 18:00:00.000,1.17321,1.17465,1.17301,1.17379,146046000.0,1.1728465889640782,0,0,,0,0.0
09.06.2003 19:00:00.000,1.1741,1.17576,1.17346,1.17402,106095703.125,1.1729368513514569,0,0,,0,0.0
09.06.2003 20:00:00.000,1.17374,1.17447,1.17128,1.17131,63458300.7813,1.1728117089398062,0,0,,0,0.0
09.06.2003 21:00:00.000,1.17076,1.17214,1.17047,1.17088,29218900.3906,1.1726631159444367,0,0,,0,0.0
09.06.2003 22:00:00.000,1.17081,1.17192,1.17078,1.17121,26902000.0,1.1725513377948649,0,0,,0,0.0
09.06.2003 23:00:00.000,1.17112,1.17174,1.17063,1.17094,29154400.3906,1.1724273887337215,0,0,,0,0.0
10.06.2003 00:00:00.000,1.17087,1.17159,1.17042,1.17095,29290900.3906,1.1723137434465123,0,0,,0,0.0
10.06.2003 01:00:00.000,1.17115,1.17207,1.17064,1.17125,29177400.3906,1.1722319170275497,0,0,,0,0.0
10.06.2003 02:00:00.000,1.17106,1.17264,1.17099,1.17182,28984300.7813,1.1722002311023538,0,0,,0,0.0
10.06.2003 03:00:00.000,1.172,1.17326,1.17106,1.17287,27486599.6094,1.1722517517867883,0,0,,0,0.0
10.06.2003 04:00:00.000,1.17305,1.17372,1.17191,1.17223,28710800.7813,1.1722500785724201,0,0,,0,0.0
10.06.2003 05:00:00.000,1.17213,1.17243,1.17157,1.17181,26071500.0,1.1722162263745417,0,0,,0,0.0
10.06.2003 06:00:00.000,1.17194,1.17255,1.17125,1.17193,30458500.0,1.1721942089611155,0,0,,0,0.0
10.06.2003 07:00:00.000,1.17222,1.174,1.17083,1.17302,26614900.3906,1.1722577313487221,0,1,1.1749999999999998,0,0.0
10.06.2003 08:00:00.000,1.17307,1.17332,1.16966,1.17037,24804599.6094,1.1721125212449743,0,0,,0,0.0
10.06.2003 09:00:00.000,1.17019,1.17141,1.1695,1.17081,28255800.7813,1.1720123273030534,0,0,,0,0.0
10.06.2003 10:00:00.000,1.17069,1.17179,1.17043,1.17142,27647900.3906,1.1719667636643571,0,0,,0,0.0
10.06.2003 11:00:00.000,1.17129,1.1727,1.17108,1.17157,26520699.2188,1.1719362433824836,0,0,,0,0.0
10.06.2003 12:00:00.000,1.17184,1.17188,1.1691,1.17089,27881199.2188,1.1718557631222926,0,0,,0,0.0
10.06.2003 13:00:00.000,1.17053,1.17068,1.16788,1.16984,27151000.0,1.1717007044205778,0,0,,0,0.0
10.06.2003 14:00:00.000,1.16995,1.17141,1.16856,1.16999,26701500.0,1.171569111772841,0,0,,0,0.0
10.06.2003 15:00:00.000,1.16974,1.17026,1.16728,1.16794,26731000.0,1.1712899493287765,0,0,,0,0.0
10.06.2003 16:00:00.000,1.16757,1.17003,1.16692,1.16816,290522500.0,1.1710491839957937,0,0,,0,0.0
10.06.2003 17:00:00.000,1.16807,1.17026,1.16694,1.16893,133162296.875,1.1708861698422712,0,0,,0,0.0
10.06.2003 18:00:00.000,1.16902,1.16954,1.16828,1.1685,147088593.75,1.1707026183159428,0,0,,0,0.0
10.06.2003 19:00:00.000,1.16837,1.1689,1.16729,1.16768,107357703.125,1.1704701092147165,0,0,,0,0.0
10.06.2003 20:00:00.000,1.16755,1.16825,1.16712,1.16729,63568800.7813,1.170225485428969,0,0,,0,0.0
10.06.2003 21:00:00.000,1.16676,1.16762,1.1662,1.16681,28926500.0,1.169962755780587,0,0,,0,0.0
10.06.2003 22:00:00.000,1.16689,1.16742,1.1664,1.16686,26709199.2188,1.1697240822590034,0,0,,0,0.0
10.06.2003 23:00:00.000,1.16687,1.16819,1.16652,1.16773,30918099.6094,1.1695706913160033,0,0,,0,0.0
11.06.2003 00:00:00.000,1.16755,1.16803,1.16654,1.16692,29767000.0,1.169366791984003,1,0,,0,0.0
11.06.2003 01:00:00.000,1.16682,1.16847,1.16667,1.16708,29463800.7813,1.1691908849083104,1,0,,0,0.0
11.06.2003 02:00:00.000,1.16703,1.16772,1.16571,1.16652,28000500.0,1.168985432223056,1,2,1.1647100000000001,0,0.0
11.06.2003 03:00:00.000,1.1668,1.16814,1.16634,1.16703,28079300.7813,1.1688350143597441,1,0,,0,0.0
11.06.2003 04:00:00.000,1.16709,1.16816,1.1667,1.1675,27444099.6094,1.168732320947456,1,0,,0,0.0
11.06.2003 05:00:00.000,1.16794,1.17146,1.16754,1.17086,25524300.7813,1.1688959885668826,0,0,,0,0.0
11.06.2003 06:00:00.000,1.17044,1.17164,1.17018,1.17072,28917599.6094,1.169036297138661,0,0,,0,0.0
11.06.2003 07:00:00.000,1.17087,1.17318,1.17038,1.17086,26741599.6094,1.1691765819741486,0,0,,0,0.0
11.06.2003 08:00:00.000,1.17038,1.17155,1.1685,1.17013,25846000.0,1.1692499218222911,0,0,,0,0.0
11.06.2003 09:00:00.000,1.17032,1.17245,1.16985,1.17216,26373099.6094,1.1694737739898071,0,0,,0,0.0
11.06.2003 10:00:00.000,1.17213,1.1725,1.17072,1.17079,26848199.2188,1.1695750221444374,0,0,,0,0.0
11.06.2003 11:00:00.000,1.17104,1.17475,1.17052,1.17382,26674300.7813,1.1699015589025579,0,0,,0,0.0
11.06.2003 12:00:00.000,1.17401,1.17616,1.17354,1.1751,27573900.3906,1.1703014389869766,0,0,,0,0.0
11.06.2003 13:00:00.000,1.17508,1.17708,1.17391,1.17628,26863000.0,1.1707613282956708,0,0,,0,0.0
11.06.2003 14:00:00.000,1.17645,1.17805,1.17562,1.17573,25907300.7813,1.1711435338113885,0,1,1.17905,0,0.0
11.06.2003 15:00:00.000,1.17555,1.1769,1.17488,1.17539,27541199.2188,1.1714701850566664,0,0,,0,0.0
11.06.2003 16:00:00.000,1.17505,1.17699,1.17477,1.17623,292979406.25,1.1718363246676922,0,0,,0,0.0
11.06.2003 17:00:00.000,1.17586,1.17658,1.17413,1.17519,132787796.875,1.1720942996932544,0,0,,0,0.0
11.06.2003 18:00:00.000,1.17527,1.17622,1.17448,1.17516,147792406.25,1.1723301227937732,0,0,,0,0.0
11.06.2003 19:00:00.000,1.1749,1.17614,1.17478,1.17553,105639398.4375,1.1725762671942523,0,0,,0,0.0
11.06.2003 20:00:00.000,1.17573,1.17573,1.17378,1.17391,60860699.2188,1.1726788620254638,0,0,,0,0.0
11.06.2003 21:00:00.000,1.17359,1.17569,1.17315,1.17509,28317400.3906,1.1728643341773513,2,0,,0,0.0
11.06.2003 22:00:00.000,1.17531,1.17571,1.1744,1.17527,26790800.7813,1.1730493853944783,2,0,,0,0.0
11.06.2003 23:00:00.000,1.17525,1.17605,1.17508,1.17571,28094599.6094,1.1732540480564415,2,0,,0,0.0
12.06.2003 00:00:00.000,1.1755,1.17622,1.17465,1.17526,29292099.6094,1.1734083520521,2,0,,0,0.0
12.06.2003 01:00:00.000,1.17493,1.17554,1.17401,1.17446,31425699.2188,1.1734892480480923,2,0,,0,0.0
12.06.2003 02:00:00.000,1.17417,1.17531,1.17401,1.1746,29321599.6094,1.1735746905059314,2,0,,0,0.0
12.06.2003 03:00:00.000,1.1746,1.17588,1.17418,1.17436,26845800.7813,1.1736350989285522,2,0,,0,0.0
12.06.2003 04:00:00.000,1.17445,1.17647,1.17444,1.17599,28444400.3906,1.1738162451648175,2,0,,0,0.0
12.06.2003 05:00:00.000,1.17575,1.17632,1.17496,1.17577,25142900.3906,1.1739665339982932,2,0,,0,0.0
12.06.2003 06:00:00.000,1.17604,1.17702,1.17544,1.17665,28017099.6094,1.174172954459963,2,0,,0,0.0
12.06.2003 07:00:00.000,1.1766,1.17767,1.17533,1.17681,26503599.6094,1.174375804116889,2,0,,0,0.0
12.06.2003 08:00:00.000,1.17718,1.18022,1.17606,1.17982,25852000.0,1.17479458841559,2,0,,0,0.0
12.06.2003 09:00:00.000,1.17984,1.18038,1.17566,1.17602,26278599.6094,1.17488885084516,2,1,1.1813799999999999,0,0.0
12.06.2003 10:00:00.000,1.17558,1.17591,1.17312,1.17435,27514300.7813,1.1748474007801477,0,0,,0,0.0
12.06.2003 11:00:00.000,1.17418,1.17519,1.17309,1.17422,27713599.6094,1.1747991391816748,0,0,,0,0.0
12.06.2003 12:00:00.000,1.17427,1.17524,1.17367,1.1744,29705500.0,1.1747684361676998,0,0,,0,0.0
12.06.2003 13:00:00.000,1.17431,1.17474,1.17133,1.17167,27041699.2188,1.1745300949240307,0,0,,0,0.0
12.06.2003 14:00:00.000,1.17183,1.17254,1.1702,1.17189,27330400.3906,1.1743270106991053,0,2,1.1692,0,0.0
12.06.2003 15:00:00.000,1.17218,1.17348,1.17167,1.17274,25718099.6094,1.1742049329530202,0,0,,0,0.0
12.06.2003 16:00:00.000,1.17287,1.17737,1.17267,1.17636,292159500.0,1.1743707073412495,0,0,,0,0.0
12.06.2003 17:00:00.000,1.17652,1.17743,1.1761,1.17611,134453500.0,1.1745044990842304,0,0,,0,0.0
12.06.2003 18:00:00.000,1.17614,1.17722,1.17565,1.17581,148071703.125,1.1746049222315975,0,0,,0,0.0
12.06.2003 19:00:00.000,1.17593,1.17692,1.17479,1.17625,104317296.875,1.1747314666753208,0,0,,0,0.0
12.06.2003 20:00:00.000,1.17608,1.17682,1.17583,1.17608,62798398.4375,1.1748352000079885,0,0,,0,0.0
12.06.2003 21:00:00.000,1.17582,1.17732,1.1755,1.17684,29643400.3906,1.1749894153919895,0,0,,0,0.0
12.06.2003 22:00:00.000,1.17662,1.17711,1.17597,1.17615,26431099.6094,1.1750786911310676,0,0,,0,0.0
12.06.2003 23:00:00.000,1.1757,1.17734,1.1757,1.17693,29743900.3906,1.175221099505601,0,0,,0,0.0
13.06.2003 00:00:00.000,1.17674,1.17734,1.17616,1.177,27385400.3906,1.1753579380051702,0,0,,0,0.0
13.06.2003 01:00:00.000,1.17631,1.17681,1.1757,1.17586,30983300.7813,1.1753965581586188,0,0,,0,0.0
13.06.2003 02:00:00.000,1.17588,1.17629,1.17519,1.17562,28929599.6094,1.1754137459925713,0,0,,0,0.0
13.06.2003 03:00:00.000,1.17558,1.17652,1.17517,1.17609,26377199.2188,1.1754657655316043,0,0,,0,0.0
13.06.2003 04:00:00.000,1.17621,1.17647,1.17563,1.17595,28751099.6094,1.1755030143368657,0,0,,0,0.0
13.06.2003 05:00:00.000,1.17569,1.17671,1.17569,1.17625,26380599.6094,1.1755604747724915,0,0,,0,0.0
13.06.2003 06:00:00.000,1.17619,1.17723,1.17602,1.17696,28636900.3906,1.1756681305592231,0,0,,0,0.0
13.06.2003 07:00:00.000,1.17674,1.17799,1.17576,1.1762,26195599.6094,1.1757090435931292,0,0,,0,0.0
13.06.2003 08:00:00.000,1.17619,1.1777,1.17576,1.1768,26450400.3906,1.1757929633167348,2,0,,0,0.0
13.06.2003 09:00:00.000,1.17696,1.17966,1.17649,1.17751,27014199.2188,1.1759250430616015,2,0,,0,0.0
13.06.2003 10:00:00.000,1.17761,1.17918,1.17742,1.17774,27896000.0,1.176064655133786,2,0,,0,0.0
13.06.2003 11:00:00.000,1.17754,1.17817,1.176,1.17664,27807900.3906,1.1761089124311872,2,0,,0,0.0
13.06.2003 12:00:00.000,1.1766,1.17696,1.1735,1.17498,27935800.7813,1.1760220730134037,0,0,,0,0.0
13.06.2003 13:00:00.000,1.1751,1.17654,1.17338,1.17554,26967599.6094,1.1759849904739113,0,2,1.1723800000000002,0,0.0
13.06.2003 14:00:00.000,1.17554,1.18118,1.17474,1.17832,27233500.0,1.1761646065913027,0,0,,0,0.0
13.06.2003 15:00:00.000,1.17802,1.18024,1.17758,1.17969,27090099.6094,1.176435790699664,0,0,,0,0.0
13.06.2003 16:00:00.000,1.17967,1.18294,1.17875,1.18218,300960500.0,1.176877652953536,0,0,,0,0.0
13.06.2003 17:00:00.000,1.18264,1.18398,1.18224,1.18344,135658500.0,1.1773824488801874,0,0,,0,0.0
13.06.2003 18:00:00.000,1.18374,1.18758,1.18344,1.18652,147046500.0,1.1780853374278655,0,0,,0,0.0
13.06.2003 19:00:00.000,1.18618,1.18718,1.1854,1.18641,104474703.125,1.1787256960872603,0,0,,0,0.0
13.06.2003 20:00:00.000,1.18655,1.18707,1.18558,1.186,63685000.0,1.179285257926702,0,0,,0,0.0
15.06.2003 21:00:00.000,1.18624,1.18743,1.18606,1.18732,30104500.0,1.1799033150092633,0,0,,0,0.0
15.06.2003 22:00:00.000,1.18732,1.18753,1.18716,1.18745,27575199.2188,1.18048382923932,0,0,,0,0.0
15.06.2003 23:00:00.000,1.18737,1.18759,1.18688,1.18759,28338300.7813,1.1810304577593724,0,0,,0,0.0
16.06.2003 00:00:00.000,1.18763,1.18839,1.18715,1.18747,28805599.6094,1.1815258071624979,0,0,,0,0.0
16.06.2003 01:00:00.000,1.18742,1.18931,1.18718,1.18901,30048900.3906,1.1821015143038445,0,0,,0,0.0
16.06.2003 02:00:00.000,1.18842,1.18983,1.18729,1.18882,29240500.0,1.1826183208958565,0,0,,0,0.0
16.06.2003 03:00:00.000,1.18881,1.18931,1.18766,1.18838,26206199.2188,1.1830615269807907,0,0,,0,0.0
16.06.2003 04:00:00.000,1.18818,1.18862,1.18673,1.18732,27344800.7813,1.1833891018284222,0,0,,0,0.0
16.06.2003 05:00:00.000,1.18718,1.18742,1.18597,1.18693,25659599.6094,1.1836614786108512,0,0,,0,0.0
16.06.2003 06:00:00.000,1.18686,1.18754,1.18641,1.1869,29564400.3906,1.1839105956407858,2,0,,0,0.0
16.06.2003 07:00:00.000,1.18668,1.18762,1.18587,1.18666,27607699.2188,1.1841220882838024,2,0,,0,0.0
16.06.2003 08:00:00.000,1.18632,1.19253,1.18573,1.19168,28608900.3906,1.1847034661081253,2,0,,0,0.0
16.06.2003 09:00:00.000,1.19233,1.19263,1.18859,1.18935,28551900.3906,1.1850608917921157,2,1,1.19363,0,0.0
16.06.2003 10:00:00.000,1.18929,1.18963,1.18776,1.18878,27080699.2188,1.185346977038876,2,0,,0,0.0
16.06.2003 11:00:00.000,1.18908,1.19024,1.18677,1.18705,27101400.3906,1.1854779788051164,2,0,,0,0.0
16.06.2003 12:00:00.000,1.18695,1.18822,1.18594,1.18718,27858699.2188,1.185608903512415,2,0,,0,0.0
16.06.2003 13:00:00.000,1.18675,1.18725,1.18392,1.18624,28526500.0,1.1856574493960754,2,0,,0,0.0
16.06.2003 14:00:00.000,1.18611,1.18678,1.18496,1.18556,25731199.2188,1.1856499532886853,0,0,,0,0.0
16.06.2003 15:00:00.000,1.18554,1.18664,1.18404,1.18544,26388099.6094,1.1856338030357096,0,0,,0,0.0
16.06.2003 16:00:00.000,1.18519,1.18603,1.18264,1.18397,287800687.5,1.185505818186809,0,0,,0,0.0
16.06.2003 17:00:00.000,1.18351,1.18462,1.18198,1.18343,139095500.0,1.185346139864747,0,0,,0,0.0
16.06.2003 18:00:00.000,1.18372,1.18482,1.18368,1.18417,146452703.125,1.1852556675674588,0,0,,0,0.0
16.06.2003 19:00:00.000,1.18396,1.18487,1.18308,1.18369,104240796.875,1.1851352316007313,0,0,,0,0.0
16.06.2003 20:00:00.000,1.18365,1.18422,1.18308,1.18326,63433300.7813,1.1849909830160599,0,0,,0,0.0
16.06.2003 21:00:00.000,1.18316,1.18333,1.1816,1.1821,28538300.7813,1.1847685997071322,0,0,,0,0.0
16.06.2003 22:00:00.000,1.18215,1.18301,1.18145,1.18191,25667900.3906,1.1845487074219683,0,0,,0,0.0
16.06.2003 23:00:00.000,1.18162,1.18232,1.18125,1.18178,29989199.2188,1.1843357299279709,0,2,1.18025,0,0.0
17.06.2003 00:00:00.000,1.18178,1.18282,1.18152,1.18247,30075099.6094,1.184192212241204,0,0,,0,0.0
17.06.2003 01:00:00.000,1.1826,1.18403,1.18245,1.18296,31260000.0,1.1840974266841884,0,0,,0,0.0
17.06.2003 02:00:00.000,1.18296,1.18323,1.182,1.18278,30061099.6094,1.18399608617002,0,0,,0,0.0
17.06.2003 03:00:00.000,1.1829,1.1836,1.18227,1.18318,27401400.3906,1.1839333103107879,0,0,,0,0.0
17.06.2003 04:00:00.000,1.18339,1.18452,1.18303,1.18434,27802000.0,1.183964594133035,0,0,,0,0.0
17.06.2003 05:00:00.000,1.18438,1.18458,1.18357,1.18407,26897000.0,1.1839727022766477,0,0,,0,0.0
17.06.2003 06:00:00.000,1.18421,1.18598,1.18383,1.18524,28976800.7813,1.1840701867169057,0,0,,0,0.0
17.06.2003 07:00:00.000,1.18518,1.18652,1.18424,1.18554,27107099.6094,1.1841832492771438,0,1,1.18752,0,0.0
17.06.2003 08:00:00.000,1.18543,1.18584,1.18199,1.18306,26415099.6094,1.1840968454865943,0,0,,0,0.0
17.06.2003 09:00:00.000,1.18295,1.18461,1.18269,1.18438,26055900.3906,1.1841186266030104,0,0,,0,0.0
17.06.2003 10:00:00.000,1.18431,1.18536,1.1822,1.18431,27105099.6094,1.184133347633548,0,0,,0,0.0
17.06.2003 11:00:00.000,1.18384,1.18423,1.18081,1.18125,28462300.7813,1.1839115516617367,0,0,,0,0.0
17.06.2003 12:00:00.000,1.18092,1.18187,1.1786,1.17861,27190000.0,1.1835037399954493,0,0,,0,0.0
17.06.2003 13:00:00.000,1.17886,1.18042,1.17703,1.17765,26408099.6094,1.1830534523034917,0,0,,0,0.0
17.06.2003 14:00:00.000,1.17788,1.17938,1.1767,1.17766,25929800.7813,1.1826385713570695,0,2,1.1757000000000002,0,0.0
17.06.2003 15:00:00.000,1.17808,1.18231,1.1772,1.18117,26317699.2188,1.1825256043296029,0,0,,0,0.0
17.06.2003 16:00:00.000,1.18118,1.18198,1.1803,1.18074,289796312.5,1.1823882501504028,0,0,,0,0.0
17.06.2003 17:00:00.000,1.18095,1.18211,1.18057,1.18167,135573000.0,1.1823330001388335,0,0,,0,0.0
17.06.2003 18:00:00.000,1.18145,1.18212,1.18099,1.1813,146132000.0,1.1822535385896924,0,0,,0,0.0
17.06.2003 19:00:00.000,1.18155,1.18169,1.17942,1.17975,102780796.875,1.1820609586981778,0,0,,0,0.0
17.06.2003 20:00:00.000,1.17947,1.17984,1.17858,1.17907,63522601.5625,1.1818308849521642,0,0,,0,0.0
17.06.2003 21:00:00.000,1.17844,1.17943,1.17751,1.17803,30050699.2188,1.181538509186613,0,0,,0,0.0
17.06.2003 22:00:00.000,1.17802,1.17849,1.17761,1.17797,26034199.2188,1.1812640084799506,0,0,,0,0.0
17.06.2003 23:00:00.000,1.17783,1.17832,1.17738,1.17831,30294599.6094,1.181036777058416,0,0,,0,0.0
18.06.2003 00:00:00.000,1.1781,1.17846,1.17763,1.17802,29730800.7813,1.1808047172846918,0,0,,0,0.0
18.06.2003 01:00:00.000,1.17815,1.17924,1.17724,1.17768,29062400.3906,1.1805643544166387,0,0,,0,0.0
18.06.2003 02:00:00.000,1.17739,1.17908,1.17734,1.17858,29057900.3906,1.180411711769205,1,0,,0,0.0
18.06.2003 03:00:00.000,1.1787,1.17999,1.17845,1.17946,25909699.2188,1.1803385031715738,1,0,,0,0.0
18.06.2003 04:00:00.000,1.17965,1.18016,1.17904,1.17925,29020300.7813,1.1802547721583758,1,0,,0,0.0
18.06.2003 05:00:00.000,1.17926,1.17961,1.17854,1.17913,25305400.3906,1.1801682512231162,1,0,,0,0.0
18.06.2003 06:00:00.000,1.17901,1.17991,1.17829,1.17856,30228400.3906,1.180044539590569,1,0,,0,0.0
18.06.2003 07:00:00.000,1.17847,1.17875,1.17489,1.17613,27033099.6094,1.1797434211605253,1,0,,0,0.0
18.06.2003 08:00:00.000,1.17586,1.17733,1.17384,1.17604,27340400.3906,1.1794585426097157,1,0,,0,0.0
18.06.2003 09:00:00.000,1.17591,1.17641,1.17469,1.17544,27196599.6094,1.17914942394743,1,0,,0,0.0
18.06.2003 10:00:00.000,1.17544,1.17566,1.17163,1.17191,25542500.0,1.1785925451822432,1,0,,0,0.0
18.06.2003 11:00:00.000,1.17201,1.17354,1.17153,1.17265,26901199.2188,1.1781354263220707,1,0,,0,0.0
18.06.2003 12:00:00.000,1.17226,1.17303,1.16904,1.16997,28588000.0,1.1775073166049885,1,0,,0,0.0
18.06.2003 13:00:00.000,1.16996,1.17039,1.16829,1.16983,27532900.3906,1.1769167537892202,1,0,,0,0.0
18.06.2003 14:00:00.000,1.17011,1.17268,1.16969,1.17207,27029699.2188,1.1765439265746649,1,0,,0,0.0
18.06.2003 15:00:00.000,1.1721,1.17229,1.1682,1.16884,26166199.2188,1.1759513168381523,1,0,,0,0.0
18.06.2003 16:00:00.000,1.16902,1.17093,1.16814,1.17052,291538906.25,1.1755335232352175,1,0,,0,0.0
18.06.2003 17:00:00.000,1.17051,1.17076,1.16834,1.16838,133199500.0,1.174983252217124,1,0,,0,0.0
18.06.2003 18:00:00.000,1.16809,1.16866,1.16604,1.1679,146095406.25,1.1744383866619605,1,0,,0,0.0
18.06.2003 19:00:00.000,1.16797,1.16911,1.16698,1.16868,105883296.875,1.1739954338418097,1,0,,0,0.0
18.06.2003 20:00:00.000,1.16854,1.16896,1.16775,1.16853,60918398.4375,1.1735750158539782,1,0,,0,0.0
18.06.2003 21:00:00.000,1.1677,1.16936,1.1677,1.16887,27981199.2188,1.1732130915575183,1,0,,0,0.0
18.06.2003 22:00:00.000,1.16887,1.16934,1.16775,1.16804,27127500.0,1.1728151614377091,1,0,,0,0.0
18.06.2003 23:00:00.000,1.16802,1.16876,1.16749,1.16817,29621699.2188,1.1724578413271163,1,0,,0,0.0
19.06.2003 00:00:00.000,1.16816,1.16878,1.16747,1.16802,28066699.2188,1.1721164689173382,1,0,,0,0.0
19.06.2003 01:00:00.000,1.16779,1.16838,1.16647,1.16671,30579300.7813,1.1717005866929275,1,0,,0,0.0
19.06.2003 02:00:00.000,1.16658,1.16742,1.16562,1.16607,29098099.6094,1.1712674646396253,1,0,,0,0.0
19.06.2003 03:00:00.000,1.1656,1.16621,1.15826,1.15966,25392300.7813,1.1703745827442695,1,2,1.1572600000000002,0,0.0
19.06.2003 04:00:00.000,1.15979,1.16218,1.15883,1.16142,28292400.3906,1.1696857686870181,1,0,,0,0.0
19.06.2003 05:00:00.000,1.16156,1.16411,1.16142,1.16287,25645400.3906,1.1691614787880167,1,0,,0,0.0
19.06.2003 06:00:00.000,1.16276,1.16332,1.16114,1.16174,27951800.7813,1.1685905958043232,1,0,,0,0.0
19.06.2003 07:00:00.000,1.16153,1.16379,1.1607,1.16078,26407300.7813,1.1679897807424522,1,0,,0,0.0
19.06.2003 08:00:00.000,1.16094,1.16404,1.16065,1.16166,27363199.2188,1.1675028745314944,1,0,,0,0.0
19.06.2003 09:00:00.000,1.16172,1.16338,1.16111,1.16316,25596199.2188,1.1671688072598412,1,0,,0,0.0
19.06.2003 10:00:00.000,1.16334,1.16595,1.16269,1.16443,26955599.6094,1.1669581297783151,1,0,,0,0.0
19.06.2003 11:00:00.000,1.16438,1.165,1.16152,1.16259,26752699.2188,1.1666221197953681,1,0,,0,0.0
19.06.2003 12:00:00.000,1.16272,1.16741,1.16256,1.16578,29555400.3906,1.1665573413495707,1,0,,0,0.0
19.06.2003 13:00:00.000,1.1659,1.16635,1.16312,1.16366,26468500.0,1.1663344689380652,1,0,,0,0.0
19.06.2003 14:00:00.000,1.16344,1.16463,1.16292,1.16393,26111599.6094,1.1661495097889834,1,0,,0,0.0
19.06.2003 15:00:00.000,1.16434,1.16832,1.16256,1.16778,27346599.6094,1.1662749321129078,0,0,,0,0.0
19.06.2003 16:00:00.000,1.16844,1.16984,1.16747,1.16791,294536093.75,1.1664007065657611,0,0,,0,0.0
19.06.2003 17:00:00.000,1.16776,1.17368,1.1676,1.17302,133759000.0,1.1669098829837796,0,0,,0,0.0
19.06.2003 18:00:00.000,1.17295,1.17372,1.17181,1.17285,146438296.875,1.1673668150619503,0,1,1.17472,0,0.0
19.06.2003 19:00:00.000,1.17268,1.17289,1.17057,1.17122,104865203.125,1.1676632139033387,0,0,,0,0.0
19.06.2003 20:00:00.000,1.17092,1.17226,1.17092,1.17173,64850199.2188,1.167976043603082,0,0,,0,0.0
19.06.2003 21:00:00.000,1.1713,1.17275,1.17097,1.17192,29656000.0,1.1682794248643833,0,0,,0,0.0
19.06.2003 22:00:00.000,1.17219,1.17252,1.17145,1.17205,26449000.0,1.1685694691055846,0,0,,0,0.0
19.06.2003 23:00:00.000,1.17173,1.1721,1.17034,1.17041,28864900.3906,1.168711048405155,0,0,,0,0.0
20.06.2003 00:00:00.000,1.17026,1.17148,1.16972,1.1706,27857699.2188,1.1688563523739894,0,0,,0,0.0
20.06.2003 01:00:00.000,1.17054,1.17264,1.17054,1.17207,29914800.7813,1.1691035560375287,0,0,,0,0.0
20.06.2003 02:00:00.000,1.17232,1.17333,1.17179,1.17254,29608900.3906,1.1693678978807958,0,0,,0,0.0
20.06.2003 03:00:00.000,1.17253,1.17321,1.17167,1.17204,27224199.2188,1.1695734441976577,0,0,,0,0.0
20.06.2003 04:00:00.000,1.17224,1.17264,1.1718,1.17228,28240599.6094,1.1697816407978379,0,0,,0,0.0
20.06.2003 05:00:00.000,1.17231,1.17231,1.16842,1.17043,23526000.0,1.1698315145826195,0,0,,0,0.0
20.06.2003 06:00:00.000,1.17028,1.17089,1.16948,1.17012,29177900.3906,1.169853705768572,0,0,,0,0.0
20.06.2003 07:00:00.000,1.1703,1.17175,1.16982,1.17034,27650000.0,1.1698911130171434,2,0,,0,0.0
20.06.2003 08:00:00.000,1.17024,1.17069,1.16747,1.16886,25275599.6094,1.1698117966312094,0,0,,0,0.0
20.06.2003 09:00:00.000,1.16892,1.16957,1.16712,1.1691,26965699.2188,1.1697570430441933,0,0,,0,0.0
20.06.2003 10:00:00.000,1.16903,1.16972,1.16768,1.16886,27646900.3906,1.1696880397331015,0,0,,0,0.0
20.06.2003 11:00:00.000,1.16917,1.16942,1.16724,1.16819,28547199.2188,1.1695728059074786,0,0,,0,0.0
20.06.2003 12:00:00.000,1.16777,1.16808,1.16363,1.16519,26374300.7813,1.169235666991519,0,0,,0,0.0
20.06.2003 13:00:00.000,1.16514,1.1656,1.16301,1.16389,27935900.3906,1.1688244618383254,0,0,,0,0.0
20.06.2003 14:00:00.000,1.16394,1.16553,1.16278,1.16518,28410500.0,1.1685441186199927,0,0,,0,0.0
20.06.2003 15:00:00.000,1.16484,1.16509,1.16173,1.16234,26663099.6094,1.1680668787261472,0,0,,0,0.0
20.06.2003 16:00:00.000,1.16195,1.16313,1.15992,1.16122,294936312.5,1.167540195747213,0,0,,0,0.0
20.06.2003 17:00:00.000,1.16094,1.16139,1.15501,1.15588,135940203.125,1.1666432576128118,0,0,,0,0.0
20.06.2003 18:00:00.000,1.15546,1.15922,1.15508,1.15799,143906093.75,1.1659776224118263,0,0,,0,0.0
20.06.2003 19:00:00.000,1.15795,1.15865,1.15664,1.15818,108228796.875,1.1653778053032244,0,0,,0,0.0
20.06.2003 20:00:00.000,1.15812,1.16135,1.15793,1.1601,62527199.2188,1.1649718202798995,0,0,,0,0.0
22.06.2003 21:00:00.000,1.15955,1.15997,1.15707,1.15764,27737699.2188,1.1644078341045228,0,0,,0,0.0
22.06.2003 22:00:00.000,1.15738,1.158,1.15723,1.15765,26693099.6094,1.1638880007118673,0,0,,0,0.0
22.06.2003 23:00:00.000,1.15746,1.15853,1.15718,1.1585,30559800.7813,1.1634735391186468,0,0,,0,0.0
23.06.2003 00:00:00.000,1.15839,1.15972,1.15762,1.1579,29990300.7813,1.1630448053402893,1,0,,0,0.0
23.06.2003 01:00:00.000,1.15814,1.15876,1.15676,1.1572,31247800.7813,1.162595204929498,1,0,,0,0.0
23.06.2003 02:00:00.000,1.15677,1.15742,1.1541,1.15657,28000699.2188,1.162131727627229,1,0,,0,0.0
23.06.2003 03:00:00.000,1.15697,1.15845,1.15608,1.1579,25627500.0,1.161806210117442,1,0,,0,0.0
23.06.2003 04:00:00.000,1.15835,1.15931,1.15779,1.15894,26974900.3906,1.1615857324161003,1,0,,0,0.0
23.06.2003 05:00:00.000,1.15888,1.15921,1.15698,1.15883,24642900.3906,1.1613737529994774,1,0,,0,0.0
23.06.2003 06:00:00.000,1.15874,1.15935,1.15798,1.15826,30249400.3906,1.1611342335379793,1,0,,0,0.0
23.06.2003 07:00:00.000,1.15777,1.15871,1.15569,1.15694,27346400.3906,1.160811600188904,1,0,,0,0.0
23.06.2003 08:00:00.000,1.15707,1.15907,1.15664,1.15854,26079099.6094,1.1606368617128344,1,0,,0,0.0
23.06.2003 09:00:00.000,1.15858,1.16028,1.15297,1.15357,27678099.6094,1.1600932569656934,1,1,1.1612799999999999,0,0.0
23.06.2003 10:00:00.000,1.15303,1.15397,1.15226,1.15266,27142599.6094,1.1595214679683326,1,0,,0,0.0
23.06.2003 11:00:00.000,1.15309,1.15468,1.15229,1.15313,26454900.3906,1.1590298165861532,1,0,,0,0.0
23.06.2003 12:00:00.000,1.15315,1.15451,1.15184,1.15404,28858800.7813,1.1586459845410646,1,0,,0,0.0
23.06.2003 13:00:00.000,1.15403,1.15551,1.15312,1.15427,25761199.2188,1.158309370345598,1,0,,0,0.0
23.06.2003 14:00:00.000,1.1538,1.1549,1.15082,1.15152,26110400.3906,1.1577871110882443,1,0,,0,0.0
23.06.2003 15:00:00.000,1.15158,1.1532,1.15069,1.15279,26006599.6094,1.15740271792761,1,2,1.14969,0,0.0
23.06.2003 16:00:00.000,1.15292,1.15457,1.15169,1.15438,296357312.5,1.157170201163948,1,0,,0,0.0
23.06.2003 17:00:00.000,1.15421,1.15668,1.15353,1.15572,133800906.25,1.1570586472282596,1,0,,0,0.0
23.06.2003 18:00:00.000,1.15591,1.15731,1.15556,1.15599,151224406.25,1.1569764435953167,1,0,,0,0.0
23.06.2003 19:00:00.000,1.15594,1.15607,1.1542,1.15498,101248500.0,1.1568228710110617,1,0,,0,0.0
23.06.2003 20:00:00.000,1.15484,1.15514,1.15396,1.15399,61376000.0,1.1566049578563649,1,0,,0,0.0
23.06.2003 21:00:00.000,1.15374,1.1556,1.15344,1.1549,28546099.6094,1.1564738072520293,1,0,,0,0.0
23.06.2003 22:00:00.000,1.15517,1.1563,1.15468,1.15479,26756800.7813,1.156344283617258,1,0,,0,0.0
23.06.2003 23:00:00.000,1.15462,1.155,1.15431,1.1549,29440500.0,1.156233184877469,1,0,,0,0.0
24.06.2003 00:00:00.000,1.15488,1.15505,1.15398,1.15426,29136199.2188,1.156081401425356,1,0,,0,0.0
24.06.2003 01:00:00.000,1.15436,1.15539,1.15388,1.15446,30368199.2188,1.1559566782387902,1,0,,0,0.0
24.06.2003 02:00:00.000,1.1544,1.15569,1.15405,1.15434,28694000.0,1.155832318374268,1,0,,0,0.0
24.06.2003 03:00:00.000,1.15461,1.15513,1.15407,1.15468,27525099.6094,1.1557436784993245,1,0,,0,0.0
24.06.2003 04:00:00.000,1.15456,1.15571,1.15439,1.15516,28977900.3906,1.1556987801532226,1,0,,0,0.0
24.06.2003 05:00:00.000,1.15508,1.15568,1.15456,1.15532,25993400.3906,1.1556696432183595,1,0,,0,0.0
24.06.2003 06:00:00.000,1.15482,1.15563,1.15437,1.15537,29208900.3906,1.1556465937400242,1,0,,0,0.0
24.06.2003 07:00:00.000,1.15536,1.15626,1.15314,1.15372,26963199.2188,1.1554983942215609,1,0,,0,0.0
24.06.2003 08:00:00.000,1.15351,1.15483,1.15333,1.15402,28305199.2188,1.1553846715891332,1,0,,0,0.0
24.06.2003 09:00:00.000,1.15419,1.15585,1.1536,1.1555,26825099.6094,1.155393543005354,0,0,,0,0.0
24.06.2003 10:00:00.000,1.15572,1.15801,1.15524,1.15673,27301800.7813,1.1554963473895574,0,1,1.1590099999999999,0,0.0
24.06.2003 11:00:00.000,1.15695,1.1576,1.15597,1.15647,27782900.3906,1.155571243744207,0,0,,0,0.0
24.06.2003 12:00:00.000,1.1564,1.15759,1.15547,1.15723,28561199.2188,1.155698840379268,0,0,,0,0.0
24.06.2003 13:00:00.000,1.15703,1.15756,1.15493,1.15598,27242000.0,1.1557204680424014,0,0,,0,0.0
24.06.2003 14:00:00.000,1.15589,1.15642,1.15365,1.15413,28264900.3906,1.155598124346832,0,0,,0,0.0
24.06.2003 15:00:00.000,1.15416,1.15502,1.15111,1.15174,25684599.6094,1.155301345550922,0,0,,0,0.0
24.06.2003 16:00:00.000,1.15154,1.15268,1.14917,1.14942,293962593.75,1.1548489343546975,0,0,,0,0.0
24.06.2003 17:00:00.000,1.14932,1.15005,1.1475,1.14831,136502500.0,1.154345939404336,0,2,1.1465,0,0.0
24.06.2003 18:00:00.000,1.14846,1.1493,1.14765,1.14899,149127796.875,1.1539339440655412,0,0,,0,0.0
24.06.2003 19:00:00.000,1.1491,1.15078,1.14861,1.15064,105860500.0,1.1536805637528071,0,0,,0,0.0
24.06.2003 20:00:00.000,1.15052,1.15148,1.15046,1.15141,64065699.2188,1.1535059050025913,0,0,,0,0.0
24.06.2003 21:00:00.000,1.15118,1.15162,1.15038,1.15059,28360800.7813,1.1532816046177767,0,0,,0,0.0
24.06.2003 22:00:00.000,1.1507,1.15136,1.14996,1.15105,26480199.2188,1.1531099427241016,0,0,,0,0.0
24.06.2003 23:00:00.000,1.15103,1.15113,1.14897,1.14959,27655099.6094,1.1528391778991707,0,0,,0,0.0
25.06.2003 00:00:00.000,1.14968,1.15062,1.14952,1.15012,28626900.3906,1.1526300103684655,0,0,,0,0.0
25.06.2003 01:00:00.000,1.14997,1.15116,1.14937,1.15009,30493000.0,1.1524346249555069,0,0,,0,0.0
25.06.2003 02:00:00.000,1.1498,1.151,1.14971,1.1506,29712000.0,1.1522934999589296,0,0,,0,0.0
25.06.2003 03:00:00.000,1.15074,1.15141,1.15019,1.15076,27421099.6094,1.1521755384236274,0,0,,0,0.0
25.06.2003 04:00:00.000,1.15097,1.15186,1.15085,1.15156,27839300.7813,1.1521281893141178,0,0,,0,0.0
25.06.2003 05:00:00.000,1.15154,1.15243,1.15112,1.15205,25715699.2188,1.1521221747514934,0,0,,0,0.0
25.06.2003 06:00:00.000,1.15164,1.15197,1.14998,1.15048,29197099.6094,1.1519958536167632,1,0,,0,0.0
25.06.2003 07:00:00.000,1.15058,1.15149,1.14945,1.15038,25936500.0,1.1518715571847045,1,0,,0,0.0
25.06.2003 08:00:00.000,1.14999,1.15198,1.14939,1.15181,26858500.0,1.1518668220166504,1,0,,0,0.0
25.06.2003 09:00:00.000,1.15208,1.15341,1.15074,1.15187,28449699.2188,1.1518670664769082,0,0,,0,0.0
25.06.2003 10:00:00.000,1.15205,1.15372,1.15103,1.15199,27449900.3906,1.1518765229017616,0,0,,0,0.0
25.06.2003 11:00:00.000,1.15234,1.15415,1.15182,1.15366,28159000.0,1.1520137134477801,0,0,,0,0.0
25.06.2003 12:00:00.000,1.15347,1.15443,1.1527,1.15351,27873699.2188,1.1521288124133355,0,0,,0,0.0
25.06.2003 13:00:00.000,1.15351,1.15696,1.15339,1.15559,26720599.6094,1.1523950576123099,0,0,,0,0.0
25.06.2003 14:00:00.000,1.15604,1.15737,1.1548,1.15541,26984599.6094,1.152626976257517,0,0,,0,0.0
25.06.2003 15:00:00.000,1.15542,1.15738,1.1549,1.15644,26172699.2188,1.1529202857761696,0,0,,0,0.0
25.06.2003 16:00:00.000,1.15638,1.15915,1.15565,1.15864,292935593.75,1.1533602637933873,0,0,,0,0.0
25.06.2003 17:00:00.000,1.15899,1.16205,1.15868,1.15939,136050203.125,1.1538240896554344,0,1,1.16305,0,0.0
25.06.2003 18:00:00.000,1.15938,1.16027,1.15857,1.15928,147814796.875,1.1542437750665548,0,0,,0,0.0
25.06.2003 19:00:00.000,1.15898,1.15948,1.15163,1.15412,108132203.125,1.1542342539075892,0,0,,0,0.0
25.06.2003 20:00:00.000,1.15387,1.15578,1.15163,1.15368,63733398.4375,1.1541916189916208,0,0,,0,0.0
25.06.2003 21:00:00.000,1.15379,1.15509,1.15341,1.15373,28915099.6094,1.1541561098384192,0,0,,0,0.0
25.06.2003 22:00:00.000,1.15385,1.154,1.15202,1.1533,26562599.6094,1.154090255235464,0,0,,0,0.0
25.06.2003 23:00:00.000,1.15314,1.15403,1.15306,1.15365,28532900.3906,1.1540563894481206,0,0,,0,0.0
26.06.2003 00:00:00.000,1.15352,1.15425,1.15318,1.15338,31124400.3906,1.154004359490573,0,0,,0,0.0
26.06.2003 01:00:00.000,1.15336,1.15348,1.15159,1.15205,31061199.2188,1.1538540241451443,0,0,,0,0.0
26.06.2003 02:00:00.000,1.15164,1.15385,1.15164,1.15385,29213699.2188,1.1538537145955179,0,0,,0,0.0
26.06.2003 03:00:00.000,1.15395,1.15424,1.15294,1.15352,25974699.2188,1.1538280442420166,0,0,,0,0.0
26.06.2003 04:00:00.000,1.15358,1.15394,1.15307,1.1536,28172900.3906,1.153810502377246,0,0,,0,0.0
26.06.2003 05:00:00.000,1.15348,1.15358,1.15228,1.15246,24796000.0,1.1537066175789963,0,0,,0,0.0
26.06.2003 06:00:00.000,1.15236,1.15282,1.15124,1.15192,29655099.6094,1.1535691854575352,0,0,,0,0.0
26.06.2003 07:00:00.000,1.15121,1.15195,1.14808,1.15136,27302400.3906,1.1533992481146478,0,0,,0,0.0
26.06.2003 08:00:00.000,1.151,1.15198,1.14981,1.15081,26949599.6094,1.153200075182752,0,0,,0,0.0
26.06.2003 09:00:00.000,1.15064,1.15071,1.14591,1.1475,26586099.6094,1.152761607861002,0,0,,0,0.0
26.06.2003 10:00:00.000,1.14757,1.14838,1.14601,1.14676,26554599.6094,1.1522999457178478,0,0,,0,0.0
26.06.2003 11:00:00.000,1.14703,1.1485,1.14525,1.14575,27754599.6094,1.1517961037395519,0,0,,0,0.0
26.06.2003 12:00:00.000,1.1457,1.14626,1.1432,1.14384,27567199.2188,1.1511840957595865,0,0,,0,0.0
26.06.2003 13:00:00.000,1.14354,1.14404,1.14205,1.14391,26466599.6094,1.150624549931926,0,0,,0,0.0
26.06.2003 14:00:00.000,1.14395,1.14557,1.14287,1.14427,26035900.3906,1.1501357383987012,0,0,,0,0.0
26.06.2003 15:00:00.000,1.14436,1.14486,1.14187,1.14423,27182000.0,1.1496814508295703,0,0,,0,0.0
26.06.2003 16:00:00.000,1.14427,1.14496,1.1426,1.14278,295582906.25,1.1491505699965265,0,0,,0,0.0
26.06.2003 17:00:00.000,1.14272,1.14457,1.14232,1.14435,134730906.25,1.1487812953814092,0,0,,0,0.0
26.06.2003 18:00:00.000,1.14462,1.14517,1.14324,1.14359,143949296.875,1.1483819649674547,0,0,,0,0.0
26.06.2003 19:00:00.000,1.14316,1.1438,1.14172,1.14275,107912500.0,1.1479487368930352,1,0,,0,0.0
26.06.2003 20:00:00.000,1.14246,1.14295,1.14125,1.14151,61133000.0,1.1474534494397248,1,0,,0,0.0
26.06.2003 21:00:00.000,1.14145,1.14234,1.14105,1.14222,29582800.7813,1.1470508764059,1,2,1.14005,0,0.0
26.06.2003 22:00:00.000,1.14204,1.14266,1.14131,1.14197,26982000.0,1.1466600397592923,1,0,,0,0.0
26.06.2003 23:00:00.000,1.14168,1.14267,1.14151,1.1423,29096000.0,1.1463246520855006,1,0,,0,0.0
27.06.2003 00:00:00.000,1.14231,1.14285,1.1417,1.14241,28904800.7813,1.1460235250020006,1,0,,0,0.0
27.06.2003 01:00:00.000,1.14242,1.14436,1.14231,1.14324,30170400.3906,1.1458094076941545,1,0,,0,0.0
27.06.2003 02:00:00.000,1.1429,1.14354,1.14213,1.14301,30074900.3906,1.145594068640758,1,0,,0,0.0
27.06.2003 03:00:00.000,1.14325,1.14469,1.14274,1.14398,26164500.0,1.1454699095145457,1,0,,0,0.0
27.06.2003 04:00:00.000,1.14413,1.14523,1.14384,1.14482,28378199.2188,1.1454199164749654,1,0,,0,0.0
27.06.2003 05:00:00.000,1.14482,1.14531,1.14387,1.14466,25765800.7813,1.1453614613615066,1,0,,0,0.0
27.06.2003 06:00:00.000,1.14431,1.14502,1.1433,1.14367,29916800.7813,1.1452313489490833,1,0,,0,0.0
27.06.2003 07:00:00.000,1.14333,1.14366,1.14175,1.14312,26167900.3906,1.1450689374914615,1,0,,0,0.0
27.06.2003 08:00:00.000,1.14309,1.14478,1.14045,1.14128,26381500.0,1.1447774807613493,1,0,,0,0.0
27.06.2003 09:00:00.000,1.14101,1.14197,1.14003,1.1415,28222900.3906,1.1445253668566302,1,0,,0,0.0
27.06.2003 10:00:00.000,1.14165,1.14337,1.14056,1.14113,25252000.0,1.1442641847907358,1,0,,0,0.0
27.06.2003 11:00:00.000,1.14087,1.14217,1.14043,1.14135,28532199.2188,1.1440400167299098,1,0,,0,0.0
27.06.2003 12:00:00.000,1.1415,1.14385,1.14132,1.14208,28729800.7813,1.1438892462122245,1,0,,0,0.0
27.06.2003 13:00:00.000,1.14206,1.1426,1.14042,1.14196,27243199.2188,1.143740842657438,1,0,,0,0.0
27.06.2003 14:00:00.000,1.14208,1.14437,1.14168,1.1439,26390300.7813,1.143753085529943,0,0,,0,0.0
27.06.2003 15:00:00.000,1.14352,1.14665,1.14205,1.14237,26521199.2188,1.143646694335332,0,1,1.1476499999999998,0,0.0
27.06.2003 16:00:00.000,1.14179,1.14274,1.13984,1.14162,294831406.25,1.1434907947710757,0,2,1.13884,0,0.0
27.06.2003 17:00:00.000,1.14217,1.14318,1.14059,1.14102,137531593.75,1.143300733634839,0,0,,0,0.0
27.06.2003 18:00:00.000,1.14094,1.14297,1.14079,1.14237,144959906.25,1.1432291387398517,0,0,,0,0.0
27.06.2003 19:00:00.000,1.14254,1.14285,1.14155,1.14178,103847101.5625,1.1431176665290939,0,0,,0,0.0
27.06.2003 20:00:00.000,1.14179,1.14289,1.14137,1.14224,62325500.0,1.1430501537191637,0,0,,0,0.0
29.06.2003 21:00:00.000,1.14238,1.1436,1.14238,1.14315,30209099.6094,1.143057834202305,0,0,,0,0.0
29.06.2003 22:00:00.000,1.1432,1.14337,1.14231,1.14275,25049500.0,1.1430341546482816,0,0,,0,0.0
29.06.2003 23:00:00.000,1.14252,1.14309,1.1419,1.14234,28613500.0,1.1429807581368756,0,0,,0,0.0
30.06.2003 00:00:00.000,1.14228,1.14264,1.14088,1.14137,29802500.0,1.1428568536648085,0,0,,0,0.0
30.06.2003 01:00:00.000,1.14158,1.14295,1.14129,1.14215,31074199.2188,1.142802480305977,0,0,,0,0.0
30.06.2003 02:00:00.000,1.14276,1.14393,1.1421,1.14286,31400099.6094,1.1428069048978249,0,0,,0,0.0
30.06.2003 03:00:00.000,1.14323,1.14375,1.14264,1.1432,28062599.6094,1.1428371429826076,0,0,,0,0.0
30.06.2003 04:00:00.000,1.14361,1.14375,1.14286,1.1434,28254900.3906,1.142880439676253,0,0,,0,0.0
30.06.2003 05:00:00.000,1.14345,1.14421,1.14262,1.14351,27546099.6094,1.1429288673934646,0,0,,0,0.0
30.06.2003 06:00:00.000,1.14353,1.14393,1.14225,1.14282,27737199.2188,1.1429204929785828,0,0,,0,0.0
30.06.2003 07:00:00.000,1.14279,1.14373,1.14227,1.14332,27273699.2188,1.1429512242879225,0,0,,0,0.0
30.06.2003 08:00:00.000,1.14331,1.1459,1.14285,1.14537,27766599.6094,1.1431372839580822,0,0,,0,0.0
30.06.2003 09:00:00.000,1.14498,1.14575,1.14289,1.1429,27475900.3906,1.143119031345922,0,0,,0,0.0
30.06.2003 10:00:00.000,1.14264,1.14326,1.13964,1.14117,29194300.7813,1.1429691058577742,0,2,1.13864,0,0.0
30.06.2003 11:00:00.000,1.14104,1.14304,1.14104,1.14214,28168599.6094,1.1429053284840993,0,0,,0,0.0
30.06.2003 12:00:00.000,1.14207,1.14293,1.14137,1.14257,28508199.2188,1.1428795339853226,0,0,,0,0.0
30.06.2003 13:00:00.000,1.14258,1.14409,1.14209,1.14227,25786599.6094,1.1428326467556824,0,0,,0,0.0
30.06.2003 14:00:00.000,1.14237,1.14479,1.14197,1.14448,27202199.2188,1.1429593662360147,0,0,,0,0.0
30.06.2003 15:00:00.000,1.14493,1.1486,1.14449,1.14765,26829300.7813,1.1433201842178597,0,0,,0,0.0
30.06.2003 16:00:00.000,1.14783,1.15008,1.14778,1.1498,295217000.0,1.1438186315857168,0,0,,0,0.0
30.06.2003 17:00:00.000,1.14994,1.15023,1.14791,1.14804,135517203.125,1.1441433522329694,0,0,,0,0.0
30.06.2003 18:00:00.000,1.14782,1.14843,1.14709,1.14785,142566500.0,1.1444284789842794,0,0,,0,0.0
30.06.2003 19:00:00.000,1.14807,1.14928,1.14752,1.14897,108909203.125,1.1447778267547193,0,0,,0,0.0
30.06.2003 20:00:00.000,1.1493,1.15121,1.14925,1.15086,61255601.5625,1.1452456862351255,0,0,,0,0.0
30.06.2003 21:00:00.000,1.15084,1.15143,1.1501,1.15016,28730400.3906,1.145623710370885,0,0,,0,0.0
30.06.2003 22:00:00.000,1.1505,1.1532,1.15018,1.15227,27797599.6094,1.1461349634192786,0,0,,0,0.0
30.06.2003 23:00:00.000,1.15226,1.15258,1.15145,1.15196,28103599.6094,1.1465830431562574,0,0,,0,0.0
01.07.2003 00:00:00.000,1.15201,1.15271,1.15134,1.15169,28667199.2188,1.1469758859903916,0,0,,0,0.0
01.07.2003 01:00:00.000,1.15204,1.15398,1.15169,1.15237,30138500.0,1.1473908178372845,0,0,,0,0.0
01.07.2003 02:00:00.000,1.15196,1.15231,1.15107,1.15141,28635400.3906,1.1476999856959549,0,0,,0,0.0
01.07.2003 03:00:00.000,1.15149,1.15213,1.15123,1.15213,28013400.3906,1.1480407560270354,0,0,,0,0.0
01.07.2003 04:00:00.000,1.1519,1.15196,1.15085,1.15132,28809699.2188,1.1482930055634173,0,0,,0,0.0
01.07.2003 05:00:00.000,1.15132,1.15272,1.15093,1.15215,26359900.3906,1.1485896974431544,0,0,,0,0.0
01.07.2003 06:00:00.000,1.15187,1.15232,1.15085,1.15127,28110599.6094,1.1487958745629117,2,0,,0,0.0
01.07.2003 07:00:00.000,1.15133,1.1531,1.15045,1.15213,27621199.2188,1.14905234575038,2,0,,0,0.0
01.07.2003 08:00:00.000,1.15218,1.15483,1.15132,1.1535,26333800.7813,1.149394473000351,2,0,,0,0.0
01.07.2003 09:00:00.000,1.15366,1.15442,1.15247,1.15298,25983500.0,1.1496702827695549,2,0,,0,0.0
01.07.2003 10:00:00.000,1.1531,1.15552,1.15227,1.15516,26167099.6094,1.1500925687103585,2,0,,0,0.0
01.07.2003 11:00:00.000,1.15518,1.15658,1.15474,1.15476,26247300.7813,1.1504516018864848,2,0,,0,0.0
01.07.2003 12:00:00.000,1.15494,1.1562,1.15423,1.15436,28548500.0,1.1507522478952166,2,0,,0,0.0
01.07.2003 13:00:00.000,1.15403,1.15443,1.15256,1.15303,28468599.6094,1.1509274595955845,2,0,,0,0.0
01.07.2003 14:00:00.000,1.15309,1.15547,1.15251,1.15514,27621699.2188,1.1512515011651552,2,0,,0,0.0
01.07.2003 15:00:00.000,1.15529,1.16069,1.15512,1.15955,25648900.3906,1.1518898472293742,2,1,1.16169,0,0.0
01.07.2003 16:00:00.000,1.1592,1.15947,1.15714,1.15758,294472000.0,1.152327551288653,2,0,,0,0.0
01.07.2003 17:00:00.000,1.1577,1.15862,1.15717,1.15804,135605796.875,1.1527669704202952,2,0,,0,0.0
01.07.2003 18:00:00.000,1.15825,1.15838,1.15678,1.15756,146710796.875,1.1531356650033495,2,0,,0,0.0
01.07.2003 19:00:00.000,1.15735,1.15794,1.1557,1.15607,106424601.5625,1.1533613830800151,2,0,,0,0.0
01.07.2003 20:00:00.000,1.15587,1.15638,1.15537,1.15578,65844203.125,1.1535474305353985,2,0,,0,0.0
01.07.2003 21:00:00.000,1.15549,1.15634,1.15526,1.15578,29095900.3906,1.1537191666480604,2,0,,0,0.0
01.07.2003 22:00:00.000,1.15568,1.15645,1.15568,1.15633,25108199.2188,1.153919999982825,2,0,,0,0.0
01.07.2003 23:00:00.000,1.15632,1.15653,1.15583,1.15613,29323400.3906,1.154089999984146,2,0,,0,0.0
02.07.2003 00:00:00.000,1.15593,1.15668,1.15524,1.15529,29986800.7813,1.1541823076776734,2,0,,0,0.0
02.07.2003 01:00:00.000,1.15515,1.15563,1.15422,1.15523,31280199.2188,1.1542628993947757,2,0,,0,0.0
02.07.2003 02:00:00.000,1.15539,1.15562,1.15392,1.15431,29302099.6094,1.1542665225182545,2,0,,0,0.0
02.07.2003 03:00:00.000,1.15394,1.15499,1.15386,1.15448,27241500.0,1.154282943863004,0,0,,0,0.0
02.07.2003 04:00:00.000,1.15447,1.15501,1.15404,1.15494,28620599.6094,1.154333486642773,0,0,,0,0.0
02.07.2003 05:00:00.000,1.15448,1.15535,1.15399,1.15438,25919400.3906,1.154337064593329,0,0,,0,0.0
02.07.2003 06:00:00.000,1.1545,1.15605,1.15414,1.15551,28144599.6094,1.1544272903938422,0,0,,0,0.0
02.07.2003 07:00:00.000,1.15537,1.1559,1.1535,1.15366,26011800.7813,1.1543682680558542,0,0,,0,0.0
02.07.2003 08:00:00.000,1.15358,1.154,1.15228,1.15318,26067000.0,1.1542768628207885,0,0,,0,0.0
02.07.2003 09:00:00.000,1.1531,1.15527,1.15277,1.15375,26801900.3906,1.1542363349114972,0,0,,0,0.0
02.07.2003 10:00:00.000,1.15401,1.1545,1.15262,1.15417,25983500.0,1.1542312322259975,0,0,,0,0.0
02.07.2003 11:00:00.000,1.15422,1.15471,1.15263,1.15345,26079000.0,1.1541711374393824,0,0,,0,0.0
02.07.2003 12:00:00.000,1.15325,1.15403,1.15251,1.15301,26959599.6094,1.1540818191748146,0,0,,0,0.0
02.07.2003 13:00:00.000,1.15295,1.15433,1.15272,1.15332,27466900.3906,1.1540232176998289,0,0,,0,0.0
02.07.2003 14:00:00.000,1.15348,1.15386,1.1512,1.15215,25070400.3906,1.1538791240306112,0,0,,0,0.0
02.07.2003 15:00:00.000,1.15211,1.15497,1.15123,1.15159,25013300.7813,1.153703037566718,0,0,,0,0.0
02.07.2003 16:00:00.000,1.15141,1.15347,1.15035,1.15221,297924406.25,1.1535881885231243,0,2,1.14935,0,0.0
02.07.2003 17:00:00.000,1.15204,1.1528,1.15073,1.15161,134767000.0,1.1534360201751916,0,0,,0,0.0
02.07.2003 18:00:00.000,1.15137,1.15234,1.15101,1.15211,147980593.75,1.153334018623254,0,0,,0,0.0
02.07.2003 19:00:00.000,1.15212,1.15424,1.15167,1.15396,103545500.0,1.15338217103685,0,0,,0,0.0
02.07.2003 20:00:00.000,1.15387,1.15433,1.15343,1.15366,63469398.4375,1.1534035424955538,0,0,,0,0.0
02.07.2003 21:00:00.000,1.15345,1.15424,1.15272,1.15393,29525800.7813,1.1534440392266652,0,0,,0,0.0
02.07.2003 22:00:00.000,1.15359,1.15401,1.1526,1.15272,27574800.7813,1.1533883439015373,0,0,,0,0.0
02.07.2003 23:00:00.000,1.1526,1.15309,1.15215,1.153,29610000.0,1.1533584712937268,0,0,,0,0.0
03.07.2003 00:00:00.000,1.15282,1.15333,1.15205,1.15256,29419199.2188,1.1532970504249787,0,0,,0,0.0
03.07.2003 01:00:00.000,1.15254,1.15282,1.15152,1.1518,30966000.0,1.1531818926999804,0,0,,0,0.0
03.07.2003 02:00:00.000,1.15196,1.15216,1.15119,1.15148,28368599.6094,1.1530509778769051,0,0,,0,0.0
03.07.2003 03:00:00.000,1.15189,1.15217,1.15116,1.15154,27789699.2188,1.152934748809451,0,0,,0,0.0
03.07.2003 04:00:00.000,1.15167,1.15242,1.15147,1.15193,29467199.2188,1.1528574604394934,0,0,,0,0.0
03.07.2003 05:00:00.000,1.15184,1.15216,1.15126,1.15157,26276900.3906,1.152758425021071,0,0,,0,0.0
03.07.2003 06:00:00.000,1.15142,1.15184,1.15083,1.15158,29117099.6094,1.152667776942527,0,0,,0,0.0
03.07.2003 07:00:00.000,1.15208,1.1528,1.15125,1.15194,27265800.7813,1.1526117941007943,0,0,,0,0.0
03.07.2003 08:00:00.000,1.15152,1.1523,1.14703,1.14734,27339400.3906,1.1522062714776562,0,0,,0,0.0
03.07.2003 09:00:00.000,1.14673,1.14768,1.14316,1.14597,26270400.3906,1.1517265582870675,0,2,1.14216,0,0.0
03.07.2003 10:00:00.000,1.14573,1.14626,1.14404,1.1453,27338699.2188,1.1512322076496009,0,0,,0,0.0
03.07.2003 11:00:00.000,1.14564,1.14612,1.14493,1.14535,28276000.0,1.150779730138093,0,0,,0,0.0
03.07.2003 12:00:00.000,1.14563,1.14678,1.1449,1.14517,28720500.0,1.150348212435163,0,0,,0,0.0
03.07.2003 13:00:00.000,1.14517,1.15224,1.14464,1.15156,26200000.0,1.1504414268632275,0,0,,0,0.0
03.07.2003 14:00:00.000,1.15154,1.15387,1.15122,1.15194,26589099.6094,1.1505567017199023,0,1,1.1548699999999998,0,0.0
03.07.2003 15:00:00.000,1.15172,1.15279,1.14772,1.15171,25274500.0,1.1506454169722176,0,0,,0,0.0
03.07.2003 16:00:00.000,1.15153,1.15227,1.14914,1.15014,297123500.0,1.1506065387435855,0,0,,0,0.0
03.07.2003 17:00:00.000,1.14998,1.15057,1.14728,1.14822,135705500.0,1.1504229588402328,0,0,,0,0.0
03.07.2003 18:00:00.000,1.14825,1.14877,1.14725,1.14815,143867296.875,1.1502481158525228,0,0,,0,0.0
03.07.2003 19:00:00.000,1.14792,1.14865,1.14773,1.14825,104854601.5625,1.150094414633098,0,0,,0,0.0
03.07.2003 20:00:00.000,1.14847,1.15031,1.14839,1.14915,63550199.2188,1.1500217673536288,0,0,,0,0.0
03.07.2003 21:00:00.000,1.14865,1.14956,1.14837,1.14916,28832099.6094,1.1499554775571958,0,0,,0,0.0
03.07.2003 22:00:00.000,1.14914,1.14999,1.14908,1.14955,26303599.6094,1.149924286975873,0,0,,0,0.0
03.07.2003 23:00:00.000,1.14936,1.14958,1.14852,1.14915,29528199.2188,1.1498647264392674,0,0,,0,0.0
04.07.2003 00:00:00.000,1.14888,1.14929,1.14777,1.14813,28033599.6094,1.1497312859439393,0,0,,0,0.0
04.07.2003 01:00:00.000,1.14777,1.14814,1.14672,1.14701,30420599.6094,1.149521956255944,0,0,,0,0.0
04.07.2003 02:00:00.000,1.14721,1.14746,1.14611,1.14648,29680599.6094,1.1492879596208716,0,0,,0,0.0
04.07.2003 03:00:00.000,1.14626,1.1473,1.14595,1.14685,27940300.7813,1.14910042426542,0,0,,0,0.0
04.07.2003 04:00:00.000,1.14696,1.14732,1.14647,1.1468,28428400.3906,1.1489234685526952,0,0,,0,0.0
04.07.2003 05:00:00.000,1.14673,1.14702,1.146,1.14668,25766199.2188,1.1487508940486417,0,0,,0,0.0
04.07.2003 06:00:00.000,1.14667,1.14732,1.14642,1.1471,28968300.7813,1.148623902198746,0,0,,0,0.0
04.07.2003 07:00:00.000,1.14687,1.14705,1.14561,1.14626,27518599.6094,1.1484420635680734,0,0,,0,0.0
04.07.2003 08:00:00.000,1.14635,1.14779,1.14554,1.14721,27221500.0,1.1483472894474525,1,0,,0,0.0
04.07.2003 09:00:00.000,1.14758,1.14872,1.147,1.14747,26740800.7813,1.1482798056438024,1,0,,0,0.0
04.07.2003 10:00:00.000,1.14747,1.1483,1.14657,1.14707,28845000.0,1.148186743671202,1,0,,0,0.0
04.07.2003 11:00:00.000,1.14712,1.14744,1.14588,1.14663,26960199.2188,1.1480669941580328,1,0,,0,0.0
04.07.2003 12:00:00.000,1.14656,1.14738,1.14552,1.14563,29305699.2188,1.1478795330689535,1,0,,0,0.0
04.07.2003 13:00:00.000,1.14562,1.14646,1.14462,1.14605,27530400.3906,1.1477387997559572,1,2,1.14362,0,0.0
04.07.2003 14:00:00.000,1.14607,1.14757,1.14527,1.14702,27144000.0,1.1476835074670375,1,0,,0,0.0
04.07.2003 15:00:00.000,1.14716,1.14852,1.14659,1.14846,26933400.3906,1.1477432376618808,0,0,,0,0.0
04.07.2003 16:00:00.000,1.148,1.14897,1.14681,1.14878,295263812.5,1.147822988610967,0,0,,0,0.0
04.07.2003 17:00:00.000,1.14882,1.14933,1.14837,1.14912,138115203.125,1.1479227587178156,0,1,1.1503299999999999,0,0.0
04.07.2003 18:00:00.000,1.14908,1.14924,1.14844,1.14868,147326093.75,1.1479810080472144,0,0,,0,0.0
04.07.2003 19:00:00.000,1.1486,1.14905,1.14825,1.14861,104234000.0,1.1480293920435825,0,0,,0,0.0
04.07.2003 20:00:00.000,1.14891,1.14895,1.14818,1.14862,64771898.4375,1.1480748234248455,0,0,,0,0.0
06.07.2003 21:00:00.000,1.148,1.14854,1.14736,1.14793,29005699.2188,1.148063683161396,0,0,,0,0.0
06.07.2003 22:00:00.000,1.1479,1.14817,1.14732,1.14758,26877400.3906,1.1480264767643655,0,0,,0,0.0
06.07.2003 23:00:00.000,1.14756,1.14799,1.14653,1.14663,29206400.3906,1.147919055474799,0,0,,0,0.0
07.07.2003 00:00:00.000,1.14641,1.14681,1.14569,1.14664,28700900.3906,1.1478206665921222,0,0,,0,0.0
07.07.2003 01:00:00.000,1.14674,1.14693,1.14606,1.14662,31378300.7813,1.1477283076234974,0,0,,0,0.0
07.07.2003 02:00:00.000,1.14628,1.14675,1.14551,1.14621,30255599.6094,1.1476115147293824,0,0,,0,0.0
07.07.2003 03:00:00.000,1.14642,1.14693,1.14575,1.14604,27392099.6094,1.1474906289809683,0,0,,0,0.0
07.07.2003 04:00:00.000,1.14593,1.14662,1.1451,1.14562,26582900.3906,1.1473467344439707,0,0,,0,0.0
07.07.2003 05:00:00.000,1.14516,1.14583,1.14438,1.14508,26558000.0,1.147172370255973,0,0,,0,0.0
07.07.2003 06:00:00.000,1.14479,1.14642,1.14479,1.14569,28185900.3906,1.1470583417747444,0,0,,0,0.0
07.07.2003 07:00:00.000,1.14545,1.14576,1.14089,1.1424,26864900.3906,1.146700007792072,0,0,,0,0.0
07.07.2003 08:00:00.000,1.14192,1.14296,1.14089,1.14099,27775800.7813,1.1462607764234511,0,0,,0,0.0
07.07.2003 09:00:00.000,1.14121,1.1427,1.14087,1.14136,27435300.7813,1.1458837936216473,0,0,,0,0.0
07.07.2003 10:00:00.000,1.1415,1.1415,1.13716,1.1385,25989000.0,1.1453158094969051,0,0,,0,0.0
07.07.2003 11:00:00.000,1.13834,1.13852,1.13483,1.13624,27131099.6094,1.1446176703048356,0,0,,0,0.0
07.07.2003 12:00:00.000,1.13631,1.137,1.1351,1.13609,27250300.7813,1.1439616956660021,1,0,,0,0.0
07.07.2003 13:00:00.000,1.13602,1.13644,1.13349,1.13409,25582900.3906,1.143202334460925,1,0,,0,0.0
07.07.2003 14:00:00.000,1.13394,1.13513,1.13329,1.13463,27652000.0,1.142542924117777,1,0,,0,0.0
07.07.2003 15:00:00.000,1.13441,1.13572,1.13303,1.13426,26199300.7813,1.1419057761087172,1,0,,0,0.0
07.07.2003 16:00:00.000,1.13398,1.13497,1.13276,1.13395,292847906.25,1.1412937933311238,1,0,,0,0.0
07.07.2003 17:00:00.000,1.1337,1.13408,1.13142,1.13209,136484906.25,1.1405858092287298,1,0,,0,0.0
07.07.2003 18:00:00.000,1.13216,1.13327,1.13122,1.13215,150491406.25,1.1399369008265199,1,0,,0,0.0
07.07.2003 19:00:00.000,1.13206,1.13261,1.13143,1.13216,104780500.0,1.1393386776860184,1,0,,0,0.0
07.07.2003 20:00:00.000,1.13238,1.13318,1.13195,1.13222,62665898.4375,1.1387910870947864,1,0,,0,0.0
07.07.2003 21:00:00.000,1.13177,1.13285,1.13122,1.13157,29985599.6094,1.138235618856726,1,0,,0,0.0
07.07.2003 22:00:00.000,1.13115,1.13171,1.1308,1.13145,27537500.0,1.1377136481754393,1,0,,0,0.0
07.07.2003 23:00:00.000,1.13134,1.13245,1.13109,1.13213,27720000.0,1.1372841367773288,1,0,,0,0.0
08.07.2003 00:00:00.000,1.13219,1.13279,1.13148,1.13221,26796900.3906,1.136893818563688,1,0,,0,0.0
08.07.2003 01:00:00.000,1.13214,1.13249,1.13074,1.13113,30014900.3906,1.1364504479049429,1,0,,0,0.0
08.07.2003 02:00:00.000,1.13107,1.13174,1.13066,1.13167,28846099.6094,1.1360827211430242,1,0,,0,0.0
08.07.2003 03:00:00.000,1.13172,1.1324,1.13125,1.13188,26227599.6094,1.1357594349012532,1,0,,0,0.0
08.07.2003 04:00:00.000,1.13197,1.13248,1.13165,1.13228,28080800.7813,1.1354917860626954,1,0,,0,0.0
08.07.2003 05:00:00.000,1.13211,1.13241,1.13117,1.13233,24621199.2188,1.1352485717501803,1,0,,0,0.0
08.07.2003 06:00:00.000,1.13218,1.13249,1.13081,1.13243,29963099.6094,1.135031758538628,1,0,,0,0.0
08.07.2003 07:00:00.000,1.13236,1.13382,1.1314,1.13257,26686400.3906,1.134842392497195,1,0,,0,0.0
08.07.2003 08:00:00.000,1.13296,1.13454,1.13106,1.13132,24435199.2188,1.1345714392281803,1,0,,0,0.0
08.07.2003 09:00:00.000,1.13136,1.13173,1.12796,1.12808,26734800.7813,1.1340720977490897,1,0,,0,0.0
08.07.2003 10:00:00.000,1.128,1.12835,1.12627,1.1278,26571300.7813,1.1335896286914675,1,0,,0,0.0
08.07.2003 11:00:00.000,1.12767,1.12882,1.12704,1.12739,26799599.6094,1.1331127341767393,1,0,,0,0.0
08.07.2003 12:00:00.000,1.12734,1.13176,1.12716,1.13141,28429500.0,1.1329817546246825,1,0,,0,0.0
08.07.2003 13:00:00.000,1.13145,1.13327,1.13065,1.133,26260900.3906,1.1329831581150915,0,0,,0,0.0
08.07.2003 14:00:00.000,1.1329,1.13398,1.13151,1.13382,28197000.0,1.133047530567777,0,0,,0,0.0
08.07.2003 15:00:00.000,1.13363,1.13498,1.12912,1.12988,25237699.2188,1.1328038743702558,0,1,1.13598,0,0.0
08.07.2003 16:00:00.000,1.12927,1.13038,1.12596,1.12626,294034906.25,1.1323004994186978,0,0,,0,0.0
08.07.2003 17:00:00.000,1.12616,1.12973,1.12577,1.12866,134673906.25,1.1320204610018751,0,2,1.12477,0,0.0
08.07.2003 18:00:00.000,1.12897,1.13032,1.12812,1.12969,145652093.75,1.1318411947709617,0,0,,0,0.0
08.07.2003 19:00:00.000,1.1298,1.13128,1.1295,1.13053,103132398.4375,1.131740333634734,0,0,,0,0.0
08.07.2003 20:00:00.000,1.13024,1.13167,1.13019,1.13121,61739300.7813,1.1316995387397546,0,0,,0,0.0
08.07.2003 21:00:00.000,1.13107,1.13192,1.13081,1.13155,28523000.0,1.1316880357597736,0,0,,0,0.0
08.07.2003 22:00:00.000,1.1318,1.13222,1.13115,1.13134,26374699.2188,1.1316612637782526,0,0,,0,0.0
08.07.2003 23:00:00.000,1.13172,1.13172,1.13077,1.13135,28754599.6094,1.1316373204106949,0,0,,0,0.0
09.07.2003 00:00:00.000,1.13165,1.13165,1.1304,1.13102,28712300.7813,1.1315898342252568,0,0,,0,0.0
09.07.2003 01:00:00.000,1.13117,1.13162,1.13029,1.13107,31047099.6094,1.1315498469771603,0,0,,0,0.0
09.07.2003 02:00:00.000,1.13158,1.13239,1.13109,1.13207,29657400.3906,1.131589858748148,0,0,,0,0.0
09.07.2003 03:00:00.000,1.132,1.13289,1.1314,1.1321,26544099.6094,1.131629100382906,0,0,,0,0.0
09.07.2003 04:00:00.000,1.13225,1.13265,1.1317,1.1319,29425900.3906,1.13164993881499,0,0,,0,0.0
09.07.2003 05:00:00.000,1.13162,1.13273,1.13151,1.13225,25854800.7813,1.1316960973676833,0,0,,0,0.0
09.07.2003 06:00:00.000,1.13213,1.13266,1.13172,1.13181,29294900.3906,1.1317048591086307,0,0,,0,0.0
09.07.2003 07:00:00.000,1.13173,1.13366,1.13103,1.13291,26837099.6094,1.1317975622541208,0,0,,0,0.0
09.07.2003 08:00:00.000,1.13296,1.13385,1.13154,1.13233,26000800.7813,1.1318385190038038,0,0,,0,0.0
09.07.2003 09:00:00.000,1.13212,1.13459,1.13179,1.13398,26782900.3906,1.1320032483112037,0,0,,0,0.0
09.07.2003 10:00:00.000,1.13441,1.1348,1.13314,1.13357,26883800.7813,1.1321237676718803,0,0,,0,0.0
09.07.2003 11:00:00.000,1.13347,1.13543,1.13257,1.13506,28913800.7813,1.1323496316971202,0,0,,0,0.0
09.07.2003 12:00:00.000,1.1355,1.1365,1.13446,1.13497,28244099.6094,1.1325511984896495,0,1,1.1375,0,0.0
09.07.2003 13:00:00.000,1.13468,1.13589,1.13379,1.13498,26802400.3906,1.132738029375061,0,0,,0,0.0
09.07.2003 14:00:00.000,1.13466,1.13508,1.13289,1.13367,26834900.3906,1.1328097194231335,0,0,,0,0.0
09.07.2003 15:00:00.000,1.13374,1.13421,1.13226,1.13258,26573400.3906,1.1327920486982772,0,0,,0,0.0
09.07.2003 16:00:00.000,1.13231,1.13289,1.1308,1.13099,298048093.75,1.1326534295676405,0,2,1.1298000000000001,0,0.0
09.07.2003 17:00:00.000,1.13192,1.13334,1.13114,1.13257,136629593.75,1.1326470119085912,0,0,,0,0.0
09.07.2003 18:00:00.000,1.13268,1.1339,1.1324,1.13328,146524406.25,1.132695703300238,0,0,,0,0.0
09.07.2003 19:00:00.000,1.13336,1.1343,1.13269,1.13383,105475703.125,1.1327829568925276,0,0,,0,0.0
09.07.2003 20:00:00.000,1.13374,1.13532,1.13354,1.13451,63103898.4375,1.1329158063623332,0,0,,0,0.0
09.07.2003 21:00:00.000,1.13409,1.13522,1.13379,1.13426,29905500.0,1.1330192058729232,0,0,,0,0.0
09.07.2003 22:00:00.000,1.13421,1.13584,1.13419,1.13508,26493199.2188,1.1331777284980828,0,0,,0,0.0
09.07.2003 23:00:00.000,1.13447,1.1351,1.13338,1.13362,27890500.0,1.1332117493828457,0,0,,0,0.0
10.07.2003 00:00:00.000,1.13356,1.13452,1.13293,1.13331,28673000.0,1.1332193071226269,0,0,,0,0.0
10.07.2003 01:00:00.000,1.13309,1.13347,1.13132,1.13265,30526000.0,1.1331755142670403,0,0,,0,0.0
10.07.2003 02:00:00.000,1.13267,1.13524,1.13208,1.13478,29938099.6094,1.1332989362464987,0,0,,0,0.0
10.07.2003 03:00:00.000,1.13458,1.13542,1.13366,1.1338,27657000.0,1.1333374796121527,0,0,,0,0.0
10.07.2003 04:00:00.000,1.13344,1.13411,1.13284,1.13344,27398599.6094,1.1333453657958334,0,0,,0,0.0
10.07.2003 05:00:00.000,1.13313,1.13376,1.13277,1.13355,25120800.7813,1.1333611068884617,0,0,,0,0.0
10.07.2003 06:00:00.000,1.13327,1.13412,1.13306,1.13352,29323800.7813,1.1333733294355033,0,0,,0,0.0
10.07.2003 07:00:00.000,1.13365,1.13631,1.13331,1.13534,26867599.6094,1.1335246117866185,0,0,,0,0.0
10.07.2003 08:00:00.000,1.13529,1.13628,1.1336,1.13558,25780400.3906,1.1336827185722633,0,0,,0,0.0
10.07.2003 09:00:00.000,1.13537,1.13564,1.13186,1.13186,26775300.7813,1.13354250945132,0,0,,0,0.0
10.07.2003 10:00:00.000,1.13185,1.13293,1.13085,1.13269,26196000.0,1.1334769318012186,0,2,1.12985,0,0.0
10.07.2003 11:00:00.000,1.13269,1.1333,1.13189,1.13279,26204800.7813,1.1334240908934325,0,0,,0,0.0
10.07.2003 12:00:00.000,1.13274,1.13528,1.13233,1.13399,28575599.6094,1.1334676223631686,0,0,,0,0.0
10.07.2003 13:00:00.000,1.13397,1.13601,1.13321,1.13448,27820099.6094,1.1335454975660018,0,0,,0,0.0
10.07.2003 14:00:00.000,1.13451,1.13509,1.13203,1.13327,26293500.0,1.1335243054455402,0,0,,0,0.0
10.07.2003 15:00:00.000,1.13339,1.13471,1.13281,1.13403,26167300.7813,1.1335632050266524,0,0,,0,0.0
10.07.2003 16:00:00.000,1.13413,1.13887,1.13372,1.13859,294954000.0,1.1339498815630638,0,0,,0,0.0
10.07.2003 17:00:00.000,1.13835,1.13909,1.13696,1.13861,134319203.125,1.134308352212059,0,0,,0,0.0
10.07.2003 18:00:00.000,1.13837,1.13864,1.13716,1.1381,146508000.0,1.134600017426516,0,0,,0,0.0
10.07.2003 19:00:00.000,1.13822,1.13914,1.13785,1.13881,103940398.4375,1.134923862239861,0,1,1.14014,0,0.0
10.07.2003 20:00:00.000,1.13866,1.13891,1.13795,1.13861,64100300.7813,1.1352074112983332,0,0,,0,0.0
10.07.2003 21:00:00.000,1.13807,1.13887,1.13702,1.13759,27955000.0,1.1353906873523076,0,0,,0,0.0
10.07.2003 22:00:00.000,1.13742,1.13861,1.13691,1.13763,26439699.2188,1.135562942171361,0,0,,0,0.0
10.07.2003 23:00:00.000,1.13732,1.13764,1.13367,1.13593,27602199.2188,1.1355911773889484,0,0,,0,0.0
11.07.2003 00:00:00.000,1.13552,1.13601,1.13485,1.13488,28692699.2188,1.1355364714359524,0,0,,0,0.0
11.07.2003 01:00:00.000,1.13489,1.13521,1.13301,1.13331,30499599.6094,1.1353652044024176,0,0,,0,0.0
11.07.2003 02:00:00.000,1.13308,1.13387,1.13128,1.13171,29064199.2188,1.135084034833001,0,0,,0,0.0
11.07.2003 03:00:00.000,1.13125,1.13247,1.12956,1.13085,27430099.6094,1.134758339845847,0,0,,0,0.0
11.07.2003 04:00:00.000,1.13103,1.13129,1.1303,1.131,27313500.0,1.1344692367807818,0,0,,0,0.0
11.07.2003 05:00:00.000,1.13141,1.13252,1.13086,1.13206,25160000.0,1.134283910874568,0,0,,0,0.0
11.07.2003 06:00:00.000,1.13183,1.13263,1.13117,1.13218,31249099.6094,1.1341220715765243,0,0,,0,0.0
11.07.2003 07:00:00.000,1.13217,1.13318,1.13121,1.13189,27617699.2188,1.1339503737629457,0,0,,0,0.0
11.07.2003 08:00:00.000,1.13213,1.13363,1.13136,1.13311,26983400.3906,1.1338857296273344,0,0,,0,0.0
11.07.2003 09:00:00.000,1.13326,1.13438,1.13226,1.13325,27403000.0,1.1338368273483088,0,0,,0,0.0
11.07.2003 10:00:00.000,1.13325,1.13392,1.13205,1.13236,26164500.0,1.1337232252445928,0,0,,0,0.0
11.07.2003 11:00:00.000,1.13232,1.13313,1.13147,1.13189,28379699.2188,1.1335822079180857,0,0,,0,0.0
11.07.2003 12:00:00.000,1.13184,1.13295,1.12991,1.12994,29726199.2188,1.133302038078233,0,0,,0,0.0
11.07.2003 13:00:00.000,1.12958,1.13134,1.12814,1.12837,25496900.3906,1.1329226505337535,0,0,,0,0.0
11.07.2003 14:00:00.000,1.12882,1.13184,1.12749,1.13011,25694599.6094,1.132706292800388,0,0,,0,0.0
11.07.2003 15:00:00.000,1.13033,1.13124,1.12834,1.1303,24460900.3906,1.1325211933542043,1,0,,0,0.0
11.07.2003 16:00:00.000,1.12985,1.13078,1.12888,1.13028,289395000.0,1.1323487938654195,1,0,,0,0.0
11.07.2003 17:00:00.000,1.12999,1.13192,1.12994,1.13032,137128093.75,1.132192732798849,1,0,,0,0.0
11.07.2003 18:00:00.000,1.13013,1.13097,1.12947,1.13012,146577296.875,1.132033291814322,1,0,,0,0.0
11.07.2003 19:00:00.000,1.13047,1.13152,1.13007,1.13102,106684703.125,1.1319553462901437,1,0,,0,0.0
11.07.2003 20:00:00.000,1.1309,1.13123,1.12933,1.1296,62047398.4375,1.1317741658062865,1,0,,0,0.0
13.07.2003 21:00:00.000,1.12864,1.12916,1.12836,1.12874,27049900.3906,1.1315407684365724,1,0,,0,0.0
13.07.2003 22:00:00.000,1.12894,1.1297,1.12838,1.12848,27775199.2188,1.1313053247106821,1,0,,0,0.0
13.07.2003 23:00:00.000,1.12854,1.1288,1.12747,1.12788,27585800.7813,1.1310418381944758,1,0,,0,0.0
14.07.2003 00:00:00.000,1.12776,1.12782,1.12636,1.12729,28418199.2188,1.1307532352564393,1,0,,0,0.0
14.07.2003 01:00:00.000,1.12727,1.12818,1.12633,1.1266,29791199.2188,1.1304337556213289,1,0,,0,0.0
14.07.2003 02:00:00.000,1.12656,1.128,1.12619,1.1272,28198199.2188,1.130185005188919,1,0,,0,0.0
14.07.2003 03:00:00.000,1.12714,1.12782,1.12684,1.1271,26995800.7813,1.1299476970974638,1,0,,0,0.0
14.07.2003 04:00:00.000,1.12702,1.12754,1.12658,1.12692,28545800.7813,1.1297147973207358,1,0,,0,0.0
14.07.2003 05:00:00.000,1.12683,1.12707,1.12573,1.12651,25654699.2188,1.12946827444991,1,0,,0,0.0
14.07.2003 06:00:00.000,1.12642,1.12812,1.1261,1.12626,29650099.6094,1.1292214841076094,1,0,,0,0.0
14.07.2003 07:00:00.000,1.12641,1.12769,1.12538,1.12682,26706800.7813,1.1290367545608702,1,0,,0,0.0
14.07.2003 08:00:00.000,1.12691,1.12691,1.1241,1.12621,25879099.6094,1.1288193119023417,1,2,1.1231000000000002,0,0.0
14.07.2003 09:00:00.000,1.12631,1.12648,1.12509,1.12581,26718500.0,1.1285878263713924,1,0,,0,0.0
14.07.2003 10:00:00.000,1.12572,1.12702,1.12545,1.1261,27217199.2188,1.1283964551120547,1,0,,0,0.0
14.07.2003 11:00:00.000,1.12648,1.12914,1.12633,1.12792,26687500.0,1.1283598047188197,1,0,,0,0.0
14.07.2003 12:00:00.000,1.12782,1.13056,1.12767,1.12948,28101599.6094,1.1284459735866028,0,0,,0,0.0
14.07.2003 13:00:00.000,1.12915,1.1307,1.1288,1.12985,27891800.7813,1.1285539756184026,0,1,1.1317,0,0.0
14.07.2003 14:00:00.000,1.12963,1.13016,1.12831,1.12904,26277800.7813,1.128591362109295,0,0,,0,0.0
14.07.2003 15:00:00.000,1.12891,1.12912,1.12716,1.12771,27273500.0,1.1285235650239647,0,0,,0,0.0
14.07.2003 16:00:00.000,1.12731,1.12977,1.12728,1.12952,297833593.75,1.1286002138682751,0,0,,0,0.0
14.07.2003 17:00:00.000,1.12939,1.12978,1.12781,1.12832,135452296.875,1.128578658955331,0,0,,0,0.0
14.07.2003 18:00:00.000,1.12846,1.1293,1.12732,1.12829,148300796.875,1.1285564544203057,0,0,,0,0.0
14.07.2003 19:00:00.000,1.12791,1.1287,1.12657,1.12794,104989101.5625,1.128509034849513,0,0,,0,0.0
14.07.2003 20:00:00.000,1.1275,1.12926,1.12719,1.12749,60923300.7813,1.1284306475533967,0,0,,0,0.0
14.07.2003 21:00:00.000,1.12707,1.12858,1.12675,1.1272,28760300.7813,1.1283359823569816,0,0,,0,0.0
14.07.2003 22:00:00.000,1.12715,1.12867,1.12686,1.12786,26587199.2188,1.1282993683295215,0,0,,0,0.0
14.07.2003 23:00:00.000,1.12786,1.12837,1.12685,1.12702,28660500.0,1.128200955381097,0,0,,0,0.0
15.07.2003 00:00:00.000,1.12701,1.128,1.12697,1.12711,28572599.6094,1.1281170357363974,0,0,,0,0.0
15.07.2003 01:00:00.000,1.12722,1.12764,1.12637,1.12731,31325400.3906,1.128054956064367,0,0,,0,0.0
15.07.2003 02:00:00.000,1.12721,1.12721,1.1258,1.12581,29159599.6094,1.1278822671363389,0,0,,0,0.0
15.07.2003 03:00:00.000,1.12571,1.12653,1.12508,1.12552,26423300.7813,1.1277005542796974,0,2,1.1240800000000002,0,0.0
15.07.2003 04:00:00.000,1.12529,1.12612,1.12515,1.12533,28572500.0,1.12751820395049,0,0,,0,0.0
15.07.2003 05:00:00.000,1.1255,1.12654,1.12526,1.12592,25270300.7813,1.1273952651850678,0,0,,0,0.0
15.07.2003 06:00:00.000,1.12594,1.12807,1.12577,1.12792,28112199.2188,1.1274356294016012,0,0,,0,0.0
15.07.2003 07:00:00.000,1.12824,1.12963,1.12743,1.12891,27081400.3906,1.127549042524555,0,0,,0,0.0
15.07.2003 08:00:00.000,1.12913,1.12913,1.12729,1.12812,28145000.0,1.1275929623303584,0,0,,0,0.0
15.07.2003 09:00:00.000,1.12811,1.12868,1.12716,1.12786,25698199.2188,1.1276135036895618,0,0,,0,0.0
15.07.2003 10:00:00.000,1.12801,1.13174,1.12797,1.13125,26293199.2188,1.12789323417498,0,0,,0,0.0
15.07.2003 11:00:00.000,1.13165,1.13358,1.13131,1.13278,26807900.3906,1.1282691392384432,0,1,1.13458,0,0.0
15.07.2003 12:00:00.000,1.13282,1.1335,1.13141,1.13217,27759000.0,1.1285692054508707,0,0,,0,0.0
15.07.2003 13:00:00.000,1.13183,1.13238,1.12936,1.13024,28691300.7813,1.128697728108496,0,0,,0,0.0
15.07.2003 14:00:00.000,1.13029,1.13265,1.12966,1.13201,29221900.3906,1.1289525182539963,0,0,,0,0.0
15.07.2003 15:00:00.000,1.13194,1.13327,1.12372,1.12391,26397000.0,1.128564632234458,0,0,,0,0.0
15.07.2003 16:00:00.000,1.12337,1.12543,1.12245,1.12309,291271312.5,1.1281435066779615,0,0,,0,0.0
15.07.2003 17:00:00.000,1.12224,1.12331,1.11761,1.11862,135672203.125,1.1274109292411951,0,0,,0,0.0
15.07.2003 18:00:00.000,1.11869,1.11925,1.11596,1.11643,147478703.125,1.126566242376488,0,0,,0,0.0
15.07.2003 19:00:00.000,1.11637,1.11954,1.1155,1.11914,103968398.4375,1.125994992962912,0,0,,0,0.0
15.07.2003 20:00:00.000,1.11923,1.11949,1.11778,1.11828,61504500.0,1.1254015319657649,0,0,,0,0.0
15.07.2003 21:00:00.000,1.11775,1.11836,1.11633,1.11704,29343300.7813,1.1247583371991676,0,0,,0,0.0
15.07.2003 22:00:00.000,1.11729,1.11831,1.11681,1.11749,27138900.3906,1.1241992343376934,0,0,,0,0.0
15.07.2003 23:00:00.000,1.11717,1.11829,1.11593,1.11762,27181500.0,1.12369313938864,0,0,,0,0.0
16.07.2003 00:00:00.000,1.11763,1.11793,1.11296,1.11325,29435099.6094,1.1228898209741294,0,0,,0,0.0
16.07.2003 01:00:00.000,1.11297,1.11465,1.11113,1.11465,31004400.3906,1.122255988591504,0,2,1.11013,0,0.0
16.07.2003 02:00:00.000,1.11443,1.11529,1.11369,1.11432,29760699.2188,1.121645527930619,0,0,,0,0.0
16.07.2003 03:00:00.000,1.11445,1.11515,1.11413,1.1147,27415300.7813,1.1211112565513408,0,0,,0,0.0
16.07.2003 04:00:00.000,1.11456,1.11535,1.11417,1.11478,27979400.3906,1.1206242368166224,0,0,,0,0.0
16.07.2003 05:00:00.000,1.11491,1.11597,1.11437,1.1156,26308199.2188,1.1202377570614976,0,0,,0,0.0
16.07.2003 06:00:00.000,1.11552,1.11593,1.11408,1.11477,28983500.0,1.1198171603644593,0,0,,0,0.0
16.07.2003 07:00:00.000,1.11508,1.11669,1.11344,1.11657,27335699.2188,1.1195673787979625,1,0,,0,0.0
16.07.2003 08:00:00.000,1.11648,1.11728,1.11203,1.11274,26208500.0,1.119042195813504,1,0,,0,0.0
16.07.2003 09:00:00.000,1.11253,1.11544,1.11228,1.1144,26900199.2188,1.11868510382785,1,0,,0,0.0
16.07.2003 10:00:00.000,1.11454,1.11657,1.11401,1.11499,25431400.3906,1.1184008650718615,1,0,,0,0.0
16.07.2003 11:00:00.000,1.11507,1.11559,1.11386,1.1143,27268000.0,1.1180854139124876,1,0,,0,0.0
16.07.2003 12:00:00.000,1.11406,1.11475,1.11303,1.11355,28935400.3906,1.1177365359192195,1,0,,0,0.0
16.07.2003 13:00:00.000,1.11327,1.11616,1.11236,1.11491,27433599.6094,1.1175191100792796,1,0,,0,0.0
16.07.2003 14:00:00.000,1.11534,1.11972,1.11509,1.11914,25111400.3906,1.117643793919335,0,0,,0,0.0
16.07.2003 15:00:00.000,1.11961,1.1219,1.11882,1.121,26219400.3906,1.117901963617848,0,0,,0,0.0
16.07.2003 16:00:00.000,1.12104,1.1216,1.1195,1.12059,292508406.25,1.1181087356472443,0,0,,0,0.0
16.07.2003 17:00:00.000,1.12074,1.12305,1.12053,1.12149,135574500.0,1.1183688329051487,0,0,,0,0.0
16.07.2003 18:00:00.000,1.12102,1.12118,1.11802,1.11902,147650703.125,1.1184189226816756,0,0,,0,0.0
16.07.2003 19:00:00.000,1.11911,1.12215,1.11907,1.12101,108141898.4375,1.1186182363215467,0,0,,0,0.0
16.07.2003 20:00:00.000,1.12061,1.12125,1.11988,1.12038,63241199.2188,1.1187537566045047,0,0,,0,0.0
16.07.2003 21:00:00.000,1.12049,1.1216,1.12017,1.12101,28399500.0,1.1189273137887736,0,0,,0,0.0
16.07.2003 22:00:00.000,1.12102,1.12219,1.12082,1.12185,26354599.6094,1.119152135805022,0,0,,0,0.0
16.07.2003 23:00:00.000,1.12184,1.12273,1.12166,1.12269,28912500.0,1.1194242792046358,0,0,,0,0.0
17.07.2003 00:00:00.000,1.12243,1.12319,1.12156,1.12159,27842400.3906,1.1195908731119715,0,0,,0,0.0
17.07.2003 01:00:00.000,1.12128,1.12268,1.12084,1.12122,30810699.2188,1.1197161905648967,0,0,,0,0.0
17.07.2003 02:00:00.000,1.12098,1.12166,1.12007,1.12105,29127099.6094,1.1198187912906739,0,0,,0,0.0
17.07.2003 03:00:00.000,1.12094,1.12171,1.12056,1.12148,27042199.2188,1.1199465765760068,0,0,,0,0.0
17.07.2003 04:00:00.000,1.12156,1.12242,1.12116,1.12171,27877699.2188,1.1200822245316986,0,0,,0,0.0
17.07.2003 05:00:00.000,1.12195,1.12231,1.12115,1.12163,25100699.2188,1.1202012841831066,0,0,,0,0.0
17.07.2003 06:00:00.000,1.12156,1.12284,1.12153,1.12207,30201599.6094,1.120345031553637,2,0,,0,0.0
17.07.2003 07:00:00.000,1.12208,1.12285,1.12114,1.12197,26023400.3906,1.1204700291264342,2,0,,0,0.0
17.07.2003 08:00:00.000,1.12203,1.12362,1.12032,1.12323,25567699.2188,1.120682334578247,2,0,,0,0.0
17.07.2003 09:00:00.000,1.12295,1.12406,1.12199,1.12274,26238699.2188,1.1208406165337665,2,0,,0,0.0
17.07.2003 10:00:00.000,1.12249,1.12364,1.12225,1.12269,27401900.3906,1.1209828768004,2,0,,0,0.0
17.07.2003 11:00:00.000,1.12275,1.1238,1.12181,1.12321,26648800.7813,1.1211541939696001,2,0,,0,0.0
17.07.2003 12:00:00.000,1.12323,1.12477,1.12261,1.1238,27806500.0,1.1213577175104001,2,1,1.12577,0,0.0
17.07.2003 13:00:00.000,1.12382,1.12443,1.11744,1.11782,27035400.3906,1.1210855853942157,0,0,,0,0.0
17.07.2003 14:00:00.000,1.11747,1.11917,1.11581,1.11602,26768900.3906,1.120695924979276,0,0,,0,0.0
17.07.2003 15:00:00.000,1.1162,1.11933,1.11556,1.11811,26479699.2188,1.120497007673178,0,2,1.1145600000000002,0,0.0
17.07.2003 16:00:00.000,1.11762,1.11874,1.11562,1.1162,292644406.25,1.120166468621395,0,0,,0,0.0
17.07.2003 17:00:00.000,1.11602,1.12101,1.11568,1.12047,134317093.75,1.1201898171889801,0,0,,0,0.0
17.07.2003 18:00:00.000,1.12075,1.12206,1.11945,1.12024,149969093.75,1.1201936774052126,0,0,,0,0.0
17.07.2003 19:00:00.000,1.12023,1.1212,1.11883,1.12116,107442101.5625,1.120268009912504,0,0,,0,0.0
17.07.2003 20:00:00.000,1.12114,1.12237,1.11988,1.12049,60492101.5625,1.1202850860730806,0,0,,0,0.0
17.07.2003 21:00:00.000,1.11975,1.12114,1.11951,1.12,28488300.7813,1.1202631563751515,0,0,,0,0.0
17.07.2003 22:00:00.000,1.12027,1.12149,1.12004,1.12139,26999699.2188,1.1203498366539861,0,0,,0,0.0
17.07.2003 23:00:00.000,1.12149,1.12447,1.12066,1.12323,28161099.6094,1.1205713876806027,0,0,,0,0.0
18.07.2003 00:00:00.000,1.12336,1.12643,1.12318,1.12357,29297099.6094,1.1208020501667104,0,1,1.12743,0,0.0
18.07.2003 01:00:00.000,1.12356,1.12401,1.12189,1.12259,31651800.7813,1.1209395847692711,0,0,,0,0.0
18.07.2003 02:00:00.000,1.12237,1.1231,1.12157,1.12303,29358699.2188,1.1211003859408657,0,0,,0,0.0
18.07.2003 03:00:00.000,1.12326,1.12414,1.12269,1.12357,26670900.3906,1.121290356253107,0,0,,0,0.0
18.07.2003 04:00:00.000,1.12356,1.1243,1.12287,1.12342,26282099.6094,1.1214541750028681,0,0,,0,0.0
18.07.2003 05:00:00.000,1.12332,1.12361,1.12221,1.12259,25487800.7813,1.1215415461564937,0,0,,0,0.0
18.07.2003 06:00:00.000,1.12272,1.12353,1.12208,1.12249,29102199.2188,1.1216145041444556,0,0,,0,0.0
18.07.2003 07:00:00.000,1.1229,1.124,1.122,1.12284,27224000.0,1.1217087730564206,0,0,,0,0.0
18.07.2003 08:00:00.000,1.12294,1.12431,1.12205,1.1222,26116000.0,1.1217465597443883,0,0,,0,0.0
18.07.2003 09:00:00.000,1.12216,1.12263,1.1193,1.12068,26902900.3906,1.1216645166871277,0,0,,0,0.0
18.07.2003 10:00:00.000,1.12093,1.12162,1.11973,1.1203,26999199.2188,1.1215595538650411,0,0,,0,0.0
18.07.2003 11:00:00.000,1.12031,1.12132,1.1188,1.11929,29266300.7813,1.1213849727984995,0,0,,0,0.0
18.07.2003 12:00:00.000,1.11879,1.12041,1.11785,1.11882,29539000.0,1.121187667198615,0,0,,0,0.0
18.07.2003 13:00:00.000,1.1186,1.12097,1.11856,1.11947,26568300.7813,1.1210555389525676,0,0,,0,0.0
18.07.2003 14:00:00.000,1.11964,1.1209,1.11784,1.11912,27620300.7813,1.1209066513408317,0,0,,0,0.0
18.07.2003 15:00:00.000,1.11915,1.12182,1.11701,1.12084,25678599.6094,1.1209015243146139,0,2,1.1160100000000002,0,0.0
18.07.2003 16:00:00.000,1.121,1.12367,1.12072,1.12345,296805687.5,1.1210975609057976,0,0,,0,0.0
18.07.2003 17:00:00.000,1.12391,1.13022,1.12294,1.12856,136906906.25,1.1216715946822748,0,1,1.13122,0,0.0
18.07.2003 18:00:00.000,1.12817,1.12961,1.12744,1.12921,148015593.75,1.1222514720144074,0,0,,0,0.0
18.07.2003 19:00:00.000,1.12907,1.12951,1.12737,1.12867,106832703.125,1.1227452049363762,0,0,,0,0.0
18.07.2003 20:00:00.000,1.12891,1.12923,1.12716,1.12716,62029500.0,1.123084804556655,0,0,,0,0.0
20.07.2003 21:00:00.000,1.12615,1.12673,1.12585,1.12603,28872199.2188,1.1233113580522969,0,0,,0,0.0
20.07.2003 22:00:00.000,1.12604,1.12615,1.12441,1.12469,27174500.0,1.1234174074328895,0,0,,0,0.0
20.07.2003 23:00:00.000,1.12457,1.12571,1.12434,1.12452,28290000.0,1.1235022222457443,0,0,,0,0.0
21.07.2003 00:00:00.000,1.12439,1.12667,1.12401,1.12605,30225800.7813,1.1236982051499178,0,0,,0,0.0
21.07.2003 01:00:00.000,1.1259,1.12724,1.12563,1.12699,30642099.6094,1.1239514201383858,0,0,,0,0.0
21.07.2003 02:00:00.000,1.1268,1.12915,1.12669,1.12838,28190000.0,1.1242920801277407,0,0,,0,0.0
21.07.2003 03:00:00.000,1.12837,1.12893,1.12739,1.12865,29180000.0,1.1246273047332993,0,0,,0,0.0
21.07.2003 04:00:00.000,1.12876,1.12934,1.12824,1.12859,28152099.6094,1.1249321274461226,0,0,,0,0.0
21.07.2003 05:00:00.000,1.12824,1.12887,1.1276,1.12825,25770900.3906,1.1251873484118056,0,0,,0,0.0
21.07.2003 06:00:00.000,1.12824,1.12864,1.12682,1.12736,28741199.2188,1.1253544754570513,0,0,,0,0.0
21.07.2003 07:00:00.000,1.1274,1.12828,1.12642,1.12719,26039300.7813,1.1254956696526628,0,0,,0,0.0
21.07.2003 08:00:00.000,1.12688,1.12729,1.12537,1.12608,26759900.3906,1.1255406181409195,2,0,,0,0.0
21.07.2003 09:00:00.000,1.12596,1.12868,1.12583,1.12822,28436400.3906,1.125746724437772,2,0,,0,0.0
21.07.2003 10:00:00.000,1.12839,1.12987,1.12751,1.12966,26821000.0,1.1260477456348665,2,0,,0,0.0
21.07.2003 11:00:00.000,1.12954,1.12966,1.12778,1.12909,27453500.0,1.1262817652014152,2,0,,0,0.0
21.07.2003 12:00:00.000,1.129,1.12984,1.12692,1.12709,28835900.3906,1.1263439371089987,2,0,,0,0.0
21.07.2003 13:00:00.000,1.12674,1.12859,1.12664,1.12705,26630099.6094,1.1263982496390759,2,0,,0,0.0
21.07.2003 14:00:00.000,1.12708,1.13092,1.12631,1.12986,26967300.7813,1.1266645381283777,2,0,,0,0.0
21.07.2003 15:00:00.000,1.12978,1.13309,1.12966,1.13205,27388699.2188,1.127078804426195,2,0,,0,0.0
21.07.2003 16:00:00.000,1.132,1.13429,1.13052,1.13363,298002906.25,1.1275827425472569,2,0,,0,0.0
21.07.2003 17:00:00.000,1.13391,1.13485,1.1323,1.13347,133976500.0,1.1280356085051604,2,0,,0,0.0
21.07.2003 18:00:00.000,1.13349,1.13359,1.1319,1.13272,144331203.125,1.1283959463124558,2,0,,0,0.0
21.07.2003 19:00:00.000,1.13267,1.13464,1.13265,1.1345,102357898.4375,1.1288654889038054,2,0,,0,0.0
21.07.2003 20:00:00.000,1.13463,1.13526,1.13387,1.13465,62819199.2188,1.1293104512958205,2,0,,0,0.0
21.07.2003 21:00:00.000,1.13391,1.1356,1.13391,1.13503,29678099.6094,1.1297504165807575,2,1,1.1365999999999998,0,0.0
21.07.2003 22:00:00.000,1.13477,1.13513,1.1333,1.13459,26374300.7813,1.1301226922283916,2,0,,0,0.0
21.07.2003 23:00:00.000,1.13426,1.13471,1.13269,1.13349,30228000.0,1.1303817159031309,2,0,,0,0.0
22.07.2003 00:00:00.000,1.13309,1.13454,1.13277,1.13382,28465300.7813,1.1306461992951977,2,0,,0,0.0
22.07.2003 01:00:00.000,1.13365,1.13375,1.13245,1.13313,31221099.6094,1.130837260887875,2,0,,0,0.0
22.07.2003 02:00:00.000,1.13258,1.13317,1.13071,1.13127,30698300.7813,1.1308705485118846,2,0,,0,0.0
22.07.2003 03:00:00.000,1.13076,1.1319,1.13044,1.13134,28082699.2188,1.1309066601648166,0,2,1.12944,0,0.0
22.07.2003 04:00:00.000,1.13128,1.13256,1.13106,1.13201,28207099.6094,1.1309915324598308,0,0,,0,0.0
22.07.2003 05:00:00.000,1.1321,1.13313,1.13189,1.13268,25095500.0,1.1311214145783055,0,0,,0,0.0
22.07.2003 06:00:00.000,1.13249,1.13362,1.13197,1.13308,27633500.0,1.1312720749953589,0,0,,0,0.0
22.07.2003 07:00:00.000,1.13291,1.13298,1.13116,1.1323,26811300.7813,1.131351146149562,0,0,,0,0.0
22.07.2003 08:00:00.000,1.13254,1.13507,1.13227,1.13471,25692300.7813,1.1316095195226727,0,0,,0,0.0
22.07.2003 09:00:00.000,1.13533,1.13713,1.13503,1.13656,27555900.3906,1.1319903257132364,0,1,1.1381299999999999,0,0.0
22.07.2003 10:00:00.000,1.13622,1.13663,1.13526,1.13599,27092900.3906,1.1322979929660644,0,0,,0,0.0
22.07.2003 11:00:00.000,1.13598,1.13713,1.13545,1.13625,26592800.7813,1.1326019935071365,0,1,1.1381299999999999,0,0.0
22.07.2003 12:00:00.000,1.13582,1.1364,1.13448,1.13474,27589500.0,1.1327664555450492,0,0,,0,0.0
22.07.2003 13:00:00.000,1.13458,1.13567,1.13344,1.13504,26780000.0,1.1329413435800455,0,0,,0,0.0
22.07.2003 15:00:00.000,1.1346,1.13647,1.13415,1.13485,26350800.7813,1.1330881633046574,0,0,,0,0.0
22.07.2003 16:00:00.000,1.13499,1.13523,1.13171,1.13239,293984187.5,1.1330344584350684,0,0,,0,0.0
22.07.2003 17:00:00.000,1.13217,1.13404,1.13125,1.13302,138118703.125,1.1330333462477555,0,0,,0,0.0
22.07.2003 18:00:00.000,1.13309,1.13317,1.13132,1.13208,149291093.75,1.1329600119210053,0,0,,0,0.0
22.07.2003 19:00:00.000,1.13197,1.13314,1.13145,1.13288,109364296.875,1.132953857157851,0,0,,0,0.0
22.07.2003 20:00:00.000,1.13263,1.13441,1.13241,1.13285,63390199.2188,1.1329458681457087,0,0,,0,0.0
22.07.2003 21:00:00.000,1.13197,1.13325,1.13167,1.13209,29422900.3906,1.1328800321345005,0,0,,0,0.0
22.07.2003 22:00:00.000,1.13206,1.13322,1.13194,1.13258,26360800.7813,1.132856952739539,0,0,,0,0.0
22.07.2003 23:00:00.000,1.13257,1.13323,1.1318,1.1325,29944000.0,1.1328294948364976,0,0,,0,0.0
23.07.2003 00:00:00.000,1.13224,1.13274,1.13119,1.13183,27938400.3906,1.1327526106183057,0,2,1.13019,0,0.0
23.07.2003 01:00:00.000,1.13191,1.13368,1.13189,1.13321,29217800.7813,1.1327877944168976,0,0,,0,0.0
23.07.2003 02:00:00.000,1.13327,1.13461,1.13297,1.13417,30485500.0,1.13289411792329,0,0,,0,0.0
23.07.2003 03:00:00.000,1.13429,1.13538,1.13356,1.13469,27338800.7813,1.1330322626984217,0,0,,0,0.0
23.07.2003 04:00:00.000,1.13479,1.13566,1.13466,1.13516,28621400.3906,1.1331959347985432,0,0,,0,0.0
23.07.2003 05:00:00.000,1.13511,1.13653,1.13479,1.13631,26870599.6094,1.1334354782755784,0,0,,0,0.0
23.07.2003 06:00:00.000,1.13626,1.13628,1.13502,1.13548,28053400.3906,1.1335927491774571,0,0,,0,0.0
23.07.2003 07:00:00.000,1.13545,1.137,1.13494,1.13679,28151199.2188,1.133838691548422,0,0,,0,0.0
23.07.2003 08:00:00.000,1.13683,1.13874,1.1355,1.13849,27100000.0,1.1341964845062358,0,0,,0,0.0
23.07.2003 09:00:00.000,1.13852,1.13879,1.13699,1.13763,27308699.2188,1.1344606010826792,0,0,,0,0.0
23.07.2003 10:00:00.000,1.13776,1.13853,1.1374,1.13841,27777400.3906,1.1347644009993962,0,0,,0,0.0
23.07.2003 11:00:00.000,1.13873,1.14084,1.13814,1.13975,26758800.7813,1.1351479086148273,0,0,,0,0.0
23.07.2003 12:00:00.000,1.13972,1.14143,1.13911,1.14111,28700900.3906,1.1356065310290713,0,0,,0,0.0
23.07.2003 13:00:00.000,1.14096,1.14139,1.13943,1.14017,27578199.2188,1.135957567103758,0,0,,0,0.0
23.07.2003 14:00:00.000,1.14038,1.14199,1.13979,1.14141,26393699.2188,1.1363769850188536,0,0,,0,0.0
23.07.2003 15:00:00.000,1.14165,1.14456,1.1416,1.1439,27347000.0,1.1369556784789419,0,0,,0,0.0
23.07.2003 16:00:00.000,1.14409,1.14882,1.14387,1.14796,295517906.25,1.1378021647497927,0,0,,0,0.0
23.07.2003 17:00:00.000,1.14817,1.14882,1.14709,1.14757,132410906.25,1.1385535366921165,2,0,,0,0.0
23.07.2003 18:00:00.000,1.14735,1.14782,1.14664,1.14671,146544593.75,1.139180956946569,2,0,,0,0.0
23.07.2003 19:00:00.000,1.14656,1.14746,1.14593,1.14633,105672500.0,1.1397308833352946,2,0,,0,0.0
23.07.2003 20:00:00.000,1.1462,1.14769,1.14597,1.14724,60839800.7813,1.1403085076941182,2,0,,0,0.0
23.07.2003 21:00:00.000,1.14765,1.14871,1.14725,1.148,29478500.0,1.1409001609484166,2,0,,0,0.0
23.07.2003 22:00:00.000,1.14846,1.1491,1.14782,1.14795,26245500.0,1.141442456260077,2,0,,0,0.0
23.07.2003 23:00:00.000,1.14782,1.14861,1.1471,1.1483,29240599.6094,1.1419699596246866,2,0,,0,0.0
24.07.2003 00:00:00.000,1.14842,1.14915,1.1476,1.14799,28835500.0,1.142433039653557,2,0,,0,0.0
24.07.2003 01:00:00.000,1.14819,1.14826,1.14678,1.14718,31508400.3906,1.1427981904494373,2,0,,0,0.0
24.07.2003 02:00:00.000,1.14688,1.14765,1.14644,1.14704,28550599.6094,1.1431244834917882,2,0,,0,0.0
24.07.2003 03:00:00.000,1.14679,1.14791,1.14663,1.1472,29211500.0,1.1434379847616507,2,0,,0,0.0
24.07.2003 04:00:00.000,1.14735,1.14837,1.14721,1.14776,28407000.0,1.143770447472293,2,0,,0,0.0
24.07.2003 05:00:00.000,1.14747,1.14841,1.14733,1.14788,26339500.0,1.144086566897501,2,0,,0,0.0
24.07.2003 06:00:00.000,1.14777,1.14802,1.14687,1.1478,29107699.2188,1.1443722155976934,2,0,,0,0.0
24.07.2003 07:00:00.000,1.14779,1.14928,1.14739,1.14906,25369400.3906,1.1447328143978708,2,0,,0,0.0
24.07.2003 08:00:00.000,1.14899,1.15091,1.14881,1.15034,24875099.6094,1.1451641363672653,2,1,1.15191,0,0.0
24.07.2003 09:00:00.000,1.15049,1.15076,1.14796,1.14824,28381199.2188,1.1454007412620912,2,0,,0,0.0
24.07.2003 10:00:00.000,1.14791,1.14851,1.14675,1.14811,26147599.6094,1.145609145780392,2,0,,0,0.0
24.07.2003 11:00:00.000,1.14847,1.14965,1.14778,1.14941,26418800.7813,1.1459015191819004,2,0,,0,0.0
24.07.2003 12:00:00.000,1.14949,1.15024,1.1468,1.147,28603800.7813,1.1459860177063699,2,0,,0,0.0
24.07.2003 13:00:00.000,1.14668,1.14726,1.14341,1.14404,26700800.7813,1.1458363240366491,0,0,,0,0.0
24.07.2003 14:00:00.000,1.14415,1.14572,1.1422,1.14528,27180300.7813,1.1457935298799837,0,2,1.1412000000000002,0,0.0
24.07.2003 15:00:00.000,1.1454,1.1484,1.14448,1.14824,26553699.2188,1.145981719889216,0,0,,0,0.0
24.07.2003 16:00:00.000,1.14792,1.14843,1.14334,1.14385,299099406.25,1.1458177414361994,0,0,,0,0.0
24.07.2003 17:00:00.000,1.14348,1.14527,1.14252,1.14494,132378093.75,1.1457502228641843,0,0,,0,0.0
24.07.2003 18:00:00.000,1.14535,1.14653,1.14437,1.14533,140080796.875,1.145717898028478,0,0,,0,0.0
24.07.2003 19:00:00.000,1.1454,1.14695,1.14431,1.14626,107239000.0,1.1457595981801334,0,0,,0,0.0
24.07.2003 20:00:00.000,1.14629,1.14722,1.146,1.14665,63035000.0,1.1458280906278155,0,0,,0,0.0
24.07.2003 21:00:00.000,1.14679,1.14762,1.14656,1.1473,30244000.0,1.145941314425676,0,0,,0,0.0
24.07.2003 22:00:00.000,1.14715,1.14773,1.14659,1.14699,27330900.3906,1.146021982546778,0,0,,0,0.0
24.07.2003 23:00:00.000,1.14687,1.14742,1.14613,1.14695,29841400.3906,1.146093368504718,0,0,,0,0.0
25.07.2003 00:00:00.000,1.14668,1.14703,1.14577,1.1459,29354199.2188,1.1460784940043554,0,0,,0,0.0
25.07.2003 01:00:00.000,1.14594,1.14636,1.14533,1.14551,29636900.3906,1.1460347636963282,0,0,,0,0.0
25.07.2003 02:00:00.000,1.14549,1.14662,1.14535,1.14619,30233800.7813,1.1460467049504568,0,0,,0,0.0
25.07.2003 03:00:00.000,1.14612,1.14702,1.14588,1.14634,26903800.7813,1.146069266108114,0,0,,0,0.0
25.07.2003 04:00:00.000,1.14639,1.14722,1.14582,1.14616,28993400.3906,1.1460762456382592,0,0,,0,0.0
25.07.2003 05:00:00.000,1.14619,1.14702,1.14597,1.14661,25041400.3906,1.1461173036660854,0,0,,0,0.0
25.07.2003 06:00:00.000,1.14659,1.14673,1.1453,1.1459,29747900.3906,1.1461005879994635,0,0,,0,0.0
25.07.2003 07:00:00.000,1.14563,1.14617,1.14437,1.1459,26789900.3906,1.1460851581533509,0,0,,0,0.0
25.07.2003 08:00:00.000,1.14625,1.15022,1.14589,1.14901,26505500.0,1.1463101459877085,0,0,,0,0.0
25.07.2003 09:00:00.000,1.14893,1.1493,1.14782,1.14802,27128300.7813,1.1464416732194234,0,0,,0,0.0
25.07.2003 10:00:00.000,1.14834,1.15026,1.14803,1.14943,26407000.0,1.146671544510237,0,0,,0,0.0
25.07.2003 11:00:00.000,1.14957,1.14969,1.14782,1.14782,25855800.7813,1.146759887240219,0,0,,0,0.0
25.07.2003 12:00:00.000,1.14774,1.14837,1.14647,1.14813,29744300.7813,1.1468652805294328,0,0,,0,0.0
25.07.2003 13:00:00.000,1.14815,1.14934,1.14425,1.14858,25754699.2188,1.1469971820271687,0,2,1.14325,0,0.0
25.07.2003 14:00:00.000,1.14878,1.15079,1.14818,1.14851,25975599.6094,1.1471135526404637,0,0,,0,0.0
25.07.2003 15:00:00.000,1.14898,1.15477,1.14821,1.15368,26812500.0,1.1476186639758128,0,1,1.15577,0,0.0
25.07.2003 16:00:00.000,1.1536,1.15412,1.14953,1.1511,296538312.5,1.1478864590545965,0,0,,0,0.0
25.07.2003 17:00:00.000,1.1507,1.15184,1.14992,1.15087,134439906.25,1.1481159622042432,0,0,,0,0.0
25.07.2003 18:00:00.000,1.15061,1.1516,1.15036,1.151,149459593.75,1.1483378112654552,0,0,,0,0.0
25.07.2003 19:00:00.000,1.15105,1.15225,1.15031,1.15062,106932398.4375,1.1485133642450356,0,0,,0,0.0
25.07.2003 20:00:00.000,1.15057,1.15174,1.15042,1.15049,62601800.7813,1.1486654131492635,0,0,,0,0.0
27.07.2003 21:00:00.000,1.15014,1.15124,1.14716,1.14716,29892300.7813,1.1485496121377816,0,0,,0,0.0
27.07.2003 22:00:00.000,1.14721,1.15009,1.14718,1.14915,27021800.7813,1.1485957958194906,0,0,,0,0.0
27.07.2003 23:00:00.000,1.14933,1.15021,1.14924,1.14959,30013800.7813,1.1486722730641452,0,0,,0,0.0
28.07.2003 00:00:00.000,1.14939,1.15009,1.14836,1.14868,28477699.2188,1.1486728674438265,0,0,,0,0.0
28.07.2003 01:00:00.000,1.14856,1.14937,1.14784,1.14822,31360000.0,1.1486380314866091,0,0,,0,0.0
28.07.2003 02:00:00.000,1.14788,1.14851,1.14624,1.14733,28755699.2188,1.148537413679947,0,0,,0,0.0
28.07.2003 03:00:00.000,1.14729,1.14755,1.14628,1.14708,27620599.6094,1.148425304935336,0,0,,0,0.0
28.07.2003 04:00:00.000,1.14749,1.14783,1.14678,1.14724,27293900.3906,1.148334127632618,0,0,,0,0.0
28.07.2003 05:00:00.000,1.14736,1.14791,1.14678,1.14749,25335800.7813,1.1482691947378012,0,0,,0,0.0
28.07.2003 06:00:00.000,1.14727,1.14777,1.14541,1.14663,29057900.3906,1.1481431028348936,0,0,,0,0.0
28.07.2003 07:00:00.000,1.14662,1.14852,1.14586,1.14816,28329300.7813,1.1481444026168248,0,0,,0,0.0
28.07.2003 08:00:00.000,1.14838,1.15159,1.14707,1.1511,26213800.7813,1.1483717562616844,0,0,,0,0.0
28.07.2003 09:00:00.000,1.15136,1.15172,1.14694,1.14707,25982199.2188,1.1482716211646318,0,1,1.15272,0,0.0
28.07.2003 10:00:00.000,1.14716,1.1484,1.1458,1.14603,26972000.0,1.1480991887673526,0,0,,0,0.0
28.07.2003 11:00:00.000,1.14608,1.14693,1.14511,1.1466,26583099.6094,1.1479838665544795,0,2,1.1441100000000002,0,0.0
28.07.2003 12:00:00.000,1.14649,1.14986,1.14634,1.14818,28215900.3906,1.1479989537425965,0,0,,0,0.0
28.07.2003 13:00:00.000,1.1482,1.14976,1.14703,1.1485,26484000.0,1.1480374957623969,0,0,,0,0.0
28.07.2003 14:00:00.000,1.14855,1.14993,1.14798,1.14857,28103800.7813,1.148078457626828,0,0,,0,0.0
28.07.2003 15:00:00.000,1.14855,1.14958,1.14717,1.14917,26457800.7813,1.1481624224247644,0,0,,0,0.0
28.07.2003 16:00:00.000,1.14957,1.15137,1.14897,1.15033,293782906.25,1.1483291591613212,0,0,,0,0.0
28.07.2003 17:00:00.000,1.15023,1.15101,1.14948,1.14985,133176593.75,1.1484461469181426,0,0,,0,0.0
28.07.2003 18:00:00.000,1.14987,1.15073,1.14945,1.14994,148416000.0,1.14856105869367,0,0,,0,0.0
28.07.2003 19:00:00.000,1.15001,1.15024,1.14835,1.1489,108613500.0,1.1485871311018494,0,0,,0,0.0
28.07.2003 20:00:00.000,1.14995,1.15023,1.14842,1.14879,64185398.4375,1.148602736401707,0,0,,0,0.0
28.07.2003 21:00:00.000,1.14877,1.14982,1.14853,1.149,29884699.2188,1.1486332951400375,0,0,,0,0.0
28.07.2003 22:00:00.000,1.14891,1.14981,1.14808,1.14836,26383699.2188,1.1486122724369578,0,0,,0,0.0
28.07.2003 23:00:00.000,1.14866,1.14972,1.14842,1.14842,28160400.3906,1.1485974822494998,0,0,,0,0.0
29.07.2003 00:00:00.000,1.14852,1.14968,1.14842,1.14865,29341400.3906,1.1486015220764614,0,0,,0,0.0
29.07.2003 01:00:00.000,1.14858,1.14903,1.1481,1.14836,31100099.6094,1.1485829434551953,0,0,,0,0.0
29.07.2003 02:00:00.000,1.14843,1.15001,1.14772,1.14955,28527900.3906,1.1486573324201803,0,0,,0,0.0
29.07.2003 03:00:00.000,1.14944,1.15058,1.14878,1.15009,27823500.0,1.1487675376186282,0,0,,0,0.0
29.07.2003 04:00:00.000,1.15035,1.15057,1.14958,1.15027,30298699.2188,1.1488831116479643,0,0,,0,0.0
29.07.2003 05:00:00.000,1.1503,1.15083,1.14971,1.15013,27711699.2188,1.1489790261365824,0,0,,0,0.0
29.07.2003 06:00:00.000,1.14997,1.15126,1.14941,1.15095,27668900.3906,1.1491306395106915,0,0,,0,0.0
29.07.2003 07:00:00.000,1.15101,1.15314,1.14984,1.15185,26078500.0,1.1493398210867922,0,0,,0,0.0
29.07.2003 08:00:00.000,1.1519,1.15241,1.15049,1.15102,26211400.3906,1.1494690656185775,0,0,,0,0.0
29.07.2003 09:00:00.000,1.15094,1.15131,1.14957,1.15078,26991000.0,1.1495699067248408,0,0,,0,0.0
29.07.2003 10:00:00.000,1.15091,1.15103,1.14743,1.14915,26970000.0,1.1495376062075455,0,0,,0,0.0
29.07.2003 11:00:00.000,1.14909,1.1495,1.14711,1.14762,28363699.2188,1.1493900980377343,0,0,,0,0.0
29.07.2003 12:00:00.000,1.14735,1.14783,1.14594,1.1472,28803099.6094,1.1492216289579087,0,0,,0,0.0
29.07.2003 13:00:00.000,1.14667,1.14755,1.14502,1.14711,26021599.6094,1.1490591959611465,0,0,,0,0.0
29.07.2003 14:00:00.000,1.1475,1.14916,1.14682,1.14811,25616000.0,1.1489861808872122,0,0,,0,0.0
29.07.2003 15:00:00.000,1.14855,1.15365,1.14815,1.15032,26789199.2188,1.1490887823574267,0,1,1.15465,0,0.0
29.07.2003 16:00:00.000,1.14982,1.1504,1.14603,1.14656,293583500.0,1.1488942606376247,0,0,,0,0.0
29.07.2003 17:00:00.000,1.14632,1.14852,1.14577,1.14775,137204906.25,1.1488062405885768,0,0,,0,0.0
29.07.2003 18:00:00.000,1.14809,1.14867,1.14645,1.14717,147597796.875,1.1486803759279172,0,0,,0,0.0
29.07.2003 19:00:00.000,1.14713,1.14753,1.1453,1.14606,104924601.5625,1.1484788085488467,0,0,,0,0.0
29.07.2003 20:00:00.000,1.14596,1.14646,1.14527,1.14559,63377199.2188,1.1482565925066277,0,0,,0,0.0
29.07.2003 21:00:00.000,1.14502,1.146,1.14325,1.14384,29139900.3906,1.1479168546215026,0,0,,0,0.0
29.07.2003 22:00:00.000,1.14374,1.14452,1.14268,1.14366,26771199.2188,1.1475894042660024,0,0,,0,0.0
29.07.2003 23:00:00.000,1.14364,1.14465,1.14335,1.14413,26627599.6094,1.1473232962455406,0,0,,0,0.0
30.07.2003 00:00:00.000,1.1441,1.14509,1.14376,1.14411,29310099.6094,1.1470761196112684,0,0,,0,0.0
30.07.2003 01:00:00.000,1.14428,1.14482,1.14368,1.14443,29812599.6094,1.146872571948863,0,0,,0,0.0
30.07.2003 02:00:00.000,1.1442,1.14506,1.14368,1.14449,29718699.2188,1.146689297183566,0,0,,0,0.0
30.07.2003 03:00:00.000,1.14436,1.14484,1.14366,1.14384,26782099.6094,1.146470120477138,0,0,,0,0.0
30.07.2003 04:00:00.000,1.14435,1.145,1.14365,1.14395,29656300.7813,1.1462762650558196,0,0,,0,0.0
30.07.2003 05:00:00.000,1.14373,1.14423,1.14298,1.14333,23662099.6094,1.146049629282295,0,0,,0,0.0
30.07.2003 06:00:00.000,1.14332,1.1443,1.14234,1.14313,28307599.6094,1.145825042414426,0,0,,0,0.0
30.07.2003 07:00:00.000,1.14348,1.1443,1.14239,1.14271,26211099.6094,1.1455854237671625,0,0,,0,0.0
30.07.2003 08:00:00.000,1.14272,1.1442,1.14251,1.14393,25979800.7813,1.1454580834773809,1,0,,0,0.0
30.07.2003 09:00:00.000,1.14386,1.14468,1.14351,1.14352,26232099.6094,1.145309000132967,1,0,,0,0.0
30.07.2003 10:00:00.000,1.14355,1.14379,1.14278,1.14337,26450699.2188,1.1451598462765853,1,0,,0,0.0
30.07.2003 11:00:00.000,1.14353,1.14366,1.14071,1.14172,27147900.3906,1.144895242716848,1,0,,0,0.0
30.07.2003 12:00:00.000,1.14196,1.14246,1.13964,1.14062,28206300.7813,1.144566377892475,1,0,,0,0.0
30.07.2003 13:00:00.000,1.14029,1.14157,1.13803,1.13908,26907500.0,1.1441443488238232,1,0,,0,0.0
30.07.2003 14:00:00.000,1.13937,1.14075,1.13829,1.13851,27853800.7813,1.143710937375837,1,0,,0,0.0
30.07.2003 15:00:00.000,1.13863,1.13863,1.135,1.13609,27376099.6094,1.1431247114238496,1,0,,0,0.0
30.07.2003 16:00:00.000,1.13622,1.13703,1.13541,1.13649,291840406.25,1.1426143490066305,1,0,,0,0.0
30.07.2003 17:00:00.000,1.1365,1.1377,1.13551,1.13719,131559000.0,1.142197091390736,1,0,,0,0.0
30.07.2003 18:00:00.000,1.13724,1.13775,1.13551,1.13623,148531593.75,1.1417380843606793,1,0,,0,0.0
30.07.2003 19:00:00.000,1.13623,1.13725,1.13532,1.13586,105431101.5625,1.1412859240252424,1,0,,0,0.0
30.07.2003 20:00:00.000,1.13556,1.13615,1.13338,1.13396,64003800.7813,1.140722391407916,1,0,,0,0.0
30.07.2003 21:00:00.000,1.13367,1.13454,1.13341,1.13387,29478199.2188,1.140195284376538,1,0,,0,0.0
30.07.2003 22:00:00.000,1.13403,1.13709,1.13393,1.13525,27036099.6094,1.139814877886035,1,0,,0,0.0
30.07.2003 23:00:00.000,1.1351,1.13579,1.13413,1.13476,29949599.6094,1.139426041125571,1,0,,0,0.0
31.07.2003 00:00:00.000,1.13501,1.13554,1.1337,1.13421,28560699.2188,1.1390248071928348,1,0,,0,0.0
31.07.2003 01:00:00.000,1.13409,1.13588,1.13396,1.13533,30329099.6094,1.1387405912549244,1,0,,0,0.0
31.07.2003 02:00:00.000,1.13523,1.13611,1.13382,1.13417,29326599.6094,1.1383890073122378,1,0,,0,0.0
31.07.2003 03:00:00.000,1.13386,1.1343,1.13305,1.13346,24870199.2188,1.1380098529036042,1,0,,0,0.0
31.07.2003 04:00:00.000,1.13347,1.13434,1.13323,1.1338,28665699.2188,1.1376860180648656,1,0,,0,0.0
31.07.2003 05:00:00.000,1.13326,1.13413,1.13198,1.13255,26486599.6094,1.1372909397521838,1,0,,0,0.0
31.07.2003 06:00:00.000,1.13234,1.13351,1.13156,1.13325,29564699.2188,1.1369800982327851,1,0,,0,0.0
31.07.2003 07:00:00.000,1.13337,1.13441,1.13267,1.134,25405699.2188,1.1367508599071863,1,0,,0,0.0
31.07.2003 08:00:00.000,1.13375,1.13396,1.13199,1.13249,26704199.2188,1.1364231014527875,1,0,,0,0.0
31.07.2003 09:00:00.000,1.13252,1.1334,1.13195,1.13284,27358699.2188,1.1361474782641114,1,0,,0,0.0
31.07.2003 10:00:00.000,1.13276,1.13318,1.13063,1.13089,25708099.6094,1.13574305685918,1,0,,0,0.0
31.07.2003 11:00:00.000,1.13111,1.13149,1.1294,1.13017,27224300.7813,1.1353143601777047,1,0,,0,0.0
31.07.2003 12:00:00.000,1.12998,1.13125,1.12859,1.13074,28955400.3906,1.1349624863178813,1,0,,0,0.0
31.07.2003 13:00:00.000,1.13068,1.13296,1.12774,1.12849,27571000.0,1.1344646027549674,1,0,,0,0.0
31.07.2003 14:00:00.000,1.12797,1.13024,1.12672,1.12723,26640599.6094,1.1339080948507392,1,0,,0,0.0
31.07.2003 15:00:00.000,1.12691,1.12758,1.12471,1.12502,25540599.6094,1.1332243952468364,1,0,,0,0.0
31.07.2003 16:00:00.000,1.12518,1.12594,1.12222,1.12317,295842906.25,1.132450980227849,1,0,,0,0.0
31.07.2003 17:00:00.000,1.12303,1.12463,1.1226,1.12355,132984296.875,1.1317662894410914,1,0,,0,0.0
31.07.2003 18:00:00.000,1.12344,1.12356,1.12237,1.12305,148149203.125,1.1310958056379306,1,0,,0,0.0
31.07.2003 19:00:00.000,1.12317,1.12421,1.12241,1.12387,104850398.4375,1.1305399744350129,1,0,,0,0.0
31.07.2003 20:00:00.000,1.12343,1.12437,1.12275,1.12398,59764898.4375,1.130035361016935,1,0,,0,0.0
31.07.2003 21:00:00.000,1.1235,1.12418,1.12252,1.12271,28799300.7813,1.12947187170794,1,0,,0,0.0
31.07.2003 22:00:00.000,1.12258,1.12332,1.12244,1.12324,26444400.3906,1.1289924969611755,1,0,,0,0.0
31.07.2003 23:00:00.000,1.1232,1.12422,1.12277,1.12363,29096900.3906,1.1285799971949313,1,0,,0,0.0
01.08.2003 00:00:00.000,1.1235,1.12405,1.1229,1.12325,28326400.3906,1.1281699974107058,1,0,,0,0.0
01.08.2003 01:00:00.000,1.12293,1.12388,1.12211,1.12271,28938599.6094,1.1277499976098824,1,0,,0,0.0
01.08.2003 02:00:00.000,1.12316,1.12421,1.12302,1.1238,29451500.0,1.1274461516398915,1,0,,0,0.0
01.08.2003 03:00:00.000,1.12313,1.12424,1.12299,1.12361,26167400.3906,1.1271510630522075,1,0,,0,0.0
01.08.2003 04:00:00.000,1.12371,1.12416,1.12323,1.1236,28537900.3906,1.1268779043558839,1,0,,0,0.0
01.08.2003 05:00:00.000,1.12287,1.12324,1.12088,1.12143,26830099.6094,1.1264588347900466,1,0,,0,0.0
01.08.2003 06:00:00.000,1.12128,1.12209,1.1197,1.12047,30079599.6094,1.1259981551908123,1,0,,0,0.0
01.08.2003 07:00:00.000,1.1201,1.12118,1.11941,1.12045,27413900.3906,1.1255713740222884,1,0,,0,0.0
01.08.2003 08:00:00.000,1.11998,1.12077,1.11338,1.11505,25886900.3906,1.1247620375590355,1,2,1.1123800000000001,0,0.0
01.08.2003 09:00:00.000,1.1154,1.11821,1.11463,1.11757,25625400.3906,1.1242088039006481,1,0,,0,0.0
01.08.2003 10:00:00.000,1.11743,1.11828,1.11565,1.1161,29135800.7813,1.1235850497544444,1,0,,0,0.0
01.08.2003 11:00:00.000,1.11605,1.11725,1.1151,1.11657,26549300.7813,1.1230454305425641,1,0,,0,0.0
01.08.2003 12:00:00.000,1.11655,1.12118,1.11542,1.11774,29384300.7813,1.1226373205008284,1,0,,0,0.0
01.08.2003 13:00:00.000,1.11769,1.12037,1.11744,1.1192,27612800.7813,1.122372911231534,1,0,,0,0.0
01.08.2003 14:00:00.000,1.11951,1.12706,1.11922,1.12498,25721000.0,1.122573456521416,0,0,,0,0.0
01.08.2003 15:00:00.000,1.12498,1.12643,1.12345,1.12505,27966900.3906,1.1227639598659227,0,0,,0,0.0
01.08.2003 16:00:00.000,1.1243,1.12582,1.1243,1.1252,296887500.0,1.1229513475685442,0,0,,0,0.0
01.08.2003 17:00:00.000,1.12475,1.12514,1.1238,1.12416,139042906.25,1.1230443208325023,0,0,,0,0.0
01.08.2003 18:00:00.000,1.12412,1.1255,1.12399,1.12529,146784593.75,1.1232170653838482,0,0,,0,0.0
01.08.2003 19:00:00.000,1.12424,1.12552,1.12395,1.12531,106241796.875,1.1233780603543215,0,0,,0,0.0
03.08.2003 21:00:00.000,1.12773,1.12851,1.12746,1.12769,30024199.2188,1.1237097480193738,0,0,,0,0.0
03.08.2003 22:00:00.000,1.12781,1.12827,1.12696,1.12791,26939800.7813,1.1240328443255758,0,0,,0,0.0
03.08.2003 23:00:00.000,1.12773,1.12793,1.1263,1.12678,28072699.2188,1.1242441639928393,0,0,,0,0.0
04.08.2003 00:00:00.000,1.12672,1.12761,1.12608,1.12645,29135099.6094,1.1244138436856979,0,0,,0,0.0
04.08.2003 01:00:00.000,1.12643,1.12675,1.12572,1.12623,31069099.6094,1.1245535480175675,0,0,,0,0.0
04.08.2003 02:00:00.000,1.12624,1.12733,1.12602,1.12607,27872000.0,1.1246701981700624,0,0,,0,0.0
04.08.2003 03:00:00.000,1.12616,1.12684,1.12564,1.12636,27448699.2188,1.1248001829262115,0,0,,0,0.0
04.08.2003 04:00:00.000,1.1266,1.12762,1.12629,1.12708,28446300.7813,1.1249755534703492,0,0,,0,0.0
04.08.2003 05:00:00.000,1.12712,1.12764,1.12665,1.127,25244599.6094,1.1251312801264761,0,0,,0,0.0
04.08.2003 06:00:00.000,1.12681,1.12739,1.12584,1.12632,28058900.3906,1.1252227201167473,0,0,,0,0.0
04.08.2003 07:00:00.000,1.12675,1.13111,1.12639,1.13062,26928000.0,1.1256378954923822,2,0,,0,0.0
04.08.2003 08:00:00.000,1.13093,1.13115,1.12881,1.1301,26659500.0,1.1259811343006607,2,0,,0,0.0
04.08.2003 09:00:00.000,1.13,1.13039,1.12903,1.12981,26619800.7813,1.1262756624313792,2,0,,0,0.0
04.08.2003 10:00:00.000,1.13015,1.13081,1.12962,1.12962,26350800.7813,1.1265329191674271,2,0,,0,0.0
04.08.2003 11:00:00.000,1.12973,1.13175,1.12965,1.13091,28783800.7813,1.1268696176930098,2,0,,0,0.0
04.08.2003 12:00:00.000,1.13093,1.13146,1.12935,1.13007,28146099.6094,1.1271158009473936,2,0,,0,0.0
04.08.2003 13:00:00.000,1.13025,1.13168,1.12962,1.13115,25855099.6094,1.1274261239514403,2,0,,0,0.0
04.08.2003 14:00:00.000,1.13142,1.13428,1.13062,1.13363,28008599.6094,1.1279033451859448,2,0,,0,0.0
04.08.2003 15:00:00.000,1.13398,1.13421,1.13265,1.13334,26258199.2188,1.1283215494024106,2,0,,0,0.0
04.08.2003 16:00:00.000,1.13361,1.13734,1.13337,1.13638,294546312.5,1.1289414302176097,2,1,1.13834,0,0.0
04.08.2003 17:00:00.000,1.13633,1.13649,1.13471,1.13546,135652093.75,1.129442858662409,2,0,,0,0.0
04.08.2003 18:00:00.000,1.1354,1.13622,1.13385,1.13516,147753093.75,1.1298826387653007,2,0,,0,0.0
04.08.2003 19:00:00.000,1.13529,1.13623,1.13494,1.13538,106190398.4375,1.1303055127064314,2,0,,0,0.0
04.08.2003 20:00:00.000,1.13552,1.13627,1.1352,1.1354,62168000.0,1.1306973963443983,2,0,,0,0.0
04.08.2003 21:00:00.000,1.13543,1.13633,1.13492,1.13528,28564699.2188,1.131049904317906,2,0,,0,0.0
04.08.2003 22:00:00.000,1.13527,1.13563,1.13443,1.13478,25618300.7813,1.1313368347549901,2,0,,0,0.0
04.08.2003 23:00:00.000,1.1347,1.13536,1.13391,1.13523,27934000.0,1.1316363090046062,2,0,,0,0.0
05.08.2003 00:00:00.000,1.13518,1.13573,1.13416,1.13416,29665900.3906,1.131830439081175,2,0,,0,0.0
05.08.2003 01:00:00.000,1.13422,1.13532,1.13422,1.13521,31044599.6094,1.1320904053057002,2,0,,0,0.0
05.08.2003 02:00:00.000,1.1352,1.13574,1.13487,1.13505,28935099.6094,1.1323180664360308,2,0,,0,0.0
05.08.2003 03:00:00.000,1.13503,1.13544,1.13454,1.13498,27647000.0,1.1325228305563362,2,0,,0,0.0
05.08.2003 04:00:00.000,1.13518,1.13606,1.13482,1.1354,29412199.2188,1.132744151282772,2,0,,0,0.0
05.08.2003 05:00:00.000,1.13555,1.13639,1.13495,1.13552,26453400.3906,1.1329576781071744,2,0,,0,0.0
05.08.2003 06:00:00.000,1.1356,1.13676,1.135,1.1363,28994099.6094,1.133214779791238,2,0,,0,0.0
05.08.2003 07:00:00.000,1.1365,1.13774,1.13541,1.13684,25831800.7813,1.1334936428842197,2,1,1.1387399999999999,0,0.0
05.08.2003 08:00:00.000,1.13685,1.13744,1.13434,1.13522,26583300.7813,1.1336264395854336,2,0,,0,0.0
05.08.2003 09:00:00.000,1.13494,1.13508,1.13262,1.13299,28024300.7813,1.1335774826942464,0,0,,0,0.0
05.08.2003 10:00:00.000,1.13275,1.13355,1.13194,1.13229,26861000.0,1.13347844556392,0,0,,0,0.0
05.08.2003 11:00:00.000,1.1322,1.13389,1.13163,1.13349,26140900.3906,1.1334793343666953,0,0,,0,0.0
05.08.2003 12:00:00.000,1.13363,1.13377,1.13071,1.13134,29894300.7813,1.133314770184642,0,0,,0,0.0
05.08.2003 13:00:00.000,1.13134,1.13338,1.13093,1.13273,27022199.2188,1.1332697878627465,0,0,,0,0.0
05.08.2003 14:00:00.000,1.13276,1.13519,1.13054,1.13423,27400800.7813,1.1333436503348429,0,2,1.1295400000000002,0,0.0
05.08.2003 15:00:00.000,1.13449,1.13562,1.13419,1.13448,27634699.2188,1.1334310618475472,0,0,,0,0.0
05.08.2003 16:00:00.000,1.13434,1.13497,1.13289,1.1336,290324812.5,1.1334440570900435,0,0,,0,0.0
05.08.2003 17:00:00.000,1.13355,1.13475,1.13334,1.13414,137702203.125,1.13349759116004,0,0,,0,0.0
05.08.2003 18:00:00.000,1.1342,1.13505,1.13366,1.13435,150117093.75,1.1335631610708061,0,0,,0,0.0
05.08.2003 19:00:00.000,1.13464,1.13716,1.13421,1.13692,107861500.0,1.133821379449975,0,0,,0,0.0
05.08.2003 20:00:00.000,1.13716,1.13966,1.13705,1.13863,63821300.7813,1.1341912733384385,0,0,,0,0.0
05.08.2003 21:00:00.000,1.13797,1.13961,1.13788,1.13857,30137400.3906,1.134528098466251,0,0,,0,0.0
05.08.2003 22:00:00.000,1.13831,1.13927,1.13813,1.13911,26774400.3906,1.1348805524303855,0,0,,0,0.0
05.08.2003 23:00:00.000,1.13912,1.13969,1.13891,1.13908,29172199.2188,1.1352035868588175,0,0,,0,0.0
06.08.2003 00:00:00.000,1.13868,1.13925,1.13811,1.1383,28989500.0,1.1354417724850623,0,0,,0,0.0
06.08.2003 01:00:00.000,1.13839,1.13961,1.13828,1.13928,29332599.6094,1.1357370207554423,0,0,,0,0.0
06.08.2003 02:00:00.000,1.13938,1.14043,1.13889,1.14034,27635500.0,1.1360910960819468,0,0,,0,0.0
06.08.2003 03:00:00.000,1.14019,1.1408,1.13977,1.13985,25696599.6094,1.1363802425371818,0,0,,0,0.0
06.08.2003 04:00:00.000,1.13987,1.14078,1.13971,1.14063,29619199.2188,1.1367071469573986,0,0,,0,0.0
06.08.2003 05:00:00.000,1.14058,1.14089,1.13912,1.13954,25696599.6094,1.1369250587299065,0,0,,0,0.0
06.08.2003 06:00:00.000,1.13971,1.14155,1.13941,1.14113,28184099.6094,1.137248515750683,2,0,,0,0.0
06.08.2003 07:00:00.000,1.14133,1.1425,1.14,1.14004,27353300.7813,1.1374632453083229,2,1,1.1435,0,0.0
06.08.2003 08:00:00.000,1.13983,1.14159,1.13964,1.13985,25313800.7813,1.1376468418230674,2,0,,0,0.0
06.08.2003 09:00:00.000,1.13966,1.14056,1.13868,1.13892,27015599.6094,1.137744777067447,2,0,,0,0.0
06.08.2003 10:00:00.000,1.13893,1.13946,1.13767,1.1381,27802900.3906,1.1377721019084126,2,0,,0,0.0
06.08.2003 11:00:00.000,1.138,1.13893,1.1377,1.13889,26781000.0,1.137858094069304,2,0,,0,0.0
06.08.2003 12:00:00.000,1.13856,1.13925,1.13594,1.13614,29025300.7813,1.1377259329870497,0,0,,0,0.0
06.08.2003 13:00:00.000,1.13623,1.13809,1.13559,1.1373,27132599.6094,1.137693168911123,0,0,,0,0.0
06.08.2003 14:00:00.000,1.13718,1.13926,1.13663,1.13738,26375800.7813,1.1376690789948827,0,0,,0,0.0
06.08.2003 15:00:00.000,1.13731,1.1382,1.13527,1.13571,26303900.3906,1.137518380610661,0,0,,0,0.0
06.08.2003 16:00:00.000,1.13565,1.1374,1.13532,1.13689,297126000.0,1.1374700436406102,0,0,,0,0.0
06.08.2003 17:00:00.000,1.13679,1.13712,1.13305,1.1333,132715296.875,1.137149271052871,0,0,,0,0.0
06.08.2003 18:00:00.000,1.13318,1.13442,1.13238,1.13403,143862000.0,1.1369093271257271,0,0,,0,0.0
06.08.2003 19:00:00.000,1.1343,1.13555,1.13385,1.13427,106323000.0,1.1367063019622097,0,0,,0,0.0
06.08.2003 20:00:00.000,1.1342,1.13467,1.13277,1.13291,65859000.0,1.1364142787343474,0,0,,0,0.0
06.08.2003 21:00:00.000,1.13245,1.13409,1.13245,1.13322,29165300.7813,1.1361685649855515,0,0,,0,0.0
06.08.2003 22:00:00.000,1.13326,1.13415,1.13277,1.13372,26082099.6094,1.1359802138328168,0,0,,0,0.0
06.08.2003 23:00:00.000,1.13364,1.13445,1.13303,1.13364,27847099.6094,1.1358001973841387,0,0,,0,0.0
07.08.2003 00:00:00.000,1.13375,1.13451,1.13317,1.13327,29939300.7813,1.135605566816128,0,0,,0,0.0
07.08.2003 01:00:00.000,1.13345,1.13403,1.1326,1.13299,30219500.0,1.1354043693687335,0,0,,0,0.0
07.08.2003 02:00:00.000,1.13283,1.13349,1.13256,1.13274,30642300.7813,1.135199417878831,0,0,,0,0.0
07.08.2003 03:00:00.000,1.13272,1.133,1.13222,1.13263,26998800.7813,1.1350017703496902,0,0,,0,0.0
07.08.2003 04:00:00.000,1.13284,1.13391,1.13257,1.13338,28886099.6094,1.1348770187843296,1,0,,0,0.0
07.08.2003 05:00:00.000,1.13348,1.13412,1.1329,1.13395,26700099.6094,1.1348057096470736,1,0,,0,0.0
07.08.2003 06:00:00.000,1.13375,1.13388,1.13173,1.13294,28995199.2188,1.1346621935203758,1,2,1.13073,0,0.0
07.08.2003 07:00:00.000,1.13312,1.13546,1.13273,1.13504,27800900.3906,1.1346912555572701,0,0,,0,0.0
07.08.2003 08:00:00.000,1.13525,1.13538,1.1338,1.1344,27487300.7813,1.134668851283634,0,0,,0,0.0
07.08.2003 09:00:00.000,1.13436,1.13676,1.13419,1.13586,26590500.0,1.13476047810797,0,0,,0,0.0
07.08.2003 10:00:00.000,1.13593,1.1366,1.13467,1.1351,28236199.2188,1.1347865951765879,0,0,,0,0.0
07.08.2003 11:00:00.000,1.13492,1.13707,1.13478,1.13532,29175699.2188,1.1348276263168504,0,0,,0,0.0
07.08.2003 12:00:00.000,1.13565,1.13748,1.13472,1.13582,28586099.6094,1.1349039627540158,0,0,,0,0.0
07.08.2003 13:00:00.000,1.13609,1.14043,1.13566,1.13852,26586900.3906,1.1351821194652456,0,0,,0,0.0
07.08.2003 14:00:00.000,1.13856,1.14063,1.13758,1.14026,26103199.2188,1.1355727256602268,0,0,,0,0.0
07.08.2003 15:00:00.000,1.14013,1.14138,1.13863,1.13975,26202800.7813,1.135894054455594,0,1,1.14238,0,0.0
07.08.2003 16:00:00.000,1.13938,1.14024,1.13715,1.13809,288563812.5,1.1360629733436254,0,0,,0,0.0
07.08.2003 17:00:00.000,1.13786,1.13861,1.13653,1.13701,134687796.875,1.136135821547962,0,0,,0,0.0
07.08.2003 18:00:00.000,1.13687,1.13752,1.13607,1.1367,146529906.25,1.1361792198904266,0,0,,0,0.0
07.08.2003 19:00:00.000,1.13673,1.1373,1.13616,1.13705,107827703.125,1.1362462029757783,0,0,,0,0.0
07.08.2003 20:00:00.000,1.13693,1.13742,1.13628,1.13702,63419601.5625,1.1363057258237954,0,0,,0,0.0
07.08.2003 21:00:00.000,1.13646,1.13817,1.13646,1.1371,28335500.0,1.1363668238373497,0,0,,0,0.0
07.08.2003 22:00:00.000,1.13729,1.13801,1.13715,1.1374,25868699.2188,1.1364462989267845,0,0,,0,0.0
07.08.2003 23:00:00.000,1.13717,1.13779,1.13595,1.1364,27954300.7813,1.136442737470878,0,0,,0,0.0
08.08.2003 00:00:00.000,1.13632,1.13685,1.13576,1.1359,29411400.3906,1.1364009884346566,0,0,,0,0.0
08.08.2003 01:00:00.000,1.13631,1.13662,1.13533,1.13568,30978699.2188,1.136345527785837,0,0,,0,0.0
08.08.2003 02:00:00.000,1.13555,1.13614,1.13485,1.13514,29409800.7813,1.136252794879234,0,0,,0,0.0
08.08.2003 03:00:00.000,1.13543,1.13616,1.13492,1.13556,26067199.2188,1.136199502965447,0,0,,0,0.0
08.08.2003 04:00:00.000,1.13563,1.13603,1.13504,1.13583,28258500.0,1.1361710796604128,0,0,,0,0.0
08.08.2003 05:00:00.000,1.13578,1.13664,1.13546,1.13647,26297199.2188,1.136194073532689,0,0,,0,0.0
08.08.2003 06:00:00.000,1.13623,1.13774,1.13592,1.13695,31114500.0,1.1362522217224822,0,0,,0,0.0
08.08.2003 07:00:00.000,1.13707,1.13759,1.13328,1.13387,27980599.6094,1.136068973897676,0,0,,0,0.0
08.08.2003 08:00:00.000,1.13351,1.1344,1.13255,1.13294,26891400.3906,1.1358282835978548,0,0,,0,0.0
08.08.2003 09:00:00.000,1.13282,1.13433,1.13277,1.13387,26957900.3906,1.1356776463980198,0,0,,0,0.0
08.08.2003 10:00:00.000,1.13409,1.13546,1.13329,1.13425,27018699.2188,1.1355678274443262,0,0,,0,0.0
08.08.2003 11:00:00.000,1.13418,1.13444,1.13249,1.13316,28125900.3906,1.1353826099486088,0,0,,0,0.0
08.08.2003 12:00:00.000,1.1332,1.13334,1.13031,1.13122,27408599.6094,1.1350624091833312,0,0,,0,0.0
08.08.2003 13:00:00.000,1.13129,1.13424,1.13123,1.13391,25828000.0,1.1349737623230751,0,0,,0,0.0
08.08.2003 14:00:00.000,1.13366,1.13456,1.13182,1.13234,26301300.7813,1.1347711652213002,0,0,,0,0.0
08.08.2003 15:00:00.000,1.13214,1.13379,1.13133,1.1321,25735699.2188,1.134565690973508,0,0,,0,0.0
08.08.2003 16:00:00.000,1.13164,1.13298,1.12861,1.13013,289646406.25,1.134224483975546,0,0,,0,0.0
08.08.2003 17:00:00.000,1.13003,1.1312,1.12957,1.13026,134223500.0,1.1339195236697348,0,0,,0,0.0
08.08.2003 18:00:00.000,1.13039,1.13062,1.12882,1.12949,144510796.875,1.1335787910797552,0,0,,0,0.0
08.08.2003 19:00:00.000,1.12938,1.13034,1.1292,1.13002,104390296.875,1.1333050379197742,0,0,,0,0.0
08.08.2003 20:00:00.000,1.13025,1.13096,1.12976,1.13053,62521800.7813,1.1330915734644071,0,0,,0,0.0
11.08.2003 00:00:00.000,1.12882,1.12892,1.12772,1.12811,31337199.2188,1.1327083755056067,0,0,,0,0.0
11.08.2003 01:00:00.000,1.12818,1.12873,1.12753,1.12762,30805500.0,1.1323169620051754,0,0,,0,0.0
11.08.2003 02:00:00.000,1.12735,1.12814,1.12643,1.12701,31935900.3906,1.1319087341586236,1,0,,0,0.0
11.08.2003 03:00:00.000,1.12711,1.12747,1.12684,1.12723,26344800.7813,1.1315488315310374,1,0,,0,0.0
11.08.2003 04:00:00.000,1.12728,1.12847,1.12711,1.12833,29901500.0,1.1313012291055728,1,0,,0,0.0
11.08.2003 05:00:00.000,1.1284,1.12871,1.12758,1.12853,31699900.3906,1.1310880576359135,1,0,,0,0.0
11.08.2003 06:00:00.000,1.12831,1.12884,1.12664,1.12774,30347900.3906,1.1308305147408433,1,0,,0,0.0
11.08.2003 07:00:00.000,1.12763,1.12878,1.12658,1.12746,31304300.7813,1.130571244376163,1,0,,0,0.0
11.08.2003 08:00:00.000,1.12742,1.1283,1.12658,1.12734,31728099.6094,1.1303226871164582,1,0,,0,0.0
11.08.2003 09:00:00.000,1.12747,1.12824,1.12683,1.12725,30561699.2188,1.1300863265690384,1,0,,0,0.0
11.08.2003 10:00:00.000,1.12716,1.12814,1.12615,1.12668,30228699.2188,1.1298243014483431,1,2,1.12515,0,0.0
11.08.2003 11:00:00.000,1.12641,1.12985,1.12632,1.1293,29613000.0,1.1297839705677013,1,0,,0,0.0
11.08.2003 12:00:00.000,1.12937,1.13157,1.12919,1.1314,30238099.6094,1.1299082805240321,0,0,,0,0.0
11.08.2003 13:00:00.000,1.13126,1.13372,1.13116,1.13255,32390099.6094,1.1301114897144913,0,0,,0,0.0
11.08.2003 14:00:00.000,1.13251,1.13322,1.13117,1.13248,33390601.5625,1.1302936828133765,0,0,,0,0.0
11.08.2003 15:00:00.000,1.1323,1.13493,1.13112,1.13473,32256000.0,1.1306349379815783,0,0,,0,0.0
11.08.2003 16:00:00.000,1.13463,1.13736,1.13442,1.13715,297805406.25,1.13113609659838,0,0,,0,0.0
11.08.2003 17:00:00.000,1.1373,1.13788,1.13579,1.13632,137498203.125,1.1315348583985048,0,1,1.13888,0,0.0
11.08.2003 18:00:00.000,1.13618,1.13682,1.13528,1.13568,148359296.875,1.1318537154447739,0,0,,0,0.0
11.08.2003 19:00:00.000,1.1358,1.1362,1.13447,1.13584,101277703.125,1.1321603527182529,0,0,,0,0.0
11.08.2003 20:00:00.000,1.13585,1.13625,1.13507,1.13552,63738000.0,1.1324187871245412,0,0,,0,0.0
11.08.2003 21:00:00.000,1.13518,1.13633,1.13493,1.13584,29671800.7813,1.1326819573457303,0,0,,0,0.0
11.08.2003 22:00:00.000,1.13562,1.13629,1.13508,1.13564,27315900.3906,1.1329094990883666,0,0,,0,0.0
11.08.2003 23:00:00.000,1.1357,1.13609,1.1351,1.13544,32571400.3906,1.1331041530046462,0,0,,0,0.0
12.08.2003 00:00:00.000,1.13535,1.13596,1.13483,1.13523,31426400.3906,1.1332676796965964,0,0,,0,0.0
12.08.2003 01:00:00.000,1.13531,1.13623,1.13502,1.13554,29830800.7813,1.133442473566089,0,0,,0,0.0
12.08.2003 02:00:00.000,1.13523,1.13563,1.13475,1.13543,32024699.2188,1.1335953602148516,0,0,,0,0.0
12.08.2003 03:00:00.000,1.13533,1.13584,1.13506,1.13525,25919500.0,1.1337226401983247,0,0,,0,0.0
12.08.2003 04:00:00.000,1.13514,1.13573,1.1349,1.13545,31179099.6094,1.1338555140292228,2,0,,0,0.0
12.08.2003 05:00:00.000,1.13533,1.13662,1.13495,1.13607,32516300.7813,1.134025859103898,2,0,,0,0.0
12.08.2003 06:00:00.000,1.13618,1.13667,1.13546,1.13551,33145601.5625,1.1341400237882135,2,0,,0,0.0
12.08.2003 07:00:00.000,1.13564,1.13709,1.13494,1.13593,33452101.5625,1.1342777142660432,2,1,1.1380899999999998,0,0.0
12.08.2003 08:00:00.000,1.1358,1.13687,1.13448,1.13534,31514400.3906,1.1343594285532708,2,0,,0,0.0
12.08.2003 09:00:00.000,1.13537,1.13538,1.13233,1.1324,30283099.6094,1.1342087032799424,0,0,,0,0.0
12.08.2003 10:00:00.000,1.1325,1.13343,1.13127,1.13194,32476099.6094,1.1340341876430238,0,0,,0,0.0
12.08.2003 11:00:00.000,1.13184,1.13226,1.1307,1.13118,30353500.0,1.1338146347474065,0,0,,0,0.0
12.08.2003 12:00:00.000,1.131,1.13139,1.12812,1.12871,32261400.3906,1.1334219705360677,0,0,,0,0.0
12.08.2003 13:00:00.000,1.12895,1.1303,1.12874,1.12978,30604500.0,1.1331418189563705,0,0,,0,0.0
12.08.2003 14:00:00.000,1.1298,1.12984,1.1279,1.12918,31732199.2188,1.1328370636520342,0,0,,0,0.0
12.08.2003 15:00:00.000,1.12928,1.13182,1.12911,1.13053,31163099.6094,1.1326595972172624,0,0,,0,0.0
12.08.2003 16:00:00.000,1.13018,1.1318,1.1298,1.13007,289539312.5,1.1324603974313192,0,0,,0,0.0
12.08.2003 17:00:00.000,1.13002,1.13118,1.12988,1.13063,135239906.25,1.13231959762891,0,0,,0,0.0
12.08.2003 18:00:00.000,1.13018,1.13265,1.1299,1.131,151818500.0,1.1322180901189938,0,0,,0,0.0
12.08.2003 19:00:00.000,1.13086,1.1313,1.12823,1.1284,107095296.875,1.1319243908790713,0,0,,0,0.0
12.08.2003 20:00:00.000,1.12832,1.12867,1.12745,1.128,62161800.7813,1.1316225146576042,0,0,,0,0.0
12.08.2003 21:00:00.000,1.12767,1.12848,1.12704,1.1273,31129300.7813,1.131290013530096,0,0,,0,0.0
12.08.2003 22:00:00.000,1.12742,1.12763,1.12665,1.12696,30191300.7813,1.1309569355662425,0,0,,0,0.0
12.08.2003 23:00:00.000,1.12694,1.12747,1.12659,1.12727,33556898.4375,1.13067332513807,0,0,,0,0.0
13.08.2003 00:00:00.000,1.12724,1.12794,1.12602,1.12625,32977898.4375,1.1303330693582185,0,0,,0,0.0
13.08.2003 01:00:00.000,1.12623,1.12665,1.12492,1.12608,32933601.5625,1.1300059101768172,1,0,,0,0.0
13.08.2003 02:00:00.000,1.12578,1.1273,1.12547,1.12699,31671699.2188,1.1297739170862928,1,0,,0,0.0
13.08.2003 03:00:00.000,1.12688,1.12703,1.12542,1.12542,32128599.6094,1.1294390003873473,1,0,,0,0.0
13.08.2003 04:00:00.000,1.12559,1.12678,1.12549,1.12603,31277000.0,1.1291767695883206,1,0,,0,0.0
13.08.2003 05:00:00.000,1.12593,1.12651,1.1241,1.12471,30733699.2188,1.1288331719276805,1,0,,0,0.0
13.08.2003 06:00:00.000,1.12453,1.12547,1.12229,1.12235,33343398.4375,1.128334466394782,1,0,,0,0.0
13.08.2003 07:00:00.000,1.12249,1.12429,1.12169,1.12383,34282601.5625,1.127987968979799,1,2,1.1206900000000002,0,0.0
13.08.2003 08:00:00.000,1.124,1.12513,1.12365,1.1249,31132000.0,1.12775043290443,1,0,,0,0.0
13.08.2003 09:00:00.000,1.12468,1.12502,1.12374,1.12476,32018199.2188,1.127520399604089,1,0,,0,0.0
13.08.2003 10:00:00.000,1.12498,1.1269,1.12444,1.12608,32153699.2188,1.127409599634544,1,0,,0,0.0
13.08.2003 11:00:00.000,1.1262,1.12827,1.12586,1.12781,31066800.7813,1.127440399662656,0,0,,0,0.0
13.08.2003 12:00:00.000,1.12749,1.12836,1.12432,1.12524,31099400.3906,1.1272711381501441,0,0,,0,0.0
13.08.2003 13:00:00.000,1.1253,1.12771,1.12497,1.12768,31962300.7813,1.1273025890616717,0,0,,0,0.0
13.08.2003 14:00:00.000,1.12792,1.1298,1.12668,1.12951,33561699.2188,1.1274723899030816,0,0,,0,0.0
13.08.2003 15:00:00.000,1.12941,1.13147,1.12879,1.13123,33275601.5625,1.127761436833614,0,0,,0,0.0
13.08.2003 16:00:00.000,1.13151,1.13302,1.13049,1.13088,294101093.75,1.1280013263079514,0,0,,0,0.0
13.08.2003 17:00:00.000,1.131,1.1319,1.13052,1.13157,135679406.25,1.1282758396688781,0,0,,0,0.0
13.08.2003 18:00:00.000,1.1316,1.13196,1.13023,1.13089,146247093.75,1.1284769289251184,0,0,,0,0.0
13.08.2003 19:00:00.000,1.1309,1.13191,1.13066,1.13137,103435296.875,1.1286994728539554,0,0,,0,0.0
13.08.2003 20:00:00.000,1.13144,1.13222,1.13106,1.1319,64685898.4375,1.128945667249805,0,0,,0,0.0
13.08.2003 21:00:00.000,1.13163,1.13239,1.13116,1.13144,30072300.7813,1.1291375389998202,0,0,,0,0.0
13.08.2003 22:00:00.000,1.13144,1.13182,1.13063,1.13115,30621900.3906,1.1292923436921416,0,0,,0,0.0
13.08.2003 23:00:00.000,1.13114,1.13143,1.13057,1.13093,32062800.7813,1.1294183172542844,0,0,,0,0.0
14.08.2003 00:00:00.000,1.13097,1.13365,1.13058,1.13248,32924199.2188,1.129653831311647,0,1,1.13465,0,0.0
14.08.2003 01:00:00.000,1.13265,1.13292,1.13197,1.13242,32765099.6094,1.1298666135184434,0,0,,0,0.0
14.08.2003 02:00:00.000,1.13229,1.13254,1.13177,1.13249,27785699.2188,1.1300684124785632,0,0,,0,0.0
14.08.2003 03:00:00.000,1.13228,1.13243,1.13161,1.13185,22832099.6094,1.1302054576725198,0,0,,0,0.0
14.08.2003 04:00:00.000,1.13188,1.13313,1.13164,1.13246,32168199.2188,1.130378884005403,0,0,,0,0.0
14.08.2003 05:00:00.000,1.13231,1.13258,1.13129,1.13191,31306099.6094,1.1304966621588335,2,0,,0,0.0
14.08.2003 06:00:00.000,1.13169,1.13255,1.13088,1.13245,30856199.2188,1.1306469189158463,2,0,,0,0.0
14.08.2003 07:00:00.000,1.13252,1.13309,1.13123,1.13259,25392300.7813,1.1307963866915507,2,0,,0,0.0
14.08.2003 08:00:00.000,1.13255,1.13327,1.13214,1.13229,30946099.6094,1.13091128002297,2,0,,0,0.0
14.08.2003 09:00:00.000,1.13216,1.1323,1.13074,1.13104,30579800.7813,1.1309211815596647,2,0,,0,0.0
14.08.2003 10:00:00.000,1.13108,1.13179,1.12754,1.12776,31274300.7813,1.1306780137473829,0,0,,0,0.0
14.08.2003 11:00:00.000,1.12785,1.12855,1.12721,1.12731,32078500.0,1.130418935766815,0,0,,0,0.0
14.08.2003 12:00:00.000,1.12745,1.12801,1.12491,1.1258,32371500.0,1.1300636330155216,0,0,,0,0.0
14.08.2003 13:00:00.000,1.12547,1.12899,1.12547,1.12815,32575300.7813,1.129916430475866,0,0,,0,0.0
14.08.2003 14:00:00.000,1.12826,1.12936,1.12585,1.12618,31977699.2188,1.1296290127469533,0,0,,0,0.0
14.08.2003 15:00:00.000,1.12589,1.12644,1.12352,1.12468,33357101.5625,1.1292483194587262,0,0,,0,0.0
14.08.2003 16:00:00.000,1.1246,1.12503,1.12234,1.12317,296691593.75,1.1287807564234396,0,2,1.12134,0,0.0
14.08.2003 17:00:00.000,1.12318,1.12485,1.12256,1.12417,134489296.875,1.1284260828524058,0,0,,0,0.0
14.08.2003 18:00:00.000,1.12418,1.12565,1.12389,1.12427,150823406.25,1.1281063841714516,0,0,,0,0.0
14.08.2003 19:00:00.000,1.1243,1.12509,1.12382,1.12414,106491296.875,1.1278012776967246,0,0,,0,0.0
14.08.2003 20:00:00.000,1.124,1.13078,1.12375,1.12547,62501898.4375,1.1276219486431305,0,0,,0,0.0
14.08.2003 21:00:00.000,1.12565,1.12944,1.12541,1.12681,30812400.3906,1.1275594910551976,0,0,,0,0.0
14.08.2003 22:00:00.000,1.12717,1.1274,1.12579,1.12677,31616000.0,1.1274987609740286,0,0,,0,0.0
14.08.2003 23:00:00.000,1.12672,1.12755,1.1255,1.1265,31308599.6094,1.1274219332067956,0,0,,0,0.0
15.08.2003 00:00:00.000,1.12629,1.12723,1.1254,1.12611,32702300.7813,1.1273210152678115,0,0,,0,0.0
15.08.2003 01:00:00.000,1.12607,1.12686,1.12468,1.1258,32715699.2188,1.1272040140933646,0,0,,0,0.0
15.08.2003 02:00:00.000,1.1259,1.12668,1.12559,1.12616,30985199.2188,1.127123705316952,1,0,,0,0.0
15.08.2003 03:00:00.000,1.12662,1.12681,1.12571,1.1264,28708099.6094,1.1270680356771865,1,0,,0,0.0
15.08.2003 04:00:00.000,1.12625,1.12666,1.12404,1.12502,33209800.7813,1.1269104944712491,1,0,,0,0.0
15.08.2003 05:00:00.000,1.12453,1.12618,1.12433,1.12509,31820900.3906,1.1267704564349992,1,0,,0,0.0
15.08.2003 06:00:00.000,1.12514,1.12672,1.12396,1.12625,31360500.0,1.1267304213246148,1,0,,0,0.0
15.08.2003 07:00:00.000,1.12638,1.12666,1.1251,1.12617,31758000.0,1.1266873119919523,1,0,,0,0.0
15.08.2003 08:00:00.000,1.12582,1.12646,1.1252,1.12569,32257000.0,1.126610595684879,1,0,,0,0.0
15.08.2003 09:00:00.000,1.12572,1.12868,1.12572,1.1275,31768900.3906,1.126679011401427,0,1,1.1296799999999998,0,0.0
15.08.2003 10:00:00.000,1.12747,1.12812,1.12651,1.12652,31127400.3906,1.1266667797551633,0,0,,0,0.0
15.08.2003 11:00:00.000,1.12626,1.12668,1.12476,1.12536,31642900.3906,1.1265662582355356,0,0,,0,0.0
15.08.2003 12:00:00.000,1.12478,1.12654,1.12425,1.12571,30868599.6094,1.1265003922174175,0,0,,0,0.0
15.08.2003 13:00:00.000,1.12562,1.12711,1.12551,1.1261,10623599.6094,1.1264695928160777,0,0,,0,0.0
15.08.2003 14:00:00.000,1.12607,1.12687,1.12482,1.12537,29982699.2188,1.1263850087533025,0,0,,0,0.0
15.08.2003 15:00:00.000,1.12491,1.12561,1.12491,1.12531,10388000.0,1.1263023157722793,0,0,,0,0.0
15.08.2003 16:00:00.000,1.12528,1.12607,1.12441,1.125,293321000.0,1.1262021376359501,0,0,,0,0.0
15.08.2003 17:00:00.000,1.12486,1.12599,1.12467,1.12521,133084203.125,1.1261258193562615,0,0,,0,0.0
15.08.2003 18:00:00.000,1.12498,1.12583,1.12401,1.12505,153942703.125,1.1260430640211647,0,0,,0,0.0
15.08.2003 19:00:00.000,1.12477,1.12608,1.12477,1.12548,103229703.125,1.1259997514041522,0,0,,0,0.0
15.08.2003 20:00:00.000,1.12511,1.12648,1.12482,1.12633,62441699.2188,1.1260251551422944,0,0,,0,0.0
17.08.2003 21:00:00.000,1.1242,1.12663,1.12337,1.1266,18928800.7813,1.1260693739775027,0,0,,0,0.0
17.08.2003 22:00:00.000,1.12624,1.12675,1.12603,1.12615,18697400.3906,1.1260755759792334,0,0,,0,0.0
17.08.2003 23:00:00.000,1.12615,1.12645,1.12554,1.12614,30386599.6094,1.1260805316731386,0,0,,0,0.0
18.08.2003 00:00:00.000,1.12601,1.12672,1.12339,1.12402,32682099.6094,1.1259220292367433,0,0,,0,0.0
18.08.2003 01:00:00.000,1.12398,1.12438,1.12215,1.12237,31602599.6094,1.1256487962185322,0,0,,0,0.0
18.08.2003 02:00:00.000,1.12227,1.12351,1.12227,1.12271,32657199.2188,1.125422734970953,0,0,,0,0.0
18.08.2003 03:00:00.000,1.1227,1.12374,1.12259,1.12374,27515599.6094,1.1252932938193412,0,0,,0,0.0
18.08.2003 04:00:00.000,1.12363,1.12411,1.12183,1.12258,33196000.0,1.1250845789101611,0,0,,0,0.0
18.08.2003 05:00:00.000,1.1227,1.12351,1.12215,1.12294,29313300.7813,1.1249196113016873,0,0,,0,0.0
18.08.2003 06:00:00.000,1.12282,1.12333,1.12147,1.12287,32477599.6094,1.1247619488938654,0,0,,0,0.0
18.08.2003 07:00:00.000,1.12301,1.12306,1.12165,1.12238,33857398.4375,1.1245787220558758,0,0,,0,0.0
18.08.2003 08:00:00.000,1.12245,1.12344,1.12197,1.12229,31837199.2188,1.1244026665131162,0,0,,0,0.0
18.08.2003 09:00:00.000,1.12216,1.12281,1.12175,1.12195,31859900.3906,1.124213999858261,0,0,,0,0.0
18.08.2003 10:00:00.000,1.12188,1.12203,1.11826,1.11828,31005599.6094,1.1237575383307024,0,0,,0,0.0
18.08.2003 11:00:00.000,1.11818,1.11914,1.11746,1.11867,33215500.0,1.1233661892283409,0,0,,0,0.0
18.08.2003 12:00:00.000,1.11865,1.11928,1.11564,1.11693,32276099.6094,1.1228710977492378,0,0,,0,0.0
18.08.2003 13:00:00.000,1.11679,1.11823,1.11632,1.11777,31979199.2188,1.122478705614681,0,0,,0,0.0
18.08.2003 14:00:00.000,1.11795,1.11889,1.11501,1.11575,30974400.3906,1.1219611128750901,0,0,,0,0.0
18.08.2003 15:00:00.000,1.1156,1.11626,1.11308,1.11363,31708599.6094,1.1213202580385448,0,0,,0,0.0
18.08.2003 16:00:00.000,1.1133,1.11458,1.11221,1.11419,297572812.5,1.1207717766509646,1,0,,0,0.0
18.08.2003 17:00:00.000,1.11408,1.11519,1.11334,1.11512,135954906.25,1.1203370246008906,1,0,,0,0.0
18.08.2003 18:00:00.000,1.11511,1.11529,1.11342,1.11488,149572296.875,1.1199172534777453,1,0,,0,0.0
18.08.2003 19:00:00.000,1.11478,1.11629,1.11419,1.11503,106091703.125,1.1195413109025343,1,0,,0,0.0
18.08.2003 20:00:00.000,1.11484,1.1152,1.11377,1.11398,62155800.7813,1.1191135177561855,1,0,,0,0.0
18.08.2003 21:00:00.000,1.11415,1.11492,1.11389,1.11452,31294199.2188,1.1187601702364791,1,0,,0,0.0
18.08.2003 22:00:00.000,1.11452,1.11501,1.11408,1.11483,29796099.6094,1.1184578494490576,1,0,,0,0.0
18.08.2003 23:00:00.000,1.11464,1.1151,1.11357,1.11382,33165101.5625,1.11810109179913,1,0,,0,0.0
19.08.2003 00:00:00.000,1.11377,1.11411,1.11288,1.11378,32564400.3906,1.117768700122274,1,0,,0,0.0
19.08.2003 01:00:00.000,1.11378,1.11403,1.11182,1.11197,32787800.7813,1.1173226462667145,1,0,,0,0.0
19.08.2003 02:00:00.000,1.11169,1.11326,1.11138,1.11287,31780199.2188,1.1169801350154287,1,0,,0,0.0
19.08.2003 03:00:00.000,1.1128,1.11387,1.11271,1.11319,28567900.3906,1.1166885861680882,1,0,,0,0.0
19.08.2003 04:00:00.000,1.11328,1.11379,1.11213,1.11248,31413300.7813,1.116364848770543,1,0,,0,0.0
19.08.2003 05:00:00.000,1.11235,1.11287,1.11155,1.11236,32525599.6094,1.1160567834805013,1,0,,0,0.0
19.08.2003 06:00:00.000,1.1124,1.11272,1.10775,1.10886,32716300.7813,1.115503184751232,1,0,,0,0.0
19.08.2003 07:00:00.000,1.10887,1.11025,1.10805,1.10875,30745400.3906,1.1149837090011372,1,0,,0,0.0
19.08.2003 08:00:00.000,1.10875,1.11056,1.10856,1.11019,29782900.3906,1.114614962154896,1,0,,0,0.0
19.08.2003 09:00:00.000,1.1102,1.11157,1.10975,1.1107,32392599.6094,1.114313811219904,1,0,,0,0.0
19.08.2003 10:00:00.000,1.11058,1.11153,1.10891,1.1097,28773300.7813,1.113958902664527,1,0,,0,0.0
19.08.2003 11:00:00.000,1.10987,1.10995,1.10538,1.10618,32439099.6094,1.1133605255364865,1,0,,0,0.0
19.08.2003 12:00:00.000,1.10615,1.10827,1.10534,1.10649,32873101.5625,1.1128320235721414,1,2,1.10434,0,0.0
19.08.2003 13:00:00.000,1.1064,1.10846,1.10592,1.10719,31209099.6094,1.1123980217588998,1,0,,0,0.0
19.08.2003 14:00:00.000,1.10735,1.11116,1.10678,1.1085,31344099.6094,1.1120981739312923,1,0,,0,0.0
19.08.2003 15:00:00.000,1.10857,1.11209,1.10782,1.11197,31619000.0,1.112088314398116,1,0,,0,0.0
19.08.2003 16:00:00.000,1.1118,1.1133,1.11003,1.11244,294330312.5,1.1121153671367223,0,0,,0,0.0
19.08.2003 17:00:00.000,1.1123,1.11377,1.11151,1.1125,135275093.75,1.1121449542800514,0,0,,0,0.0
19.08.2003 18:00:00.000,1.11249,1.1147,1.11207,1.11414,146064593.75,1.1122984193354322,0,1,1.1157,0,0.0
19.08.2003 19:00:00.000,1.11427,1.11466,1.11321,1.11358,104837601.5625,1.112397002463476,0,0,,0,0.0
19.08.2003 20:00:00.000,1.11353,1.11401,1.11289,1.11362,64028500.0,1.1124910791970546,0,0,,0,0.0
19.08.2003 21:00:00.000,1.1131,1.11452,1.11308,1.11401,28677099.6094,1.1126079192588199,0,0,,0,0.0
19.08.2003 22:00:00.000,1.11382,1.11462,1.11332,1.11341,29060099.6094,1.112669617777372,0,0,,0,0.0
19.08.2003 23:00:00.000,1.11345,1.11364,1.11209,1.11293,32666400.3906,1.1126896471791128,0,0,,0,0.0
20.08.2003 00:00:00.000,1.11277,1.11304,1.11128,1.11162,30567800.7813,1.1126073666268734,0,0,,0,0.0
20.08.2003 01:00:00.000,1.1115,1.11156,1.10932,1.10987,33720000.0,1.1123967999632678,0,0,,0,0.0
20.08.2003 02:00:00.000,1.11017,1.11052,1.10901,1.10939,32456500.0,1.1121655076584012,0,0,,0,0.0
20.08.2003 03:00:00.000,1.10958,1.11076,1.10938,1.10986,29348199.2188,1.1119881609154474,0,0,,0,0.0
20.08.2003 04:00:00.000,1.10977,1.11078,1.10952,1.11065,32782101.5625,1.111885225460413,0,0,,0,0.0
20.08.2003 05:00:00.000,1.11055,1.11131,1.11016,1.11034,32271199.2188,1.1117663619634583,0,0,,0,0.0
20.08.2003 06:00:00.000,1.11047,1.1126,1.11023,1.11207,32087300.7813,1.1117897187355001,0,0,,0,0.0
20.08.2003 07:00:00.000,1.11197,1.11317,1.11057,1.1131,32973199.2188,1.1118905096020002,0,0,,0,0.0
20.08.2003 08:00:00.000,1.11299,1.11307,1.11096,1.11159,32781800.7813,1.1118673934787693,0,0,,0,0.0
20.08.2003 09:00:00.000,1.1116,1.11279,1.11088,1.11088,32160400.3906,1.1117914401342486,0,0,,0,0.0
20.08.2003 10:00:00.000,1.11107,1.1115,1.10783,1.10801,32616099.6094,1.1115005601239218,0,2,1.1068300000000002,0,0.0
20.08.2003 11:00:00.000,1.10808,1.11003,1.10792,1.10961,31423199.2188,1.1113551324220818,0,0,,0,0.0
20.08.2003 12:00:00.000,1.1094,1.11248,1.10934,1.11177,30429000.0,1.111387045312691,0,0,,0,0.0
20.08.2003 13:00:00.000,1.11193,1.11396,1.1109,1.1122,32825398.4375,1.111449580288638,0,0,,0,0.0
20.08.2003 14:00:00.000,1.11227,1.11397,1.11147,1.11178,30855300.7813,1.111474997189512,0,1,1.1149699999999998,0,0.0
20.08.2003 15:00:00.000,1.11168,1.1135,1.11005,1.11012,31933300.7813,1.1113707666364725,0,0,,0,0.0
20.08.2003 16:00:00.000,1.10993,1.11248,1.10985,1.11075,291689593.75,1.111323015356744,0,0,,0,0.0
20.08.2003 17:00:00.000,1.11087,1.1113,1.10944,1.11065,133962296.875,1.1112712449446867,0,0,,0,0.0
20.08.2003 18:00:00.000,1.11063,1.11218,1.11033,1.11188,146763000.0,1.1113180722566338,0,0,,0,0.0
20.08.2003 19:00:00.000,1.11183,1.11217,1.11049,1.11147,108809000.0,1.1113297590061235,0,0,,0,0.0
20.08.2003 20:00:00.000,1.11155,1.11256,1.11112,1.11155,62014500.0,1.1113467006210371,0,0,,0,0.0
20.08.2003 21:00:00.000,1.11123,1.11209,1.1109,1.11157,29488500.0,1.111363877496342,0,0,,0,0.0
20.08.2003 22:00:00.000,1.1116,1.11199,1.11089,1.11118,31571099.6094,1.1113497330735465,0,0,,0,0.0
20.08.2003 23:00:00.000,1.11102,1.11128,1.11002,1.11084,31702900.3906,1.1113105228371198,0,0,,0,0.0
21.08.2003 00:00:00.000,1.11067,1.11088,1.10827,1.1084,34220000.0,1.1110866364650338,0,0,,0,0.0
21.08.2003 01:00:00.000,1.10845,1.10918,1.10798,1.1082,33957199.2188,1.1108645875061853,0,0,,0,0.0
21.08.2003 02:00:00.000,1.10815,1.10937,1.10778,1.10833,31675699.2188,1.1106696192364789,0,0,,0,0.0
21.08.2003 03:00:00.000,1.1083,1.10902,1.10811,1.10842,29779500.0,1.1104965716029036,0,0,,0,0.0
21.08.2003 04:00:00.000,1.10828,1.10884,1.10804,1.10834,30885800.7813,1.1103306814796035,0,0,,0,0.0
21.08.2003 05:00:00.000,1.10826,1.10845,1.10618,1.1065,30812599.6094,1.1100360136734801,0,0,,0,0.0
21.08.2003 06:00:00.000,1.10643,1.10814,1.10171,1.1021,34514300.7813,1.1094255510832125,0,0,,0,0.0
21.08.2003 07:00:00.000,1.10228,1.10258,1.09843,1.10018,31532900.3906,1.1087143548460423,0,0,,0,0.0
21.08.2003 08:00:00.000,1.10009,1.10145,1.09976,1.10006,31237500.0,1.1080486352425005,0,0,,0,0.0
21.08.2003 09:00:00.000,1.10048,1.10146,1.09741,1.09752,30758900.3906,1.1072387402238466,0,0,,0,0.0
21.08.2003 10:00:00.000,1.09782,1.09936,1.0974,1.09891,30300000.0,1.1065980678989353,0,0,,0,0.0
21.08.2003 11:00:00.000,1.0988,1.10048,1.09845,1.1,31893199.2188,1.106090524214402,0,0,,0,0.0
21.08.2003 12:00:00.000,1.10002,1.10127,1.09781,1.0995,32113300.7813,1.1055835608132942,0,0,,0,0.0
21.08.2003 13:00:00.000,1.0992,1.10065,1.09815,1.09845,30811199.2188,1.105034825366118,0,0,,0,0.0
21.08.2003 14:00:00.000,1.09827,1.09883,1.0957,1.09601,31727800.7813,1.1043406080302627,1,0,,0,0.0
21.08.2003 15:00:00.000,1.09608,1.0987,1.096,1.09765,32509099.6094,1.1038259458740887,1,0,,0,0.0
21.08.2003 16:00:00.000,1.09718,1.09735,1.09008,1.09377,297253687.5,1.1030524115760818,1,0,,0,0.0
21.08.2003 17:00:00.000,1.09361,1.09441,1.08826,1.09114,132300703.125,1.1021360722240756,1,2,1.0872600000000001,0,0.0
21.08.2003 18:00:00.000,1.09102,1.09276,1.0904,1.09256,145617500.0,1.1013994512837622,1,0,,0,0.0
21.08.2003 19:00:00.000,1.09246,1.09261,1.09129,1.09168,106942898.4375,1.1006518011850113,1,0,,0,0.0
21.08.2003 20:00:00.000,1.09156,1.09297,1.09154,1.09196,63218300.7813,1.0999832010938566,1,0,,0,0.0
21.08.2003 21:00:00.000,1.09133,1.09275,1.09133,1.0926,29131500.0,1.0994152625481755,1,0,,0,0.0
21.08.2003 22:00:00.000,1.09237,1.09281,1.09187,1.09235,30306300.7813,1.0988717808137005,1,0,,0,0.0
21.08.2003 23:00:00.000,1.09265,1.09353,1.09209,1.09295,31475400.3906,1.0984162592126465,1,0,,0,0.0
22.08.2003 00:00:00.000,1.09287,1.09334,1.09179,1.09188,31653400.3906,1.097913470042443,1,0,,0,0.0
22.08.2003 01:00:00.000,1.09191,1.09301,1.09181,1.0923,32610500.0,1.0974816646545629,1,0,,0,0.0
22.08.2003 02:00:00.000,1.09231,1.09311,1.09178,1.09282,30306599.6094,1.0971230750657506,1,0,,0,0.0
22.08.2003 03:00:00.000,1.0927,1.09348,1.09213,1.0922,29788699.2188,1.0967443769837697,1,0,,0,0.0
22.08.2003 04:00:00.000,1.09223,1.09322,1.09214,1.09272,32152099.6094,1.0964348095234797,1,0,,0,0.0
22.08.2003 05:00:00.000,1.09282,1.09337,1.09243,1.0931,30707099.6094,1.0961782857139812,1,0,,0,0.0
22.08.2003 06:00:00.000,1.09308,1.0934,1.08947,1.09298,30563000.0,1.0959322637359827,1,0,,0,0.0
22.08.2003 07:00:00.000,1.09308,1.09445,1.0916,1.09202,31377800.7813,1.0956313203716763,1,1,1.0954499999999998,0,0.0
22.08.2003 08:00:00.000,1.09177,1.09335,1.09169,1.09233,30651099.6094,1.0953773726507783,1,0,,0,0.0
22.08.2003 09:00:00.000,1.09242,1.09268,1.09081,1.09136,31247900.3906,1.095068343985334,1,0,,0,0.0
22.08.2003 10:00:00.000,1.09124,1.09199,1.0902,1.09097,31291699.2188,1.094753086755693,1,0,,0,0.0
22.08.2003 11:00:00.000,1.09103,1.09133,1.09,1.09031,31619699.2188,1.094411310851409,1,0,,0,0.0
22.08.2003 12:00:00.000,1.09046,1.09058,1.08638,1.08752,31880199.2188,1.0938812100166855,1,0,,0,0.0
22.08.2003 13:00:00.000,1.08734,1.08844,1.08355,1.08382,31789300.7813,1.0931072707846328,1,0,,0,0.0
22.08.2003 14:00:00.000,1.08379,1.08614,1.0835,1.08567,30736900.3906,1.0925351730319688,1,2,1.0825,0,0.0
22.08.2003 15:00:00.000,1.08578,1.08731,1.08358,1.08704,31598599.6094,1.0921124674141252,1,0,,0,0.0
22.08.2003 16:00:00.000,1.08682,1.08845,1.08618,1.08791,297270093.75,1.0917892006899619,1,0,,0,0.0
22.08.2003 17:00:00.000,1.0877,1.08869,1.08718,1.0875,134660500.0,1.0914592621753494,1,0,,0,0.0
22.08.2003 18:00:00.000,1.0875,1.08921,1.08745,1.08848,142775593.75,1.091230088161861,1,0,,0,0.0
22.08.2003 19:00:00.000,1.08832,1.0891,1.08713,1.08895,104269601.5625,1.091054696764795,1,0,,0,0.0
22.08.2003 20:00:00.000,1.08872,1.08911,1.08687,1.08731,64241101.5625,1.0907666431675032,1,0,,0,0.0
24.08.2003 21:00:00.000,1.08496,1.08695,1.08469,1.08672,29861900.3906,1.0904553629238491,1,0,,0,0.0
24.08.2003 22:00:00.000,1.08677,1.08692,1.08476,1.08503,30470300.7813,1.0900380273143224,1,0,,0,0.0
24.08.2003 23:00:00.000,1.08503,1.08647,1.08488,1.08551,31729900.3906,1.089689717520913,1,0,,0,0.0
25.08.2003 00:00:00.000,1.08533,1.0873,1.08517,1.08697,31730599.6094,1.089480508480843,1,0,,0,0.0
25.08.2003 01:00:00.000,1.08704,1.08757,1.08603,1.08672,33275898.4375,1.0892681616746243,1,0,,0,0.0
25.08.2003 02:00:00.000,1.08655,1.08744,1.08629,1.08683,31569900.3906,1.0890806107765765,1,0,,0,0.0
25.08.2003 03:00:00.000,1.08695,1.08715,1.08628,1.08668,29016400.3906,1.0888959484091476,1,0,,0,0.0
25.08.2003 04:00:00.000,1.08667,1.08717,1.0861,1.08695,31690599.6094,1.0887462600699827,1,0,,0,0.0
25.08.2003 05:00:00.000,1.08679,1.08733,1.0862,1.08722,28100000.0,1.088628855449215,1,0,,0,0.0
25.08.2003 06:00:00.000,1.0871,1.08789,1.08669,1.08699,31877300.7813,1.0885027896454291,1,0,,0,0.0
25.08.2003 07:00:00.000,1.08711,1.08831,1.08688,1.08805,31295500.0,1.0884679596727038,1,0,,0,0.0
25.08.2003 08:00:00.000,1.0879,1.09169,1.08789,1.09046,32708300.7813,1.0886211935440344,0,1,1.09269,0,0.0
25.08.2003 09:00:00.000,1.09047,1.09088,1.08986,1.0903,31320099.6094,1.0887503325021857,0,0,,0,0.0
25.08.2003 10:00:00.000,1.09052,1.09108,1.08963,1.08974,31252099.6094,1.0888264607712483,0,0,,0,0.0
25.08.2003 11:00:00.000,1.08976,1.09018,1.0882,1.08879,33438101.5625,1.088823656096537,0,0,,0,0.0
25.08.2003 12:00:00.000,1.0887,1.08942,1.08793,1.08888,30681500.0,1.0888279902429574,0,0,,0,0.0
25.08.2003 13:00:00.000,1.08893,1.09134,1.08853,1.09007,31862500.0,1.0889235294550375,0,0,,0,0.0
25.08.2003 14:00:00.000,1.09025,1.09054,1.08877,1.09001,32033599.6094,1.0890071041123421,0,0,,0,0.0
25.08.2003 15:00:00.000,1.08988,1.0905,1.08783,1.08929,31798099.6094,1.0890288653344697,0,0,,0,0.0
25.08.2003 16:00:00.000,1.08886,1.08901,1.08443,1.08666,297887812.5,1.0888466449241259,0,0,,0,0.0
25.08.2003 17:00:00.000,1.08662,1.08849,1.08625,1.08827,132740203.125,1.08880228762227,0,0,,0,0.0
25.08.2003 18:00:00.000,1.08803,1.08937,1.08756,1.08783,147977203.125,1.0887274962667108,0,0,,0,0.0
25.08.2003 19:00:00.000,1.08791,1.0885,1.08658,1.08697,108145898.4375,1.0885923042461947,0,0,,0,0.0
25.08.2003 20:00:00.000,1.0869,1.08717,1.08566,1.08705,61380699.2188,1.0884736654580258,0,0,,0,0.0
25.08.2003 21:00:00.000,1.0867,1.08721,1.08436,1.08449,29726900.3906,1.0881672296535625,0,0,,0,0.0
25.08.2003 22:00:00.000,1.08472,1.08496,1.08228,1.08257,29005000.0,1.0877366735263654,0,0,,0,0.0
25.08.2003 23:00:00.000,1.08266,1.08333,1.07973,1.08265,32260900.3906,1.0873453909474144,0,2,1.0787300000000002,0,0.0
26.08.2003 00:00:00.000,1.08269,1.08439,1.08247,1.08316,32174800.7813,1.0870234377976133,0,0,,0,0.0
26.08.2003 01:00:00.000,1.08332,1.08484,1.08315,1.08405,31758300.7813,1.0867947118131815,0,0,,0,0.0
26.08.2003 02:00:00.000,1.08389,1.08471,1.08364,1.08392,29983000.0,1.0865735801352447,0,0,,0,0.0
26.08.2003 03:00:00.000,1.08404,1.0845,1.08308,1.08336,28966400.3906,1.0863263816633029,0,0,,0,0.0
26.08.2003 04:00:00.000,1.08335,1.08419,1.08238,1.08419,31816599.6094,1.0861620446122797,0,0,,0,0.0
26.08.2003 05:00:00.000,1.08438,1.08659,1.08362,1.08534,29030400.3906,1.0860988104113352,0,0,,0,0.0
26.08.2003 06:00:00.000,1.0851,1.08609,1.08432,1.08492,32264500.0,1.0860081326873865,0,0,,0,0.0
26.08.2003 07:00:00.000,1.08515,1.0863,1.08472,1.08522,32346699.2188,1.0859475070960491,0,0,,0,0.0
26.08.2003 08:00:00.000,1.08527,1.08606,1.08363,1.08553,32606599.6094,1.0859153911655839,1,0,,0,0.0
26.08.2003 09:00:00.000,1.08547,1.08579,1.08189,1.08223,30137099.6094,1.085631899537462,1,0,,0,0.0
26.08.2003 10:00:00.000,1.08232,1.0837,1.08057,1.08077,30524000.0,1.0852579072653497,1,0,,0,0.0
26.08.2003 11:00:00.000,1.08059,1.08211,1.07911,1.08173,33522601.5625,1.0849865297833998,1,2,1.0781100000000001,0,0.0
26.08.2003 12:00:00.000,1.08202,1.08292,1.08075,1.08111,33719398.4375,1.0846883351846768,1,0,,0,0.0
26.08.2003 13:00:00.000,1.08085,1.08255,1.08065,1.08173,31389300.7813,1.0844607709397016,1,0,,0,0.0
26.08.2003 14:00:00.000,1.08165,1.08801,1.08092,1.08798,31502300.7813,1.084731480867417,0,0,,0,0.0
26.08.2003 15:00:00.000,1.088,1.09052,1.08645,1.08888,31430300.7813,1.0850505977237697,0,0,,0,0.0
26.08.2003 16:00:00.000,1.08892,1.09038,1.08826,1.08932,290899000.0,1.0853790132834797,0,0,,0,0.0
26.08.2003 17:00:00.000,1.08922,1.0908,1.08883,1.08935,136454593.75,1.0856844738001352,0,1,1.0917999999999999,0,0.0
26.08.2003 18:00:00.000,1.08897,1.09017,1.08797,1.08809,146766796.875,1.085869514277048,0,0,,0,0.0
26.08.2003 19:00:00.000,1.08807,1.08839,1.08659,1.08697,106877398.4375,1.0859541670249675,0,0,,0,0.0
26.08.2003 20:00:00.000,1.08702,1.08753,1.08479,1.08512,62939398.4375,1.0858900003307392,0,0,,0,0.0
26.08.2003 21:00:00.000,1.08474,1.08654,1.08453,1.08567,30951900.3906,1.0858730772283747,0,0,,0,0.0
26.08.2003 22:00:00.000,1.08566,1.08708,1.08514,1.08675,29887699.2188,1.085940532826192,0,0,,0,0.0
26.08.2003 23:00:00.000,1.08662,1.08796,1.08662,1.08739,32191000.0,1.0860520303011003,0,0,,0,0.0
27.08.2003 00:00:00.000,1.08714,1.08766,1.08583,1.0859,32962500.0,1.086040335662554,0,0,,0,0.0
27.08.2003 01:00:00.000,1.08589,1.08746,1.08558,1.08605,32669000.0,1.0860410790731267,0,0,,0,0.0
27.08.2003 02:00:00.000,1.08594,1.08671,1.08519,1.08578,30915300.7813,1.0860209960675016,0,0,,0,0.0
27.08.2003 03:00:00.000,1.08555,1.08634,1.0853,1.08585,25886400.3906,1.0860078425238477,0,0,,0,0.0
27.08.2003 04:00:00.000,1.08602,1.0862,1.08303,1.08391,30914699.2188,1.0858464700220134,0,2,1.08203,0,0.0
27.08.2003 05:00:00.000,1.08372,1.08684,1.0837,1.08665,31046099.6094,1.08590828002032,0,0,,0,0.0
27.08.2003 06:00:00.000,1.08661,1.08706,1.08505,1.0857,34450699.2188,1.0858922584802955,0,0,,0,0.0
27.08.2003 07:00:00.000,1.08564,1.08755,1.08508,1.08589,31017500.0,1.085892084751042,0,0,,0,0.0
27.08.2003 08:00:00.000,1.08596,1.08923,1.08521,1.08905,30191900.3906,1.0861350013086541,0,0,,0,0.0
27.08.2003 09:00:00.000,1.08868,1.08984,1.08824,1.08979,32388000.0,1.0864161550541425,0,0,,0,0.0
27.08.2003 10:00:00.000,1.08975,1.09035,1.0882,1.08927,30674500.0,1.0866356815884393,0,0,,0,0.0
27.08.2003 11:00:00.000,1.08913,1.09288,1.08907,1.09095,30910500.0,1.0869675522354825,0,1,1.09388,0,0.0
27.08.2003 12:00:00.000,1.091,1.09159,1.08942,1.09103,32022599.6094,1.0872800482173686,0,0,,0,0.0
27.08.2003 13:00:00.000,1.09117,1.09184,1.08988,1.09171,32303699.2188,1.0876208137391095,0,0,,0,0.0
27.08.2003 14:00:00.000,1.0918,1.09184,1.0885,1.08937,30959800.7813,1.087755366528409,0,0,,0,0.0
27.08.2003 15:00:00.000,1.08904,1.09075,1.08879,1.09042,31474000.0,1.087960338333916,0,0,,0,0.0
27.08.2003 16:00:00.000,1.09023,1.0909,1.08894,1.08995,294152187.5,1.088113389231307,0,0,,0,0.0
27.08.2003 17:00:00.000,1.09005,1.09038,1.08724,1.08805,135215593.75,1.088108513136591,0,0,,0,0.0
27.08.2003 18:00:00.000,1.0878,1.08866,1.08664,1.08787,147892406.25,1.088090165972238,0,0,,0,0.0
27.08.2003 19:00:00.000,1.08791,1.08832,1.08634,1.08755,105443203.125,1.0880486147436044,0,0,,0,0.0
27.08.2003 20:00:00.000,1.08736,1.0889,1.08711,1.0883,64000601.5625,1.0880679520710195,0,0,,0,0.0
27.08.2003 21:00:00.000,1.08786,1.0885,1.08675,1.08698,30042300.7813,1.087984263450172,0,0,,0,0.0
27.08.2003 22:00:00.000,1.08697,1.08715,1.08586,1.08646,30332800.7813,1.0878670124155434,0,0,,0,0.0
27.08.2003 23:00:00.000,1.08637,1.08684,1.08453,1.08512,31420099.6094,1.087655703768194,0,0,,0,0.0
28.08.2003 00:00:00.000,1.08491,1.08656,1.08402,1.08573,32612400.3906,1.0875075727091021,0,0,,0,0.0
28.08.2003 01:00:00.000,1.08565,1.08621,1.08519,1.08564,33351601.5625,1.0873639132699406,0,0,,0,0.0
28.08.2003 02:00:00.000,1.0857,1.08594,1.08401,1.08512,31088099.6094,1.0871913045568684,0,0,,0,0.0
28.08.2003 03:00:00.000,1.08516,1.08548,1.08466,1.08488,31854699.2188,1.087013511898648,0,0,,0,0.0
28.08.2003 04:00:00.000,1.08512,1.08584,1.08476,1.08503,33248500.0,1.0868609340602904,0,0,,0,0.0
28.08.2003 05:00:00.000,1.0848,1.08596,1.08478,1.08566,31900500.0,1.0867685545171912,0,0,,0,0.0
28.08.2003 06:00:00.000,1.08538,1.08575,1.08377,1.08498,31990400.3906,1.0866309734004844,0,0,,0,0.0
28.08.2003 07:00:00.000,1.08489,1.08588,1.08459,1.08525,31719000.0,1.0865247446773703,0,0,,0,0.0
28.08.2003 08:00:00.000,1.08517,1.08755,1.08515,1.08668,31631400.3906,1.0865366873944957,0,0,,0,0.0
28.08.2003 09:00:00.000,1.08659,1.0873,1.08486,1.08532,32997601.5625,1.0864430960564575,0,0,,0,0.0
28.08.2003 10:00:00.000,1.08552,1.08584,1.08142,1.08169,31284800.7813,1.0860774732828837,0,0,,0,0.0
28.08.2003 11:00:00.000,1.08181,1.08321,1.08082,1.0831,31780099.6094,1.0858484368765082,0,2,1.07982,0,0.0
28.08.2003 12:00:00.000,1.08324,1.08446,1.08143,1.08379,31940099.6094,1.0856900955783153,0,0,,0,0.0
28.08.2003 13:00:00.000,1.08375,1.08825,1.08375,1.08724,31680800.7813,1.0858093189953681,0,0,,0,0.0
28.08.2003 14:00:00.000,1.0872,1.09066,1.0871,1.09056,32607099.6094,1.0861747559957244,0,0,,0,0.0
28.08.2003 15:00:00.000,1.0904,1.09114,1.08829,1.08932,33618398.4375,1.0864166978422072,0,1,1.0921399999999999,0,0.0
28.08.2003 16:00:00.000,1.08925,1.0898,1.08766,1.08855,289673406.25,1.0865807980081914,0,0,,0,0.0
28.08.2003 17:00:00.000,1.08846,1.08901,1.08651,1.08739,135422406.25,1.0866430443152537,0,0,,0,0.0
28.08.2003 18:00:00.000,1.08745,1.0881,1.08618,1.08682,145300203.125,1.0866566562910036,0,0,,0,0.0
28.08.2003 19:00:00.000,1.08686,1.08784,1.08651,1.08693,104711000.0,1.0866776827301572,0,0,,0,0.0
28.08.2003 20:00:00.000,1.08696,1.08853,1.08661,1.08781,62229601.5625,1.0867647840586068,0,0,,0,0.0
28.08.2003 21:00:00.000,1.08773,1.08932,1.08752,1.08802,31200699.2188,1.0868613391310216,0,0,,0,0.0
28.08.2003 22:00:00.000,1.08789,1.08893,1.08757,1.08875,31920800.7813,1.0870066207363276,0,0,,0,0.0
28.08.2003 23:00:00.000,1.0886,1.08965,1.08791,1.08791,30212599.6094,1.0870761114489178,0,0,,0,0.0
29.08.2003 00:00:00.000,1.08784,1.08939,1.08777,1.08876,32141800.7813,1.0872056413374627,0,0,,0,0.0
29.08.2003 01:00:00.000,1.08862,1.08927,1.08858,1.08885,34080800.7813,1.0873321304653503,0,0,,0,0.0
29.08.2003 02:00:00.000,1.08878,1.08923,1.08814,1.08825,32352300.7813,1.0874027358141696,0,0,,0,0.0
29.08.2003 03:00:00.000,1.08816,1.08832,1.08686,1.0872,30363000.0,1.0873871407515412,0,0,,0,0.0
29.08.2003 04:00:00.000,1.0871,1.08811,1.08678,1.08761,31420800.7813,1.0874042837706535,0,0,,0,0.0
29.08.2003 05:00:00.000,1.08772,1.08824,1.08701,1.08724,31095099.6094,1.0873916465575264,0,0,,0,0.0
29.08.2003 06:00:00.000,1.08735,1.08993,1.08698,1.08925,33052898.4375,1.0875345968223322,0,0,,0,0.0
29.08.2003 07:00:00.000,1.08961,1.09166,1.08871,1.09035,31491300.7813,1.0877511662975374,0,0,,0,0.0
29.08.2003 08:00:00.000,1.09038,1.09216,1.08996,1.09059,31436099.6094,1.0879695381208039,0,0,,0,0.0
29.08.2003 09:00:00.000,1.09079,1.09158,1.08991,1.0904,32016000.0,1.088156496726896,0,0,,0,0.0
29.08.2003 10:00:00.000,1.09055,1.09117,1.08848,1.09029,32244699.2188,1.0883206123632887,0,0,,0,0.0
29.08.2003 11:00:00.000,1.0905,1.09353,1.08952,1.09227,32771199.2188,1.0886244114122665,0,0,,0,0.0
29.08.2003 12:00:00.000,1.09234,1.09483,1.09194,1.09373,32881101.5625,1.0890171489959384,0,0,,0,0.0
29.08.2003 13:00:00.000,1.09402,1.09714,1.09386,1.09559,31840800.7813,1.0895227529193279,0,0,,0,0.0
29.08.2003 14:00:00.000,1.09568,1.09829,1.09359,1.09717,32280800.7813,1.0901110026947642,0,0,,0,0.0
29.08.2003 15:00:00.000,1.09708,1.09964,1.09691,1.09866,32840898.4375,1.0907686178720901,0,1,1.1006399999999998,0,0.0
29.08.2003 16:00:00.000,1.09835,1.09907,1.09595,1.09636,289194093.75,1.0911987241896217,0,0,,0,0.0
29.08.2003 17:00:00.000,1.09634,1.0971,1.09582,1.0969,133887093.75,1.0916372838673432,0,0,,0,0.0
29.08.2003 18:00:00.000,1.09692,1.09806,1.0966,1.09787,146016203.125,1.0921167235698552,0,0,,0,0.0
29.08.2003 19:00:00.000,1.09798,1.09895,1.0976,1.09856,107757000.0,1.092612360218328,0,0,,0,0.0
29.08.2003 20:00:00.000,1.09868,1.09891,1.09716,1.09817,63681800.7813,1.0930398709707643,0,0,,0,0.0
31.08.2003 21:00:00.000,1.09873,1.09938,1.09794,1.09826,26239900.3906,1.0934414193576287,0,0,,0,0.0
31.08.2003 22:00:00.000,1.0984,1.09932,1.09809,1.0988,28700000.0,1.0938536178685805,2,0,,0,0.0
31.08.2003 23:00:00.000,1.09861,1.09936,1.098,1.09887,33452601.5625,1.0942394934171513,2,0,,0,0.0
01.09.2003 00:00:00.000,1.09882,1.09902,1.09751,1.09766,32143199.2188,1.0945026093081398,2,0,,0,0.0
01.09.2003 01:00:00.000,1.09734,1.09811,1.09694,1.09803,33167800.7813,1.0947739470536675,2,0,,0,0.0
01.09.2003 02:00:00.000,1.09798,1.09885,1.09725,1.09851,33710601.5625,1.095061335741847,2,0,,0,0.0
01.09.2003 03:00:00.000,1.09866,1.10018,1.0984,1.09918,33146199.2188,1.0953781560693971,2,0,,0,0.0
01.09.2003 04:00:00.000,1.09933,1.09949,1.09813,1.09828,31750699.2188,1.0956013748332898,2,0,,0,0.0
01.09.2003 05:00:00.000,1.09838,1.10125,1.09828,1.10036,29593400.3906,1.095967422923037,2,1,1.10225,0,0.0
01.09.2003 06:00:00.000,1.10054,1.10117,1.09902,1.09907,31181800.7813,1.096206082698188,2,0,,0,0.0
01.09.2003 07:00:00.000,1.09913,1.09913,1.09679,1.09749,32190099.6094,1.0963048455675581,2,0,,0,0.0
01.09.2003 08:00:00.000,1.09773,1.09871,1.09741,1.09799,29711199.2188,1.0964344728315922,2,0,,0,0.0
01.09.2003 09:00:00.000,1.09795,1.09849,1.09729,1.09776,31004699.2188,1.0965364364599313,2,0,,0,0.0
01.09.2003 10:00:00.000,1.09786,1.09868,1.09706,1.09771,30631599.6094,1.0966267105783982,2,0,,0,0.0
01.09.2003 11:00:00.000,1.09765,1.09839,1.09557,1.09632,31089300.7813,1.096603117456983,0,0,,0,0.0
01.09.2003 12:00:00.000,1.09597,1.09775,1.09487,1.09728,33851500.0,1.0966551853449074,0,2,1.0938700000000001,0,0.0
01.09.2003 13:00:00.000,1.09745,1.09832,1.097,1.09718,32612500.0,1.0966955557029916,0,0,,0,0.0
01.09.2003 14:00:00.000,1.09727,1.09744,1.09633,1.0969,33415898.4375,1.096711282187377,0,0,,0,0.0
01.09.2003 15:00:00.000,1.09687,1.09765,1.09527,1.09626,30931500.0,1.0966765681729636,0,0,,0,0.0
01.09.2003 16:00:00.000,1.09589,1.09719,1.09552,1.09601,293009406.25,1.0966252936981202,0,0,,0,0.0
01.09.2003 17:00:00.000,1.09594,1.09725,1.09563,1.09694,125591000.0,1.0966495018751878,0,0,,0,0.0
01.09.2003 18:00:00.000,1.09677,1.09713,1.0961,1.0963,88915101.5625,1.0966226171155582,0,0,,0,0.0
01.09.2003 19:00:00.000,1.09618,1.09692,1.09591,1.09652,40086800.7813,1.0966147234912844,0,0,,0,0.0
01.09.2003 20:00:00.000,1.09646,1.09748,1.096,1.09645,56939800.7813,1.0966020524534934,0,0,,0,0.0
01.09.2003 21:00:00.000,1.09598,1.097,1.09578,1.09598,29249099.6094,1.0965542022647632,0,0,,0,0.0
01.09.2003 22:00:00.000,1.09595,1.0962,1.0953,1.09548,27765599.6094,1.09647157132132,0,0,,0,0.0
01.09.2003 23:00:00.000,1.09584,1.09629,1.09503,1.09576,32530800.7813,1.0964168350658339,0,0,,0,0.0
02.09.2003 00:00:00.000,1.09581,1.0961,1.09348,1.09386,30173900.3906,1.0962201554453852,0,0,,0,0.0
02.09.2003 01:00:00.000,1.09411,1.09454,1.09332,1.0939,34861898.4375,1.0960416819495864,0,0,,0,0.0
02.09.2003 02:00:00.000,1.09373,1.0942,1.0926,1.09323,32293699.2188,1.0958253987226951,0,0,,0,0.0
02.09.2003 03:00:00.000,1.0931,1.09426,1.09275,1.09335,31174000.0,1.095634983436334,0,0,,0,0.0
02.09.2003 04:00:00.000,1.09343,1.09417,1.09252,1.0929,33206898.4375,1.0954246000950776,0,0,,0,0.0
02.09.2003 05:00:00.000,1.09292,1.09416,1.09234,1.09265,30173400.3906,1.0952111693185331,0,0,,0,0.0
02.09.2003 06:00:00.000,1.09269,1.09309,1.08946,1.09082,33158101.5625,1.0948733870632614,0,0,,0,0.0
02.09.2003 07:00:00.000,1.09093,1.0911,1.08672,1.08687,31190800.7813,1.094257741904549,0,0,,0,0.0
02.09.2003 08:00:00.000,1.08692,1.08707,1.08549,1.08642,30912400.3906,1.0936548386811222,0,0,,0,0.0
02.09.2003 09:00:00.000,1.08638,1.08654,1.08386,1.08555,31559300.7813,1.0930313895518053,0,0,,0,0.0
02.09.2003 10:00:00.000,1.08544,1.08636,1.08293,1.08594,31305500.0,1.0924858980478205,1,0,,0,0.0
02.09.2003 11:00:00.000,1.08584,1.08641,1.08399,1.08413,31871699.2188,1.0918431366595267,1,0,,0,0.0
02.09.2003 12:00:00.000,1.0844,1.08539,1.08389,1.08507,31680000.0,1.0913221261472557,1,0,,0,0.0
02.09.2003 13:00:00.000,1.08519,1.08654,1.08487,1.08616,30964300.7813,1.0909250395205439,1,0,,0,0.0
02.09.2003 14:00:00.000,1.0856,1.08891,1.08469,1.08603,30220599.6094,1.0905484980189637,1,0,,0,0.0
02.09.2003 15:00:00.000,1.08624,1.08749,1.08545,1.08705,16993400.3906,1.0902793827867356,1,0,,0,0.0
02.09.2003 16:00:00.000,1.08697,1.0873,1.08436,1.08555,288542593.75,1.089915584110833,1,0,,0,0.0
02.09.2003 17:00:00.000,1.08566,1.0857,1.08231,1.08428,133967406.25,1.089482077640769,1,0,,0,0.0
02.09.2003 18:00:00.000,1.08425,1.08453,1.08155,1.08213,150759093.75,1.0889165332068638,1,0,,0,0.0
02.09.2003 19:00:00.000,1.08228,1.08248,1.08064,1.08141,102393101.5625,1.0883391075755666,1,0,,0,0.0
02.09.2003 20:00:00.000,1.08138,1.08154,1.08014,1.08049,63193101.5625,1.0877353300697539,1,0,,0,0.0
02.09.2003 21:00:00.000,1.08047,1.08148,1.07991,1.08022,31285099.6094,1.0871572277566959,1,0,,0,0.0
02.09.2003 22:00:00.000,1.08032,1.08163,1.08003,1.08125,33096199.2188,1.0867028256215656,1,0,,0,0.0
02.09.2003 23:00:00.000,1.08125,1.08165,1.07975,1.08022,31028500.0,1.0862041467275991,1,0,,0,0.0
03.09.2003 00:00:00.000,1.08036,1.08152,1.07655,1.07777,34923601.5625,1.0855553662100916,1,0,,0,0.0
03.09.2003 01:00:00.000,1.07762,1.07837,1.07606,1.07697,33230800.7813,1.0848949534246999,1,2,1.0750600000000001,0,0.0
03.09.2003 02:00:00.000,1.07745,1.07976,1.07698,1.07907,34075800.7813,1.0844468800843385,1,0,,0,0.0
03.09.2003 03:00:00.000,1.07898,1.07993,1.07804,1.07962,30427699.2188,1.0840755816163126,1,0,,0,0.0
03.09.2003 04:00:00.000,1.0798,1.08,1.07777,1.07812,33136500.0,1.0836174599535193,1,0,,0,0.0
03.09.2003 05:00:00.000,1.07801,1.079,1.07788,1.07864,30117099.6094,1.0832345784186332,1,0,,0,0.0
03.09.2003 06:00:00.000,1.0787,1.08083,1.07766,1.07825,32916398.4375,1.0828511493095077,1,0,,0,0.0
03.09.2003 07:00:00.000,1.07825,1.07903,1.07653,1.07781,32935699.2188,1.0824633685933918,1,0,,0,0.0
03.09.2003 08:00:00.000,1.07786,1.08078,1.07775,1.07974,31617699.2188,1.0822538787015925,1,0,,0,0.0
03.09.2003 09:00:00.000,1.08006,1.08218,1.07988,1.0813,30354400.3906,1.0821805034168548,1,0,,0,0.0
03.09.2003 10:00:00.000,1.08126,1.08187,1.0781,1.0782,31383300.7813,1.0818743108463276,1,0,,0,0.0
03.09.2003 11:00:00.000,1.07842,1.07959,1.07777,1.07918,31955400.3906,1.0816670561658408,1,0,,0,0.0
03.09.2003 12:00:00.000,1.07925,1.07926,1.07748,1.07845,32650500.0,1.08141959030693,1,0,,0,0.0
03.09.2003 13:00:00.000,1.07863,1.0818,1.07835,1.08099,31980099.6094,1.0813865448987046,1,0,,0,0.0
03.09.2003 14:00:00.000,1.08163,1.08296,1.07998,1.08216,31559900.3906,1.081446041444958,0,0,,0,0.0
03.09.2003 15:00:00.000,1.08217,1.0857,1.08217,1.08416,33952800.7813,1.0816548074876537,0,0,,0,0.0
03.09.2003 16:00:00.000,1.0844,1.08579,1.08274,1.08453,296454500.0,1.0818759761424497,0,0,,0,0.0
03.09.2003 17:00:00.000,1.08488,1.08715,1.08457,1.0868,132598796.875,1.0822547472084152,0,1,1.08815,0,0.0
03.09.2003 18:00:00.000,1.0865,1.08666,1.08366,1.0841,147728906.25,1.0823966897308448,0,0,,0,0.0
03.09.2003 19:00:00.000,1.08403,1.0846,1.08306,1.08393,106783101.5625,1.082514636674626,0,0,,0,0.0
03.09.2003 20:00:00.000,1.08376,1.0846,1.08352,1.08444,64537398.4375,1.0826627415458088,0,0,,0,0.0
03.09.2003 21:00:00.000,1.08425,1.08501,1.08355,1.08382,31769199.2188,1.0827517614269004,0,0,,0,0.0
03.09.2003 22:00:00.000,1.08407,1.0842,1.08102,1.08102,31880400.3906,1.0826185490094467,0,0,,0,0.0
03.09.2003 23:00:00.000,1.08101,1.08242,1.0805,1.08167,33898101.5625,1.0825455837010276,0,0,,0,0.0
04.09.2003 00:00:00.000,1.08164,1.08347,1.08162,1.08275,32742199.2188,1.0825613080317178,0,0,,0,0.0
04.09.2003 01:00:00.000,1.08283,1.08342,1.08148,1.08201,30965400.3906,1.0825188997215858,0,0,,0,0.0
04.09.2003 02:00:00.000,1.08198,1.08484,1.08179,1.08474,32802000.0,1.0826897535891562,0,0,,0,0.0
04.09.2003 03:00:00.000,1.08463,1.08477,1.08358,1.08391,32444099.6094,1.0827836186976827,0,0,,0,0.0
04.09.2003 04:00:00.000,1.08393,1.08428,1.0829,1.08318,30864400.3906,1.0828141095670918,0,0,,0,0.0
04.09.2003 05:00:00.000,1.08315,1.08371,1.0824,1.08297,28645599.6094,1.082826101138854,0,0,,0,0.0
04.09.2003 06:00:00.000,1.08303,1.08428,1.08205,1.08257,32053500.0,1.08280640105125,0,0,,0,0.0
04.09.2003 07:00:00.000,1.08273,1.0839,1.08176,1.0839,32250199.2188,1.0828905240473077,0,0,,0,0.0
04.09.2003 08:00:00.000,1.08357,1.08367,1.08222,1.08314,32372699.2188,1.0829097145052071,0,0,,0,0.0
04.09.2003 09:00:00.000,1.08326,1.08471,1.08263,1.08339,32178300.7813,1.0829466595432682,0,0,,0,0.0
04.09.2003 10:00:00.000,1.08335,1.08473,1.0823,1.08254,31258000.0,1.0829153780399399,0,0,,0,0.0
04.09.2003 11:00:00.000,1.08231,1.08283,1.08078,1.0813,31416099.6094,1.0827911181907137,0,0,,0,0.0
04.09.2003 12:00:00.000,1.08122,1.08702,1.08075,1.08571,32426000.0,1.083015647560659,0,2,1.0797500000000002,0,0.0
04.09.2003 13:00:00.000,1.08538,1.08877,1.08532,1.08743,31595300.7813,1.083355213132916,0,0,,0,0.0
04.09.2003 14:00:00.000,1.08698,1.08967,1.08567,1.08946,32501699.2188,1.0838248121226919,0,0,,0,0.0
04.09.2003 15:00:00.000,1.08955,1.09062,1.08863,1.0897,33033500.0,1.0842767496517156,0,0,,0,0.0
04.09.2003 16:00:00.000,1.08965,1.09247,1.08954,1.09069,295004906.25,1.0847700766015838,0,0,,0,0.0
04.09.2003 17:00:00.000,1.09068,1.09197,1.09023,1.09147,135174500.0,1.0852854553245388,0,0,,0,0.0
04.09.2003 18:00:00.000,1.09157,1.0925,1.09096,1.0925,147614406.25,1.0858404202995744,0,0,,0,0.0
04.09.2003 19:00:00.000,1.0924,1.09419,1.09211,1.09405,103958703.125,1.0864719264303764,0,0,,0,0.0
04.09.2003 20:00:00.000,1.09395,1.09485,1.09352,1.094,64496699.2188,1.0870510090126553,0,0,,0,0.0
04.09.2003 21:00:00.000,1.09374,1.09474,1.09351,1.09351,30396699.2188,1.0875478544732204,0,0,,0,0.0
04.09.2003 22:00:00.000,1.09359,1.09388,1.0924,1.09336,30363199.2188,1.0879949425906652,0,0,,0,0.0
04.09.2003 23:00:00.000,1.09302,1.09403,1.09261,1.09305,31950500.0,1.0883837931606142,0,0,,0,0.0
05.09.2003 00:00:00.000,1.09326,1.0933,1.09196,1.09245,28789699.2188,1.0886965783021054,0,0,,0,0.0
05.09.2003 01:00:00.000,1.09241,1.09449,1.09219,1.09403,31764599.6094,1.0891068415096359,0,0,,0,0.0
05.09.2003 02:00:00.000,1.09388,1.09487,1.09328,1.09402,30752099.6094,1.0894847767781255,0,0,,0,0.0
05.09.2003 03:00:00.000,1.09418,1.09574,1.09387,1.09506,30561400.3906,1.0899136401028853,0,0,,0,0.0
05.09.2003 04:00:00.000,1.09513,1.09632,1.09473,1.09584,32488300.7813,1.090369513941125,2,0,,0,0.0
05.09.2003 05:00:00.000,1.09587,1.09677,1.09484,1.09518,31946099.6094,1.0907395513302693,2,0,,0,0.0
05.09.2003 06:00:00.000,1.09515,1.09578,1.09357,1.09412,30729900.3906,1.0909995858433257,2,0,,0,0.0
05.09.2003 07:00:00.000,1.0943,1.09457,1.09284,1.09384,31843599.6094,1.091218079239993,2,0,,0,0.0
05.09.2003 08:00:00.000,1.09372,1.0952,1.09347,1.09425,30008800.7813,1.0914513039138396,2,0,,0,0.0
05.09.2003 09:00:00.000,1.09466,1.09488,1.09287,1.09437,32536199.2188,1.0916758189973903,2,0,,0,0.0
05.09.2003 10:00:00.000,1.09436,1.09457,1.09234,1.09255,29407500.0,1.0917430636898988,2,0,,0,0.0
05.09.2003 11:00:00.000,1.09256,1.09327,1.09156,1.09233,32829300.7813,1.0917882126368297,2,0,,0,0.0
05.09.2003 12:00:00.000,1.09263,1.09295,1.0915,1.09283,14547700.1953,1.0918683501263042,2,2,1.0905,0,0.0
05.09.2003 13:00:00.000,1.10031,1.10441,1.09973,1.10305,29896900.3906,1.0927284770396657,2,0,,0,0.0
05.09.2003 14:00:00.000,1.1031,1.10413,1.10134,1.1029,32937101.5625,1.0935109018827684,2,0,,0,0.0
05.09.2003 15:00:00.000,1.1029,1.10755,1.10257,1.107,32980500.0,1.0945485248148632,2,0,,0,0.0
05.09.2003 16:00:00.000,1.10717,1.10921,1.10581,1.10895,294921187.5,1.0956563305983353,2,0,,0,0.0
05.09.2003 17:00:00.000,1.10891,1.10987,1.10834,1.10902,135517203.125,1.0966843051676942,2,0,,0,0.0
05.09.2003 18:00:00.000,1.10911,1.11116,1.10898,1.11026,147605703.125,1.097728589385564,2,1,1.1121599999999998,0,0.0
05.09.2003 19:00:00.000,1.11012,1.11077,1.10944,1.11017,106035703.125,1.0986856209712899,2,0,,0,0.0
05.09.2003 20:00:00.000,1.11029,1.11095,1.10948,1.11019,63685300.7813,1.0995705732042678,2,0,,0,0.0
07.09.2003 21:00:00.000,1.10973,1.11043,1.10762,1.10935,31099900.3906,1.1003228368039397,2,0,,0,0.0
07.09.2003 22:00:00.000,1.10947,1.11039,1.10836,1.1088,32795398.4375,1.10097492628056,2,0,,0,0.0
07.09.2003 23:00:00.000,1.10889,1.10946,1.10775,1.10892,34441898.4375,1.10158608579744,2,0,,0,0.0
08.09.2003 00:00:00.000,1.10899,1.11058,1.10872,1.10975,31776199.2188,1.102214079197637,2,0,,0,0.0
08.09.2003 01:00:00.000,1.10967,1.11038,1.10895,1.1094,33310800.7813,1.1027668423362804,2,0,,0,0.0
08.09.2003 02:00:00.000,1.10906,1.10934,1.10819,1.1087,33967601.5625,1.1032232390796435,2,0,,0,0.0
08.09.2003 03:00:00.000,1.10906,1.10922,1.10769,1.10781,29883800.7813,1.103576066842748,2,0,,0,0.0
08.09.2003 04:00:00.000,1.10798,1.10848,1.10733,1.10804,33095101.5625,1.1039194463163828,2,0,,0,0.0
08.09.2003 05:00:00.000,1.1082,1.10893,1.10734,1.10844,29960900.3906,1.1042671812151228,2,0,,0,0.0
08.09.2003 06:00:00.000,1.10843,1.1086,1.10661,1.1068,31212300.7813,1.1044620134293441,2,0,,0,0.0
08.09.2003 07:00:00.000,1.10688,1.10756,1.10636,1.10697,31584900.3906,1.1046549354732407,2,0,,0,0.0
08.09.2003 08:00:00.000,1.10679,1.10693,1.10494,1.10652,30801599.6094,1.1047984019752992,2,0,,0,0.0
08.09.2003 09:00:00.000,1.1065,1.10774,1.1058,1.10705,29518900.3906,1.1049716018233533,2,0,,0,0.0
08.09.2003 10:00:00.000,1.10749,1.1096,1.10589,1.10929,31270300.7813,1.1053037862984803,2,0,,0,0.0
08.09.2003 11:00:00.000,1.1094,1.10985,1.10779,1.10822,31735199.2188,1.1055281104293664,2,0,,0,0.0
08.09.2003 12:00:00.000,1.10847,1.10848,1.10448,1.10637,30333099.6094,1.1055928711655691,2,2,1.10348,0,0.0
08.09.2003 13:00:00.000,1.10638,1.10743,1.1061,1.10644,30190199.2188,1.105658034922064,2,0,,0,0.0
08.09.2003 14:00:00.000,1.10617,1.10996,1.10577,1.10971,33102000.0,1.1059697245434439,2,0,,0,0.0
08.09.2003 15:00:00.000,1.1096,1.11245,1.10889,1.11225,31752199.2188,1.1064528226554868,2,0,,0,0.0
08.09.2003 16:00:00.000,1.11224,1.11282,1.1101,1.11215,294217187.5,1.1068910670666032,2,1,1.1138199999999998,0,0.0
08.09.2003 17:00:00.000,1.11206,1.1124,1.10873,1.10901,135359296.875,1.107054061907634,2,0,,0,0.0
08.09.2003 18:00:00.000,1.10896,1.11048,1.1082,1.1093,148587406.25,1.1072268263762775,2,0,,0,0.0
08.09.2003 19:00:00.000,1.10927,1.10966,1.10708,1.10743,103963796.875,1.1072424551165638,2,0,,0,0.0
08.09.2003 20:00:00.000,1.10737,1.10739,1.10582,1.10619,64652000.0,1.1071614970306745,0,0,,0,0.0
08.09.2003 21:00:00.000,1.10625,1.10712,1.10595,1.10677,29898599.6094,1.1071313818744688,0,0,,0,0.0
08.09.2003 22:00:00.000,1.1068,1.10725,1.10622,1.1063,28264599.6094,1.1070674294225866,0,0,,0,0.0
08.09.2003 23:00:00.000,1.10623,1.10722,1.10602,1.10653,32856699.2188,1.1070260886977723,0,0,,0,0.0
09.09.2003 00:00:00.000,1.10657,1.10713,1.10514,1.10578,33666699.2188,1.1069302357210205,0,2,1.1041400000000001,0,0.0
09.09.2003 01:00:00.000,1.10594,1.1072,1.10551,1.10682,33767800.7813,1.1069217560501727,0,0,,0,0.0
09.09.2003 02:00:00.000,1.10673,1.10899,1.10666,1.10873,33136500.0,1.1070608517386211,0,0,,0,0.0
09.09.2003 03:00:00.000,1.10879,1.10986,1.1083,1.10924,32092800.7813,1.107228478527958,0,0,,0,0.0
09.09.2003 04:00:00.000,1.10942,1.10965,1.10833,1.10926,32060099.6094,1.1073847494104228,0,0,,0,0.0
09.09.2003 05:00:00.000,1.10937,1.11112,1.10901,1.1091,32526099.6094,1.1075166917634673,0,0,,0,0.0
09.09.2003 06:00:00.000,1.10916,1.11229,1.10894,1.11029,31747599.6094,1.1077300231662774,0,0,,0,0.0
09.09.2003 07:00:00.000,1.11048,1.11151,1.10804,1.10927,33025199.2188,1.1078484829227178,0,0,,0,0.0
09.09.2003 08:00:00.000,1.10936,1.11083,1.1085,1.11054,30201300.7813,1.1080555226978934,0,0,,0,0.0
09.09.2003 09:00:00.000,1.11065,1.11159,1.10985,1.1114,34061898.4375,1.108312790182671,0,0,,0,0.0
09.09.2003 10:00:00.000,1.11114,1.11369,1.11113,1.11228,31771000.0,1.1086179601686195,0,0,,0,0.0
09.09.2003 11:00:00.000,1.11233,1.11482,1.11079,1.11367,33875898.4375,1.1090065786171872,0,0,,0,0.0
09.09.2003 12:00:00.000,1.11372,1.11493,1.11278,1.11484,32505500.0,1.109455303338942,0,0,,0,0.0
09.09.2003 13:00:00.000,1.11484,1.11788,1.11484,1.11788,32589900.3906,1.1101033569282543,0,0,,0,0.0
09.09.2003 14:00:00.000,1.11802,1.11961,1.11739,1.11835,32274400.3906,1.1107377140876193,0,0,,0,0.0
09.09.2003 15:00:00.000,1.1182,1.11894,1.11695,1.11887,34995800.7813,1.111363274542418,0,0,,0,0.0
09.09.2003 16:00:00.000,1.11873,1.1238,1.11831,1.12219,290415187.5,1.1121960995776166,0,0,,0,0.0
09.09.2003 17:00:00.000,1.12193,1.12364,1.12181,1.12267,133831500.0,1.1130017842254922,0,0,,0,0.0
09.09.2003 18:00:00.000,1.12265,1.1239,1.12201,1.12233,149019000.0,1.11371933928507,2,1,1.1248999999999998,0,0.0
09.09.2003 19:00:00.000,1.1223,1.12316,1.1217,1.12301,106942898.4375,1.1144340054939108,2,0,,0,0.0
09.09.2003 20:00:00.000,1.12306,1.12375,1.12177,1.12208,63845898.4375,1.1150221589174563,2,0,,0,0.0
09.09.2003 21:00:00.000,1.12169,1.12295,1.12169,1.12262,32658099.6094,1.1156066082314982,2,0,,0,0.0
09.09.2003 22:00:00.000,1.12247,1.12303,1.12175,1.12198,31203199.2188,1.1160968691367676,2,0,,0,0.0
09.09.2003 23:00:00.000,1.12182,1.12244,1.12138,1.12168,30956199.2188,1.1165263407416317,2,0,,0,0.0
10.09.2003 00:00:00.000,1.12169,1.12279,1.12142,1.12178,33023500.0,1.1169304683768908,2,0,,0,0.0
10.09.2003 01:00:00.000,1.122,1.12254,1.12156,1.12222,33237898.4375,1.1173373554248223,2,0,,0,0.0
10.09.2003 02:00:00.000,1.12213,1.12254,1.12144,1.12188,32370000.0,1.1176867896229128,2,0,,0,0.0
10.09.2003 03:00:00.000,1.12188,1.1222,1.12138,1.12157,30220800.7813,1.117985498113458,2,0,,0,0.0
10.09.2003 04:00:00.000,1.12186,1.12263,1.12126,1.1216,33212800.7813,1.1182635367201152,2,0,,0,0.0
10.09.2003 05:00:00.000,1.12153,1.12203,1.12114,1.1216,30396099.6094,1.1185201877416449,2,0,,0,0.0
10.09.2003 06:00:00.000,1.12158,1.12301,1.12138,1.12197,32282099.6094,1.1187855579153645,2,0,,0,0.0
10.09.2003 07:00:00.000,1.12206,1.12347,1.12123,1.12237,33135300.7813,1.1190612842295673,2,1,1.1244699999999999,0,0.0
10.09.2003 08:00:00.000,1.12202,1.12217,1.11815,1.11835,31818300.7813,1.1190065700580623,0,0,,0,0.0
10.09.2003 09:00:00.000,1.11841,1.12088,1.11838,1.12027,30926199.2188,1.119103756976673,0,0,,0,0.0
10.09.2003 10:00:00.000,1.12039,1.12093,1.1196,1.11998,31741199.2188,1.1191711602861598,0,0,,0,0.0
10.09.2003 11:00:00.000,1.11993,1.12059,1.11608,1.11678,31949500.0,1.1189872248795323,0,2,1.11508,0,0.0
10.09.2003 12:00:00.000,1.11682,1.12087,1.11608,1.12055,32716000.0,1.1191074383503374,0,2,1.11508,0,0.0
10.09.2003 13:00:00.000,1.12072,1.122,1.11903,1.12102,32644000.0,1.1192545584772347,0,0,,0,0.0
10.09.2003 14:00:00.000,1.12092,1.12201,1.11829,1.12118,33239898.4375,1.1194026693636014,0,0,,0,0.0
10.09.2003 15:00:00.000,1.12092,1.12112,1.11895,1.11923,33504800.7813,1.119389387104863,0,0,,0,0.0
10.09.2003 16:00:00.000,1.11913,1.11955,1.11696,1.11784,297263187.5,1.1192702034814122,0,0,,0,0.0
10.09.2003 17:00:00.000,1.11803,1.12197,1.11767,1.12149,137414093.75,1.119440957059765,0,0,,0,0.0
10.09.2003 18:00:00.000,1.12139,1.12187,1.12012,1.12124,147102203.125,1.1195793449782447,0,0,,0,0.0
10.09.2003 19:00:00.000,1.12115,1.1223,1.12031,1.12069,107237101.5625,1.1196647799799184,0,0,,0,0.0
10.09.2003 20:00:00.000,1.12084,1.12159,1.12024,1.12046,65009199.2188,1.1197259507506938,0,0,,0,0.0
10.09.2003 21:00:00.000,1.12032,1.12131,1.11972,1.12017,31802500.0,1.119760108385256,0,0,,0,0.0
10.09.2003 22:00:00.000,1.12021,1.12058,1.11874,1.11937,29374800.7813,1.1197301000479285,0,0,,0,0.0
10.09.2003 23:00:00.000,1.11902,1.11969,1.11717,1.11811,33145300.7813,1.1196054769673187,0,0,,0,0.0
11.09.2003 00:00:00.000,1.11792,1.11917,1.11784,1.11882,32545000.0,1.1195450556621405,0,0,,0,0.0
11.09.2003 01:00:00.000,1.1189,1.11944,1.11812,1.11919,33786601.5625,1.1195177436881296,0,0,,0,0.0
11.09.2003 02:00:00.000,1.11913,1.12058,1.11838,1.11985,32919300.7813,1.119543301865966,0,0,,0,0.0
11.09.2003 03:00:00.000,1.12015,1.12081,1.11943,1.12039,32396800.7813,1.119608432491661,0,0,,0,0.0
11.09.2003 04:00:00.000,1.12042,1.12131,1.11989,1.1204,31383900.3906,1.1196693222999947,0,0,,0,0.0
11.09.2003 05:00:00.000,1.1204,1.12242,1.1199,1.12237,30616800.7813,1.1198770667384566,0,0,,0,0.0
11.09.2003 06:00:00.000,1.12209,1.12553,1.12191,1.12417,31171800.7813,1.1202072923739599,0,0,,0,0.0
11.09.2003 07:00:00.000,1.12413,1.12695,1.12405,1.12526,32822300.7813,1.1205959621913477,0,1,1.1279499999999998,0,0.0
11.09.2003 08:00:00.000,1.12516,1.12644,1.12244,1.12246,33663898.4375,1.1207393497150901,0,0,,0,0.0
11.09.2003 09:00:00.000,1.12263,1.12318,1.12149,1.12202,33541800.7813,1.120837861275468,0,0,,0,0.0
11.09.2003 10:00:00.000,1.12231,1.12366,1.12098,1.12148,31616800.7813,1.1208872565619705,0,0,,0,0.0
11.09.2003 11:00:00.000,1.12155,1.12263,1.12044,1.12227,32863500.0,1.120993621441819,0,0,,0,0.0
11.09.2003 12:00:00.000,1.12235,1.12507,1.11838,1.11838,33726898.4375,1.1207925736386022,0,0,,0,0.0
11.09.2003 13:00:00.000,1.1183,1.12019,1.11537,1.11735,33774300.7813,1.1205277602817867,0,2,1.11437,0,0.0
11.09.2003 14:00:00.000,1.11731,1.11838,1.1154,1.11828,32017400.3906,1.120354855644726,0,0,,0,0.0
11.09.2003 15:00:00.000,1.11855,1.11931,1.11681,1.11845,33048699.2188,1.1202083282874395,0,0,,0,0.0
11.09.2003 16:00:00.000,1.11847,1.1201,1.11812,1.11919,293806500.0,1.1201299953422519,0,0,,0,0.0
11.09.2003 17:00:00.000,1.11889,1.11919,1.11753,1.11812,137728796.875,1.119975380315925,0,0,,0,0.0
11.09.2003 18:00:00.000,1.1183,1.12005,1.11809,1.11958,147046406.25,1.1199449664454693,0,0,,0,0.0
11.09.2003 19:00:00.000,1.11973,1.12131,1.11954,1.12041,104729101.5625,1.1199807382573563,0,0,,0,0.0
11.09.2003 20:00:00.000,1.12021,1.12089,1.11894,1.12059,64473800.7813,1.120027604545252,0,0,,0,0.0
11.09.2003 21:00:00.000,1.12024,1.12109,1.11952,1.11982,30803699.2188,1.1200116349648481,0,0,,0,0.0
11.09.2003 22:00:00.000,1.11994,1.12002,1.11853,1.11885,29735699.2188,1.1199222784290908,0,0,,0,0.0
11.09.2003 23:00:00.000,1.11878,1.119,1.11772,1.11831,34241101.5625,1.1197982570114684,0,0,,0,0.0
12.09.2003 00:00:00.000,1.11816,1.11959,1.1178,1.11836,31889300.7813,1.1196876218567402,0,0,,0,0.0
12.09.2003 01:00:00.000,1.11845,1.11901,1.11819,1.11875,32231900.3906,1.1196154970985295,0,0,,0,0.0
12.09.2003 02:00:00.000,1.11885,1.11949,1.11835,1.11872,33119500.0,1.119546612706335,0,0,,0,0.0
12.09.2003 03:00:00.000,1.11875,1.11932,1.11826,1.11872,30490900.3906,1.11948302711354,0,0,,0,0.0
12.09.2003 04:00:00.000,1.11862,1.11877,1.11772,1.11838,30605300.7813,1.119398178874037,0,0,,0,0.0
12.09.2003 05:00:00.000,1.11852,1.11883,1.11707,1.11814,31469000.0,1.1193013958837266,0,0,,0,0.0
12.09.2003 06:00:00.000,1.11798,1.11893,1.11648,1.11734,34039601.5625,1.119150519277286,0,0,,0,0.0
12.09.2003 07:00:00.000,1.11729,1.11878,1.11669,1.11807,32991199.2188,1.1190674024098024,0,0,,0,0.0
12.09.2003 08:00:00.000,1.11798,1.1184,1.1167,1.11677,32618500.0,1.11889067914751,0,0,,0,0.0
12.09.2003 09:00:00.000,1.11691,1.11788,1.11356,1.11416,33008800.7813,1.1185267807515478,0,0,,0,0.0
12.09.2003 10:00:00.000,1.1144,1.1156,1.11329,1.11517,30764699.2188,1.1182685668475825,0,2,1.11229,0,0.0
12.09.2003 11:00:00.000,1.11512,1.1169,1.11503,1.11658,31132699.2188,1.1181386770900763,0,0,,0,0.0
12.09.2003 12:00:00.000,1.11641,1.12589,1.11621,1.12461,32494599.6094,1.1186364711600705,0,0,,0,0.0
12.09.2003 13:00:00.000,1.12477,1.1311,1.1236,1.13073,30210599.6094,1.119566742609296,0,0,,0,0.0
12.09.2003 14:00:00.000,1.13133,1.13208,1.12807,1.13006,32677500.0,1.1203739162547346,0,1,1.1330799999999999,0,0.0
12.09.2003 15:00:00.000,1.12992,1.13112,1.12775,1.13068,32969398.4375,1.1211666919274474,0,0,,0,0.0
12.09.2003 16:00:00.000,1.13062,1.13187,1.12998,1.13154,294064500.0,1.1219646387022593,0,0,,0,0.0
12.09.2003 17:00:00.000,1.13145,1.13172,1.13013,1.13118,132673406.25,1.1226735126482392,0,0,,0,0.0
12.09.2003 18:00:00.000,1.13134,1.13136,1.12787,1.1285,144564796.875,1.1231217039829902,0,0,,0,0.0
12.09.2003 19:00:00.000,1.1286,1.1291,1.12796,1.12855,102464296.875,1.123539265215068,0,0,,0,0.0
12.09.2003 20:00:00.000,1.12856,1.12913,1.12765,1.12883,63243699.2188,1.123946244813909,0,0,,0,0.0
14.09.2003 21:00:00.000,1.12675,1.12716,1.12581,1.12589,29157699.2188,1.1240957644436085,0,0,,0,0.0
14.09.2003 22:00:00.000,1.12561,1.1264,1.12502,1.12639,29607699.2188,1.1242722441017925,0,0,,0,0.0
14.09.2003 23:00:00.000,1.12638,1.12779,1.12619,1.12748,31884500.0,1.1245189945555008,0,0,,0,0.0
15.09.2003 00:00:00.000,1.12744,1.12782,1.12632,1.1268,30083000.0,1.12469445651277,0,0,,0,0.0
15.09.2003 01:00:00.000,1.12688,1.12839,1.12666,1.12789,32312000.0,1.1249402675502491,0,0,,0,0.0
15.09.2003 02:00:00.000,1.12798,1.12844,1.12733,1.12809,31631500.0,1.1251825546617684,0,0,,0,0.0
15.09.2003 03:00:00.000,1.12823,1.12836,1.12711,1.12733,28234300.7813,1.1253477427647092,0,0,,0,0.0
15.09.2003 04:00:00.000,1.12733,1.1278,1.12686,1.12708,32927300.7813,1.1254809933212702,2,0,,0,0.0
15.09.2003 05:00:00.000,1.12707,1.12722,1.12565,1.12667,31105900.3906,1.12557245537348,2,0,,0,0.0
15.09.2003 06:00:00.000,1.12655,1.12706,1.12483,1.12518,29847400.3906,1.1255422664985972,0,0,,0,0.0
15.09.2003 07:00:00.000,1.12521,1.12863,1.12401,1.12809,32063800.7813,1.125738245998705,0,2,1.12301,0,0.0
15.09.2003 08:00:00.000,1.12821,1.12914,1.12631,1.1266,30637000.0,1.1258045347680357,0,0,,0,0.0
15.09.2003 09:00:00.000,1.12686,1.12699,1.12483,1.12565,31563599.6094,1.1257926474781867,0,0,,0,0.0
15.09.2003 10:00:00.000,1.12593,1.12757,1.12579,1.12746,32448300.7813,1.12592090536448,0,0,,0,0.0
15.09.2003 11:00:00.000,1.12742,1.12755,1.12596,1.12638,33445101.5625,1.1259562203364433,0,0,,0,0.0
15.09.2003 12:00:00.000,1.12671,1.1286,1.12567,1.12629,33831199.2188,1.1259818956951786,0,0,,0,0.0
15.09.2003 13:00:00.000,1.12628,1.12966,1.12628,1.12957,31373900.3906,1.1262579037186264,0,0,,0,0.0
15.09.2003 14:00:00.000,1.12945,1.12994,1.12802,1.12938,32592000.0,1.1264980649710399,0,0,,0,0.0
15.09.2003 15:00:00.000,1.12937,1.13061,1.12888,1.13028,32767199.2188,1.1267889830501907,0,0,,0,0.0
15.09.2003 16:00:00.000,1.13003,1.13082,1.12945,1.13012,296111906.25,1.127045215123253,0,0,,0,0.0
15.09.2003 17:00:00.000,1.13022,1.13077,1.12886,1.12996,135868906.25,1.1272694293445416,0,0,,0,0.0
15.09.2003 18:00:00.000,1.12972,1.13037,1.12916,1.12995,146820203.125,1.1274756270872692,0,0,,0,0.0
15.09.2003 19:00:00.000,1.12992,1.13,1.12731,1.12817,109059203.125,1.1275290403882487,0,0,,0,0.0
15.09.2003 20:00:00.000,1.12823,1.12868,1.12729,1.12787,62889101.5625,1.1275552680506913,0,0,,0,0.0
15.09.2003 21:00:00.000,1.12771,1.12877,1.12736,1.12785,30400300.7813,1.1275779397390997,0,0,,0,0.0
15.09.2003 22:00:00.000,1.12813,1.12857,1.12763,1.12809,31969000.0,1.1276173289899383,0,0,,0,0.0
15.09.2003 23:00:00.000,1.12814,1.12829,1.1271,1.12766,30377199.2188,1.1276206113753278,0,0,,0,0.0
16.09.2003 00:00:00.000,1.12765,1.12889,1.12736,1.12863,32356199.2188,1.1276982566541487,0,0,,0,0.0
16.09.2003 01:00:00.000,1.12867,1.13063,1.12861,1.13,34189000.0,1.1278753138345987,0,0,,0,0.0
16.09.2003 02:00:00.000,1.12988,1.13165,1.12962,1.12993,34869101.5625,1.1280333666165527,0,1,1.13265,0,0.0
16.09.2003 03:00:00.000,1.1301,1.13048,1.1296,1.12981,27941400.3906,1.1281700307229716,0,0,,0,0.0
16.09.2003 04:00:00.000,1.12988,1.1309,1.12931,1.13057,32158800.7813,1.1283546437442815,0,0,,0,0.0
16.09.2003 05:00:00.000,1.13065,1.1312,1.12991,1.13006,28473099.6094,1.1284858249947214,0,0,,0,0.0
16.09.2003 06:00:00.000,1.13016,1.13053,1.12633,1.12657,32223800.7813,1.1283384538412815,0,0,,0,0.0
16.09.2003 07:00:00.000,1.12636,1.12777,1.12499,1.12648,32526099.6094,1.1281954958534905,0,0,,0,0.0
16.09.2003 08:00:00.000,1.12615,1.1264,1.12338,1.12502,32709099.6094,1.1279512269416836,0,0,,0,0.0
16.09.2003 09:00:00.000,1.125,1.12548,1.12254,1.12433,31051300.7813,1.1276726710230927,0,0,,0,0.0
16.09.2003 10:00:00.000,1.1244,1.12447,1.12085,1.12111,30869400.3906,1.1271678501751625,0,0,,0,0.0
16.09.2003 11:00:00.000,1.12107,1.12242,1.12084,1.12199,30977500.0,1.1267695540078424,0,0,,0,0.0
16.09.2003 12:00:00.000,1.12205,1.1238,1.12157,1.12355,33032500.0,1.1265218960072392,0,0,,0,0.0
16.09.2003 13:00:00.000,1.1237,1.12459,1.12215,1.12357,31680500.0,1.1262948270836055,0,0,,0,0.0
16.09.2003 14:00:00.000,1.1237,1.12374,1.11838,1.11886,32505199.2188,1.1257229173079435,0,0,,0,0.0
16.09.2003 15:00:00.000,1.11876,1.11957,1.11677,1.1168,31488800.7813,1.1250365390534862,0,0,,0,0.0
16.09.2003 16:00:00.000,1.11663,1.11739,1.11563,1.11643,289946687.5,1.1243744975878336,0,0,,0,0.0
16.09.2003 17:00:00.000,1.11622,1.11763,1.11558,1.11686,135603593.75,1.1237964593118464,0,0,,0,0.0
16.09.2003 18:00:00.000,1.11692,1.11836,1.11523,1.11707,149581093.75,1.1232790393647811,0,0,,0,0.0
16.09.2003 19:00:00.000,1.11695,1.11793,1.11628,1.11737,105824796.875,1.1228244978751825,0,0,,0,0.0
16.09.2003 20:00:00.000,1.11763,1.11793,1.11616,1.11716,64116898.4375,1.122388767269399,0,0,,0,0.0
16.09.2003 21:00:00.000,1.11712,1.11801,1.11653,1.11653,29185699.2188,1.1219380928640608,0,0,,0,0.0
16.09.2003 22:00:00.000,1.11674,1.11719,1.11617,1.11678,31450199.2188,1.1215413164899024,1,0,,0,0.0
16.09.2003 23:00:00.000,1.11689,1.11741,1.11598,1.11632,31077900.3906,1.12113967675991,1,0,,0,0.0
17.09.2003 00:00:00.000,1.11625,1.11651,1.11439,1.1156,31557800.7813,1.1207135477783785,1,0,,0,0.0
17.09.2003 01:00:00.000,1.11549,1.11659,1.11545,1.11597,32438400.3906,1.120348659487734,1,0,,0,0.0
17.09.2003 02:00:00.000,1.11588,1.11668,1.11543,1.11553,30780000.0,1.119977993373293,1,0,,0,0.0
17.09.2003 03:00:00.000,1.11566,1.11617,1.11422,1.11479,30862099.6094,1.1195789169599628,1,0,,0,0.0
17.09.2003 04:00:00.000,1.11495,1.11587,1.11462,1.11537,31606800.7813,1.119255154116889,1,0,,0,0.0
17.09.2003 05:00:00.000,1.11537,1.11551,1.11366,1.11481,33326199.2188,1.1189132191848206,1,2,1.1126600000000002,0,0.0
17.09.2003 06:00:00.000,1.11483,1.11594,1.11374,1.11528,33692398.4375,1.1186337407859883,1,0,,0,0.0
17.09.2003 07:00:00.000,1.11566,1.11783,1.11556,1.11768,31830099.6094,1.118560376110143,1,0,,0,0.0
17.09.2003 08:00:00.000,1.11778,1.11839,1.11603,1.11625,31521500.0,1.1183826548709015,1,0,,0,0.0
17.09.2003 09:00:00.000,1.11618,1.11688,1.11508,1.11614,30409900.3906,1.1182101429577553,1,0,,0,0.0
17.09.2003 10:00:00.000,1.1163,1.1208,1.11628,1.11956,33580699.2188,1.118313978114851,0,0,,0,0.0
17.09.2003 11:00:00.000,1.1196,1.12176,1.11896,1.12138,30306800.7813,1.1185498259521702,0,0,,0,0.0
17.09.2003 12:00:00.000,1.12122,1.12239,1.12027,1.12057,31662099.6094,1.1187052239558495,0,0,,0,0.0
17.09.2003 13:00:00.000,1.12068,1.1234,1.12055,1.12254,30688199.2188,1.1190002067284766,0,0,,0,0.0
17.09.2003 14:00:00.000,1.12221,1.12366,1.12139,1.12352,32249900.3906,1.1193478831339783,0,0,,0,0.0
17.09.2003 15:00:00.000,1.12369,1.12427,1.12282,1.12368,31278699.2188,1.1196811228929031,0,0,,0,0.0
17.09.2003 16:00:00.000,1.12378,1.12486,1.12266,1.12385,295603687.5,1.1200018057472951,0,0,,0,0.0
17.09.2003 17:00:00.000,1.12374,1.12777,1.12362,1.12709,132230093.75,1.1205470514590417,0,0,,0,0.0
17.09.2003 18:00:00.000,1.12712,1.12989,1.12667,1.12947,146210796.875,1.1212334321160387,0,1,1.13089,0,0.0
17.09.2003 19:00:00.000,1.12961,1.12989,1.12766,1.12811,102382203.125,1.1217623988763434,0,1,1.13089,0,0.0
17.09.2003 20:00:00.000,1.12818,1.12876,1.12771,1.12804,64448601.5625,1.122245291270471,0,0,,0,0.0
17.09.2003 21:00:00.000,1.12773,1.1288,1.12741,1.12803,29953400.3906,1.1226902688650502,0,0,,0,0.0
17.09.2003 22:00:00.000,1.12798,1.12821,1.12679,1.12711,31186500.0,1.1230302481831234,0,0,,0,0.0
17.09.2003 23:00:00.000,1.12695,1.1281,1.12686,1.1275,30542900.3906,1.1233740752459602,0,0,,0,0.0
18.09.2003 00:00:00.000,1.1275,1.12869,1.12743,1.12766,31971199.2188,1.123703761765502,0,0,,0,0.0
18.09.2003 01:00:00.000,1.12759,1.1281,1.12651,1.12714,34486500.0,1.1239680877835403,0,0,,0,0.0
18.09.2003 02:00:00.000,1.12702,1.12757,1.12652,1.12714,29250699.2188,1.1242120810309604,2,0,,0,0.0
18.09.2003 03:00:00.000,1.12713,1.1275,1.12652,1.12664,30372800.7813,1.1243988440285788,2,0,,0,0.0
18.09.2003 04:00:00.000,1.12686,1.12726,1.12634,1.12696,30749099.6094,1.1245958560263807,2,0,,0,0.0
18.09.2003 05:00:00.000,1.1269,1.12781,1.12659,1.12686,30897800.7813,1.1247700209474283,2,0,,0,0.0
18.09.2003 06:00:00.000,1.12688,1.12934,1.1268,1.12814,32262000.0,1.1250292501053185,2,0,,0,0.0
18.09.2003 07:00:00.000,1.12823,1.12876,1.12578,1.12586,31357900.3906,1.125093153943371,2,0,,0,0.0
18.09.2003 08:00:00.000,1.1258,1.12807,1.12566,1.12751,31661400.3906,1.1252790651784963,2,0,,0,0.0
18.09.2003 09:00:00.000,1.12777,1.12783,1.12588,1.1261,32871300.7813,1.1253422140109197,2,0,,0,0.0
18.09.2003 10:00:00.000,1.12623,1.12757,1.12527,1.12718,31076599.6094,1.125483582163926,2,0,,0,0.0
18.09.2003 11:00:00.000,1.12704,1.13033,1.12656,1.12848,32325400.3906,1.125714075843624,2,0,,0,0.0
18.09.2003 12:00:00.000,1.12849,1.13035,1.12767,1.1291,32297000.0,1.1259745315479606,2,0,,0,0.0
18.09.2003 13:00:00.000,1.12971,1.13414,1.12925,1.12974,30934500.0,1.1262641829673483,2,1,1.1351399999999998,0,0.0
18.09.2003 14:00:00.000,1.12961,1.12988,1.12475,1.12604,33182300.7813,1.1262469381237061,0,0,,0,0.0
18.09.2003 15:00:00.000,1.12596,1.12664,1.12246,1.12398,31581099.6094,1.1260725582680364,0,2,1.1214600000000001,0,0.0
18.09.2003 16:00:00.000,1.12483,1.12698,1.12333,1.12582,292267312.5,1.1260531307089567,0,0,,0,0.0
18.09.2003 17:00:00.000,1.12558,1.12638,1.12359,1.12445,135095296.875,1.125929812962114,0,0,,0,0.0
18.09.2003 18:00:00.000,1.12444,1.12499,1.12329,1.12392,143512500.0,1.1257752119650284,0,0,,0,0.0
18.09.2003 19:00:00.000,1.12395,1.12553,1.12368,1.12507,102761703.125,1.1257209648907955,0,0,,0,0.0
18.09.2003 20:00:00.000,1.12514,1.12534,1.12374,1.12526,64795101.5625,1.1256855060530422,0,0,,0,0.0
18.09.2003 21:00:00.000,1.125,1.12557,1.12407,1.12437,30665599.6094,1.1255843132797312,0,0,,0,0.0
18.09.2003 22:00:00.000,1.12423,1.12472,1.12363,1.12429,31052900.3906,1.1254847507197518,0,0,,0,0.0
18.09.2003 23:00:00.000,1.12426,1.12496,1.12426,1.12482,30711400.3906,1.1254336160490017,0,0,,0,0.0
19.09.2003 00:00:00.000,1.12476,1.12484,1.12379,1.12393,32628300.7813,1.1253179532760016,0,0,,0,0.0
19.09.2003 01:00:00.000,1.12401,1.12495,1.12401,1.12482,32167000.0,1.1252796491778476,0,0,,0,0.0
19.09.2003 02:00:00.000,1.12447,1.12569,1.12444,1.12508,31618000.0,1.1252642915487825,0,0,,0,0.0
19.09.2003 03:00:00.000,1.12521,1.12558,1.1246,1.12501,27430699.2188,1.1252447306604147,0,0,,0,0.0
19.09.2003 04:00:00.000,1.1252,1.12566,1.12474,1.12535,31362500.0,1.1252528283019214,0,0,,0,0.0
19.09.2003 05:00:00.000,1.1253,1.12615,1.12482,1.12589,31377900.3906,1.125301841509466,0,0,,0,0.0
19.09.2003 06:00:00.000,1.12587,1.12644,1.12374,1.12427,32000000.0,1.1252224690856611,0,0,,0,0.0
19.09.2003 07:00:00.000,1.12428,1.12718,1.12413,1.12666,32399699.2188,1.1253330483867643,0,0,,0,0.0
19.09.2003 08:00:00.000,1.12679,1.12849,1.12629,1.12638,32543500.0,1.125413583126244,0,0,,0,0.0
19.09.2003 09:00:00.000,1.12631,1.12973,1.12619,1.12957,31792099.6094,1.1257333075011482,0,0,,0,0.0
19.09.2003 10:00:00.000,1.12933,1.13002,1.12747,1.12797,30627599.6094,1.1259053607702907,0,0,,0,0.0
19.09.2003 11:00:00.000,1.1281,1.13171,1.12784,1.13167,32251900.3906,1.1263487945571915,0,0,,0,0.0
19.09.2003 12:00:00.000,1.13162,1.13285,1.13049,1.13057,31701199.2188,1.1266735026681767,0,0,,0,0.0
19.09.2003 13:00:00.000,1.1303,1.13148,1.12862,1.13075,30975500.0,1.1269870793860093,0,0,,0,0.0
19.09.2003 14:00:00.000,1.13098,1.13715,1.1302,1.13435,32114900.3906,1.127553457894778,0,0,,0,0.0
19.09.2003 15:00:00.000,1.13448,1.13605,1.13282,1.13448,33480800.7813,1.1280862688259488,0,0,,0,0.0
19.09.2003 16:00:00.000,1.1344,1.1373,1.13407,1.13698,298201500.0,1.1287704019931837,0,0,,0,0.0
19.09.2003 17:00:00.000,1.13718,1.13775,1.13597,1.1371,134385906.25,1.1294111403014004,0,0,,0,0.0
19.09.2003 18:00:00.000,1.13718,1.13823,1.13505,1.13553,149244593.75,1.1298818218166775,0,0,,0,0.0
19.09.2003 19:00:00.000,1.13563,1.13696,1.13531,1.13613,108469703.125,1.1303624509077024,0,0,,0,0.0
19.09.2003 20:00:00.000,1.13592,1.13762,1.13554,1.13762,63834898.4375,1.1309207239148025,0,0,,0,0.0
21.09.2003 21:00:00.000,1.14333,1.14613,1.14246,1.14468,30153099.6094,1.13197912976751,0,0,,0,0.0
21.09.2003 22:00:00.000,1.14507,1.14919,1.14457,1.14886,32459199.2188,1.1332776582469322,0,0,,0,0.0
21.09.2003 23:00:00.000,1.14861,1.14954,1.14404,1.14568,33188500.0,1.1342316845356297,2,1,1.15054,0,0.0
22.09.2003 00:00:00.000,1.14542,1.14554,1.14376,1.14409,33526699.2188,1.1349900164944275,2,0,,0,0.0
22.09.2003 01:00:00.000,1.14388,1.14438,1.14269,1.14354,33234601.5625,1.1356477075333178,2,0,,0,0.0
22.09.2003 02:00:00.000,1.14344,1.14476,1.14325,1.14447,31544000.0,1.1363263454153703,2,0,,0,0.0
22.09.2003 03:00:00.000,1.14467,1.14661,1.1431,1.14603,31432699.2188,1.1370727803834189,2,0,,0,0.0
22.09.2003 04:00:00.000,1.14592,1.14699,1.14417,1.14437,33106199.2188,1.13763410496931,2,0,,0,0.0
22.09.2003 05:00:00.000,1.1442,1.14598,1.14288,1.14594,31030300.7813,1.1382730199716709,2,0,,0,0.0
22.09.2003 06:00:00.000,1.14573,1.14585,1.14124,1.14164,34035398.4375,1.1385320184353886,2,0,,0,0.0
22.09.2003 07:00:00.000,1.14163,1.14678,1.14129,1.14638,32554699.2188,1.139135709324974,2,0,,0,0.0
22.09.2003 08:00:00.000,1.14651,1.14875,1.14524,1.14758,30985800.7813,1.13978527014613,2,0,,0,0.0
22.09.2003 09:00:00.000,1.14767,1.14777,1.14507,1.14606,31936699.2188,1.1402679416733508,2,0,,0,0.0
22.09.2003 10:00:00.000,1.14608,1.14864,1.14596,1.14752,31807000.0,1.1408257923138623,2,0,,0,0.0
22.09.2003 11:00:00.000,1.14766,1.14839,1.14589,1.14619,31352400.3906,1.1412384236743345,2,0,,0,0.0
22.09.2003 12:00:00.000,1.14627,1.1467,1.14381,1.14467,32287300.7813,1.1415023910840012,2,0,,0,0.0
22.09.2003 13:00:00.000,1.1446,1.14735,1.14394,1.14709,29715099.6094,1.1419322071544629,2,0,,0,0.0
22.09.2003 14:00:00.000,1.14728,1.1483,1.14646,1.14747,32188099.6094,1.1423581912195042,2,0,,0,0.0
22.09.2003 15:00:00.000,1.14723,1.14848,1.14565,1.14678,31306599.6094,1.1426983303564655,2,0,,0,0.0
22.09.2003 16:00:00.000,1.14682,1.14939,1.14638,1.14928,294839593.75,1.1432046126367374,2,0,,0,0.0
22.09.2003 17:00:00.000,1.1493,1.15031,1.14733,1.14782,132672796.875,1.1435596424339116,2,1,1.1513099999999998,0,0.0
22.09.2003 18:00:00.000,1.14805,1.14909,1.14722,1.14816,148835593.75,1.1439135160928415,2,0,,0,0.0
22.09.2003 19:00:00.000,1.14824,1.14835,1.14602,1.14718,106187601.5625,1.1441647840857,2,0,,0,0.0
22.09.2003 20:00:00.000,1.14718,1.14739,1.14547,1.14572,61449800.7813,1.144284416079108,2,0,,0,0.0
22.09.2003 21:00:00.000,1.14518,1.14687,1.14518,1.14581,29386500.0,1.1444017686884074,2,0,,0,0.0
22.09.2003 22:00:00.000,1.14595,1.14781,1.14554,1.14744,32829101.5625,1.1446354787892992,2,0,,0,0.0
22.09.2003 23:00:00.000,1.14742,1.14759,1.14603,1.14694,34148101.5625,1.144812749651661,2,0,,0,0.0
23.09.2003 00:00:00.000,1.1469,1.14766,1.14572,1.1462,30937099.6094,1.1449194612169178,2,0,,0,0.0
23.09.2003 01:00:00.000,1.14608,1.14789,1.14607,1.14748,33416101.5625,1.1451164257386934,2,0,,0,0.0
23.09.2003 02:00:00.000,1.1473,1.14812,1.14685,1.14766,31581599.6094,1.1453120852972556,2,0,,0,0.0
23.09.2003 03:00:00.000,1.1479,1.14836,1.1475,1.14787,30036900.3906,1.1455088479666975,2,0,,0,0.0
23.09.2003 04:00:00.000,1.14805,1.14824,1.14719,1.14768,29378900.3906,1.145675859661567,2,0,,0,0.0
23.09.2003 05:00:00.000,1.14769,1.14856,1.14738,1.14782,30170699.2188,1.1458407935337545,2,0,,0,0.0
23.09.2003 06:00:00.000,1.14795,1.1483,1.14489,1.14521,32373199.2188,1.145792270954235,0,0,,0,0.0
23.09.2003 07:00:00.000,1.14542,1.1502,1.14435,1.14993,32190500.0,1.1461105578039092,0,2,1.14335,0,0.0
23.09.2003 08:00:00.000,1.14967,1.15233,1.14841,1.14888,31627400.3906,1.1463235918189931,0,1,1.15333,0,0.0
23.09.2003 09:00:00.000,1.14897,1.14957,1.14788,1.14937,31028900.3906,1.1465579309098397,0,0,,0,0.0
23.09.2003 10:00:00.000,1.14923,1.14964,1.14768,1.14796,30044900.3906,1.1466657823783137,0,0,,0,0.0
23.09.2003 11:00:00.000,1.14828,1.14839,1.1457,1.14735,32309500.0,1.146718414503059,0,0,,0,0.0
23.09.2003 12:00:00.000,1.1475,1.14765,1.14517,1.14708,31250400.3906,1.1467462287720545,0,0,,0,0.0
23.09.2003 13:00:00.000,1.14742,1.14819,1.14602,1.14692,33126000.0,1.1467595957895886,0,0,,0,0.0
23.09.2003 14:00:00.000,1.14698,1.14828,1.14487,1.14811,30240400.3906,1.1468634730365435,0,0,,0,0.0
23.09.2003 15:00:00.000,1.14808,1.14921,1.14732,1.14851,33954699.2188,1.1469901289568094,0,0,,0,0.0
23.09.2003 16:00:00.000,1.14862,1.14888,1.14756,1.14854,296121406.25,1.1471093498062856,0,0,,0,0.0
23.09.2003 17:00:00.000,1.14877,1.14887,1.14623,1.14678,136252796.875,1.1470840152058022,0,0,,0,0.0
23.09.2003 18:00:00.000,1.14674,1.14713,1.14554,1.14611,146681203.125,1.1470090909592021,0,0,,0,0.0
23.09.2003 19:00:00.000,1.14625,1.14652,1.14361,1.14427,105346000.0,1.1467983916546483,0,0,,0,0.0
23.09.2003 20:00:00.000,1.14423,1.14467,1.14348,1.14374,66328000.0,1.1465631307581368,0,0,,0,0.0
23.09.2003 21:00:00.000,1.14375,1.14499,1.14294,1.14315,30624300.7813,1.1463005822382801,0,0,,0,0.0
23.09.2003 22:00:00.000,1.1433,1.14396,1.1426,1.14364,30526699.2188,1.1460959220661049,0,2,1.1416000000000002,0,0.0
23.09.2003 23:00:00.000,1.14365,1.1445,1.14328,1.1438,33883199.2188,1.1459193126764045,0,0,,0,0.0
24.09.2003 00:00:00.000,1.14377,1.1447,1.14332,1.14417,31409300.7813,1.1457847501628349,0,0,,0,0.0
24.09.2003 01:00:00.000,1.14446,1.14526,1.14398,1.14474,32778199.2188,1.1457043847656938,0,0,,0,0.0
24.09.2003 02:00:00.000,1.14474,1.14527,1.14413,1.14452,33297500.0,1.1456132782452557,0,0,,0,0.0
24.09.2003 03:00:00.000,1.14448,1.14557,1.14423,1.14505,26971900.3906,1.1455699491494669,0,0,,0,0.0
24.09.2003 04:00:00.000,1.14503,1.14618,1.14489,1.14575,30188400.3906,1.1455837992148925,0,0,,0,0.0
24.09.2003 05:00:00.000,1.14583,1.14638,1.14459,1.14465,32495000.0,1.1455119685060546,0,0,,0,0.0
24.09.2003 06:00:00.000,1.14484,1.14517,1.14262,1.14335,30136000.0,1.1453456632363581,0,0,,0,0.0
24.09.2003 07:00:00.000,1.14335,1.14611,1.14314,1.146,32258900.3906,1.1453959968335614,0,0,,0,0.0
24.09.2003 08:00:00.000,1.14574,1.14826,1.14505,1.1474,33578898.4375,1.1455501509232875,0,0,,0,0.0
24.09.2003 09:00:00.000,1.14738,1.1479,1.14638,1.14703,32194699.2188,1.1456639854676502,0,0,,0,0.0
24.09.2003 10:00:00.000,1.147,1.14737,1.14611,1.14707,30596599.6094,1.1457721404316772,0,0,,0,0.0
24.09.2003 11:00:00.000,1.14691,1.14807,1.14634,1.14666,34155199.2188,1.1458404373215483,0,0,,0,0.0
24.09.2003 12:00:00.000,1.1465,1.14722,1.14504,1.14605,31274000.0,1.1458565575275832,0,0,,0,0.0
24.09.2003 13:00:00.000,1.14602,1.14635,1.14355,1.14462,31904699.2188,1.1457614377177692,0,0,,0,0.0
24.09.2003 14:00:00.000,1.1445,1.14709,1.14393,1.14667,33225898.4375,1.1458313271240947,0,0,,0,0.0
24.09.2003 15:00:00.000,1.14653,1.14765,1.146,1.14679,33978898.4375,1.1459050711914722,0,0,,0,0.0
24.09.2003 16:00:00.000,1.14672,1.14922,1.14662,1.14714,296348593.75,1.1460000657152052,0,0,,0,0.0
24.09.2003 17:00:00.000,1.14702,1.14827,1.14624,1.14804,136953593.75,1.1461569837371124,0,0,,0,0.0
24.09.2003 18:00:00.000,1.14806,1.14849,1.14676,1.14825,147593796.875,1.1463179849881038,0,0,,0,0.0
24.09.2003 19:00:00.000,1.14816,1.15003,1.14776,1.14929,104319000.0,1.1465466015274806,0,0,,0,0.0
24.09.2003 20:00:00.000,1.14929,1.15034,1.14874,1.14919,63210699.2188,1.1467499398715206,0,1,1.1513399999999998,0,0.0
24.09.2003 21:00:00.000,1.14881,1.15028,1.14826,1.14854,31130099.6094,1.1468876368044807,0,0,,0,0.0
24.09.2003 22:00:00.000,1.14851,1.14905,1.14727,1.14759,30863900.3906,1.1469416647425976,0,0,,0,0.0
24.09.2003 23:00:00.000,1.14761,1.14855,1.14708,1.14814,31042400.3906,1.1470338443777826,0,0,,0,0.0
25.09.2003 00:00:00.000,1.14819,1.1485,1.14731,1.14761,31172599.6094,1.14707816404103,0,0,,0,0.0
25.09.2003 01:00:00.000,1.14765,1.14828,1.14681,1.14721,30652599.6094,1.1470883052686431,0,0,,0,0.0
25.09.2003 02:00:00.000,1.14713,1.14792,1.14688,1.14775,32606500.0,1.147139204863363,0,0,,0,0.0
25.09.2003 03:00:00.000,1.1477,1.14856,1.14727,1.14801,29306800.7813,1.1472061891046428,0,0,,0,0.0
25.09.2003 04:00:00.000,1.14808,1.14824,1.14686,1.14726,32039000.0,1.1472103284042856,0,0,,0,0.0
25.09.2003 05:00:00.000,1.14732,1.14747,1.14624,1.14725,33360601.5625,1.1472133800654944,0,0,,0,0.0
25.09.2003 06:00:00.000,1.14734,1.15011,1.14719,1.14855,30941800.7813,1.1473161969835333,0,0,,0,0.0
25.09.2003 07:00:00.000,1.14848,1.14878,1.14591,1.14732,30837199.2188,1.1473164895232615,0,0,,0,0.0
25.09.2003 08:00:00.000,1.14724,1.14807,1.14568,1.14736,31309500.0,1.1473198364830108,0,2,1.1446800000000001,0,0.0
25.09.2003 09:00:00.000,1.14747,1.14995,1.14709,1.14854,29614400.3906,1.147413695215087,0,0,,0,0.0
25.09.2003 10:00:00.000,1.14844,1.1497,1.14775,1.14859,31688599.6094,1.147504180198542,0,0,,0,0.0
25.09.2003 11:00:00.000,1.14848,1.14981,1.14785,1.14931,31548500.0,1.1476430894140388,0,0,,0,0.0
25.09.2003 12:00:00.000,1.1493,1.15185,1.14693,1.14719,34101398.4375,1.1476082363821896,0,0,,0,0.0
25.09.2003 13:00:00.000,1.14725,1.14988,1.1462,1.14884,30259099.6094,1.1477029874297136,0,0,,0,0.0
25.09.2003 14:00:00.000,1.14875,1.15321,1.14824,1.15167,32736699.2188,1.1480081422428126,0,1,1.15421,0,0.0
25.09.2003 15:00:00.000,1.15195,1.15269,1.14768,1.1482,33325300.7813,1.148022900531827,0,0,,0,0.0
25.09.2003 16:00:00.000,1.148,1.15018,1.1477,1.14902,292636687.5,1.1480996004909174,0,0,,0,0.0
25.09.2003 17:00:00.000,1.1489,1.14972,1.14777,1.14915,133648593.75,1.1481804004531546,0,0,,0,0.0
25.09.2003 18:00:00.000,1.14935,1.14962,1.14763,1.14832,144783203.125,1.1481911388798351,0,0,,0,0.0
25.09.2003 19:00:00.000,1.14823,1.14965,1.14787,1.14924,105510101.5625,1.1482718205044633,0,0,,0,0.0
25.09.2003 20:00:00.000,1.14932,1.15016,1.14839,1.14872,63969500.0,1.1483062958502739,0,0,,0,0.0
25.09.2003 21:00:00.000,1.14826,1.14897,1.14649,1.14678,31881300.7813,1.148188888477176,0,0,,0,0.0
25.09.2003 22:00:00.000,1.1468,1.14769,1.14637,1.14727,32765599.6094,1.1481182047481626,0,0,,0,0.0
25.09.2003 23:00:00.000,1.14719,1.14789,1.14641,1.14667,30711000.0,1.1480068043829195,0,0,,0,0.0
26.09.2003 00:00:00.000,1.14673,1.14825,1.14664,1.14754,31018199.2188,1.1479708963534643,0,0,,0,0.0
26.09.2003 01:00:00.000,1.1474,1.14761,1.14637,1.1471,31826800.7813,1.1479039043262746,0,0,,0,0.0
26.09.2003 02:00:00.000,1.14705,1.14736,1.14652,1.14693,32206699.2188,1.147828988608869,0,0,,0,0.0
26.09.2003 03:00:00.000,1.14712,1.14783,1.14698,1.14734,30820300.7813,1.1477913741004946,0,0,,0,0.0
26.09.2003 04:00:00.000,1.14747,1.14762,1.14651,1.14705,29339500.0,1.1477343453235336,0,0,,0,0.0
26.09.2003 05:00:00.000,1.14705,1.1478,1.1468,1.1478,32080099.6094,1.1477393956832618,0,0,,0,0.0
26.09.2003 06:00:00.000,1.1475,1.14788,1.14644,1.14692,31744699.2188,1.1476763652460877,0,0,,0,0.0
26.09.2003 07:00:00.000,1.14711,1.14773,1.14619,1.14708,32860800.7813,1.1476304909963888,0,0,,0,0.0
26.09.2003 08:00:00.000,1.14709,1.14786,1.1465,1.14676,30977500.0,1.1475635301505127,0,0,,0,0.0
26.09.2003 09:00:00.000,1.14697,1.1474,1.1461,1.14685,30282900.3906,1.147508643215858,0,0,,0,0.0
26.09.2003 10:00:00.000,1.14684,1.1477,1.14629,1.14713,30958000.0,1.1474795168146383,0,0,,0,0.0
26.09.2003 11:00:00.000,1.14717,1.14965,1.1467,1.14916,30212699.2188,1.1476087847519738,0,1,1.15065,0,0.0
26.09.2003 12:00:00.000,1.14909,1.14923,1.14385,1.14433,32614199.2188,1.1473565705402837,0,2,1.1428500000000001,0,0.0
26.09.2003 13:00:00.000,1.14415,1.1492,1.14407,1.14763,30867699.2188,1.1473776035756467,0,0,,0,0.0
26.09.2003 14:00:00.000,1.1474,1.14882,1.14603,1.14706,32821300.7813,1.1473531725313664,0,0,,0,0.0
26.09.2003 15:00:00.000,1.14705,1.14896,1.14615,1.14799,31025699.2188,1.147402159259723,0,0,,0,0.0
26.09.2003 16:00:00.000,1.1478,1.14857,1.14722,1.1479,290469312.5,1.1474404547012829,0,0,,0,0.0
26.09.2003 17:00:00.000,1.14765,1.148,1.14674,1.14727,135313093.75,1.1474273428011843,0,0,,0,0.0
26.09.2003 18:00:00.000,1.14725,1.14756,1.14531,1.14665,147566703.125,1.1473675472010931,0,0,,0,0.0
26.09.2003 19:00:00.000,1.1465,1.14777,1.14623,1.14761,105494203.125,1.1473861974163937,0,0,,0,0.0
26.09.2003 20:00:00.000,1.14754,1.14788,1.14556,1.14577,64486300.7813,1.1472618745382095,0,0,,0,0.0
28.09.2003 21:00:00.000,1.14488,1.1461,1.14488,1.14544,29095800.7813,1.1471217303429626,0,0,,0,0.0
28.09.2003 22:00:00.000,1.14552,1.14588,1.14507,1.14536,29952699.2188,1.1469862126242734,0,0,,0,0.0
28.09.2003 23:00:00.000,1.14528,1.14656,1.14514,1.14593,31967000.0,1.1469049654993293,0,0,,0,0.0
29.09.2003 00:00:00.000,1.14592,1.14669,1.14443,1.14486,34538601.5625,1.1467476604609192,0,0,,0,0.0
29.09.2003 01:00:00.000,1.14478,1.1455,1.14408,1.14435,32528300.7813,1.1465632250408486,0,0,,0,0.0
29.09.2003 02:00:00.000,1.14413,1.14438,1.14308,1.14354,31890699.2188,1.1463306692684758,0,0,,0,0.0
29.09.2003 03:00:00.000,1.14373,1.14387,1.14279,1.14381,31770300.7813,1.1461367716324393,0,0,,0,0.0
29.09.2003 04:00:00.000,1.14401,1.14465,1.1437,1.14441,32407099.6094,1.1460039430453286,0,0,,0,0.0
29.09.2003 05:00:00.000,1.1444,1.14549,1.14399,1.14547,32936601.5625,1.1459628705033802,0,0,,0,0.0
29.09.2003 06:00:00.000,1.14532,1.14626,1.14484,1.14555,34826101.5625,1.1459311112338897,0,0,,0,0.0
29.09.2003 07:00:00.000,1.14556,1.14564,1.13962,1.14078,29990699.2188,1.145534871908206,0,0,,0,0.0
29.09.2003 08:00:00.000,1.14079,1.14164,1.13927,1.14031,31679099.6094,1.1451329586844978,0,2,1.1382700000000001,0,0.0
29.09.2003 09:00:00.000,1.14047,1.14274,1.1402,1.14187,30742699.2188,1.1448819618626134,0,0,,0,0.0
29.09.2003 10:00:00.000,1.14207,1.14209,1.14014,1.14088,31485599.6094,1.1445741186424125,0,0,,0,0.0
29.09.2003 11:00:00.000,1.14082,1.14155,1.13984,1.14134,31777000.0,1.144325340285304,0,0,,0,0.0
29.09.2003 12:00:00.000,1.14127,1.14381,1.14052,1.14324,32514500.0,1.1442418525710498,0,0,,0,0.0
29.09.2003 13:00:00.000,1.14329,1.14505,1.1424,1.14505,31978300.7813,1.1443040177578923,0,0,,0,0.0
29.09.2003 14:00:00.000,1.14504,1.15527,1.14398,1.15527,31013000.0,1.1451475548534389,0,0,,0,0.0
29.09.2003 15:00:00.000,1.15583,1.15885,1.15542,1.15753,33300800.7813,1.1461000506339438,0,0,,0,0.0
29.09.2003 16:00:00.000,1.15728,1.15949,1.1569,1.15766,295855500.0,1.1469892775082557,0,0,,0,0.0
29.09.2003 17:00:00.000,1.15767,1.15935,1.15697,1.15856,133241906.25,1.1478793330845438,0,0,,0,0.0
29.09.2003 18:00:00.000,1.15871,1.15882,1.15719,1.15817,143756203.125,1.1486709228472711,0,0,,0,0.0
29.09.2003 19:00:00.000,1.15812,1.15979,1.1578,1.15933,105114101.5625,1.1494908518590194,0,0,,0,0.0
29.09.2003 20:00:00.000,1.15919,1.1598,1.15877,1.15941,63774300.7813,1.1502538632544796,0,0,,0,0.0
29.09.2003 21:00:00.000,1.1594,1.16366,1.15852,1.16156,29734900.3906,1.1511235660810581,0,0,,0,0.0
29.09.2003 22:00:00.000,1.16165,1.16275,1.15967,1.16125,33528300.7813,1.1519025225363615,0,0,,0,0.0
29.09.2003 23:00:00.000,1.16094,1.16134,1.15686,1.15753,32358400.3906,1.15233540541818,0,0,,0,0.0
30.09.2003 00:00:00.000,1.15756,1.16101,1.15717,1.16029,31375500.0,1.1529472973090895,0,0,,0,0.0
30.09.2003 01:00:00.000,1.16042,1.16302,1.15997,1.16293,34246101.5625,1.1537151975160826,0,0,,0,0.0
30.09.2003 02:00:00.000,1.1628,1.16379,1.16172,1.1621,34375199.2188,1.154360182322538,0,0,,0,0.0
30.09.2003 03:00:00.000,1.16198,1.16265,1.16135,1.16153,30906900.3906,1.154911706759266,0,0,,0,0.0
30.09.2003 04:00:00.000,1.1615,1.16296,1.16119,1.16237,31602800.7813,1.155485421623938,0,0,,0,0.0
30.09.2003 05:00:00.000,1.16219,1.16394,1.16198,1.163,31107900.3906,1.1560634661144045,0,0,,0,0.0
30.09.2003 06:00:00.000,1.16319,1.16496,1.16206,1.16257,29943400.3906,1.1565639687209888,2,0,,0,0.0
30.09.2003 07:00:00.000,1.16263,1.16726,1.16175,1.1662,32009599.6094,1.1573052018962973,2,0,,0,0.0
30.09.2003 08:00:00.000,1.16653,1.16741,1.16525,1.16614,31223000.0,1.1579848017504282,2,0,,0,0.0
30.09.2003 09:00:00.000,1.16608,1.16859,1.16574,1.1673,32677000.0,1.1587013554619339,2,0,,0,0.0
30.09.2003 10:00:00.000,1.1674,1.16903,1.16701,1.16858,32259199.2188,1.1594612511956315,2,0,,0,0.0
30.09.2003 11:00:00.000,1.16837,1.1685,1.1649,1.16491,30944599.6094,1.1598803857190445,2,0,,0,0.0
30.09.2003 12:00:00.000,1.16494,1.1678,1.16473,1.16706,31559900.3906,1.1604326637406566,2,0,,0,0.0
30.09.2003 13:00:00.000,1.16695,1.17233,1.16675,1.17167,31363699.2188,1.1612970742221447,2,0,,0,0.0
30.09.2003 14:00:00.000,1.17289,1.17323,1.16357,1.1636,30922400.3906,1.1614742223589027,2,1,1.1742299999999999,0,0.0
30.09.2003 15:00:00.000,1.1632,1.16731,1.16291,1.16481,32091599.6094,1.1617308206389871,2,0,,0,0.0
30.09.2003 16:00:00.000,1.16465,1.16697,1.16458,1.16631,291779593.75,1.162083065205219,2,0,,0,0.0
30.09.2003 17:00:00.000,1.16604,1.16701,1.16176,1.16483,133461703.125,1.1622943678817408,2,0,,0,0.0
30.09.2003 18:00:00.000,1.16471,1.16522,1.16322,1.16425,149024796.875,1.162444801121607,2,0,,0,0.0
30.09.2003 19:00:00.000,1.16424,1.16669,1.16398,1.16634,106580796.875,1.1627444318045606,2,0,,0,0.0
30.09.2003 20:00:00.000,1.16627,1.16641,1.16489,1.16517,63799800.7813,1.1629310139734406,2,0,,0,0.0
30.09.2003 21:00:00.000,1.16515,1.16622,1.1649,1.16496,30161000.0,1.1630870898216374,2,0,,0,0.0
30.09.2003 22:00:00.000,1.16487,1.16685,1.16412,1.16667,30379300.7813,1.1633626982968963,2,0,,0,0.0
30.09.2003 23:00:00.000,1.16658,1.16771,1.16611,1.16738,33223800.7813,1.1636717215048273,2,0,,0,0.0
01.10.2003 00:00:00.000,1.1671,1.16744,1.16646,1.16712,31146900.3906,1.1639369736967637,2,0,,0,0.0
01.10.2003 01:00:00.000,1.16723,1.16802,1.16673,1.16745,33071800.7813,1.1642072064893205,2,0,,0,0.0
01.10.2003 02:00:00.000,1.16725,1.16884,1.16723,1.16836,33108500.0,1.1645266521439883,2,0,,0,0.0
01.10.2003 03:00:00.000,1.16821,1.16833,1.16722,1.16757,31091400.3906,1.16476075582522,2,0,,0,0.0
01.10.2003 04:00:00.000,1.16755,1.1678,1.16674,1.16717,30134599.6094,1.1649460823002031,2,0,,0,0.0
01.10.2003 05:00:00.000,1.16715,1.16817,1.16661,1.16699,30490199.2188,1.1651033067386491,2,0,,0,0.0
01.10.2003 06:00:00.000,1.16695,1.16846,1.1665,1.16691,30246099.6094,1.1652422831433686,2,0,,0,0.0
01.10.2003 07:00:00.000,1.167,1.16704,1.16523,1.16669,30918199.2188,1.1653536459784941,2,0,,0,0.0
01.10.2003 08:00:00.000,1.16648,1.16763,1.16585,1.16715,30711199.2188,1.1654918270570715,2,0,,0,0.0
01.10.2003 09:00:00.000,1.1672,1.16823,1.16662,1.16743,32663800.7813,1.1656409172834508,2,0,,0,0.0
01.10.2003 10:00:00.000,1.16749,1.16987,1.1669,1.16868,31388400.3906,1.1658746928770314,2,0,,0,0.0
01.10.2003 11:00:00.000,1.16867,1.17015,1.16693,1.16751,32454699.2188,1.1660004857326445,2,0,,0,0.0
01.10.2003 12:00:00.000,1.16748,1.16758,1.16587,1.16633,31487099.6094,1.1660258329839797,2,0,,0,0.0
01.10.2003 13:00:00.000,1.16632,1.17059,1.16594,1.16927,31255300.7813,1.1662753842929043,2,0,,0,0.0
01.10.2003 14:00:00.000,1.16972,1.17198,1.16662,1.17123,33661699.2188,1.1666565085780656,2,0,,0,0.0
01.10.2003 15:00:00.000,1.17071,1.1715,1.16958,1.1706,31375300.7813,1.1669598540720607,2,0,,0,0.0
01.10.2003 16:00:00.000,1.17032,1.17059,1.16717,1.16919,299054812.5,1.1671314037588252,2,0,,0,0.0
01.10.2003 17:00:00.000,1.16916,1.17008,1.16791,1.16944,138661593.75,1.1673089880850693,2,0,,0,0.0
01.10.2003 18:00:00.000,1.16955,1.17143,1.16934,1.17061,147341500.0,1.1675629120785258,2,0,,0,0.0
01.10.2003 19:00:00.000,1.17055,1.17278,1.16997,1.17233,104074500.0,1.1679296111494086,2,0,,0,0.0
01.10.2003 20:00:00.000,1.17245,1.1727,1.17098,1.17116,63157398.4375,1.1681781025994542,2,0,,0,0.0
01.10.2003 21:00:00.000,1.17123,1.17327,1.17072,1.17258,31909800.7813,1.168516710091804,2,0,,0,0.0
01.10.2003 22:00:00.000,1.17262,1.17315,1.17037,1.17128,32324900.3906,1.168729270853973,2,0,,0,0.0
01.10.2003 23:00:00.000,1.17114,1.17216,1.17096,1.17151,31461099.6094,1.1689431730959752,2,0,,0,0.0
02.10.2003 00:00:00.000,1.17147,1.17223,1.17069,1.17188,31584500.0,1.1691690828578234,2,0,,0,0.0
02.10.2003 01:00:00.000,1.17203,1.17391,1.17161,1.17354,35112699.2188,1.1695053072533756,2,0,,0,0.0
02.10.2003 02:00:00.000,1.17343,1.17643,1.17293,1.17573,31367099.6094,1.1699841297723468,2,0,,0,0.0
02.10.2003 03:00:00.000,1.17571,1.17668,1.17502,1.17519,31520000.0,1.1703845813283202,2,1,1.1776799999999998,0,0.0
02.10.2003 04:00:00.000,1.17523,1.17579,1.17463,1.17528,32197900.3906,1.1707611519953725,2,0,,0,0.0
02.10.2003 05:00:00.000,1.1753,1.1759,1.17411,1.17542,31793800.7813,1.1711195249188056,2,0,,0,0.0
02.10.2003 06:00:00.000,1.17545,1.17573,1.17214,1.17276,32724199.2188,1.171245715309667,2,0,,0,0.0
02.10.2003 07:00:00.000,1.17286,1.17352,1.17089,1.17128,32090800.7813,1.1712483525935387,2,0,,0,0.0
02.10.2003 08:00:00.000,1.17119,1.17367,1.17106,1.17342,29740000.0,1.1714154023940357,0,0,,0,0.0
02.10.2003 09:00:00.000,1.17339,1.17369,1.16877,1.16891,30433599.6094,1.1712226791329563,0,0,,0,0.0
02.10.2003 10:00:00.000,1.16907,1.16988,1.16771,1.16804,31290199.2188,1.1709778576611904,0,0,,0,0.0
02.10.2003 11:00:00.000,1.16802,1.16942,1.16715,1.16868,32109699.2188,1.1708010993795603,0,0,,0,0.0
02.10.2003 12:00:00.000,1.16884,1.17089,1.16715,1.16859,31625699.2188,1.170631014811902,0,0,,0,0.0
02.10.2003 13:00:00.000,1.16868,1.16936,1.16596,1.16857,31936000.0,1.1704724752109865,0,2,1.1649600000000002,0,0.0
02.10.2003 14:00:00.000,1.16869,1.17084,1.16719,1.16827,32995699.2188,1.1703030540409107,0,0,,0,0.0
02.10.2003 15:00:00.000,1.16842,1.17246,1.16827,1.17151,30893199.2188,1.1703958960377638,0,0,,0,0.0
02.10.2003 16:00:00.000,1.17146,1.17206,1.16868,1.16895,293169906.25,1.1702846732656282,0,0,,0,0.0
02.10.2003 17:00:00.000,1.16892,1.16963,1.1677,1.16875,137118796.875,1.1701666214759645,0,0,,0,0.0
02.10.2003 18:00:00.000,1.16875,1.17004,1.1684,1.16885,147649500.0,1.1700653429008905,0,0,,0,0.0
02.10.2003 19:00:00.000,1.16888,1.16944,1.16801,1.16867,102910296.875,1.1699580088315913,0,0,,0,0.0
02.10.2003 20:00:00.000,1.1685,1.1697,1.16777,1.16896,63621101.5625,1.169881238921469,0,0,,0,0.0
02.10.2003 21:00:00.000,1.16873,1.16943,1.16806,1.16835,31290400.3906,1.1697634513121253,0,0,,0,0.0
02.10.2003 22:00:00.000,1.16838,1.16862,1.16759,1.16799,32404099.6094,1.1696270319804234,0,0,,0,0.0
02.10.2003 23:00:00.000,1.16795,1.16863,1.16746,1.1676,32208099.6094,1.1694711064434677,0,0,,0,0.0
03.10.2003 00:00:00.000,1.16764,1.16904,1.16702,1.16858,33828199.2188,1.1694025597939703,0,2,1.16602,0,0.0
03.10.2003 01:00:00.000,1.16869,1.16992,1.16787,1.16964,32206000.0,1.1694208244252036,0,0,,0,0.0
03.10.2003 02:00:00.000,1.1695,1.16989,1.1685,1.16916,32671400.3906,1.1694007610078803,0,0,,0,0.0
03.10.2003 03:00:00.000,1.16898,1.16946,1.16848,1.16886,30620699.2188,1.169359164007274,0,0,,0,0.0
03.10.2003 04:00:00.000,1.16921,1.16957,1.16869,1.16957,32294099.6094,1.1693753821605608,0,0,,0,0.0
03.10.2003 05:00:00.000,1.16933,1.16972,1.16882,1.16929,31150599.6094,1.1693688143020562,0,0,,0,0.0
03.10.2003 06:00:00.000,1.16902,1.17017,1.16852,1.1692,32229400.3906,1.1693558285865135,0,0,,0,0.0
03.10.2003 07:00:00.000,1.16938,1.17193,1.16923,1.17061,30993000.0,1.1694523033106279,0,1,1.1729299999999998,0,0.0
03.10.2003 08:00:00.000,1.17042,1.17189,1.16967,1.16994,33047101.5625,1.1694898184405798,0,0,,0,0.0
03.10.2003 09:00:00.000,1.16976,1.17127,1.16964,1.1701,30908900.3906,1.169536755483612,0,0,,0,0.0
03.10.2003 10:00:00.000,1.17018,1.1704,1.16904,1.16937,31446300.7813,1.169523928138719,0,0,,0,0.0
03.10.2003 11:00:00.000,1.16914,1.16982,1.16867,1.1691,32728800.7813,1.1694913182818945,0,0,,0,0.0
03.10.2003 12:00:00.000,1.16901,1.17014,1.1615,1.1615,32358300.7813,1.1688766014909797,0,0,,0,0.0
03.10.2003 13:00:00.000,1.16115,1.16363,1.15869,1.16312,32403699.2188,1.1684337859916736,0,0,,0,0.0
03.10.2003 14:00:00.000,1.1632,1.16605,1.16213,1.16256,30726199.2188,1.1679819563000065,0,0,,0,0.0
03.10.2003 15:00:00.000,1.16275,1.16291,1.159,1.15947,31844400.3906,1.1673271904307754,0,0,,0,0.0
03.10.2003 16:00:00.000,1.1591,1.15959,1.15566,1.15569,294368312.5,1.1664320219361004,0,0,,0,0.0
03.10.2003 17:00:00.000,1.15539,1.15739,1.15506,1.15589,136382906.25,1.165621097171785,0,0,,0,0.0
03.10.2003 18:00:00.000,1.15596,1.15695,1.15487,1.15597,148998703.125,1.1648787050816478,0,2,1.1538700000000002,0,0.0
03.10.2003 19:00:00.000,1.15598,1.15731,1.15487,1.15693,103126398.4375,1.1642672662292135,0,2,1.1538700000000002,0,0.0
03.10.2003 20:00:00.000,1.15666,1.15816,1.15622,1.1578,64425199.2188,1.1637697842115817,0,0,,0,0.0
05.10.2003 21:00:00.000,1.15585,1.1576,1.15557,1.15721,27705300.7813,1.1632651854260754,0,0,,0,0.0
05.10.2003 22:00:00.000,1.15744,1.15803,1.15681,1.15757,25917699.2188,1.162827094239454,0,0,,0,0.0
05.10.2003 23:00:00.000,1.15746,1.15943,1.15741,1.15893,32797000.0,1.1625273177594961,0,0,,0,0.0
06.10.2003 00:00:00.000,1.15889,1.1591,1.15711,1.15747,32094699.2188,1.1621382933164581,0,0,,0,0.0
06.10.2003 01:00:00.000,1.15752,1.15791,1.15517,1.1554,32643300.7813,1.161619963061346,0,0,,0,0.0
06.10.2003 02:00:00.000,1.15543,1.15681,1.15503,1.15661,31929000.0,1.1612345812873963,0,0,,0,0.0
06.10.2003 03:00:00.000,1.15655,1.15686,1.15516,1.15621,31445300.7813,1.1608480750345196,0,0,,0,0.0
06.10.2003 04:00:00.000,1.15615,1.15689,1.15528,1.1561,32302300.7813,1.1604828384934027,1,0,,0,0.0
06.10.2003 05:00:00.000,1.15623,1.15764,1.15522,1.15634,30473000.0,1.1601641586092948,1,0,,0,0.0
06.10.2003 06:00:00.000,1.1563,1.15647,1.15309,1.15547,32886500.0,1.159803069485503,1,2,1.15209,0,0.0
06.10.2003 07:00:00.000,1.15544,1.15832,1.15532,1.15805,33728000.0,1.1596682179866185,1,0,,0,0.0
06.10.2003 08:00:00.000,1.15788,1.15916,1.15761,1.15842,31527900.3906,1.159572201218417,1,0,,0,0.0
06.10.2003 09:00:00.000,1.15852,1.15894,1.15725,1.1584,31316400.3906,1.1594820318939236,1,0,,0,0.0
06.10.2003 10:00:00.000,1.15833,1.1585,1.15685,1.15735,29464099.6094,1.159318029440545,1,0,,0,0.0
06.10.2003 11:00:00.000,1.15715,1.15869,1.15696,1.15796,32549400.3906,1.159213565637426,1,0,,0,0.0
06.10.2003 12:00:00.000,1.15774,1.16278,1.15732,1.16231,32601699.2188,1.1594517528960857,0,0,,0,0.0
06.10.2003 13:00:00.000,1.16225,1.16478,1.16118,1.16334,31422500.0,1.1597508488271562,0,0,,0,0.0
06.10.2003 14:00:00.000,1.1628,1.16679,1.16259,1.16617,31606099.6094,1.1602446296866058,0,0,,0,0.0
06.10.2003 15:00:00.000,1.16624,1.17147,1.1661,1.1702,32698300.7813,1.1610104274030209,0,0,,0,0.0
06.10.2003 16:00:00.000,1.16985,1.17212,1.16968,1.17075,293142093.75,1.1617596252950964,0,1,1.17312,0,0.0
06.10.2003 17:00:00.000,1.17066,1.17124,1.16991,1.17022,132717593.75,1.1624104233493198,0,0,,0,0.0
06.10.2003 18:00:00.000,1.17022,1.17067,1.16912,1.16987,144259796.875,1.1629842369378336,0,0,,0,0.0
06.10.2003 19:00:00.000,1.16993,1.17191,1.16969,1.17148,105617500.0,1.163637757173385,0,0,,0,0.0
06.10.2003 20:00:00.000,1.17161,1.17176,1.17024,1.17049,64638500.0,1.1641648527754325,0,0,,0,0.0
06.10.2003 21:00:00.000,1.17042,1.17203,1.17008,1.17102,30998500.0,1.164692171792707,0,0,,0,0.0
06.10.2003 22:00:00.000,1.17091,1.1711,1.16991,1.16999,30099000.0,1.1650996970394218,0,0,,0,0.0
06.10.2003 23:00:00.000,1.1704,1.17198,1.16977,1.17121,34017699.2188,1.1655697203440818,0,0,,0,0.0
07.10.2003 00:00:00.000,1.17128,1.17185,1.17066,1.17077,30762400.3906,1.1659697418560755,0,0,,0,0.0
07.10.2003 01:00:00.000,1.17083,1.17107,1.1696,1.17055,35884500.0,1.166322069405608,0,0,,0,0.0
07.10.2003 02:00:00.000,1.1704,1.17124,1.16967,1.1705,30381000.0,1.1666434486820998,0,0,,0,0.0
07.10.2003 03:00:00.000,1.17073,1.17121,1.17044,1.17058,27748400.3906,1.1669462603219385,0,0,,0,0.0
07.10.2003 04:00:00.000,1.17068,1.17132,1.1703,1.1711,30756800.7813,1.1672657787587124,2,0,,0,0.0
07.10.2003 05:00:00.000,1.17123,1.17192,1.17056,1.1714,31220000.0,1.167583795777273,2,0,,0,0.0
07.10.2003 06:00:00.000,1.17135,1.17422,1.17056,1.17357,30635800.7813,1.1680442730251752,2,0,,0,0.0
07.10.2003 07:00:00.000,1.1734,1.17457,1.17232,1.17455,31869599.6094,1.1685447135617002,2,0,,0,0.0
07.10.2003 08:00:00.000,1.1742,1.17989,1.1742,1.17835,31746500.0,1.1692989663646465,2,0,,0,0.0
07.10.2003 09:00:00.000,1.17828,1.17971,1.17688,1.17858,31551400.3906,1.1700128920289046,2,0,,0,0.0
07.10.2003 10:00:00.000,1.1784,1.17868,1.17623,1.17671,30833599.6094,1.1705280541805274,2,0,,0,0.0
07.10.2003 11:00:00.000,1.17672,1.1782,1.17579,1.17638,29628300.7813,1.1709782038589485,2,0,,0,0.0
07.10.2003 12:00:00.000,1.17615,1.17921,1.17598,1.17675,30671300.7813,1.171422188177491,2,0,,0,0.0
07.10.2003 13:00:00.000,1.17681,1.18098,1.17681,1.17781,30595699.2188,1.1719135583176843,2,1,1.1819799999999998,0,0.0
07.10.2003 14:00:00.000,1.17803,1.17845,1.17458,1.17692,29529300.7813,1.172298669216324,2,0,,0,0.0
07.10.2003 15:00:00.000,1.17695,1.17946,1.17634,1.17795,33355898.4375,1.1727333869689145,2,0,,0,0.0
07.10.2003 16:00:00.000,1.17792,1.17865,1.17646,1.17726,296239312.5,1.173081587971306,2,0,,0,0.0
07.10.2003 17:00:00.000,1.17733,1.17788,1.17547,1.17715,137113796.875,1.173394542742744,2,0,,0,0.0
07.10.2003 18:00:00.000,1.17716,1.17803,1.17555,1.17715,151292000.0,1.1736834240702252,2,0,,0,0.0
07.10.2003 19:00:00.000,1.17698,1.1776,1.17582,1.17664,101468500.0,1.1739108529879,2,0,,0,0.0
07.10.2003 20:00:00.000,1.17664,1.17694,1.17521,1.1756,64348898.4375,1.1740407873734464,2,0,,0,0.0
07.10.2003 21:00:00.000,1.17577,1.17768,1.17551,1.17681,29450400.3906,1.1742538037293353,2,0,,0,0.0
07.10.2003 22:00:00.000,1.17677,1.1779,1.17618,1.1775,30242400.3906,1.1745035111347712,2,0,,0,0.0
07.10.2003 23:00:00.000,1.17738,1.17821,1.1768,1.17741,30625099.6094,1.1747270872013273,2,0,,0,0.0
08.10.2003 00:00:00.000,1.17761,1.17882,1.17723,1.17768,31797599.6094,1.1749542343396868,2,0,,0,0.0
08.10.2003 01:00:00.000,1.17801,1.17828,1.17723,1.1774,30510599.6094,1.175142370159711,2,0,,0,0.0
08.10.2003 02:00:00.000,1.17735,1.17819,1.17725,1.17781,32038699.2188,1.1753475724551181,2,0,,0,0.0
08.10.2003 03:00:00.000,1.17788,1.17901,1.1775,1.17829,31524800.7813,1.1755739130354939,2,0,,0,0.0
08.10.2003 04:00:00.000,1.17853,1.17878,1.17769,1.17838,30299000.0,1.1757897658789176,2,0,,0,0.0
08.10.2003 05:00:00.000,1.17817,1.17949,1.17732,1.17938,31455500.0,1.1760659377343856,2,0,,0,0.0
08.10.2003 06:00:00.000,1.17913,1.18316,1.17846,1.18215,32131199.2188,1.1765339425240482,2,0,,0,0.0
08.10.2003 07:00:00.000,1.18238,1.18376,1.18001,1.18098,31697599.6094,1.1768759469452754,2,1,1.1847599999999998,0,0.0
08.10.2003 08:00:00.000,1.18106,1.18189,1.18001,1.18075,31356599.6094,1.177173951026408,2,0,,0,0.0
08.10.2003 09:00:00.000,1.18081,1.18116,1.17843,1.17902,32004199.2188,1.1773159547936076,2,0,,0,0.0
08.10.2003 10:00:00.000,1.1789,1.18127,1.17882,1.17923,31174800.7813,1.1774631890402534,2,0,,0,0.0
08.10.2003 11:00:00.000,1.17928,1.17957,1.17675,1.17738,32611099.6094,1.1774567898833108,0,2,1.17575,0,0.0
08.10.2003 12:00:00.000,1.17763,1.17947,1.1771,1.17853,30838400.3906,1.1775393445076716,0,0,,0,0.0
08.10.2003 13:00:00.000,1.17844,1.18176,1.17803,1.18136,30027099.6094,1.1778332410840047,0,0,,0,0.0
08.10.2003 14:00:00.000,1.18113,1.18268,1.17965,1.18082,31705099.6094,1.1780629917698504,0,0,,0,0.0
08.10.2003 15:00:00.000,1.18097,1.18179,1.17969,1.18043,31448099.6094,1.1782450693260158,0,0,,0,0.0
08.10.2003 16:00:00.000,1.18036,1.18057,1.17769,1.17927,292785500.0,1.1783239101470915,0,0,,0,0.0
08.10.2003 17:00:00.000,1.17911,1.1808,1.17871,1.1806,133586703.125,1.1784989939819308,0,0,,0,0.0
08.10.2003 18:00:00.000,1.18037,1.18147,1.17972,1.18021,148923406.25,1.1786306098294745,0,0,,0,0.0
08.10.2003 19:00:00.000,1.18026,1.18135,1.17935,1.18069,107347398.4375,1.1787890244579766,0,0,,0,0.0
08.10.2003 20:00:00.000,1.18116,1.18143,1.17987,1.18062,64451000.0,1.1789298687304401,0,0,,0,0.0
08.10.2003 21:00:00.000,1.18027,1.18233,1.18027,1.18156,30957599.6094,1.1791321865204065,0,0,,0,0.0
08.10.2003 22:00:00.000,1.18177,1.18233,1.1813,1.18195,31563400.3906,1.1793489414034524,0,0,,0,0.0
08.10.2003 23:00:00.000,1.18158,1.18399,1.18152,1.1821,30609000.0,1.1795605612954947,0,0,,0,0.0
09.10.2003 00:00:00.000,1.18217,1.18309,1.18157,1.18303,30270000.0,1.1798274411958414,0,0,,0,0.0
09.10.2003 01:00:00.000,1.18293,1.18432,1.18231,1.18271,32518800.7813,1.180049176488469,0,0,,0,0.0
09.10.2003 02:00:00.000,1.18251,1.1848,1.1824,1.18457,32395500.0,1.1803969321432022,0,0,,0,0.0
09.10.2003 03:00:00.000,1.18462,1.18489,1.183,1.18302,31922800.7813,1.1805987065937251,2,0,,0,0.0
09.10.2003 04:00:00.000,1.18325,1.18384,1.18224,1.18273,32294800.7813,1.1807626522403618,2,0,,0,0.0
09.10.2003 05:00:00.000,1.1827,1.18389,1.18224,1.1835,29758199.2188,1.1809732174526417,2,0,,0,0.0
09.10.2003 06:00:00.000,1.18342,1.18588,1.18302,1.18438,30387800.7813,1.1812352776485926,2,1,1.18688,0,0.0
09.10.2003 07:00:00.000,1.18436,1.18544,1.18339,1.1838,32707300.7813,1.1814325639833163,2,0,,0,0.0
09.10.2003 08:00:00.000,1.18386,1.18477,1.18357,1.18409,29903199.2188,1.1816369821384458,2,0,,0,0.0
09.10.2003 09:00:00.000,1.18437,1.18468,1.18182,1.18206,30639800.7813,1.18166952197395,2,0,,0,0.0
09.10.2003 10:00:00.000,1.18198,1.18254,1.1807,1.18081,30837199.2188,1.1816034048990307,0,0,,0,0.0
09.10.2003 11:00:00.000,1.18076,1.18138,1.17785,1.17791,30592300.7813,1.1813192968298745,0,0,,0,0.0
09.10.2003 12:00:00.000,1.17813,1.1795,1.17208,1.1721,30894099.6094,1.1806101201506534,0,0,,0,0.0
09.10.2003 13:00:00.000,1.17215,1.17441,1.1712,1.17372,30730099.6094,1.1800801109082955,0,0,,0,0.0
09.10.2003 14:00:00.000,1.17374,1.1754,1.17246,1.17307,33691300.7813,1.1795408716076574,0,0,,0,0.0
09.10.2003 15:00:00.000,1.1732,1.17329,1.16844,1.169,31435599.6094,1.1787300353301455,0,0,,0,0.0
09.10.2003 16:00:00.000,1.16935,1.17179,1.1683,1.16991,297150500.0,1.1780515710739807,0,2,1.1673,0,0.0
09.10.2003 17:00:00.000,1.16984,1.17138,1.16878,1.16913,137063000.0,1.1773652963759822,0,0,,0,0.0
09.10.2003 18:00:00.000,1.16915,1.17427,1.1689,1.17387,146307500.0,1.1770964274239837,0,0,,0,0.0
09.10.2003 19:00:00.000,1.17422,1.17511,1.17306,1.17345,107748398.4375,1.1768159330067542,0,0,,0,0.0
09.10.2003 20:00:00.000,1.17353,1.17479,1.17326,1.17427,62177601.5625,1.1766200920062349,0,0,,0,0.0
09.10.2003 21:00:00.000,1.17397,1.1753,1.17375,1.17435,31683900.3906,1.1764454695442168,0,0,,0,0.0
09.10.2003 22:00:00.000,1.17415,1.17442,1.17269,1.17293,29303900.3906,1.1761750488100464,0,0,,0,0.0
09.10.2003 23:00:00.000,1.17299,1.17383,1.17284,1.17344,30062099.6094,1.1759646604400429,0,0,,0,0.0
10.10.2003 00:00:00.000,1.17325,1.17362,1.1718,1.17189,30678300.7813,1.175651225021578,0,0,,0,0.0
10.10.2003 01:00:00.000,1.17198,1.17227,1.17083,1.17114,34731800.7813,1.175304207712226,0,0,,0,0.0
10.10.2003 02:00:00.000,1.17143,1.17227,1.17103,1.17204,32092099.6094,1.1750531148112855,1,0,,0,0.0
10.10.2003 03:00:00.000,1.17197,1.17348,1.17175,1.17326,30786300.7813,1.1749151829027251,1,0,,0,0.0
10.10.2003 04:00:00.000,1.17338,1.17385,1.17272,1.17379,32921800.7813,1.1748286303717463,1,0,,0,0.0
10.10.2003 05:00:00.000,1.17335,1.17391,1.17192,1.17224,30132900.3906,1.1746295049585351,1,0,,0,0.0
10.10.2003 06:00:00.000,1.17224,1.17261,1.17012,1.17217,30269099.6094,1.1744403122694171,1,2,1.1691200000000002,0,0.0
10.10.2003 07:00:00.000,1.17196,1.17477,1.17127,1.17295,34235601.5625,1.1743256728640774,1,0,,0,0.0
10.10.2003 08:00:00.000,1.17286,1.17361,1.17159,1.17234,31395500.0,1.17417292879761,1,0,,0,0.0
10.10.2003 09:00:00.000,1.17246,1.1766,1.17195,1.17616,31082699.2188,1.174325780428563,0,0,,0,0.0
10.10.2003 10:00:00.000,1.17643,1.17911,1.17633,1.17884,30409800.7813,1.1746730280879045,0,0,,0,0.0
10.10.2003 11:00:00.000,1.17901,1.18003,1.17678,1.17947,31348699.2188,1.1750420259272967,0,0,,0,0.0
10.10.2003 12:00:00.000,1.17938,1.18275,1.17651,1.18216,33674800.7813,1.1755895623944277,0,0,,0,0.0
10.10.2003 13:00:00.000,1.18193,1.18461,1.18033,1.18185,30333099.6094,1.1760711345179333,0,1,1.1856099999999998,0,0.0
10.10.2003 14:00:00.000,1.18165,1.1823,1.17753,1.18029,30506099.6094,1.1763956626319385,0,0,,0,0.0
10.10.2003 15:00:00.000,1.18015,1.18154,1.17927,1.18106,31833800.7813,1.1767544578140972,0,0,,0,0.0
10.10.2003 16:00:00.000,1.18089,1.18108,1.17987,1.18024,288813906.25,1.177022576443782,0,0,,0,0.0
10.10.2003 17:00:00.000,1.18067,1.18069,1.17922,1.18045,135683906.25,1.177286224409645,0,0,,0,0.0
10.10.2003 18:00:00.000,1.18045,1.18133,1.17983,1.18104,144526703.125,1.1775749763781338,0,0,,0,0.0
10.10.2003 19:00:00.000,1.18116,1.18155,1.17957,1.18004,103737703.125,1.177764593579816,0,0,,0,0.0
10.10.2003 20:00:00.000,1.18005,1.18064,1.17902,1.17928,58224601.5625,1.1778811633044457,0,0,,0,0.0
12.10.2003 21:00:00.000,1.18039,1.1812,1.1803,1.18057,21799199.2188,1.1780879968964113,0,0,,0,0.0
12.10.2003 22:00:00.000,1.18072,1.18091,1.17982,1.1807,27394199.2188,1.178288920212072,0,0,,0,0.0
12.10.2003 23:00:00.000,1.18074,1.18138,1.18029,1.18103,30614800.7813,1.1784997725034512,0,0,,0,0.0
13.10.2003 00:00:00.000,1.18094,1.18113,1.17995,1.18006,32080000.0,1.1786197900031856,0,0,,0,0.0
13.10.2003 01:00:00.000,1.1801,1.1808,1.1797,1.17997,32451400.3906,1.1787236523106328,2,0,,0,0.0
13.10.2003 02:00:00.000,1.17992,1.18027,1.17867,1.17892,31884699.2188,1.1787387559790456,2,0,,0,0.0
13.10.2003 03:00:00.000,1.17895,1.18039,1.17847,1.1801,32168300.7813,1.1788434670575807,2,0,,0,0.0
13.10.2003 04:00:00.000,1.18006,1.18025,1.17872,1.17906,31627400.3906,1.1788601234377667,2,0,,0,0.0
13.10.2003 05:00:00.000,1.17873,1.17917,1.17764,1.17797,29154000.0,1.1787916524040922,0,0,,0,0.0
13.10.2003 06:00:00.000,1.17797,1.17812,1.173,1.17312,31874400.3906,1.1783553714499315,0,0,,0,0.0
13.10.2003 07:00:00.000,1.17303,1.17441,1.17121,1.17283,31969000.0,1.17793034287686,0,0,,0,0.0
13.10.2003 08:00:00.000,1.17268,1.173,1.16555,1.1657,33146601.5625,1.1769895472709477,0,0,,0,0.0
13.10.2003 09:00:00.000,1.16588,1.16835,1.16512,1.16791,30335199.2188,1.176291120557798,0,2,1.16412,0,0.0
13.10.2003 10:00:00.000,1.16797,1.16866,1.16673,1.16809,31983199.2188,1.1756602651302752,0,0,,0,0.0
13.10.2003 11:00:00.000,1.16805,1.16937,1.16716,1.16816,31442699.2188,1.1750833216587155,0,0,,0,0.0
13.10.2003 12:00:00.000,1.16787,1.17272,1.16777,1.17206,33853800.7813,1.1748507584541992,0,0,,0,0.0
13.10.2003 13:00:00.000,1.17233,1.17273,1.16999,1.17041,32515800.7813,1.17450916165003,0,0,,0,0.0
13.10.2003 14:00:00.000,1.17054,1.17115,1.16718,1.16718,32384099.6094,1.1739453799846433,0,0,,0,0.0
13.10.2003 15:00:00.000,1.16758,1.16936,1.16742,1.16795,32004199.2188,1.1734841969089016,0,0,,0,0.0
13.10.2003 16:00:00.000,1.16814,1.16869,1.16747,1.16813,292493187.5,1.1730723356082169,0,0,,0,0.0
13.10.2003 17:00:00.000,1.1683,1.16932,1.16777,1.16872,132601703.125,1.172737540561431,0,0,,0,0.0
13.10.2003 18:00:00.000,1.16876,1.16909,1.16795,1.16878,153475203.125,1.172433114364398,0,0,,0,0.0
13.10.2003 19:00:00.000,1.16883,1.17066,1.1684,1.17032,103914101.5625,1.1722705671055982,0,0,,0,0.0
13.10.2003 20:00:00.000,1.17015,1.17054,1.16956,1.17,61496199.2188,1.1720959080974753,1,0,,0,0.0
13.10.2003 21:00:00.000,1.1699,1.17149,1.16964,1.17099,31542800.7813,1.1720108382438235,1,0,,0,0.0
13.10.2003 22:00:00.000,1.17097,1.17122,1.16989,1.17008,28801099.6094,1.171862312225068,1,0,,0,0.0
13.10.2003 23:00:00.000,1.17037,1.17057,1.16897,1.16904,31180099.6094,1.171645211284678,1,0,,0,0.0
14.10.2003 00:00:00.000,1.169,1.16927,1.1636,1.16378,32934699.2188,1.1710401950320106,1,0,,0,0.0
14.10.2003 01:00:00.000,1.16397,1.16418,1.16035,1.162,32423699.2188,1.1703447954141637,1,0,,0,0.0
14.10.2003 02:00:00.000,1.16218,1.16315,1.16177,1.16211,35441199.2188,1.1697113496130742,1,0,,0,0.0
14.10.2003 03:00:00.000,1.16218,1.16278,1.1613,1.16243,30479900.3906,1.169151245796684,1,0,,0,0.0
14.10.2003 04:00:00.000,1.16257,1.16259,1.16063,1.16134,30710800.7813,1.1685503807354007,1,0,,0,0.0
14.10.2003 05:00:00.000,1.1614,1.16206,1.15803,1.16104,30459900.3906,1.16797265914037,1,2,1.15703,0,0.0
14.10.2003 06:00:00.000,1.16073,1.1629,1.15896,1.16242,33367398.4375,1.1675455315141878,1,0,,0,0.0
14.10.2003 07:00:00.000,1.1624,1.16442,1.16026,1.16442,31157900.3906,1.1673051060130966,1,0,,0,0.0
14.10.2003 08:00:00.000,1.16447,1.16579,1.16209,1.16216,31560000.0,1.1669093286274739,1,0,,0,0.0
14.10.2003 09:00:00.000,1.16244,1.1668,1.16216,1.16601,30653099.6094,1.1668401495022835,1,0,,0,0.0
14.10.2003 10:00:00.000,1.16608,1.1663,1.16484,1.16509,28794099.6094,1.1667055226174925,1,0,,0,0.0
14.10.2003 11:00:00.000,1.16516,1.16632,1.16299,1.16362,32535199.2188,1.1664681747238395,1,0,,0,0.0
14.10.2003 12:00:00.000,1.16322,1.16474,1.16119,1.16371,31986000.0,1.1662560074373904,1,0,,0,0.0
14.10.2003 13:00:00.000,1.16348,1.16606,1.16323,1.16481,31055199.2188,1.1661447760960528,1,0,,0,0.0
14.10.2003 14:00:00.000,1.16506,1.16985,1.16495,1.16911,31861199.2188,1.1663728702425102,0,0,,0,0.0
14.10.2003 15:00:00.000,1.16925,1.17248,1.16896,1.17202,32784398.4375,1.1668072648392402,0,0,,0,0.0
14.10.2003 16:00:00.000,1.17169,1.17523,1.1707,1.17507,292206812.5,1.1674428598516065,0,0,,0,0.0
14.10.2003 17:00:00.000,1.17522,1.17638,1.17312,1.17338,131774296.875,1.1678995629399445,0,1,1.1773799999999999,0,0.0
14.10.2003 18:00:00.000,1.17335,1.17379,1.17147,1.17317,144759593.75,1.1683049811753334,0,0,,0,0.0
14.10.2003 19:00:00.000,1.17307,1.17386,1.17103,1.17241,104924898.4375,1.168620751854154,0,0,,0,0.0
14.10.2003 20:00:00.000,1.17207,1.17281,1.17136,1.17204,64614398.4375,1.1688837709422961,0,0,,0,0.0
14.10.2003 21:00:00.000,1.17194,1.17421,1.17166,1.17292,30563000.0,1.169194250100581,0,0,,0,0.0
14.10.2003 22:00:00.000,1.17293,1.17326,1.17152,1.1731,30968199.2188,1.1694946924005363,0,0,,0,0.0
14.10.2003 23:00:00.000,1.17312,1.17339,1.1722,1.17241,29200400.3906,1.1697189468312643,0,0,,0,0.0
15.10.2003 00:00:00.000,1.17202,1.17304,1.17174,1.17196,33424101.5625,1.1698913355365517,0,0,,0,0.0
15.10.2003 01:00:00.000,1.17213,1.17221,1.16994,1.17065,31192599.6094,1.1699496943414323,0,0,,0,0.0
15.10.2003 02:00:00.000,1.1706,1.17138,1.16959,1.17091,33327601.5625,1.170023564007476,0,0,,0,0.0
15.10.2003 03:00:00.000,1.17109,1.17149,1.16994,1.17107,32212599.6094,1.170104059083824,0,0,,0,0.0
15.10.2003 04:00:00.000,1.17132,1.17183,1.17069,1.17149,31077300.7813,1.17021066992353,0,0,,0,0.0
15.10.2003 05:00:00.000,1.17147,1.17298,1.17086,1.17279,30680000.0,1.1704090799294122,0,0,,0,0.0
15.10.2003 06:00:00.000,1.17241,1.17431,1.17174,1.17318,32192599.6094,1.1706222276271498,2,1,1.1753099999999999,0,0.0
15.10.2003 07:00:00.000,1.17293,1.17308,1.17066,1.1714,31053300.7813,1.1706820562712152,2,0,,0,0.0
15.10.2003 08:00:00.000,1.17115,1.17154,1.16827,1.16898,34424000.0,1.170551128865737,0,0,,0,0.0
15.10.2003 09:00:00.000,1.1691,1.16964,1.1676,1.16897,31974800.7813,1.170429503568373,0,0,,0,0.0
15.10.2003 10:00:00.000,1.16888,1.16971,1.16756,1.16823,32479000.0,1.1702603109861904,0,0,,0,0.0
15.10.2003 11:00:00.000,1.16835,1.16917,1.1674,1.16881,30315000.0,1.1701487486026374,0,0,,0,0.0
15.10.2003 12:00:00.000,1.1687,1.16879,1.15889,1.15889,31781400.3906,1.1692826910178193,0,2,1.15789,0,0.0
15.10.2003 13:00:00.000,1.15898,1.16459,1.15898,1.16431,32064000.0,1.1689001763241411,0,0,,0,0.0
15.10.2003 14:00:00.000,1.16441,1.16611,1.16284,1.16348,31237500.0,1.1684832396838227,0,0,,0,0.0
15.10.2003 15:00:00.000,1.16369,1.16535,1.16236,1.1651,34381898.4375,1.168222990477375,0,0,,0,0.0
15.10.2003 16:00:00.000,1.1649,1.16548,1.1636,1.16401,293778406.25,1.167898914286808,0,0,,0,0.0
15.10.2003 17:00:00.000,1.16384,1.16448,1.16149,1.16164,135169203.125,1.1674174593416689,0,0,,0,0.0
15.10.2003 18:00:00.000,1.16182,1.16573,1.16171,1.16445,147024906.25,1.1671891932384637,0,0,,0,0.0
15.10.2003 19:00:00.000,1.16441,1.16469,1.16266,1.16325,106221898.4375,1.1668861783739666,0,0,,0,0.0
15.10.2003 20:00:00.000,1.16313,1.16402,1.1628,1.16309,64109398.4375,1.1665941646528923,0,0,,0,0.0
15.10.2003 21:00:00.000,1.16308,1.16358,1.16082,1.16133,30607599.6094,1.1661892289103621,0,0,,0,0.0
15.10.2003 22:00:00.000,1.16142,1.16254,1.1609,1.16195,28195400.3906,1.165863134378796,0,0,,0,0.0
15.10.2003 23:00:00.000,1.16195,1.1622,1.16081,1.16171,33519601.5625,1.165543662503504,0,0,,0,0.0
16.10.2003 00:00:00.000,1.16172,1.16286,1.16159,1.16232,28977099.6094,1.165295688464773,1,0,,0,0.0
16.10.2003 01:00:00.000,1.16233,1.16274,1.16091,1.16154,33882800.7813,1.1650067893520981,1,0,,0,0.0
16.10.2003 02:00:00.000,1.16184,1.16296,1.16091,1.16266,31631800.7813,1.1648262670942444,1,0,,0,0.0
16.10.2003 03:00:00.000,1.1629,1.16485,1.16283,1.16468,30587300.7813,1.1648150157793025,1,0,,0,0.0
16.10.2003 04:00:00.000,1.16468,1.16486,1.16332,1.16434,32683199.2188,1.1647784761039717,1,0,,0,0.0
16.10.2003 05:00:00.000,1.16421,1.16463,1.16255,1.16439,31314300.7813,1.1647485933267432,1,0,,0,0.0
16.10.2003 06:00:00.000,1.16429,1.16482,1.16214,1.16256,32168599.6094,1.1645802399939167,1,0,,0,0.0
16.10.2003 07:00:00.000,1.16264,1.16376,1.15721,1.15947,31757599.6094,1.1641871446097694,1,2,1.1562100000000002,0,0.0
16.10.2003 08:00:00.000,1.15975,1.16157,1.15926,1.16015,28978599.6094,1.1638765950244025,1,0,,0,0.0
16.10.2003 09:00:00.000,1.16007,1.16367,1.15986,1.16192,30200400.3906,1.1637260877148332,1,0,,0,0.0
16.10.2003 10:00:00.000,1.1619,1.16333,1.16152,1.16174,32298800.7813,1.1635733117367693,1,0,,0,0.0
16.10.2003 11:00:00.000,1.16155,1.16302,1.16066,1.16239,31457599.6094,1.163482287757018,1,0,,0,0.0
16.10.2003 12:00:00.000,1.16262,1.1646,1.16093,1.16331,30637400.3906,1.163469034852632,1,0,,0,0.0
16.10.2003 13:00:00.000,1.16334,1.16917,1.1632,1.16809,31449800.7813,1.1638244937101219,0,0,,0,0.0
16.10.2003 14:00:00.000,1.16812,1.16942,1.16624,1.16909,31263000.0,1.1642295326554972,0,1,1.1704199999999998,0,0.0
16.10.2003 15:00:00.000,1.16882,1.16913,1.16514,1.16534,32166699.2188,1.164314953220459,0,0,,0,0.0
16.10.2003 16:00:00.000,1.16448,1.1663,1.16165,1.16178,292817500.0,1.1641199568188854,0,0,,0,0.0
16.10.2003 17:00:00.000,1.16178,1.16429,1.1617,1.16382,136805296.875,1.1640968832174328,0,0,,0,0.0
16.10.2003 18:00:00.000,1.16384,1.16392,1.15891,1.15988,145015406.25,1.1637725075853227,0,0,,0,0.0
16.10.2003 19:00:00.000,1.15985,1.16028,1.15807,1.15904,106730796.875,1.163408468540298,0,0,,0,0.0
16.10.2003 20:00:00.000,1.15909,1.15939,1.15792,1.15843,63474699.2188,1.1630255094218136,0,0,,0,0.0
16.10.2003 21:00:00.000,1.1579,1.15993,1.1579,1.15945,28650500.0,1.1627504702355203,0,0,,0,0.0
16.10.2003 22:00:00.000,1.15945,1.16005,1.1589,1.15909,26787300.7813,1.1624688956020188,0,0,,0,0.0
16.10.2003 23:00:00.000,1.15903,1.1593,1.15765,1.15786,30820000.0,1.1621143651710943,0,0,,0,0.0
17.10.2003 00:00:00.000,1.15775,1.15944,1.15709,1.15854,32334099.6094,1.161839414004087,0,0,,0,0.0
17.10.2003 01:00:00.000,1.1586,1.16001,1.158,1.1593,33138199.2188,1.1616440744653111,0,0,,0,0.0
17.10.2003 02:00:00.000,1.15914,1.15949,1.15833,1.15886,32524699.2188,1.1614299148910565,0,0,,0,0.0
17.10.2003 03:00:00.000,1.15898,1.161,1.15849,1.1606,30841000.0,1.1613660752840522,0,0,,0,0.0
17.10.2003 04:00:00.000,1.16048,1.16112,1.15961,1.16007,30489300.7813,1.1612663771852791,0,0,,0,0.0
17.10.2003 05:00:00.000,1.16,1.16041,1.15874,1.15878,30940599.6094,1.1610751174017961,0,0,,0,0.0
17.10.2003 06:00:00.000,1.15877,1.16157,1.15657,1.16138,30959099.6094,1.1610985699093503,0,0,,0,0.0
17.10.2003 07:00:00.000,1.16134,1.16166,1.15806,1.15908,31082199.2188,1.1609432953009389,0,0,,0,0.0
17.10.2003 08:00:00.000,1.159,1.16117,1.15829,1.15931,30936000.0,1.1608176572008668,0,0,,0,0.0
17.10.2003 09:00:00.000,1.15948,1.16079,1.15922,1.16037,30947900.3906,1.1607832220315695,0,0,,0,0.0
17.10.2003 10:00:00.000,1.16052,1.16153,1.15925,1.15992,29946099.6094,1.1607168203368334,0,0,,0,0.0
17.10.2003 11:00:00.000,1.15991,1.16001,1.15851,1.15874,32291500.0,1.1605647572340003,0,0,,0,0.0
17.10.2003 12:00:00.000,1.15878,1.15889,1.15529,1.15627,32252500.0,1.1602343912929234,0,0,,0,0.0
17.10.2003 13:00:00.000,1.15624,1.15872,1.15515,1.15773,31791400.3906,1.1600417458088523,0,2,1.15415,0,0.0
17.10.2003 14:00:00.000,1.15805,1.16393,1.15798,1.16304,31640300.7813,1.160272380746633,0,0,,0,0.0
17.10.2003 15:00:00.000,1.16325,1.16443,1.16269,1.16307,32900199.2188,1.1604875822276615,0,0,,0,0.0
17.10.2003 16:00:00.000,1.16298,1.16551,1.16191,1.16243,288542187.5,1.1606369989793799,0,0,,0,0.0
17.10.2003 17:00:00.000,1.16218,1.16359,1.16192,1.16304,132703500.0,1.1608218452117354,0,0,,0,0.0
17.10.2003 18:00:00.000,1.16305,1.1659,1.16279,1.16527,148007406.25,1.1611640109646788,0,0,,0,0.0
17.10.2003 19:00:00.000,1.1653,1.16809,1.1653,1.16696,105702101.5625,1.161609856275088,0,0,,0,0.0
17.10.2003 20:00:00.000,1.16696,1.16823,1.16647,1.16782,64868699.2188,1.162087559638543,0,0,,0,0.0
19.10.2003 21:00:00.000,1.17028,1.1727,1.1698,1.16992,30430099.6094,1.1626900550509627,0,1,1.1737,0,0.0
19.10.2003 22:00:00.000,1.16984,1.17142,1.16852,1.17007,30924000.0,1.1632577431239655,0,0,,0,0.0
19.10.2003 23:00:00.000,1.1699,1.1706,1.16949,1.16979,33249800.7813,1.1637602244221221,0,0,,0,0.0
20.10.2003 00:00:00.000,1.1696,1.16974,1.16769,1.16777,32089800.7813,1.1640686686973434,0,0,,0,0.0
20.10.2003 01:00:00.000,1.1678,1.16811,1.16058,1.16155,32080099.6094,1.163874924951394,0,0,,0,0.0
20.10.2003 02:00:00.000,1.16147,1.16445,1.16,1.16314,33239398.4375,1.1638183922628251,0,2,1.159,0,0.0
20.10.2003 03:00:00.000,1.16331,1.16372,1.16191,1.1622,28670599.6094,1.1636939005503002,0,0,,0,0.0
20.10.2003 04:00:00.000,1.16215,1.16272,1.16137,1.16222,31095699.2188,1.1635805235848926,0,0,,0,0.0
20.10.2003 05:00:00.000,1.16218,1.16377,1.16114,1.16261,30141400.3906,1.1635058679245163,0,0,,0,0.0
20.10.2003 06:00:00.000,1.1627,1.1664,1.16262,1.16543,31601800.7813,1.163653878084169,0,0,,0,0.0
20.10.2003 07:00:00.000,1.16557,1.16898,1.165,1.16687,32611000.0,1.1639012720776944,0,0,,0,0.0
20.10.2003 08:00:00.000,1.16661,1.16879,1.16627,1.16793,33381300.7813,1.164211174225564,0,0,,0,0.0
20.10.2003 09:00:00.000,1.16808,1.16843,1.16526,1.16615,30794500.0,1.1643603146697517,0,0,,0,0.0
20.10.2003 10:00:00.000,1.1662,1.16728,1.16467,1.16592,31129599.6094,1.164480290464386,0,0,,0,0.0
20.10.2003 11:00:00.000,1.16585,1.1661,1.16406,1.16457,32750199.2188,1.164487191197895,0,0,,0,0.0
20.10.2003 12:00:00.000,1.1644,1.16472,1.16059,1.16238,33273000.0,1.1643250995672876,0,0,,0,0.0
20.10.2003 13:00:00.000,1.16246,1.1645,1.16145,1.1636,30776300.7813,1.1642693226774963,0,0,,0,0.0
20.10.2003 14:00:00.000,1.16375,1.16715,1.16362,1.1659,30574000.0,1.164394759394612,0,0,,0,0.0
20.10.2003 15:00:00.000,1.16578,1.16859,1.1651,1.16681,30710000.0,1.164580547133488,0,0,,0,0.0
20.10.2003 16:00:00.000,1.1667,1.1675,1.16486,1.16519,292668812.5,1.1646274281232198,0,0,,0,0.0
20.10.2003 17:00:00.000,1.16508,1.16657,1.16465,1.16615,134662593.75,1.1647445490368185,0,0,,0,0.0
20.10.2003 18:00:00.000,1.16625,1.1667,1.16544,1.16567,145996703.125,1.164815737572448,0,0,,0,0.0
20.10.2003 19:00:00.000,1.16551,1.16588,1.1632,1.16344,101424203.125,1.1647099116053365,0,0,,0,0.0
20.10.2003 20:00:00.000,1.1634,1.16367,1.16246,1.16306,63454000.0,1.1645829953280031,0,0,,0,0.0
20.10.2003 21:00:00.000,1.16292,1.16355,1.16197,1.16227,30351000.0,1.1644050726104644,0,0,,0,0.0
20.10.2003 22:00:00.000,1.16232,1.1636,1.16228,1.16326,31021000.0,1.1643169901019672,0,0,,0,0.0
20.10.2003 23:00:00.000,1.16328,1.1636,1.16227,1.16264,30547300.7813,1.1641879908633543,0,0,,0,0.0
21.10.2003 00:00:00.000,1.16268,1.16327,1.16152,1.16294,31193699.2188,1.1640919915661734,0,2,1.1605200000000002,0,0.0
21.10.2003 01:00:00.000,1.16298,1.16436,1.1629,1.1637,32670900.3906,1.1640618383687755,0,0,,0,0.0
21.10.2003 02:00:00.000,1.1637,1.16402,1.16273,1.16302,31766000.0,1.1639816969557928,0,0,,0,0.0
21.10.2003 03:00:00.000,1.1631,1.16357,1.16268,1.16302,30058000.0,1.1639077202668857,0,0,,0,0.0
21.10.2003 04:00:00.000,1.16324,1.16407,1.16283,1.16334,33164898.4375,1.1638640494771253,0,0,,0,0.0
21.10.2003 05:00:00.000,1.16321,1.16437,1.16296,1.16417,29336099.6094,1.163887584132731,0,0,,0,0.0
21.10.2003 06:00:00.000,1.16415,1.16608,1.16264,1.1646,29181500.0,1.1639423853532902,0,0,,0,0.0
21.10.2003 07:00:00.000,1.16469,1.16504,1.1628,1.1645,30194000.0,1.1639852787876526,0,0,,0,0.0
21.10.2003 08:00:00.000,1.1647,1.16506,1.16327,1.16416,30563000.0,1.1639987188809102,0,0,,0,0.0
21.10.2003 09:00:00.000,1.16415,1.16606,1.16363,1.16508,29514900.3906,1.1640818943516094,0,0,,0,0.0
21.10.2003 10:00:00.000,1.16515,1.16569,1.1629,1.16342,30938199.2188,1.1640309794014856,0,0,,0,0.0
21.10.2003 11:00:00.000,1.1636,1.16451,1.16281,1.16333,32976601.5625,1.1639770579090636,0,0,,0,0.0
21.10.2003 12:00:00.000,1.16329,1.16535,1.16164,1.165,33635199.2188,1.1640557457622127,0,2,1.1606400000000001,0,0.0
21.10.2003 13:00:00.000,1.16524,1.16836,1.16433,1.16706,31239699.2188,1.1642868422420427,0,0,,0,0.0
21.10.2003 14:00:00.000,1.16756,1.16901,1.16652,1.16801,34362398.4375,1.1645732389926549,0,0,,0,0.0
21.10.2003 15:00:00.000,1.16778,1.1692,1.16679,1.16728,32736300.7813,1.1647814513778354,0,0,,0,0.0
21.10.2003 16:00:00.000,1.16717,1.16991,1.16682,1.16746,294334906.25,1.1649874935795406,0,1,1.17091,0,0.0
21.10.2003 17:00:00.000,1.16757,1.16827,1.16499,1.16595,132589406.25,1.1650615325349607,0,0,,0,0.0
21.10.2003 18:00:00.000,1.16605,1.16646,1.16463,1.16506,143129703.125,1.1650614146476561,0,0,,0,0.0
21.10.2003 19:00:00.000,1.1652,1.16577,1.16458,1.1649,106241203.125,1.165048998136298,0,0,,0,0.0
21.10.2003 20:00:00.000,1.16485,1.16705,1.16468,1.16641,64104199.2188,1.1651536905873519,0,0,,0,0.0
21.10.2003 21:00:00.000,1.16584,1.16737,1.16584,1.16658,31113699.2188,1.1652634066960172,0,0,,0,0.0
21.10.2003 22:00:00.000,1.16657,1.16711,1.16589,1.16623,29323199.2188,1.1653377600270929,0,0,,0,0.0
21.10.2003 23:00:00.000,1.1662,1.16647,1.16488,1.1649,32339099.6094,1.165304086178855,0,0,,0,0.0
22.10.2003 00:00:00.000,1.16519,1.16645,1.16463,1.16523,30800099.6094,1.16529838724202,0,0,,0,0.0
22.10.2003 01:00:00.000,1.16527,1.16655,1.16506,1.16609,32216000.0,1.1653592805310955,0,0,,0,0.0
22.10.2003 02:00:00.000,1.166,1.16654,1.16553,1.16639,30942800.7813,1.1654385666440883,0,0,,0,0.0
22.10.2003 03:00:00.000,1.16641,1.16753,1.1661,1.1669,29047699.2188,1.165550984594543,0,0,,0,0.0
22.10.2003 04:00:00.000,1.16702,1.16742,1.16601,1.16675,31046000.0,1.165643216548809,0,0,,0,0.0
22.10.2003 05:00:00.000,1.16673,1.16836,1.16629,1.16805,29580599.6094,1.1658283537373624,0,0,,0,0.0
22.10.2003 06:00:00.000,1.16815,1.17094,1.16785,1.17021,30796599.6094,1.1661654034498732,0,0,,0,0.0
22.10.2003 07:00:00.000,1.17042,1.17089,1.16882,1.1692,31583599.6094,1.1663988339537292,0,0,,0,0.0
22.10.2003 08:00:00.000,1.16925,1.17011,1.16838,1.16891,31937199.2188,1.1665920005726733,0,0,,0,0.0
22.10.2003 09:00:00.000,1.16912,1.16919,1.16754,1.16833,30879000.0,1.1667256928363139,0,0,,0,0.0
22.10.2003 10:00:00.000,1.1685,1.16915,1.16666,1.16707,30708699.2188,1.1667521780027514,0,0,,0,0.0
22.10.2003 11:00:00.000,1.16713,1.16963,1.16686,1.16929,31510900.3906,1.1669473950794629,0,0,,0,0.0
22.10.2003 12:00:00.000,1.16942,1.17084,1.16881,1.17035,29922800.7813,1.1672091339195043,0,0,,0,0.0
22.10.2003 13:00:00.000,1.1704,1.17568,1.1703,1.17553,33880101.5625,1.167849200541081,0,0,,0,0.0
22.10.2003 14:00:00.000,1.17567,1.17872,1.17438,1.17847,32146800.7813,1.168666185114844,0,0,,0,0.0
22.10.2003 15:00:00.000,1.1785,1.18161,1.17769,1.18051,31069000.0,1.1695772477983175,0,0,,0,0.0
22.10.2003 16:00:00.000,1.18063,1.18135,1.17908,1.17915,294477687.5,1.1703136133522931,0,0,,0,0.0
22.10.2003 17:00:00.000,1.17923,1.18242,1.17916,1.18132,135158500.0,1.17116025847904,2,0,,0,0.0
22.10.2003 18:00:00.000,1.18116,1.1826,1.18028,1.1806,150127593.75,1.171886392442191,2,0,,0,0.0
22.10.2003 19:00:00.000,1.18064,1.1818,1.18027,1.18027,104245296.875,1.1725312853312533,2,0,,0,0.0
22.10.2003 20:00:00.000,1.18024,1.18086,1.17927,1.17981,66498296.875,1.1730911864596185,2,0,,0,0.0
22.10.2003 21:00:00.000,1.17951,1.18105,1.17934,1.18042,30516800.7813,1.17365494134734,2,0,,0,0.0
22.10.2003 22:00:00.000,1.18048,1.18177,1.18021,1.18112,30452199.2188,1.174229176628314,2,0,,0,0.0
22.10.2003 23:00:00.000,1.18128,1.18276,1.18013,1.18177,31656800.7813,1.1748092399645975,2,0,,0,0.0
23.10.2003 00:00:00.000,1.18166,1.18201,1.17992,1.18111,32592099.6094,1.1752939138134748,2,0,,0,0.0
23.10.2003 01:00:00.000,1.18129,1.18154,1.18053,1.18113,33364398.4375,1.1757428435201307,2,0,,0,0.0
23.10.2003 02:00:00.000,1.18117,1.18222,1.18078,1.18156,30751900.3906,1.1761903170955055,2,0,,0,0.0
23.10.2003 03:00:00.000,1.18178,1.18215,1.18101,1.18189,28911500.0,1.176628754242005,2,0,,0,0.0
23.10.2003 04:00:00.000,1.182,1.1825,1.18069,1.18124,30223000.0,1.1769834654541584,2,0,,0,0.0
23.10.2003 05:00:00.000,1.1812,1.1826,1.18067,1.18205,31595000.0,1.1773731988807619,2,0,,0,0.0
23.10.2003 06:00:00.000,1.18187,1.18384,1.18145,1.18297,31059000.0,1.1778037220437803,2,0,,0,0.0
23.10.2003 07:00:00.000,1.18286,1.18434,1.18179,1.18214,32259800.7813,1.1781372818865665,2,1,1.1853399999999998,0,0.0
23.10.2003 08:00:00.000,1.18209,1.18226,1.17946,1.17985,29647400.3906,1.1782690294337537,2,0,,0,0.0
23.10.2003 09:00:00.000,1.1801,1.18129,1.17891,1.17986,31626400.3906,1.1783914117850034,2,0,,0,0.0
23.10.2003 10:00:00.000,1.1796,1.18065,1.17811,1.17842,31193400.3906,1.178393610878465,2,0,,0,0.0
23.10.2003 11:00:00.000,1.1785,1.17921,1.17739,1.17743,31802199.2188,1.1783194869647369,0,0,,0,0.0
23.10.2003 12:00:00.000,1.17755,1.17988,1.1768,1.17912,31883500.0,1.1783810648905264,0,0,,0,0.0
23.10.2003 13:00:00.000,1.17942,1.17953,1.17606,1.17679,29570500.0,1.1782586752835629,0,0,,0,0.0
23.10.2003 14:00:00.000,1.1771,1.17871,1.17546,1.17852,32829500.0,1.1782787771848273,0,2,1.17446,0,0.0
23.10.2003 15:00:00.000,1.17865,1.18048,1.1776,1.1795,33058601.5625,1.1783727174013792,0,0,,0,0.0
23.10.2003 16:00:00.000,1.17965,1.17994,1.17694,1.17775,291445312.5,1.1783248160628117,0,0,,0,0.0
23.10.2003 17:00:00.000,1.17766,1.17853,1.17623,1.17695,134918593.75,1.178219060981057,0,0,,0,0.0
23.10.2003 18:00:00.000,1.17695,1.17861,1.17649,1.17805,147621703.125,1.1782060562902066,0,0,,0,0.0
23.10.2003 19:00:00.000,1.17806,1.17847,1.17722,1.17763,105027601.5625,1.1781617442678831,0,0,,0,0.0
23.10.2003 20:00:00.000,1.17721,1.17915,1.17721,1.17885,65679398.4375,1.1782146870165076,0,0,,0,0.0
23.10.2003 21:00:00.000,1.17833,1.1798,1.17808,1.1794,30086400.3906,1.1783058649383147,0,0,,0,0.0
23.10.2003 22:00:00.000,1.17937,1.18259,1.17928,1.18159,31059400.3906,1.1785584907122906,0,0,,0,0.0
23.10.2003 23:00:00.000,1.18151,1.1824,1.18124,1.18201,31085000.0,1.1788239914267298,0,0,,0,0.0
24.10.2003 00:00:00.000,1.18182,1.18227,1.1806,1.18063,31088500.0,1.1789629151631353,0,0,,0,0.0
24.10.2003 01:00:00.000,1.18105,1.18202,1.18041,1.18175,33584898.4375,1.1791773063044326,0,0,,0,0.0
24.10.2003 02:00:00.000,1.18157,1.18216,1.18063,1.18163,30804900.3906,1.1793659750502454,0,0,,0,0.0
24.10.2003 03:00:00.000,1.18178,1.18231,1.18127,1.18195,30957699.2188,1.1795647462002266,0,0,,0,0.0
24.10.2003 04:00:00.000,1.182,1.18252,1.18088,1.18152,30004599.6094,1.1797151503386707,0,0,,0,0.0
24.10.2003 05:00:00.000,1.18128,1.18228,1.18092,1.18199,30234199.2188,1.1798901387741578,0,0,,0,0.0
24.10.2003 06:00:00.000,1.18197,1.18265,1.17992,1.18015,33218101.5625,1.1799101280992226,0,0,,0,0.0
24.10.2003 07:00:00.000,1.18012,1.18027,1.17802,1.17888,32920000.0,1.1798308874762056,0,0,,0,0.0
24.10.2003 08:00:00.000,1.17897,1.17907,1.17695,1.17834,30059900.3906,1.1797162038241897,0,0,,0,0.0
24.10.2003 09:00:00.000,1.17828,1.17883,1.17717,1.17767,30775300.7813,1.1795588035300213,0,0,,0,0.0
24.10.2003 10:00:00.000,1.17766,1.17819,1.17589,1.17623,29772500.0,1.1793027417200197,0,2,1.1748900000000002,0,0.0
24.10.2003 11:00:00.000,1.17638,1.17769,1.17595,1.17672,31928099.6094,1.1791040692800183,0,0,,0,0.0
24.10.2003 12:00:00.000,1.17662,1.18061,1.17654,1.18027,29125199.2188,1.1791937562584784,0,0,,0,0.0
24.10.2003 13:00:00.000,1.18028,1.18271,1.18013,1.18082,31843300.7813,1.1793188519309032,0,0,,0,0.0
24.10.2003 14:00:00.000,1.18085,1.1831,1.1805,1.18174,32661000.0,1.1795050940900647,0,0,,0,0.0
24.10.2003 15:00:00.000,1.18179,1.18447,1.18169,1.18312,33216800.7813,1.1797831637754443,0,0,,0,0.0
24.10.2003 16:00:00.000,1.18298,1.18546,1.18287,1.18429,292215093.75,1.1801298434850258,0,1,1.1864599999999998,0,0.0
24.10.2003 17:00:00.000,1.18424,1.1846,1.18191,1.18304,138415093.75,1.1803537016784855,0,0,,0,0.0
24.10.2003 18:00:00.000,1.18287,1.1832,1.18078,1.18135,144000593.75,1.18043034001091,0,0,,0,0.0
24.10.2003 19:00:00.000,1.18124,1.18173,1.17889,1.17906,104357296.875,1.18032492924084,0,0,,0,0.0
24.10.2003 20:00:00.000,1.17889,1.1794,1.17718,1.17767,62999398.4375,1.1801207039146215,0,0,,0,0.0
26.10.2003 22:00:00.000,1.17726,1.17829,1.17686,1.17693,27878099.6094,1.1798752651519584,0,0,,0,0.0
26.10.2003 23:00:00.000,1.17683,1.17791,1.17628,1.1777,33043398.4375,1.1797079370633463,0,0,,0,0.0
27.10.2003 00:00:00.000,1.17752,1.17804,1.17625,1.1765,30913599.6094,1.1794611726738582,0,0,,0,0.0
27.10.2003 01:00:00.000,1.1765,1.17721,1.17623,1.1769,32766400.3906,1.1792641593912538,0,0,,0,0.0
27.10.2003 02:00:00.000,1.17697,1.17755,1.17501,1.17512,32767300.7813,1.1789453778996188,0,0,,0,0.0
27.10.2003 03:00:00.000,1.1751,1.17566,1.1717,1.17304,30321500.0,1.1784911180611866,0,2,1.1707,0,0.0
27.10.2003 04:00:00.000,1.17323,1.17407,1.1726,1.17356,33043500.0,1.1781118012872491,0,0,,0,0.0
27.10.2003 05:00:00.000,1.17359,1.17435,1.173,1.17411,31002599.6094,1.1778039704189993,0,0,,0,0.0
27.10.2003 06:00:00.000,1.17378,1.1756,1.17377,1.17497,31976599.6094,1.177585972694461,0,0,,0,0.0
27.10.2003 07:00:00.000,1.17506,1.17574,1.17277,1.17397,32488800.7813,1.1773078209487333,0,0,,0,0.0
27.10.2003 08:00:00.000,1.17382,1.1748,1.17282,1.17407,31230500.0,1.1770587577988307,0,0,,0,0.0
27.10.2003 09:00:00.000,1.174,1.17674,1.17359,1.17655,31029699.2188,1.177019622583536,0,0,,0,0.0
27.10.2003 10:00:00.000,1.17645,1.17715,1.17567,1.17657,29732599.6094,1.1769850362309566,0,0,,0,0.0
27.10.2003 11:00:00.000,1.17668,1.17805,1.17572,1.17617,31852500.0,1.1769223411362677,0,1,1.17905,0,0.0
27.10.2003 12:00:00.000,1.17618,1.17645,1.17287,1.17314,33014199.2188,1.1766313918180933,1,0,,0,0.0
27.10.2003 13:00:00.000,1.17316,1.17482,1.17288,1.17406,31936699.2188,1.176433592447471,1,0,,0,0.0
27.10.2003 14:00:00.000,1.1743,1.17576,1.17342,1.1742,32322500.0,1.1762617776438193,1,0,,0,0.0
27.10.2003 15:00:00.000,1.17377,1.17727,1.17265,1.17727,30338800.7813,1.1763393332096794,0,0,,0,0.0
27.10.2003 16:00:00.000,1.17727,1.1777,1.17551,1.17583,290142187.5,1.176300153732012,0,0,,0,0.0
27.10.2003 17:00:00.000,1.17558,1.17685,1.17489,1.17634,135169203.125,1.1763032188295495,0,0,,0,0.0
27.10.2003 18:00:00.000,1.17631,1.17656,1.17362,1.17448,153366203.125,1.1761629712272765,0,0,,0,0.0
27.10.2003 19:00:00.000,1.17475,1.17588,1.17355,1.17364,107084898.4375,1.175968896517486,0,0,,0,0.0
27.10.2003 20:00:00.000,1.1737,1.1748,1.17308,1.17405,63690601.5625,1.175821289093064,0,0,,0,0.0
27.10.2003 21:00:00.000,1.17396,1.17505,1.17393,1.17414,29417800.7813,1.1756919591628283,0,0,,0,0.0
27.10.2003 22:00:00.000,1.17426,1.17491,1.1731,1.17381,29644699.2188,1.17554719307338,0,0,,0,0.0
27.10.2003 23:00:00.000,1.17412,1.17418,1.17297,1.17347,31697900.3906,1.1753874089908125,0,0,,0,0.0
28.10.2003 00:00:00.000,1.17338,1.17376,1.17091,1.17107,33477601.5625,1.1750553006069038,0,0,,0,0.0
28.10.2003 01:00:00.000,1.17103,1.17247,1.17005,1.17034,32910601.5625,1.1746925851756034,0,0,,0,0.0
28.10.2003 02:00:00.000,1.17008,1.17269,1.16996,1.17172,32242599.6094,1.1744639247774802,0,0,,0,0.0
28.10.2003 03:00:00.000,1.17188,1.17196,1.17083,1.17112,31563699.2188,1.1742066997945972,0,0,,0,0.0
28.10.2003 04:00:00.000,1.17125,1.17184,1.17073,1.17108,30243500.0,1.173966184425782,0,0,,0,0.0
28.10.2003 05:00:00.000,1.17092,1.1714,1.16996,1.17071,30217400.3906,1.173715708700722,0,0,,0,0.0
28.10.2003 06:00:00.000,1.1706,1.17155,1.17034,1.17092,32582199.2188,1.1735006541852817,0,0,,0,0.0
28.10.2003 07:00:00.000,1.17106,1.17236,1.16989,1.1711,32210500.0,1.1733159884787216,0,0,,0,0.0
28.10.2003 08:00:00.000,1.17085,1.17344,1.17073,1.17302,32789699.2188,1.1732932201342048,0,0,,0,0.0
28.10.2003 09:00:00.000,1.17284,1.17383,1.17122,1.17192,33463500.0,1.173187587816189,0,0,,0,0.0
28.10.2003 10:00:00.000,1.172,1.17285,1.1702,1.17047,31590199.2188,1.1729785425995591,1,0,,0,0.0
28.10.2003 11:00:00.000,1.17068,1.17089,1.16666,1.16749,34442800.7813,1.1725563470149778,1,0,,0,0.0
28.10.2003 12:00:00.000,1.16748,1.16842,1.16585,1.16744,31934500.0,1.1721627818599796,1,0,,0,0.0
28.10.2003 13:00:00.000,1.16725,1.16745,1.16571,1.16708,31579400.3906,1.1717717986399812,1,0,,0,0.0
28.10.2003 14:00:00.000,1.16698,1.16893,1.16684,1.16738,33276898.4375,1.1714339679753671,1,0,,0,0.0
28.10.2003 15:00:00.000,1.16725,1.1699,1.16718,1.16823,31080900.3906,1.171187508900339,1,0,,0,0.0
28.10.2003 16:00:00.000,1.16832,1.16965,1.16759,1.16873,294959000.0,1.170998469754159,1,0,,0,0.0
28.10.2003 17:00:00.000,1.16874,1.16904,1.16656,1.16726,134142500.0,1.1707108951576854,1,0,,0,0.0
28.10.2003 18:00:00.000,1.16727,1.16838,1.16676,1.16762,145275906.25,1.1704731339917096,1,0,,0,0.0
28.10.2003 19:00:00.000,1.16732,1.17251,1.16666,1.16827,107856601.5625,1.1703036621461935,1,0,,0,0.0
28.10.2003 20:00:00.000,1.16828,1.16917,1.16608,1.1662,62733199.2188,1.1699879958272557,1,0,,0,0.0
28.10.2003 21:00:00.000,1.16592,1.16684,1.16535,1.16678,30177699.2188,1.1697412269174667,1,2,1.1643500000000002,0,0.0
28.10.2003 22:00:00.000,1.16685,1.16771,1.16645,1.1672,31347599.6094,1.1695457479238154,1,0,,0,0.0
28.10.2003 23:00:00.000,1.16721,1.16787,1.16593,1.16629,32546199.2188,1.1692953057758295,1,0,,0,0.0
29.10.2003 00:00:00.000,1.1663,1.16755,1.16585,1.16739,30904300.7813,1.1691487437930734,1,0,,0,0.0
29.10.2003 01:00:00.000,1.16743,1.16932,1.16709,1.16856,32319900.3906,1.1691034558089908,1,0,,0,0.0
29.10.2003 02:00:00.000,1.16857,1.16948,1.1677,1.16924,31764900.3906,1.1691139592082993,0,0,,0,0.0
29.10.2003 03:00:00.000,1.16929,1.16967,1.16818,1.16919,28822800.7813,1.1691198084999685,0,0,,0,0.0
29.10.2003 04:00:00.000,1.16923,1.16947,1.16786,1.16834,31050400.3906,1.1690598232307403,0,0,,0,0.0
29.10.2003 05:00:00.000,1.16818,1.16932,1.16801,1.16922,29163599.6094,1.1690721445206833,0,0,,0,0.0
29.10.2003 06:00:00.000,1.16908,1.17004,1.16869,1.16961,31286500.0,1.1691135180190924,0,0,,0,0.0
29.10.2003 07:00:00.000,1.16955,1.1717,1.16884,1.17068,29538699.2188,1.1692340166330084,0,1,1.1726999999999999,0,0.0
29.10.2003 08:00:00.000,1.1708,1.17146,1.17006,1.17073,31411699.2188,1.1693490922766234,0,0,,0,0.0
29.10.2003 09:00:00.000,1.17094,1.17148,1.16948,1.17032,31810900.3906,1.169423777486114,0,0,,0,0.0
29.10.2003 10:00:00.000,1.1704,1.17125,1.16988,1.17115,30619199.2188,1.1695565638333363,0,0,,0,0.0
29.10.2003 11:00:00.000,1.17104,1.17166,1.16991,1.17028,30269000.0,1.1696122127692334,0,0,,0,0.0
29.10.2003 12:00:00.000,1.17017,1.17059,1.16902,1.16904,31171199.2188,1.1695681964023694,0,0,,0,0.0
29.10.2003 13:00:00.000,1.16933,1.1696,1.16776,1.16944,29968400.3906,1.1695583351406487,0,0,,0,0.0
29.10.2003 14:00:00.000,1.16937,1.17022,1.16832,1.16947,33887898.4375,1.1695515401298295,0,0,,0,0.0
29.10.2003 15:00:00.000,1.16907,1.17066,1.16796,1.1688,32704599.6094,1.1694937293506118,0,0,,0,0.0
29.10.2003 16:00:00.000,1.16881,1.17088,1.16706,1.16748,289097500.0,1.1693388270928726,0,0,,0,0.0
29.10.2003 17:00:00.000,1.16739,1.16869,1.16681,1.16762,138402500.0,1.1692066096241902,0,0,,0,0.0
29.10.2003 18:00:00.000,1.16759,1.16775,1.16634,1.16664,143542203.125,1.1690091781146372,0,0,,0,0.0
29.10.2003 19:00:00.000,1.16663,1.16799,1.16647,1.16703,104915796.875,1.1688569336442807,0,0,,0,0.0
29.10.2003 20:00:00.000,1.16712,1.16729,1.16615,1.16642,61595800.7813,1.1686694772101054,0,0,,0,0.0
29.10.2003 21:00:00.000,1.16643,1.16697,1.16566,1.16592,30687000.0,1.1684579789631742,0,0,,0,0.0
29.10.2003 22:00:00.000,1.16586,1.16663,1.16565,1.1664,30632900.3906,1.168299672889084,0,0,,0,0.0
29.10.2003 23:00:00.000,1.16619,1.16669,1.16554,1.16597,31455400.3906,1.1681204672822314,0,0,,0,0.0
30.10.2003 00:00:00.000,1.16629,1.16686,1.16592,1.16593,30580300.7813,1.1679519697989829,0,0,,0,0.0
30.10.2003 01:00:00.000,1.16625,1.16651,1.16551,1.16608,31000699.2188,1.1678079721221382,0,2,1.1645100000000002,0,0.0
30.10.2003 02:00:00.000,1.16577,1.16713,1.16562,1.16632,30996000.0,1.1676935127281276,0,0,,0,0.0
30.10.2003 03:00:00.000,1.16654,1.16771,1.16629,1.16723,30551699.2188,1.1676578579028871,0,0,,0,0.0
30.10.2003 04:00:00.000,1.16731,1.16759,1.16662,1.16709,27817699.2188,1.1676141765257422,1,0,,0,0.0
30.10.2003 05:00:00.000,1.1669,1.16801,1.16686,1.16754,27510699.2188,1.1676084706391467,1,0,,0,0.0
30.10.2003 06:00:00.000,1.1673,1.16752,1.16616,1.16662,31580300.7813,1.1675324344361355,1,0,,0,0.0
30.10.2003 07:00:00.000,1.16674,1.16799,1.16568,1.16704,32660500.0,1.1674945548641253,1,0,,0,0.0
30.10.2003 08:00:00.000,1.16677,1.16735,1.16618,1.16628,31747599.6094,1.1674011275668852,1,0,,0,0.0
30.10.2003 09:00:00.000,1.16632,1.16751,1.16617,1.16709,31964000.0,1.167377194677125,1,0,,0,0.0
30.10.2003 10:00:00.000,1.16729,1.17121,1.16716,1.17082,30184300.7813,1.1676420258558078,0,0,,0,0.0
30.10.2003 11:00:00.000,1.17074,1.17203,1.17034,1.17081,31950199.2188,1.167885716174592,0,0,,0,0.0
30.10.2003 12:00:00.000,1.17091,1.17536,1.17071,1.17438,31516599.6094,1.1683852764688543,0,1,1.1763599999999999,0,0.0
30.10.2003 13:00:00.000,1.17425,1.17451,1.16917,1.17135,31145800.7813,1.1686133321250962,0,0,,0,0.0
30.10.2003 14:00:00.000,1.1713,1.17133,1.16667,1.16944,32726599.6094,1.1686769219616273,0,0,,0,0.0
30.10.2003 15:00:00.000,1.16952,1.17112,1.16798,1.16803,31816800.7813,1.16862715873381,0,0,,0,0.0
30.10.2003 16:00:00.000,1.1684,1.16988,1.16809,1.16915,298802187.5,1.1686673772927478,0,0,,0,0.0
30.10.2003 17:00:00.000,1.16912,1.1693,1.16285,1.16302,136506906.25,1.168232963654844,0,0,,0,0.0
30.10.2003 18:00:00.000,1.16302,1.16396,1.16229,1.16297,148441296.875,1.1678281202967793,0,0,,0,0.0
30.10.2003 19:00:00.000,1.16303,1.16335,1.1615,1.16249,106294203.125,1.1674174956585657,0,0,,0,0.0
30.10.2003 20:00:00.000,1.16252,1.16378,1.16217,1.16243,62695199.2188,1.1670338421463684,0,0,,0,0.0
30.10.2003 21:00:00.000,1.1626,1.16336,1.16203,1.16215,33700601.5625,1.1666581619812633,0,0,,0,0.0
30.10.2003 22:00:00.000,1.16212,1.16273,1.16096,1.16217,29300500.0,1.1663129187519352,0,0,,0,0.0
30.10.2003 23:00:00.000,1.16194,1.16295,1.16172,1.16225,31975199.2188,1.166000386540248,0,0,,0,0.0
31.10.2003 00:00:00.000,1.16228,1.16256,1.16085,1.16101,28448000.0,1.1656165106525367,0,0,,0,0.0
31.10.2003 01:00:00.000,1.16089,1.16236,1.16089,1.16178,30527400.3906,1.1653213944484955,0,0,,0,0.0
31.10.2003 02:00:00.000,1.16165,1.16271,1.16104,1.16189,31916800.7813,1.1650574410293806,0,0,,0,0.0
31.10.2003 03:00:00.000,1.16187,1.16245,1.1615,1.16201,30087500.0,1.164823022488659,0,0,,0,0.0
31.10.2003 04:00:00.000,1.16201,1.16261,1.1611,1.16176,31947500.0,1.164587405374147,0,0,,0,0.0
31.10.2003 05:00:00.000,1.16157,1.16226,1.16083,1.16096,30818900.3906,1.1643083741915203,0,0,,0,0.0
31.10.2003 06:00:00.000,1.16109,1.16227,1.16056,1.16167,31506900.3906,1.1641054223306342,0,0,,0,0.0
31.10.2003 07:00:00.000,1.16176,1.16222,1.16085,1.16162,31470199.2188,1.1639142359975085,0,0,,0,0.0
31.10.2003 08:00:00.000,1.16166,1.16359,1.16119,1.1632,30011900.3906,1.1638592947669308,0,0,,0,0.0
31.10.2003 09:00:00.000,1.16313,1.1643,1.16302,1.1632,31640599.6094,1.1638085797848592,1,0,,0,0.0
31.10.2003 10:00:00.000,1.16333,1.1642,1.16254,1.16411,31027699.2188,1.1638317659552546,0,0,,0,0.0
31.10.2003 11:00:00.000,1.16403,1.16446,1.16315,1.16322,31142699.2188,1.1637847070356198,0,0,,0,0.0
31.10.2003 12:00:00.000,1.16307,1.1635,1.16076,1.16189,32934800.7813,1.1636389603405721,0,0,,0,0.0
31.10.2003 13:00:00.000,1.16221,1.16441,1.16174,1.16417,30064800.7813,1.1636798095451435,0,0,,0,0.0
31.10.2003 14:00:00.000,1.16408,1.16415,1.16021,1.16246,31353599.6094,1.163585978041671,0,0,,0,0.0
31.10.2003 15:00:00.000,1.16242,1.16551,1.16147,1.16237,32829000.0,1.163492441269235,0,1,1.16651,0,0.0
31.10.2003 16:00:00.000,1.16224,1.16407,1.15982,1.16002,300570406.25,1.1632253304023707,0,0,,0,0.0
31.10.2003 17:00:00.000,1.15996,1.16057,1.1578,1.15893,137173593.75,1.1628949203714192,0,0,,0,0.0
31.10.2003 18:00:00.000,1.15874,1.15902,1.15723,1.15784,150013093.75,1.1625060803428484,0,0,,0,0.0
31.10.2003 19:00:00.000,1.15787,1.15859,1.15639,1.15703,106195796.875,1.1620848433933986,0,0,,0,0.0
31.10.2003 20:00:00.000,1.15682,1.15829,1.15615,1.15791,64856898.4375,1.1617637015939064,0,2,1.1551500000000001,0,0.0
31.10.2003 21:00:00.000,1.15752,1.15964,1.15752,1.15851,30625500.0,1.1615134168559136,0,0,,0,0.0
02.11.2003 22:00:00.000,1.15762,1.15845,1.15715,1.1579,26695000.0,1.161235461713151,0,0,,0,0.0
02.11.2003 23:00:00.000,1.1577,1.15866,1.15713,1.1579,32488599.6094,1.1609788877352163,0,0,,0,0.0
03.11.2003 00:00:00.000,1.15796,1.15821,1.15706,1.15728,31078099.6094,1.1606943579094304,0,0,,0,0.0
03.11.2003 01:00:00.000,1.1572,1.15769,1.1565,1.1571,32160300.7813,1.1604178688394744,0,0,,0,0.0
03.11.2003 02:00:00.000,1.15733,1.15786,1.15676,1.15711,32493599.6094,1.1601634173902842,0,0,,0,0.0
03.11.2003 03:00:00.000,1.15705,1.15799,1.15684,1.15773,29526500.0,1.1599762314371855,0,0,,0,0.0
03.11.2003 04:00:00.000,1.15797,1.15798,1.15656,1.15721,31479099.6094,1.1597634444035558,0,0,,0,0.0
03.11.2003 05:00:00.000,1.15721,1.15808,1.15674,1.15808,29628699.2188,1.1596339486802054,0,0,,0,0.0
03.11.2003 06:00:00.000,1.15782,1.15855,1.1572,1.15797,31387099.6094,1.159505952627882,1,0,,0,0.0
03.11.2003 07:00:00.000,1.15798,1.1592,1.15706,1.15852,31323400.3906,1.1594301101180449,1,0,,0,0.0
03.11.2003 08:00:00.000,1.15855,1.15898,1.15625,1.15745,31701599.6094,1.1592777939551184,1,0,,0,0.0
03.11.2003 09:00:00.000,1.15755,1.15872,1.15714,1.15819,30052800.7813,1.1591941174970324,1,0,,0,0.0
03.11.2003 10:00:00.000,1.15805,1.16013,1.15723,1.16006,30842199.2188,1.1592607238434145,0,0,,0,0.0
03.11.2003 11:00:00.000,1.16023,1.16177,1.16,1.16063,32901601.5625,1.1593660527785365,0,1,1.1627699999999999,0,0.0
03.11.2003 12:00:00.000,1.16078,1.16092,1.15836,1.15912,31957500.0,1.159347125641726,0,0,,0,0.0
03.11.2003 13:00:00.000,1.15926,1.16038,1.15819,1.15914,33084398.4375,1.159331192900055,0,0,,0,0.0
03.11.2003 14:00:00.000,1.15943,1.1605,1.15649,1.15653,33032898.4375,1.1591157165231278,0,0,,0,0.0
03.11.2003 15:00:00.000,1.15608,1.15777,1.1462,1.14672,32476199.2188,1.1581621998675027,0,0,,0,0.0
03.11.2003 16:00:00.000,1.1466,1.14769,1.14264,1.14529,295127812.5,1.1571720306469255,0,2,1.1416400000000002,0,0.0
03.11.2003 17:00:00.000,1.1452,1.14622,1.14416,1.14539,134524406.25,1.156265720597162,0,0,,0,0.0
03.11.2003 18:00:00.000,1.14552,1.1468,1.14488,1.14497,146972093.75,1.155396819012765,0,0,,0,0.0
03.11.2003 19:00:00.000,1.14503,1.14677,1.14482,1.14555,106044500.0,1.1546393713963985,0,0,,0,0.0
03.11.2003 20:00:00.000,1.14555,1.14613,1.14402,1.14487,63602300.7813,1.1538878812889832,0,0,,0,0.0
03.11.2003 21:00:00.000,1.1449,1.14647,1.14467,1.14544,31044400.3906,1.1532380442667538,0,0,,0,0.0
03.11.2003 22:00:00.000,1.14557,1.14679,1.14478,1.14623,34016300.7813,1.152698963938542,0,0,,0,0.0
03.11.2003 23:00:00.000,1.14646,1.14656,1.14539,1.14547,31752699.2188,1.1521428897894235,0,0,,0,0.0
04.11.2003 00:00:00.000,1.14544,1.14576,1.14423,1.14535,31432900.3906,1.1516203598056216,0,0,,0,0.0
04.11.2003 01:00:00.000,1.14542,1.1457,1.1437,1.1441,34014300.7813,1.1510418705898045,0,0,,0,0.0
04.11.2003 02:00:00.000,1.14425,1.14459,1.14298,1.14359,33679500.0,1.1504686497752041,0,0,,0,0.0
04.11.2003 03:00:00.000,1.14377,1.14415,1.14248,1.14382,29736099.6094,1.1499572151771116,0,0,,0,0.0
04.11.2003 04:00:00.000,1.14392,1.1441,1.14244,1.14386,30692400.3906,1.149488198625026,0,2,1.14144,0,0.0
04.11.2003 05:00:00.000,1.14382,1.145,1.14331,1.14496,30605800.7813,1.1491398756538702,0,0,,0,0.0
04.11.2003 06:00:00.000,1.14488,1.14546,1.14378,1.14535,31566800.7813,1.1488483467574186,1,0,,0,0.0
04.11.2003 07:00:00.000,1.14531,1.14633,1.14343,1.14525,31958900.3906,1.1485715508530019,1,0,,0,0.0
04.11.2003 08:00:00.000,1.14509,1.14605,1.14475,1.14529,32365500.0,1.1483191238643096,1,0,,0,0.0
04.11.2003 09:00:00.000,1.14564,1.14568,1.1443,1.14524,29276800.7813,1.1480822681824396,1,0,,0,0.0
04.11.2003 10:00:00.000,1.1453,1.14768,1.1451,1.14672,31687099.6094,1.147977478322252,1,0,,0,0.0
04.11.2003 11:00:00.000,1.14673,1.1473,1.1452,1.14636,31936400.3906,1.1478530569128482,1,0,,0,0.0
04.11.2003 12:00:00.000,1.1464,1.14741,1.14516,1.14551,33446101.5625,1.1476728217657062,1,0,,0,0.0
04.11.2003 13:00:00.000,1.14545,1.1486,1.14531,1.14683,31688599.6094,1.1476079893221904,1,0,,0,0.0
04.11.2003 14:00:00.000,1.14682,1.14911,1.14632,1.1482,32049300.7813,1.1476535286050988,0,0,,0,0.0
04.11.2003 15:00:00.000,1.1486,1.15014,1.14691,1.14967,31773800.7813,1.147808641789322,0,0,,0,0.0
04.11.2003 16:00:00.000,1.14943,1.15046,1.14776,1.14954,297061687.5,1.1479418231901435,0,0,,0,0.0
04.11.2003 17:00:00.000,1.14922,1.15118,1.14832,1.15003,135713406.25,1.1481024521755172,0,1,1.15218,0,0.0
04.11.2003 18:00:00.000,1.14994,1.15026,1.14853,1.14915,146882406.25,1.1481830327774007,0,0,,0,0.0
04.11.2003 19:00:00.000,1.14915,1.15029,1.14886,1.14966,105469000.0,1.1482966456406778,0,0,,0,0.0
04.11.2003 20:00:00.000,1.14945,1.15015,1.1487,1.14898,64403800.7813,1.1483492113606257,0,0,,0,0.0
04.11.2003 21:00:00.000,1.14882,1.15016,1.14864,1.14907,28941099.6094,1.1484046566405777,0,0,,0,0.0
04.11.2003 22:00:00.000,1.14905,1.14962,1.14825,1.14888,31876900.3906,1.1484412215143793,0,0,,0,0.0
04.11.2003 23:00:00.000,1.14883,1.14912,1.14688,1.14722,29706599.6094,1.1483472813978886,0,0,,0,0.0
05.11.2003 00:00:00.000,1.1471,1.14761,1.14647,1.14688,31172500.0,1.148234413598051,0,0,,0,0.0
05.11.2003 01:00:00.000,1.1468,1.14775,1.14623,1.14731,33141000.0,1.1481633048597393,0,0,,0,0.0
05.11.2003 02:00:00.000,1.1471,1.14809,1.14683,1.14786,32035400.3906,1.1481399737166824,0,0,,0,0.0
05.11.2003 03:00:00.000,1.14785,1.14867,1.1475,1.1481,31271599.6094,1.1481368988153993,0,0,,0,0.0
05.11.2003 04:00:00.000,1.14795,1.1488,1.14777,1.14808,30363300.7813,1.1481325219834455,0,0,,0,0.0
05.11.2003 05:00:00.000,1.148,1.14857,1.14729,1.14842,30425800.7813,1.1481546356770267,0,0,,0,0.0
05.11.2003 06:00:00.000,1.1481,1.14956,1.14797,1.14879,29777900.3906,1.1482035098557168,0,0,,0,0.0
05.11.2003 07:00:00.000,1.14905,1.14931,1.14683,1.14699,32902699.2188,1.1481101629437387,0,0,,0,0.0
05.11.2003 08:00:00.000,1.14699,1.14712,1.14387,1.14488,30931900.3906,1.1478616888711435,0,0,,0,0.0
05.11.2003 09:00:00.000,1.14514,1.14628,1.14397,1.14578,30618800.7813,1.1477015589579787,0,0,,0,0.0
05.11.2003 10:00:00.000,1.14595,1.14659,1.1441,1.14495,31148000.0,1.1474899005765957,0,0,,0,0.0
05.11.2003 11:00:00.000,1.14483,1.14593,1.14446,1.14527,32230300.7813,1.1473191389937807,0,0,,0,0.0
05.11.2003 12:00:00.000,1.14516,1.14741,1.14487,1.14732,32501500.0,1.1473192052250283,0,0,,0,0.0
05.11.2003 13:00:00.000,1.14738,1.14803,1.14523,1.14532,32733500.0,1.1471654202077184,0,0,,0,0.0
05.11.2003 14:00:00.000,1.14532,1.14604,1.14118,1.14125,32756199.2188,1.1467103878840479,0,2,1.1401800000000002,0,0.0
05.11.2003 15:00:00.000,1.1416,1.14863,1.14147,1.14842,32426800.7813,1.146841896508352,0,0,,0,0.0
05.11.2003 16:00:00.000,1.14835,1.14939,1.1466,1.14706,296897312.5,1.1468586737000175,0,0,,0,0.0
05.11.2003 17:00:00.000,1.14696,1.14809,1.14509,1.14575,133550703.125,1.1467733911077085,0,0,,0,0.0
05.11.2003 18:00:00.000,1.14561,1.14621,1.14363,1.14557,145167406.25,1.1466808225609617,0,0,,0,0.0
05.11.2003 19:00:00.000,1.14553,1.14589,1.14174,1.14395,104469203.125,1.1464707592870416,0,0,,0,0.0
05.11.2003 20:00:00.000,1.144,1.14418,1.14218,1.1433,63095800.7813,1.1462268547265,0,0,,0,0.0
05.11.2003 21:00:00.000,1.14314,1.14395,1.14302,1.14352,30640699.2188,1.146018635132154,0,0,,0,0.0
05.11.2003 22:00:00.000,1.14375,1.14388,1.14295,1.143,29652800.7813,1.1457864324296807,0,0,,0,0.0
05.11.2003 23:00:00.000,1.14293,1.14336,1.14221,1.14239,31596599.6094,1.1455251683966283,0,0,,0,0.0
06.11.2003 00:00:00.000,1.14251,1.14281,1.14175,1.14199,29957300.7813,1.1452532323661184,0,0,,0,0.0
06.11.2003 01:00:00.000,1.14208,1.14287,1.14162,1.1423,31979400.3906,1.145026060645648,0,0,,0,0.0
06.11.2003 02:00:00.000,1.14225,1.14352,1.14222,1.14279,31990400.3906,1.1448540559805982,0,0,,0,0.0
06.11.2003 03:00:00.000,1.14293,1.14366,1.14258,1.14347,27095099.6094,1.1447475901359367,0,0,,0,0.0
06.11.2003 04:00:00.000,1.14325,1.14428,1.14299,1.1435,34056398.4375,1.1446516216639415,0,0,,0,0.0
06.11.2003 05:00:00.000,1.14364,1.14477,1.14353,1.14443,29122300.7813,1.1446345738436383,0,0,,0,0.0
06.11.2003 06:00:00.000,1.14446,1.14559,1.1438,1.14525,32236599.6094,1.1446819143172047,0,0,,0,0.0
06.11.2003 07:00:00.000,1.14523,1.14574,1.14321,1.14392,32673500.0,1.1446233055235735,0,0,,0,0.0
06.11.2003 08:00:00.000,1.14406,1.14613,1.14388,1.14583,33015500.0,1.1447161281756064,0,0,,0,0.0
06.11.2003 09:00:00.000,1.14557,1.14607,1.14428,1.14508,31929699.2188,1.1447441183159444,0,0,,0,0.0
06.11.2003 10:00:00.000,1.1453,1.14574,1.14436,1.14468,31207699.2188,1.144739186137795,0,0,,0,0.0
06.11.2003 11:00:00.000,1.14475,1.14584,1.14435,1.14531,32057900.3906,1.144783094896426,0,0,,0,0.0
06.11.2003 12:00:00.000,1.14565,1.14614,1.14315,1.14335,30869599.6094,1.1446728568274702,0,1,1.1471399999999998,0,0.0
06.11.2003 13:00:00.000,1.14335,1.14465,1.13873,1.14038,32917199.2188,1.144342637071511,0,2,1.1377300000000001,0,0.0
06.11.2003 14:00:00.000,1.14025,1.14308,1.13933,1.14203,32996101.5625,1.144164741912164,0,0,,0,0.0
06.11.2003 15:00:00.000,1.1416,1.14363,1.1408,1.14269,32035500.0,1.144051300226613,0,0,,0,0.0
06.11.2003 16:00:00.000,1.14252,1.14473,1.14009,1.14132,292339000.0,1.1438412002091813,0,0,,0,0.0
06.11.2003 17:00:00.000,1.14133,1.14279,1.14035,1.14127,136945796.875,1.143643415577706,0,0,,0,0.0
06.11.2003 18:00:00.000,1.14132,1.14226,1.14051,1.14079,149246796.875,1.1434239220717288,0,0,,0,0.0
06.11.2003 19:00:00.000,1.14082,1.14159,1.14033,1.14113,105812601.5625,1.14324746652775,0,0,,0,0.0
06.11.2003 20:00:00.000,1.1409,1.14149,1.14004,1.14025,61192699.2188,1.1430168921794617,0,0,,0,0.0
06.11.2003 21:00:00.000,1.14005,1.14167,1.14005,1.14127,30381000.0,1.1428825158579647,0,0,,0,0.0
06.11.2003 22:00:00.000,1.14149,1.14166,1.1403,1.14092,30320699.2188,1.1427315530996598,0,0,,0,0.0
06.11.2003 23:00:00.000,1.141,1.14139,1.14033,1.14081,32539900.3906,1.1425837413227629,0,0,,0,0.0
07.11.2003 00:00:00.000,1.14075,1.14175,1.14058,1.14137,30352400.3906,1.1424903766056274,0,0,,0,0.0
07.11.2003 01:00:00.000,1.1415,1.14228,1.14098,1.14203,33114000.0,1.1424549630205791,0,0,,0,0.0
07.11.2003 02:00:00.000,1.142,1.14268,1.14159,1.14194,33459601.5625,1.1424153504805348,0,0,,0,0.0
07.11.2003 03:00:00.000,1.14223,1.14295,1.14196,1.14207,32315300.7813,1.1423887850589551,0,0,,0,0.0
07.11.2003 04:00:00.000,1.14222,1.14229,1.14062,1.14094,30208000.0,1.1422773400544202,1,0,,0,0.0
07.11.2003 05:00:00.000,1.14062,1.14153,1.14051,1.14119,31660900.3906,1.1421936985117727,1,0,,0,0.0
07.11.2003 06:00:00.000,1.14118,1.14238,1.14118,1.14188,34036199.2188,1.142169567857021,1,0,,0,0.0
07.11.2003 07:00:00.000,1.14208,1.14267,1.14121,1.14215,33812800.7813,1.1421680626372501,1,0,,0,0.0
07.11.2003 08:00:00.000,1.14189,1.14249,1.14101,1.14157,32050099.6094,1.1421220578190001,1,0,,0,0.0
07.11.2003 09:00:00.000,1.14136,1.14269,1.14135,1.14166,30198099.6094,1.1420865149098463,1,0,,0,0.0
07.11.2003 10:00:00.000,1.14165,1.14333,1.14141,1.14241,30475500.0,1.1421113983783195,0,0,,0,0.0
07.11.2003 11:00:00.000,1.14239,1.14366,1.14168,1.14255,33776398.4375,1.1421451369646027,0,0,,0,0.0
07.11.2003 12:00:00.000,1.1428,1.14284,1.14075,1.1413,33593898.4375,1.1420801264288643,0,0,,0,0.0
07.11.2003 13:00:00.000,1.14133,1.14244,1.13769,1.13851,32426199.2188,1.1418055013189516,0,2,1.1366900000000002,0,0.0
07.11.2003 14:00:00.000,1.13824,1.14164,1.13815,1.14153,32045599.6094,1.1417843089098014,0,0,,0,0.0
07.11.2003 15:00:00.000,1.14153,1.14889,1.14122,1.14722,33263000.0,1.142202438993663,0,0,,0,0.0
07.11.2003 16:00:00.000,1.14702,1.15163,1.1469,1.15038,296259000.0,1.1428314821479966,0,0,,0,0.0
07.11.2003 17:00:00.000,1.15054,1.15263,1.14971,1.15165,136980093.75,1.1435098296750739,0,0,,0,0.0
07.11.2003 18:00:00.000,1.1516,1.15293,1.15,1.15158,147892796.875,1.1441306120077606,0,0,,0,0.0
07.11.2003 19:00:00.000,1.15156,1.15311,1.15081,1.1529,106456898.4375,1.144805180314856,0,0,,0,0.0
07.11.2003 20:00:00.000,1.1533,1.15414,1.1528,1.15309,66933703.125,1.1454424741367901,0,1,1.1551399999999998,0,0.0
07.11.2003 21:00:00.000,1.15275,1.15343,1.15094,1.15269,31634500.0,1.145999976126268,0,0,,0,0.0
09.11.2003 22:00:00.000,1.15024,1.1514,1.14976,1.14976,27732500.0,1.1462892087319396,0,0,,0,0.0
09.11.2003 23:00:00.000,1.14978,1.15102,1.14941,1.15031,30680599.6094,1.1465985003679442,0,0,,0,0.0
10.11.2003 00:00:00.000,1.15028,1.15246,1.14936,1.15183,30105199.2188,1.147000923416564,0,0,,0,0.0
10.11.2003 01:00:00.000,1.15177,1.1524,1.15128,1.15212,31573599.6094,1.1473946985383667,0,0,,0,0.0
10.11.2003 02:00:00.000,1.15213,1.15236,1.1509,1.15175,34718199.2188,1.1477297217277234,0,0,,0,0.0
10.11.2003 03:00:00.000,1.15126,1.15233,1.15113,1.15175,26658900.3906,1.148038973902514,0,0,,0,0.0
10.11.2003 04:00:00.000,1.15192,1.15249,1.15132,1.15176,30499400.3906,1.1483252066792438,0,0,,0,0.0
10.11.2003 05:00:00.000,1.15198,1.15243,1.15147,1.15211,30413099.6094,1.1486163446269944,0,0,,0,0.0
10.11.2003 06:00:00.000,1.15208,1.15337,1.15156,1.15282,31492199.2188,1.1489397027326103,0,0,,0,0.0
10.11.2003 07:00:00.000,1.15286,1.15327,1.15051,1.15055,32412599.6094,1.1490635717531787,2,0,,0,0.0
10.11.2003 08:00:00.000,1.15043,1.15143,1.14968,1.15045,32688000.0,1.1491702200798575,2,0,,0,0.0
10.11.2003 09:00:00.000,1.1506,1.15094,1.14854,1.14937,31727699.2188,1.1491855877660222,2,0,,0,0.0
10.11.2003 10:00:00.000,1.1494,1.14944,1.14681,1.14784,33132500.0,1.14908208101479,0,0,,0,0.0
10.11.2003 11:00:00.000,1.14789,1.1491,1.14679,1.14719,32197699.2188,1.1489365363213446,0,0,,0,0.0
10.11.2003 12:00:00.000,1.1474,1.14881,1.14647,1.14693,31436500.0,1.1487821873735489,0,0,,0,0.0
10.11.2003 13:00:00.000,1.14732,1.14852,1.14663,1.14837,32552800.7813,1.1487504806525066,0,0,,0,0.0
10.11.2003 14:00:00.000,1.14831,1.14941,1.14745,1.14882,32572900.3906,1.1487558282946215,0,0,,0,0.0
10.11.2003 15:00:00.000,1.14891,1.15107,1.14843,1.15009,32562900.3906,1.1488584568873432,0,0,,0,0.0
10.11.2003 16:00:00.000,1.14995,1.15239,1.14931,1.15135,298199406.25,1.1490501140498555,0,0,,0,0.0
10.11.2003 17:00:00.000,1.15141,1.15171,1.14931,1.14957,132348406.25,1.14909010527679,0,0,,0,0.0
10.11.2003 18:00:00.000,1.1496,1.15065,1.14828,1.14984,145749796.875,1.1491477894862676,0,0,,0,0.0
10.11.2003 19:00:00.000,1.1498,1.15008,1.14858,1.14891,106637296.875,1.1491294979873241,0,0,,0,0.0
10.11.2003 20:00:00.000,1.14898,1.14978,1.14807,1.14845,63496398.4375,1.1490772289113762,0,0,,0,0.0
10.11.2003 21:00:00.000,1.14825,1.14865,1.14617,1.14777,30644900.3906,1.1489766728412705,0,0,,0,0.0
10.11.2003 22:00:00.000,1.14782,1.14806,1.14638,1.1466,32591000.0,1.1487938518534806,0,0,,0,0.0
10.11.2003 23:00:00.000,1.1466,1.14704,1.14418,1.14494,31753699.2188,1.1484974017109053,0,0,,0,0.0
11.11.2003 00:00:00.000,1.14465,1.14647,1.14416,1.14611,32839699.2188,1.1483137554254512,0,2,1.1431600000000002,0,0.0
11.11.2003 01:00:00.000,1.1464,1.14758,1.14598,1.14749,35478101.5625,1.1482503896234935,0,0,,0,0.0
11.11.2003 02:00:00.000,1.14709,1.14788,1.14701,1.14724,30782199.2188,1.1481726673447634,0,0,,0,0.0
11.11.2003 03:00:00.000,1.14717,1.14772,1.14668,1.14687,29538599.6094,1.1480724621643972,0,0,,0,0.0
11.11.2003 04:00:00.000,1.14686,1.14804,1.14654,1.14796,31778500.0,1.1480638112286745,0,0,,0,0.0
11.11.2003 05:00:00.000,1.14798,1.1482,1.14716,1.14759,29677800.7813,1.1480273642110843,0,0,,0,0.0
11.11.2003 06:00:00.000,1.14765,1.1483,1.14693,1.14748,33679500.0,1.1479852592717703,0,0,,0,0.0
11.11.2003 07:00:00.000,1.14755,1.14795,1.14534,1.14731,31347900.3906,1.147933316250865,0,0,,0,0.0
11.11.2003 08:00:00.000,1.14711,1.14958,1.14697,1.14939,29989500.0,1.1480453688469523,0,0,,0,0.0
11.11.2003 09:00:00.000,1.14937,1.15047,1.14869,1.1499,30548000.0,1.1481880327818021,0,0,,0,0.0
11.11.2003 10:00:00.000,1.14953,1.15087,1.14826,1.14905,30798000.0,1.1482543379524328,0,0,,0,0.0
11.11.2003 11:00:00.000,1.14883,1.15086,1.14858,1.14962,32225900.3906,1.1483593888791688,0,0,,0,0.0
11.11.2003 12:00:00.000,1.14953,1.15047,1.14889,1.14944,31085800.7813,1.1484425128115405,0,0,,0,0.0
11.11.2003 13:00:00.000,1.14946,1.14983,1.14872,1.14957,32670599.6094,1.1485292425952682,0,0,,0,0.0
11.11.2003 14:00:00.000,1.14933,1.15012,1.14882,1.14961,32073300.7813,1.1486123777802475,0,0,,0,0.0
11.11.2003 15:00:00.000,1.14941,1.15275,1.14904,1.15235,32299099.6094,1.148899887181767,0,0,,0,0.0
11.11.2003 16:00:00.000,1.152,1.15294,1.15104,1.15174,289496406.25,1.1491183573985542,0,0,,0,0.0
11.11.2003 17:00:00.000,1.15158,1.15274,1.15028,1.15055,133553593.75,1.1492284837525115,0,0,,0,0.0
11.11.2003 18:00:00.000,1.15066,1.15217,1.1499,1.15155,144995406.25,1.1494070619253953,0,0,,0,0.0
11.11.2003 19:00:00.000,1.1517,1.1518,1.15027,1.15104,104300296.875,1.1495326725465187,0,0,,0,0.0
11.11.2003 20:00:00.000,1.1511,1.15129,1.14989,1.15013,63507800.7813,1.1495786208121712,0,0,,0,0.0
11.11.2003 21:00:00.000,1.15007,1.1521,1.14991,1.1519,31496699.2188,1.1497571884420044,0,0,,0,0.0
11.11.2003 22:00:00.000,1.15194,1.15214,1.15086,1.15145,30828599.6094,1.1498874047156964,0,0,,0,0.0
11.11.2003 23:00:00.000,1.15103,1.15161,1.15015,1.15056,33480699.2188,1.149939142814489,0,0,,0,0.0
12.11.2003 00:00:00.000,1.15066,1.15164,1.15024,1.15101,30818300.7813,1.1500215164441436,2,0,,0,0.0
12.11.2003 01:00:00.000,1.15097,1.1527,1.15078,1.1526,31364599.6094,1.1502198613330559,2,0,,0,0.0
12.11.2003 02:00:00.000,1.15255,1.15617,1.15185,1.15554,32630099.6094,1.1506291027689746,2,0,,0,0.0
12.11.2003 03:00:00.000,1.15548,1.15779,1.15537,1.15594,29780099.6094,1.1510376333252073,2,0,,0,0.0
12.11.2003 04:00:00.000,1.15625,1.15804,1.15597,1.15705,31051599.6094,1.1515001230694222,2,0,,0,0.0
12.11.2003 05:00:00.000,1.15703,1.15711,1.15559,1.1561,31363400.3906,1.1518539597563897,2,0,,0,0.0
12.11.2003 06:00:00.000,1.15618,1.15673,1.15544,1.15636,32581099.6094,1.1522005782366673,2,0,,0,0.0
12.11.2003 07:00:00.000,1.15611,1.1578,1.15582,1.15663,30012300.7813,1.152541302987693,2,0,,0,0.0
12.11.2003 08:00:00.000,1.15651,1.15708,1.15546,1.15574,31149699.2188,1.1527873566040243,2,0,,0,0.0
12.11.2003 09:00:00.000,1.15617,1.15879,1.15581,1.15744,29963800.7813,1.1531452522498686,2,0,,0,0.0
12.11.2003 10:00:00.000,1.15744,1.16052,1.1572,1.15954,31439300.7813,1.1536371559229557,2,0,,0,0.0
12.11.2003 11:00:00.000,1.15972,1.16053,1.15917,1.16031,32514000.0,1.15415045162119,2,0,,0,0.0
12.11.2003 12:00:00.000,1.1601,1.1616,1.15966,1.16074,33235800.7813,1.1546573399580218,2,0,,0,0.0
12.11.2003 13:00:00.000,1.16078,1.16078,1.1585,1.1588,33485601.5625,1.154976006115097,2,0,,0,0.0
12.11.2003 14:00:00.000,1.1589,1.1616,1.15879,1.16111,32623000.0,1.1554478517985511,2,0,,0,0.0
12.11.2003 15:00:00.000,1.16127,1.16445,1.16081,1.16323,31790599.6094,1.156046478583278,2,0,,0,0.0
12.11.2003 16:00:00.000,1.16327,1.16579,1.16255,1.1643,290275312.5,1.156681364846103,2,0,,0,0.0
12.11.2003 17:00:00.000,1.1644,1.16589,1.16418,1.16522,133444906.25,1.1573381829348643,2,1,1.16689,0,0.0
12.11.2003 18:00:00.000,1.165,1.16528,1.16307,1.16325,149787593.75,1.157792938093721,2,0,,0,0.0
12.11.2003 19:00:00.000,1.1631,1.16419,1.16257,1.16285,104937000.0,1.1581819428557427,2,0,,0,0.0
12.11.2003 20:00:00.000,1.16279,1.16416,1.16239,1.1632,65960296.875,1.1585679472514547,2,0,,0,0.0
12.11.2003 21:00:00.000,1.16298,1.16408,1.16258,1.16258,31063900.3906,1.1588765666936507,2,0,,0,0.0
12.11.2003 22:00:00.000,1.16312,1.16335,1.16238,1.16279,32398900.3906,1.1591776000249083,2,0,,0,0.0
12.11.2003 23:00:00.000,1.16262,1.16474,1.16255,1.16462,33601101.5625,1.1595962461768383,2,0,,0,0.0
13.11.2003 00:00:00.000,1.16447,1.16539,1.16322,1.16379,32223699.2188,1.159918842624774,2,0,,0,0.0
13.11.2003 01:00:00.000,1.16387,1.16482,1.16305,1.16439,31552599.6094,1.1602627778074837,2,0,,0,0.0
13.11.2003 02:00:00.000,1.16427,1.16498,1.16367,1.16431,33016199.2188,1.1605741025915235,2,0,,0,0.0
13.11.2003 03:00:00.000,1.16411,1.1651,1.16402,1.16457,30672199.2188,1.1608814793152524,2,0,,0,0.0
13.11.2003 04:00:00.000,1.16483,1.16562,1.16434,1.16527,32917699.2188,1.1612190578294639,2,0,,0,0.0
13.11.2003 05:00:00.000,1.16517,1.16559,1.16374,1.16516,31425000.0,1.1615222072271976,2,0,,0,0.0
13.11.2003 06:00:00.000,1.16517,1.16543,1.16382,1.16411,33769000.0,1.1617212682097209,2,0,,0,0.0
13.11.2003 07:00:00.000,1.16434,1.16856,1.16369,1.16726,32411500.0,1.1621473245012808,2,0,,0,0.0
13.11.2003 08:00:00.000,1.16714,1.16916,1.16638,1.16833,32741500.0,1.1626229149242593,2,0,,0,0.0
13.11.2003 09:00:00.000,1.16833,1.1699,1.16808,1.16848,32222199.2188,1.1630734599300856,2,0,,0,0.0
13.11.2003 10:00:00.000,1.1686,1.16959,1.16744,1.16896,31909000.0,1.1635262707046945,2,0,,0,0.0
13.11.2003 11:00:00.000,1.16883,1.17011,1.16785,1.16826,34081898.4375,1.1638904037274103,2,0,,0,0.0
13.11.2003 12:00:00.000,1.16827,1.16925,1.16759,1.16794,32909800.7813,1.1642019111329942,2,0,,0,0.0
13.11.2003 13:00:00.000,1.16795,1.17255,1.16691,1.1709,32065699.2188,1.1647171487381485,2,0,,0,0.0
13.11.2003 14:00:00.000,1.17105,1.17352,1.17032,1.17239,33274300.7813,1.1653073680659833,2,0,,0,0.0
13.11.2003 15:00:00.000,1.17217,1.1729,1.1689,1.17019,33366500.0,1.1656829551378307,2,0,,0,0.0
13.11.2003 16:00:00.000,1.1702,1.17207,1.1696,1.17096,296428406.25,1.16608888166569,2,0,,0,0.0
13.11.2003 17:00:00.000,1.17094,1.1716,1.16943,1.16956,133550703.125,1.1663558907683294,2,0,,0,0.0
13.11.2003 18:00:00.000,1.16969,1.17263,1.16946,1.17224,147184000.0,1.166808514555381,2,0,,0,0.0
13.11.2003 19:00:00.000,1.17224,1.17364,1.17203,1.17276,105810203.125,1.1672663211280443,2,0,,0,0.0
13.11.2003 20:00:00.000,1.17271,1.17349,1.17209,1.17294,63129398.4375,1.1677027579643489,2,0,,0,0.0
13.11.2003 21:00:00.000,1.17238,1.17346,1.17212,1.17298,31885300.7813,1.168108699659399,2,0,,0,0.0
13.11.2003 22:00:00.000,1.17309,1.17437,1.17265,1.17308,32723099.6094,1.168491107377907,2,0,,0,0.0
13.11.2003 23:00:00.000,1.17287,1.17503,1.17254,1.17374,31804800.7813,1.1688948683488372,2,0,,0,0.0
14.11.2003 00:00:00.000,1.17367,1.17497,1.17289,1.17395,33231101.5625,1.1692837246296959,2,0,,0,0.0
14.11.2003 01:00:00.000,1.17401,1.17494,1.17366,1.17451,32250000.0,1.1696857458120271,2,0,,0,0.0
14.11.2003 02:00:00.000,1.17449,1.17509,1.17406,1.17483,32411400.3906,1.1700814576726404,2,0,,0,0.0
14.11.2003 03:00:00.000,1.17493,1.1789,1.17478,1.1789,31820500.0,1.1707598070824374,2,0,,0,0.0
14.11.2003 04:00:00.000,1.17865,1.17896,1.17747,1.1785,32794800.7813,1.1713552065376347,2,0,,0,0.0
14.11.2003 05:00:00.000,1.1785,1.17965,1.17769,1.17859,31368400.3906,1.171911729111663,2,0,,0,0.0
14.11.2003 06:00:00.000,1.17855,1.1788,1.17752,1.17785,34459101.5625,1.1723685191799966,2,0,,0,0.0
14.11.2003 07:00:00.000,1.17801,1.17854,1.17682,1.17807,34721601.5625,1.1728070946276892,2,0,,0,0.0
14.11.2003 08:00:00.000,1.17797,1.17958,1.17698,1.17723,31682300.7813,1.173147318117867,2,0,,0,0.0
14.11.2003 09:00:00.000,1.17717,1.17883,1.17704,1.17786,32975500.0,1.1735098321088004,2,0,,0,0.0
14.11.2003 10:00:00.000,1.17765,1.17883,1.17732,1.17803,31722900.3906,1.1738575373312004,2,0,,0,0.0
14.11.2003 11:00:00.000,1.17808,1.17905,1.17774,1.17849,31305400.3906,1.1742138806134157,2,0,,0,0.0
14.11.2003 12:00:00.000,1.17856,1.1789,1.17657,1.17752,31363199.2188,1.1744681974893068,2,0,,0,0.0
14.11.2003 13:00:00.000,1.17721,1.17817,1.17306,1.17391,31744599.6094,1.1744252592208988,0,2,1.17206,0,0.0
14.11.2003 14:00:00.000,1.17415,1.17832,1.17337,1.17773,30865099.6094,1.1746794700500605,0,0,,0,0.0
14.11.2003 15:00:00.000,1.17769,1.18006,1.17644,1.17679,32250800.7813,1.174841818507748,0,0,,0,0.0
14.11.2003 16:00:00.000,1.17665,1.17718,1.1732,1.17359,291057906.25,1.174745524776383,0,0,,0,0.0
14.11.2003 17:00:00.000,1.1737,1.17672,1.17353,1.17484,136123500.0,1.1747527921012766,0,0,,0,0.0
14.11.2003 18:00:00.000,1.17493,1.17628,1.17393,1.17604,146801203.125,1.1748518080934862,0,0,,0,0.0
14.11.2003 19:00:00.000,1.17587,1.17776,1.17525,1.17671,107232398.4375,1.1749947459324488,0,0,,0,0.0
14.11.2003 20:00:00.000,1.17679,1.17817,1.17649,1.17766,63948500.0,1.1751997654761068,0,0,,0,0.0
14.11.2003 21:00:00.000,1.17717,1.17803,1.17701,1.17732,30227500.0,1.1753628604394832,0,0,,0,0.0
16.11.2003 22:00:00.000,1.17748,1.18173,1.17748,1.18096,30310800.7813,1.1757934096364462,0,0,,0,0.0
16.11.2003 23:00:00.000,1.18107,1.18334,1.18096,1.1829,34845398.4375,1.1763400704336426,0,0,,0,0.0
17.11.2003 00:00:00.000,1.18271,1.18474,1.18227,1.18249,32511599.6094,1.176813141938747,0,1,1.1857399999999998,0,0.0
17.11.2003 01:00:00.000,1.18238,1.1828,1.18021,1.18081,33712398.4375,1.1771205925588437,0,0,,0,0.0
17.11.2003 02:00:00.000,1.18073,1.18264,1.18047,1.18077,33223101.5625,1.1774013162081636,0,0,,0,0.0
17.11.2003 03:00:00.000,1.18079,1.18119,1.17863,1.18018,30190099.6094,1.1776150611152278,0,0,,0,0.0
17.11.2003 04:00:00.000,1.18027,1.18038,1.17887,1.17927,32530000.0,1.1777423641063642,0,0,,0,0.0
17.11.2003 05:00:00.000,1.17884,1.18028,1.17874,1.17913,31930400.3906,1.1778491053289517,0,0,,0,0.0
17.11.2003 06:00:00.000,1.17895,1.1791,1.17714,1.17788,34363800.7813,1.1778514818421093,0,0,,0,0.0
17.11.2003 07:00:00.000,1.17793,1.18008,1.17772,1.17965,32528800.7813,1.1779898293927165,0,0,,0,0.0
17.11.2003 08:00:00.000,1.17955,1.182,1.17944,1.18135,31061400.3906,1.1782483040548153,0,0,,0,0.0
17.11.2003 09:00:00.000,1.18125,1.18274,1.18106,1.18233,32930898.4375,1.1785622806659835,0,0,,0,0.0
17.11.2003 10:00:00.000,1.18252,1.18364,1.18125,1.18291,33240500.0,1.178896720614754,0,0,,0,0.0
17.11.2003 11:00:00.000,1.18282,1.18315,1.18046,1.18101,31441699.2188,1.1790592805674653,0,0,,0,0.0
17.11.2003 12:00:00.000,1.18112,1.18184,1.17941,1.17985,31696400.3906,1.1791201051391988,0,0,,0,0.0
17.11.2003 13:00:00.000,1.17988,1.18161,1.17895,1.18043,32084599.6094,1.1792208662823374,0,0,,0,0.0
17.11.2003 14:00:00.000,1.18057,1.18071,1.17819,1.1785,30339099.6094,1.17916541502985,0,0,,0,0.0
17.11.2003 15:00:00.000,1.17828,1.18086,1.17795,1.17886,32503199.2188,1.1791419215660155,0,0,,0,0.0
17.11.2003 16:00:00.000,1.17852,1.17916,1.17378,1.17428,294953312.5,1.178767927599399,0,0,,0,0.0
17.11.2003 17:00:00.000,1.17413,1.17535,1.17234,1.17371,138999796.875,1.178378856245599,0,2,1.17134,0,0.0
17.11.2003 18:00:00.000,1.17363,1.1763,1.17302,1.1755,146558703.125,1.1781574057651685,0,0,,0,0.0
17.11.2003 19:00:00.000,1.17539,1.17739,1.17523,1.17639,105229398.4375,1.1780214514755403,0,0,,0,0.0
17.11.2003 20:00:00.000,1.17639,1.17656,1.17387,1.17494,63069601.5625,1.1777844167466527,0,0,,0,0.0
17.11.2003 21:00:00.000,1.17472,1.17565,1.1741,1.17445,30360599.6094,1.1775279231507565,0,0,,0,0.0
17.11.2003 22:00:00.000,1.17463,1.17552,1.17428,1.17442,30939599.6094,1.17728885213916,0,0,,0,0.0
17.11.2003 23:00:00.000,1.17457,1.17484,1.17311,1.17462,32290500.0,1.177083555820763,0,0,,0,0.0
18.11.2003 00:00:00.000,1.17462,1.17618,1.17426,1.17513,34700199.2188,1.176933282296089,0,0,,0,0.0
18.11.2003 01:00:00.000,1.17556,1.17688,1.17494,1.17656,33813699.2188,1.176904568273313,0,0,,0,0.0
18.11.2003 02:00:00.000,1.17625,1.17856,1.17616,1.17768,31016500.0,1.1769642168676737,0,0,,0,0.0
18.11.2003 03:00:00.000,1.17765,1.17877,1.17707,1.17733,29534199.2188,1.1769923540316989,0,0,,0,0.0
18.11.2003 04:00:00.000,1.17763,1.17865,1.17699,1.17741,31641699.2188,1.1770244806446453,0,0,,0,0.0
18.11.2003 05:00:00.000,1.17725,1.17801,1.17676,1.17709,32491400.3906,1.1770295205950572,0,0,,0,0.0
18.11.2003 06:00:00.000,1.17701,1.17767,1.17598,1.17623,32068000.0,1.176968019010822,0,0,,0,0.0
18.11.2003 07:00:00.000,1.17628,1.17711,1.17511,1.17699,30971199.2188,1.1769697098561436,0,0,,0,0.0
18.11.2003 08:00:00.000,1.17682,1.17892,1.17629,1.17833,34198300.7813,1.1770743475595173,0,0,,0,0.0
18.11.2003 09:00:00.000,1.17837,1.17868,1.17589,1.17616,32013800.7813,1.1770040131318622,0,0,,0,0.0
18.11.2003 10:00:00.000,1.17618,1.17661,1.17513,1.17627,32140400.3906,1.1769475505832574,0,0,,0,0.0
18.11.2003 11:00:00.000,1.17648,1.17651,1.17358,1.17372,32772199.2188,1.1766992774614684,0,0,,0,0.0
18.11.2003 12:00:00.000,1.17373,1.17735,1.17319,1.1773,32559599.6094,1.1767454868875094,0,2,1.17219,0,0.0
18.11.2003 13:00:00.000,1.17737,1.1788,1.17677,1.17784,32266300.7813,1.176829680203855,0,0,,0,0.0
18.11.2003 14:00:00.000,1.17778,1.18166,1.17698,1.18148,32419699.2188,1.1771873971112508,0,0,,0,0.0
18.11.2003 15:00:00.000,1.18135,1.19099,1.18128,1.18928,31769300.7813,1.1781175973334623,0,0,,0,0.0
18.11.2003 16:00:00.000,1.18924,1.18996,1.18654,1.18911,296382187.5,1.1789631667693499,0,0,,0,0.0
18.11.2003 17:00:00.000,1.18897,1.19035,1.18761,1.18996,132093000.0,1.1798090770178615,0,0,,0,0.0
18.11.2003 18:00:00.000,1.1897,1.19489,1.18939,1.19381,147096703.125,1.1808860710934108,0,0,,0,0.0
18.11.2003 19:00:00.000,1.19394,1.19579,1.19321,1.19515,108360796.875,1.1819832963939179,0,0,,0,0.0
18.11.2003 20:00:00.000,1.19512,1.19575,1.1938,1.19475,61568898.4375,1.1829653505174627,0,0,,0,0.0
18.11.2003 21:00:00.000,1.19475,1.19725,1.1945,1.19684,31735000.0,1.1840326312468887,0,0,,0,0.0
18.11.2003 22:00:00.000,1.1968,1.19727,1.19535,1.19651,32721400.3906,1.184992428843282,0,0,,0,0.0
18.11.2003 23:00:00.000,1.19624,1.19698,1.19487,1.19537,31044099.6094,1.185790703547645,0,0,,0,0.0
19.11.2003 00:00:00.000,1.19556,1.19759,1.19435,1.19735,31646900.3906,1.1866798801978262,0,0,,0,0.0
19.11.2003 01:00:00.000,1.19748,1.19767,1.19446,1.19468,32186099.6094,1.1872952740287628,0,1,1.19867,0,0.0
19.11.2003 02:00:00.000,1.19459,1.19604,1.19459,1.19492,32918500.0,1.1878817914111657,0,0,,0,0.0
19.11.2003 03:00:00.000,1.19499,1.1954,1.1937,1.19377,31561199.2188,1.1883347305333838,0,0,,0,0.0
19.11.2003 04:00:00.000,1.19385,1.19626,1.19385,1.19547,32529300.7813,1.1888835974154313,2,0,,0,0.0
19.11.2003 05:00:00.000,1.19558,1.19663,1.19474,1.19575,34572101.5625,1.1894117822296288,2,0,,0,0.0
19.11.2003 06:00:00.000,1.19562,1.19654,1.19463,1.19587,31708000.0,1.1899085682119652,2,0,,0,0.0
19.11.2003 07:00:00.000,1.19579,1.19691,1.1952,1.19552,32674800.7813,1.190340216811045,2,0,,0,0.0
19.11.2003 08:00:00.000,1.1955,1.19581,1.19371,1.19383,32075900.3906,1.190608661671734,2,0,,0,0.0
19.11.2003 09:00:00.000,1.19371,1.19453,1.19099,1.19247,32123199.2188,1.190751841543139,2,0,,0,0.0
19.11.2003 10:00:00.000,1.19252,1.19316,1.18953,1.19137,29341599.6094,1.190799392193667,2,0,,0,0.0
19.11.2003 11:00:00.000,1.19128,1.19282,1.19016,1.19025,32844101.5625,1.1907571312556928,0,0,,0,0.0
19.11.2003 12:00:00.000,1.19068,1.1932,1.19024,1.19205,32843101.5625,1.1908565826975626,0,0,,0,0.0
19.11.2003 13:00:00.000,1.19175,1.19289,1.19036,1.19189,30940900.3906,1.1909360763362116,0,0,,0,0.0
19.11.2003 14:00:00.000,1.19149,1.19482,1.19145,1.19307,32417199.2188,1.191100224310349,0,0,,0,0.0
19.11.2003 15:00:00.000,1.19298,1.19299,1.18972,1.19206,33697601.5625,1.191174053209553,0,0,,0,0.0
19.11.2003 16:00:00.000,1.19184,1.19247,1.18912,1.19108,291344500.0,1.1911668183472797,0,0,,0,0.0
19.11.2003 17:00:00.000,1.19098,1.1914,1.18844,1.19013,137380406.25,1.1910870630897967,0,0,,0,0.0
19.11.2003 18:00:00.000,1.19005,1.1907,1.1887,1.18998,144753296.875,1.1910019043905817,0,0,,0,0.0
19.11.2003 19:00:00.000,1.19015,1.19045,1.18719,1.18831,104879796.875,1.1907948348220756,0,0,,0,0.0
19.11.2003 20:00:00.000,1.18834,1.18874,1.18727,1.18815,64266601.5625,1.1905913859896082,0,0,,0,0.0
19.11.2003 21:00:00.000,1.18759,1.1885,1.18719,1.18732,31244000.0,1.1903397409134846,0,0,,0,0.0
19.11.2003 22:00:00.000,1.18734,1.18946,1.18699,1.18892,31829699.2188,1.190230530073986,0,2,1.18599,0,0.0
19.11.2003 23:00:00.000,1.18869,1.18962,1.18779,1.18929,33047800.7813,1.1901581816067563,0,0,,0,0.0
20.11.2003 00:00:00.000,1.18919,1.19146,1.18894,1.19051,30781699.2188,1.190185244560083,0,0,,0,0.0
20.11.2003 01:00:00.000,1.19048,1.1915,1.1901,1.19102,32960800.7813,1.1902494565169996,0,0,,0,0.0
20.11.2003 02:00:00.000,1.19122,1.19192,1.19075,1.19113,32718900.3906,1.1903171906310768,0,0,,0,0.0
20.11.2003 03:00:00.000,1.19113,1.19133,1.1894,1.19009,31763800.7813,1.1902997144286864,0,0,,0,0.0
20.11.2003 04:00:00.000,1.19,1.19113,1.18966,1.19113,30827699.2188,1.1903635825495569,0,0,,0,0.0
20.11.2003 05:00:00.000,1.19111,1.19208,1.1907,1.19083,33511199.2188,1.1903994608149757,0,0,,0,0.0
20.11.2003 06:00:00.000,1.19076,1.19291,1.19057,1.19234,32897398.4375,1.1905487330599778,0,0,,0,0.0
20.11.2003 07:00:00.000,1.19232,1.19272,1.18936,1.19213,32904500.0,1.190670368978441,0,0,,0,0.0
20.11.2003 08:00:00.000,1.19209,1.19407,1.1907,1.19134,31147099.6094,1.1907218790570226,0,0,,0,0.0
20.11.2003 09:00:00.000,1.19131,1.19386,1.19002,1.19186,31595800.7813,1.190809426821867,0,0,,0,0.0
20.11.2003 10:00:00.000,1.19197,1.19303,1.19129,1.19209,32569599.6094,1.1909079324509542,0,0,,0,0.0
20.11.2003 11:00:00.000,1.1919,1.19267,1.19094,1.19183,33250398.4375,1.1909788607239578,0,0,,0,0.0
20.11.2003 12:00:00.000,1.19202,1.19234,1.191,1.19133,32199199.2188,1.1910058714374996,0,0,,0,0.0
20.11.2003 13:00:00.000,1.19134,1.19383,1.19021,1.19318,33421699.2188,1.1911731120961535,0,0,,0,0.0
20.11.2003 14:00:00.000,1.193,1.19543,1.19178,1.19258,34586898.4375,1.1912813342426034,0,1,1.1964299999999999,0,0.0
20.11.2003 15:00:00.000,1.1925,1.19307,1.18957,1.1917,33005500.0,1.191313539300865,0,0,,0,0.0
20.11.2003 16:00:00.000,1.1915,1.19204,1.18921,1.19083,296637093.75,1.1912763439700291,0,0,,0,0.0
20.11.2003 17:00:00.000,1.19103,1.19285,1.18834,1.1891,136376203.125,1.1911089328954116,0,0,,0,0.0
20.11.2003 18:00:00.000,1.18896,1.19116,1.18808,1.19012,144558906.25,1.1910328611342262,0,0,,0,0.0
20.11.2003 19:00:00.000,1.19011,1.19175,1.189,1.19093,104428398.4375,1.1910249487392859,0,0,,0,0.0
20.11.2003 20:00:00.000,1.19096,1.19229,1.1906,1.19084,65260300.7813,1.191010721913187,0,0,,0,0.0
20.11.2003 21:00:00.000,1.19077,1.19143,1.19038,1.19085,30652199.2188,1.1909983586890958,0,0,,0,0.0
20.11.2003 22:00:00.000,1.19111,1.19168,1.19056,1.19062,30136000.0,1.19096925417455,0,0,,0,0.0
20.11.2003 23:00:00.000,1.19035,1.1911,1.18943,1.1899,32476099.6094,1.1908870038534307,0,0,,0,0.0
21.11.2003 00:00:00.000,1.18993,1.19011,1.18833,1.18886,34812398.4375,1.1907310804800901,0,0,,0,0.0
21.11.2003 01:00:00.000,1.1889,1.18909,1.18792,1.18858,34886101.5625,1.1905656127508526,0,0,,0,0.0
21.11.2003 02:00:00.000,1.18865,1.19099,1.18834,1.19045,33362898.4375,1.1905567194623254,0,0,,0,0.0
21.11.2003 03:00:00.000,1.19047,1.19073,1.18859,1.18891,30567400.3906,1.1904300487344543,0,0,,0,0.0
21.11.2003 04:00:00.000,1.18915,1.18944,1.18754,1.18793,32190099.6094,1.1902377372933426,0,0,,0,0.0
21.11.2003 05:00:00.000,1.18786,1.18911,1.18772,1.18857,31013199.2188,1.1901094498092393,0,0,,0,0.0
21.11.2003 06:00:00.000,1.18847,1.19002,1.18836,1.18939,32469300.7813,1.190054107516221,0,0,,0,0.0
21.11.2003 07:00:00.000,1.18951,1.19033,1.1881,1.19008,34191398.4375,1.1900560992457425,0,0,,0,0.0
21.11.2003 08:00:00.000,1.18995,1.19048,1.18829,1.18902,32927101.5625,1.1899763993037624,0,0,,0,0.0
21.11.2003 09:00:00.000,1.18907,1.18972,1.18777,1.18777,31655900.3906,1.1898066762803963,0,0,,0,0.0
21.11.2003 10:00:00.000,1.18777,1.18899,1.18673,1.18708,31700099.6094,1.189596931951135,0,0,,0,0.0
21.11.2003 11:00:00.000,1.18705,1.1876,1.18553,1.18672,30342599.6094,1.1893756294933555,0,2,1.18453,0,0.0
21.11.2003 12:00:00.000,1.18668,1.18987,1.18643,1.18974,33844000.0,1.1894036579938665,0,0,,0,0.0
21.11.2003 13:00:00.000,1.18963,1.19166,1.18905,1.1913,31882800.7813,1.1895495304558767,0,0,,0,0.0
21.11.2003 14:00:00.000,1.19115,1.1918,1.19022,1.19136,31635699.2188,1.1896887973438863,0,0,,0,0.0
21.11.2003 15:00:00.000,1.1915,1.19369,1.19137,1.19271,32449500.0,1.1899211975482027,0,1,1.1946899999999998,0,0.0
21.11.2003 16:00:00.000,1.19248,1.19285,1.18961,1.19104,295382687.5,1.1900072592752642,0,0,,0,0.0
21.11.2003 17:00:00.000,1.19122,1.19213,1.18997,1.19132,135215703.125,1.1901082393310132,0,0,,0,0.0
21.11.2003 18:00:00.000,1.19118,1.19168,1.19068,1.19136,142123296.875,1.190204528613243,0,0,,0,0.0
21.11.2003 19:00:00.000,1.19145,1.19217,1.19065,1.19126,106589203.125,1.1902857187199167,0,0,,0,0.0
21.11.2003 20:00:00.000,1.19115,1.19163,1.19081,1.19115,64768898.4375,1.1903522018953079,0,0,,0,0.0
21.11.2003 21:00:00.000,1.19122,1.19167,1.19057,1.19126,30947900.3906,1.1904220325187458,0,0,,0,0.0
23.11.2003 22:00:00.000,1.19068,1.19122,1.19041,1.19083,24236199.2188,1.1904534146326884,0,0,,0,0.0
23.11.2003 23:00:00.000,1.1908,1.1911,1.18996,1.19064,30416699.2188,1.1904677673532509,0,0,,0,0.0
24.11.2003 00:00:00.000,1.19097,1.19158,1.19044,1.19129,30190300.7813,1.1905310160183855,0,0,,0,0.0
24.11.2003 01:00:00.000,1.19132,1.19167,1.19081,1.19113,27650099.6094,1.190577091709279,0,0,,0,0.0
24.11.2003 02:00:00.000,1.19109,1.19149,1.18997,1.19048,30578699.2188,1.1905696231162577,0,0,,0,0.0
24.11.2003 03:00:00.000,1.19075,1.19094,1.19005,1.1906,26868300.7813,1.1905719597996225,0,0,,0,0.0
24.11.2003 04:00:00.000,1.19063,1.19128,1.19024,1.19073,28971900.3906,1.1905841167381133,0,0,,0,0.0
24.11.2003 05:00:00.000,1.19071,1.1911,1.18994,1.19035,28131099.6094,1.1905661077582583,0,0,,0,0.0
24.11.2003 06:00:00.000,1.19042,1.19147,1.18996,1.19087,30787400.3906,1.1905894840845461,0,0,,0,0.0
24.11.2003 07:00:00.000,1.19092,1.19117,1.18926,1.18928,32059900.3906,1.1904887545395813,0,0,,0,0.0
24.11.2003 08:00:00.000,1.18911,1.18921,1.18584,1.18723,31954900.3906,1.1902380811134596,0,0,,0,0.0
24.11.2003 09:00:00.000,1.18721,1.18736,1.17787,1.17787,30404199.2188,1.1892866902585784,0,0,,0,0.0
24.11.2003 10:00:00.000,1.17792,1.18171,1.17783,1.18074,32164800.7813,1.1886292525463802,0,0,,0,0.0
24.11.2003 11:00:00.000,1.18062,1.18166,1.18018,1.18036,34532000.0,1.1879931561966586,0,0,,0,0.0
24.11.2003 12:00:00.000,1.18029,1.18126,1.17884,1.18084,32034599.6094,1.1874429134123003,0,0,,0,0.0
24.11.2003 13:00:00.000,1.18074,1.18255,1.1803,1.18125,33539500.0,1.186966535457508,0,0,,0,0.0
24.11.2003 14:00:00.000,1.1815,1.18288,1.18117,1.18212,30592400.3906,1.1865937250376999,0,0,,0,0.0
24.11.2003 15:00:00.000,1.18198,1.18239,1.1763,1.17641,34016199.2188,1.1858103615732616,0,0,,0,0.0
24.11.2003 16:00:00.000,1.17634,1.17868,1.17581,1.17657,294092093.75,1.1850995645291647,0,0,,0,0.0
24.11.2003 17:00:00.000,1.1767,1.17763,1.17555,1.17627,132626796.875,1.1844203672576907,0,0,,0,0.0
24.11.2003 18:00:00.000,1.17642,1.17769,1.17571,1.177,149337203.125,1.1838495697763298,0,0,,0,0.0
24.11.2003 19:00:00.000,1.17705,1.17755,1.17591,1.1768,105876203.125,1.1833072951781507,0,0,,0,0.0
24.11.2003 20:00:00.000,1.17691,1.17699,1.17561,1.17593,63194601.5625,1.1827398109336777,0,0,,0,0.0
24.11.2003 21:00:00.000,1.17544,1.17694,1.17544,1.17674,32795101.5625,1.1822782870157027,0,2,1.1744400000000002,0,0.0
24.11.2003 22:00:00.000,1.17708,1.17719,1.17633,1.17718,31424199.2188,1.1818861110914178,0,0,,0,0.0
24.11.2003 23:00:00.000,1.17702,1.17875,1.17702,1.17807,33349000.0,1.1815925640843858,1,0,,0,0.0
25.11.2003 00:00:00.000,1.17805,1.17822,1.17573,1.17663,32186400.3906,1.181210828385587,1,0,,0,0.0
25.11.2003 01:00:00.000,1.17712,1.17799,1.17665,1.17782,32771398.4375,1.1809499954328497,1,0,,0,0.0
25.11.2003 02:00:00.000,1.17772,1.17842,1.1773,1.17819,33293898.4375,1.1807376880918614,1,0,,0,0.0
25.11.2003 03:00:00.000,1.17799,1.18059,1.17781,1.17987,28757400.3906,1.180670942854026,1,0,,0,0.0
25.11.2003 04:00:00.000,1.18,1.18055,1.17883,1.17971,30620400.3906,1.1805970241729473,1,0,,0,0.0
25.11.2003 05:00:00.000,1.17992,1.18012,1.1787,1.17971,31460199.2188,1.1805287915442593,1,0,,0,0.0
25.11.2003 06:00:00.000,1.17977,1.17998,1.17826,1.17897,31765000.0,1.1804088845023932,1,0,,0,0.0
25.11.2003 07:00:00.000,1.17921,1.17968,1.17796,1.17955,33841898.4375,1.1803428164637477,1,0,,0,0.0
25.11.2003 08:00:00.000,1.17945,1.18175,1.1793,1.18042,31078400.3906,1.180348753658844,0,1,1.18275,0,0.0
25.11.2003 09:00:00.000,1.18048,1.18075,1.17682,1.17722,31167900.3906,1.1801080803004713,0,0,,0,0.0
25.11.2003 10:00:00.000,1.17723,1.1779,1.17612,1.17637,31945300.7813,1.1798205356619735,0,0,,0,0.0
25.11.2003 11:00:00.000,1.17652,1.17846,1.17509,1.17769,33365699.2188,1.1796566483033604,0,2,1.17409,0,0.0
25.11.2003 12:00:00.000,1.17782,1.17785,1.1758,1.1769,32659599.6094,1.1794445984338713,0,0,,0,0.0
25.11.2003 13:00:00.000,1.1764,1.18091,1.17574,1.18012,32043400.3906,1.1794965524004966,0,0,,0,0.0
25.11.2003 14:00:00.000,1.18001,1.18025,1.17842,1.17916,30949400.3906,1.1794706637543046,0,0,,0,0.0
25.11.2003 15:00:00.000,1.17913,1.18146,1.17827,1.17923,33339898.4375,1.1794521511578198,0,0,,0,0.0
25.11.2003 16:00:00.000,1.17923,1.17945,1.17673,1.17853,291954687.5,1.1793812164533721,0,0,,0,0.0
25.11.2003 17:00:00.000,1.17838,1.18018,1.17798,1.17921,134965796.875,1.1793680459569589,0,0,,0,0.0
25.11.2003 18:00:00.000,1.17923,1.17999,1.1783,1.17957,145898203.125,1.1793835808833468,0,0,,0,0.0
25.11.2003 19:00:00.000,1.17957,1.17977,1.17751,1.17851,105295101.5625,1.1793163823538588,0,0,,0,0.0
25.11.2003 20:00:00.000,1.17838,1.17865,1.17749,1.17789,63157101.5625,1.1792066606343312,0,0,,0,0.0
25.11.2003 21:00:00.000,1.17764,1.17916,1.17751,1.17889,31202400.3906,1.1791823021239982,0,0,,0,0.0
25.11.2003 22:00:00.000,1.17886,1.17997,1.17879,1.17926,31410199.2188,1.1791882788836907,0,0,,0,0.0
25.11.2003 23:00:00.000,1.17932,1.17981,1.17676,1.17741,32956199.2188,1.17905148820033,0,0,,0,0.0
26.11.2003 00:00:00.000,1.17766,1.17907,1.17732,1.1783,32629900.3906,1.1789936814156892,0,0,,0,0.0
26.11.2003 01:00:00.000,1.17828,1.17949,1.17774,1.17915,33308101.5625,1.1790057059221746,0,0,,0,0.0
26.11.2003 02:00:00.000,1.17904,1.18025,1.17899,1.17981,35348800.7813,1.179067574697392,0,0,,0,0.0
26.11.2003 03:00:00.000,1.17997,1.1817,1.17953,1.18082,30417199.2188,1.1792023766437465,0,0,,0,0.0
26.11.2003 04:00:00.000,1.18092,1.181,1.18002,1.18071,32902500.0,1.1793183476711506,0,0,,0,0.0
26.11.2003 05:00:00.000,1.18062,1.18075,1.1795,1.17967,33199000.0,1.179345397850293,0,0,,0,0.0
26.11.2003 06:00:00.000,1.17976,1.18115,1.17942,1.18074,31365599.6094,1.1794526749387322,0,0,,0,0.0
26.11.2003 07:00:00.000,1.18105,1.18386,1.18023,1.18311,32462000.0,1.179734007635753,0,0,,0,0.0
26.11.2003 08:00:00.000,1.18327,1.18448,1.18192,1.18236,31955699.2188,1.1799360070483873,0,0,,0,0.0
26.11.2003 09:00:00.000,1.1825,1.18385,1.18181,1.18326,31536599.6094,1.180191698813896,0,0,,0,0.0
26.11.2003 10:00:00.000,1.18354,1.18372,1.18233,1.18244,29442599.6094,1.180364645058981,0,0,,0,0.0
26.11.2003 11:00:00.000,1.18272,1.1828,1.18111,1.18221,32222500.0,1.1805065954390594,0,0,,0,0.0
26.11.2003 12:00:00.000,1.18201,1.18344,1.18145,1.1818,31692800.7813,1.1806060880975935,0,0,,0,0.0
26.11.2003 13:00:00.000,1.18185,1.18278,1.17941,1.18035,31223599.6094,1.1805863890131634,0,2,1.1784100000000002,0,0.0
26.11.2003 14:00:00.000,1.18069,1.18763,1.18038,1.18629,32156500.0,1.1810251283198432,0,0,,0,0.0
26.11.2003 15:00:00.000,1.18695,1.19332,1.1869,1.19184,31479699.2188,1.1818570415260092,0,0,,0,0.0
26.11.2003 16:00:00.000,1.19188,1.19412,1.19075,1.19171,294330593.75,1.1826149614086239,0,0,,0,0.0
26.11.2003 17:00:00.000,1.19174,1.1947,1.19118,1.19158,136394906.25,1.1833045797618067,0,1,1.1957,0,0.0
26.11.2003 18:00:00.000,1.19166,1.19361,1.19144,1.19278,146817406.25,1.1840334582416678,0,0,,0,0.0
26.11.2003 19:00:00.000,1.19273,1.19327,1.19196,1.19285,107107898.4375,1.1847116537615396,0,0,,0,0.0
26.11.2003 20:00:00.000,1.19269,1.19403,1.19228,1.19362,65124199.2188,1.1853969111644982,0,0,,0,0.0
26.11.2003 21:00:00.000,1.19321,1.19425,1.19306,1.19374,30430599.6094,1.1860386872287676,0,0,,0,0.0
26.11.2003 22:00:00.000,1.19376,1.194,1.19222,1.19255,30623500.0,1.1865395574419395,0,0,,0,0.0
26.11.2003 23:00:00.000,1.19237,1.1939,1.19237,1.19255,32540800.7813,1.1870018991771751,0,0,,0,0.0
27.11.2003 00:00:00.000,1.19274,1.1935,1.19219,1.19225,33707898.4375,1.1874055992404695,0,0,,0,0.0
27.11.2003 01:00:00.000,1.1926,1.19295,1.19173,1.19207,32919300.7813,1.1877643992988949,0,0,,0,0.0
27.11.2003 02:00:00.000,1.19192,1.19241,1.19144,1.19175,33041699.2188,1.1880709839682106,0,0,,0,0.0
27.11.2003 03:00:00.000,1.19205,1.19237,1.1913,1.19177,29429699.2188,1.1883555236629637,0,0,,0,0.0
27.11.2003 04:00:00.000,1.19174,1.19315,1.19137,1.19315,33443699.2188,1.1887243295350436,0,0,,0,0.0
27.11.2003 05:00:00.000,1.19309,1.19362,1.19259,1.19315,31998300.7813,1.1890647657246558,0,0,,0,0.0
27.11.2003 06:00:00.000,1.19325,1.19341,1.19149,1.19157,30771800.7813,1.1892574760535286,2,0,,0,0.0
27.11.2003 07:00:00.000,1.19181,1.19329,1.19123,1.1922,33477500.0,1.189483824049411,2,0,,0,0.0
27.11.2003 08:00:00.000,1.19194,1.19265,1.18923,1.19066,32234000.0,1.1895742991225333,2,0,,0,0.0
27.11.2003 09:00:00.000,1.19063,1.19164,1.19037,1.19128,31676000.0,1.1897055068823386,2,0,,0,0.0
27.11.2003 10:00:00.000,1.19155,1.19168,1.19028,1.19118,32881500.0,1.1898189294298511,2,0,,0,0.0
27.11.2003 11:00:00.000,1.19122,1.1913,1.1903,1.19084,31469900.3906,1.1898974733198626,2,0,,0,0.0
27.11.2003 12:00:00.000,1.191,1.19104,1.18954,1.18957,31717199.2188,1.1898722830644886,0,0,,0,0.0
27.11.2003 13:00:00.000,1.1898,1.19029,1.18901,1.18921,32622300.7813,1.1898213382133742,0,0,,0,0.0
27.11.2003 14:00:00.000,1.18932,1.18993,1.18845,1.18954,31487300.7813,1.1897996968123454,0,0,,0,0.0
27.11.2003 15:00:00.000,1.18948,1.1909,1.18899,1.18905,32441300.7813,1.1897420278267805,0,0,,0,0.0
27.11.2003 16:00:00.000,1.18931,1.19019,1.18826,1.18927,288700000.0,1.1897057179939514,0,0,,0,0.0
27.11.2003 17:00:00.000,1.18922,1.19026,1.18821,1.18955,134443796.875,1.1896937396867244,0,2,1.18721,0,0.0
27.11.2003 18:00:00.000,1.18963,1.1903,1.1892,1.18982,145884406.25,1.189703452018515,0,0,,0,0.0
27.11.2003 19:00:00.000,1.18995,1.19037,1.18953,1.19005,102501203.125,1.1897301095555524,0,0,,0,0.0
27.11.2003 20:00:00.000,1.18996,1.1909,1.1896,1.19022,62810601.5625,1.1897677934358946,0,0,,0,0.0
27.11.2003 21:00:00.000,1.1904,1.19073,1.18846,1.19045,28896900.3906,1.1898202708639027,0,0,,0,0.0
27.11.2003 22:00:00.000,1.19052,1.19146,1.19038,1.19136,28846599.6094,1.1899387115666795,0,0,,0,0.0
27.11.2003 23:00:00.000,1.19139,1.19154,1.19064,1.19104,34998898.4375,1.1900234260615505,0,0,,0,0.0
28.11.2003 00:00:00.000,1.19101,1.19205,1.19097,1.19148,32267000.0,1.1901354702106621,0,0,,0,0.0
28.11.2003 01:00:00.000,1.19162,1.19178,1.19032,1.19059,32111599.6094,1.1901704340406112,0,0,,0,0.0
28.11.2003 02:00:00.000,1.1904,1.19181,1.18959,1.19141,33100500.0,1.1902657852682565,0,0,,0,0.0
28.11.2003 03:00:00.000,1.19132,1.19184,1.19095,1.19164,29989599.6094,1.1903714940937755,0,0,,0,0.0
28.11.2003 04:00:00.000,1.19154,1.192,1.19105,1.19123,32508300.7813,1.190437533009639,0,0,,0,0.0
28.11.2003 05:00:00.000,1.19144,1.19286,1.19123,1.19256,30048800.7813,1.1906007997012054,0,0,,0,0.0
28.11.2003 06:00:00.000,1.19264,1.19332,1.19158,1.19207,30735400.3906,1.190713815108805,0,0,,0,0.0
28.11.2003 07:00:00.000,1.19211,1.19378,1.19178,1.19265,31468199.2188,1.1908627524081277,0,0,,0,0.0
28.11.2003 08:00:00.000,1.19268,1.1934,1.19101,1.19256,32003900.3906,1.1909933099151948,0,0,,0,0.0
28.11.2003 09:00:00.000,1.19287,1.19876,1.19275,1.19761,33284601.5625,1.1915022860755644,0,0,,0,0.0
28.11.2003 10:00:00.000,1.19784,1.19916,1.19673,1.19778,33087500.0,1.191985187146675,2,0,,0,0.0
28.11.2003 11:00:00.000,1.19773,1.1994,1.19638,1.19828,31978300.7813,1.1924694035200076,2,0,,0,0.0
28.11.2003 12:00:00.000,1.19798,1.20096,1.1977,1.19935,32626099.6094,1.192998680172315,2,0,,0,0.0
28.11.2003 13:00:00.000,1.1995,1.20101,1.19884,1.19968,31302500.0,1.1935126278513677,2,0,,0,0.0
28.11.2003 14:00:00.000,1.19972,1.20129,1.1993,1.20082,33126601.5625,1.1940747334012625,2,0,,0,0.0
28.11.2003 15:00:00.000,1.20092,1.20114,1.1969,1.19845,31144199.2188,1.1944112923703962,2,0,,0,0.0
28.11.2003 16:00:00.000,1.19835,1.19957,1.19706,1.19903,290367406.25,1.1947665775726737,2,0,,0,0.0
28.11.2003 17:00:00.000,1.19889,1.19945,1.1982,1.19876,136355796.875,1.1950737639132374,2,0,,0,0.0
28.11.2003 18:00:00.000,1.19876,1.19954,1.19844,1.19928,145883000.0,1.1953973205352961,2,0,,0,0.0
28.11.2003 19:00:00.000,1.19957,1.19989,1.19815,1.19829,104233703.125,1.1956198343402735,2,0,,0,0.0
28.11.2003 20:00:00.000,1.1983,1.19898,1.19697,1.19845,63329000.0,1.1958375393910219,2,0,,0,0.0
28.11.2003 21:00:00.000,1.19788,1.19975,1.19788,1.19902,32079900.3906,1.196082344053251,2,0,,0,0.0
30.11.2003 22:00:00.000,1.19703,1.1986,1.19643,1.19854,31094199.2188,1.1962713945106935,2,2,1.1954300000000002,0,0.0
30.11.2003 23:00:00.000,1.19838,1.20297,1.19835,1.2027,32655599.6094,1.1967659026252555,2,0,,0,0.0
01.12.2003 00:00:00.000,1.20283,1.20354,1.20104,1.20118,32582900.3906,1.197105448577159,2,1,1.20454,0,0.0
01.12.2003 01:00:00.000,1.20162,1.20301,1.20101,1.20151,32028199.2188,1.1974442602250701,2,0,,0,0.0
01.12.2003 02:00:00.000,1.20133,1.20312,1.20085,1.20266,35484699.2188,1.197845470976988,2,0,,0,0.0
01.12.2003 03:00:00.000,1.20249,1.2029,1.20136,1.20224,31989400.3906,1.1981835116710657,2,0,,0,0.0
01.12.2003 04:00:00.000,1.2023,1.20252,1.20123,1.20155,32498599.6094,1.198442472311753,2,0,,0,0.0
01.12.2003 05:00:00.000,1.20158,1.2017,1.1997,1.20031,32527500.0,1.1985861282877721,2,0,,0,0.0
01.12.2003 06:00:00.000,1.20035,1.20162,1.19714,1.198,31054500.0,1.1985410414964053,0,0,,0,0.0
01.12.2003 07:00:00.000,1.19781,1.20142,1.19687,1.20078,32695800.7813,1.198713269073605,0,0,,0,0.0
01.12.2003 08:00:00.000,1.20039,1.20094,1.19812,1.19884,32084199.2188,1.1987230176064048,0,0,,0,0.0
01.12.2003 09:00:00.000,1.19916,1.20048,1.19902,1.2,31489800.7813,1.1988212470212969,0,0,,0,0.0
01.12.2003 10:00:00.000,1.19998,1.20116,1.19956,1.20047,32868699.2188,1.1989480741735048,0,0,,0,0.0
01.12.2003 11:00:00.000,1.20044,1.20392,1.2002,1.20169,32970699.2188,1.1991589915447738,0,1,1.20492,0,0.0
01.12.2003 12:00:00.000,1.20191,1.20264,1.20019,1.20078,32839101.5625,1.1992836845028683,0,0,,0,0.0
01.12.2003 13:00:00.000,1.2012,1.2021,1.19997,1.20063,33097898.4375,1.199387247233417,0,0,,0,0.0
01.12.2003 14:00:00.000,1.20092,1.20149,1.19905,1.19933,33249398.4375,1.1993828436000775,0,0,,0,0.0
01.12.2003 15:00:00.000,1.1993,1.20123,1.19526,1.19632,31908099.6094,1.1991472402462255,0,0,,0,0.0
01.12.2003 16:00:00.000,1.19605,1.19621,1.19354,1.19527,294800812.5,1.198848990996516,0,2,1.1925400000000002,0,0.0
01.12.2003 17:00:00.000,1.1954,1.19668,1.19399,1.19622,136965593.75,1.198646760919861,0,0,,0,0.0
01.12.2003 18:00:00.000,1.196,1.19932,1.19574,1.19795,151067093.75,1.1985931639260257,0,0,,0,0.0
01.12.2003 19:00:00.000,1.1979,1.1993,1.19658,1.19712,106939601.5625,1.1984798436240238,0,0,,0,0.0
01.12.2003 20:00:00.000,1.19723,1.19771,1.19677,1.19708,63706101.5625,1.1983721633452529,0,0,,0,0.0
01.12.2003 21:00:00.000,1.19669,1.19788,1.1959,1.19779,31722900.3906,1.1983273815494644,0,0,,0,0.0
01.12.2003 22:00:00.000,1.19804,1.19831,1.19627,1.19627,30395599.6094,1.198169121430275,0,0,,0,0.0
01.12.2003 23:00:00.000,1.19617,1.19693,1.19539,1.19596,33051300.7813,1.1979991890125616,0,0,,0,0.0
02.12.2003 00:00:00.000,1.19572,1.197,1.1953,1.19623,33606601.5625,1.197863097550057,0,0,,0,0.0
02.12.2003 01:00:00.000,1.19622,1.19751,1.19589,1.1974,30659400.3906,1.1978274746615911,0,0,,0,0.0
02.12.2003 02:00:00.000,1.19733,1.19783,1.19668,1.19756,30139000.0,1.1978068996876226,0,0,,0,0.0
02.12.2003 03:00:00.000,1.19741,1.19868,1.19741,1.19815,29420300.7813,1.197833292019344,0,0,,0,0.0
02.12.2003 04:00:00.000,1.19813,1.19917,1.19759,1.19826,30883699.2188,1.1978661157101638,0,0,,0,0.0
02.12.2003 05:00:00.000,1.1984,1.19887,1.19776,1.19808,31680199.2188,1.1978825683478436,0,0,,0,0.0
02.12.2003 06:00:00.000,1.19798,1.19887,1.19659,1.19705,33035601.5625,1.1978185246287787,0,0,,0,0.0
02.12.2003 07:00:00.000,1.1972,1.19835,1.19533,1.19625,33029898.4375,1.1976978688881035,0,0,,0,0.0
02.12.2003 08:00:00.000,1.19648,1.19815,1.19591,1.19613,30628000.0,1.1975772635890185,0,0,,0,0.0
02.12.2003 09:00:00.000,1.19623,1.19667,1.19545,1.19623,33101800.7813,1.197473627928325,0,0,,0,0.0
02.12.2003 10:00:00.000,1.1959,1.19727,1.19525,1.19622,31414800.7813,1.1973771950107615,0,0,,0,0.0
02.12.2003 11:00:00.000,1.19602,1.19649,1.19391,1.19436,30891400.3906,1.1971451030868567,0,2,1.1929100000000001,0,0.0
02.12.2003 12:00:00.000,1.19431,1.19666,1.19401,1.19643,34075199.2188,1.1970900951570984,0,0,,0,0.0
02.12.2003 13:00:00.000,1.1967,1.19867,1.19636,1.19785,32369199.2188,1.1971485493757834,0,0,,0,0.0
02.12.2003 14:00:00.000,1.19778,1.20083,1.1966,1.20032,31523199.2188,1.1973925071161078,0,0,,0,0.0
02.12.2003 15:00:00.000,1.20042,1.2086,1.19988,1.20849,30896400.3906,1.1982461604148689,0,0,,0,0.0
02.12.2003 16:00:00.000,1.20826,1.209,1.2069,1.20785,293264000.0,1.1989849173060327,0,0,,0,0.0
02.12.2003 17:00:00.000,1.20786,1.20893,1.20761,1.20844,135761796.875,1.199712231359415,0,0,,0,0.0
02.12.2003 18:00:00.000,1.20848,1.20903,1.20671,1.20703,148926906.25,1.2002751366394602,0,0,,0,0.0
02.12.2003 19:00:00.000,1.20699,1.20846,1.20687,1.20762,103311796.875,1.2008401261287327,0,0,,0,0.0
02.12.2003 20:00:00.000,1.20751,1.20788,1.2068,1.20728,64049601.5625,1.2013355010419071,0,0,,0,0.0
02.12.2003 21:00:00.000,1.2068,1.20846,1.2068,1.20785,32072000.0,1.2018366163463758,0,0,,0,0.0
02.12.2003 22:00:00.000,1.20777,1.21111,1.20746,1.21009,32207099.6094,1.2024714920120392,0,1,1.2121099999999998,0,0.0
02.12.2003 23:00:00.000,1.21012,1.21043,1.20747,1.20835,31612699.2188,1.2029236849341902,0,0,,0,0.0
03.12.2003 00:00:00.000,1.20839,1.20971,1.20759,1.20825,32641500.0,1.2033334014777142,0,0,,0,0.0
03.12.2003 01:00:00.000,1.20835,1.20874,1.2076,1.20808,34021000.0,1.203698524440967,0,0,,0,0.0
03.12.2003 02:00:00.000,1.20805,1.20849,1.20749,1.20783,33095300.7813,1.2040163302532005,0,0,,0,0.0
03.12.2003 03:00:00.000,1.20788,1.20843,1.20738,1.20809,30802500.0,1.2043296894644928,0,0,,0,0.0
03.12.2003 04:00:00.000,1.20822,1.20891,1.20769,1.20851,33443800.7813,1.204651251813378,0,0,,0,0.0
03.12.2003 05:00:00.000,1.2085,1.20889,1.20765,1.20819,30684099.6094,1.204923463212349,2,0,,0,0.0
03.12.2003 06:00:00.000,1.20816,1.20965,1.20812,1.20871,33207699.2188,1.2052147352729379,2,0,,0,0.0
03.12.2003 07:00:00.000,1.20888,1.20908,1.20745,1.20755,30223000.0,1.2053943710211734,2,0,,0,0.0
03.12.2003 08:00:00.000,1.20735,1.20854,1.2071,1.2071,29081699.2188,1.205525573250314,2,0,,0,0.0
03.12.2003 09:00:00.000,1.20718,1.21077,1.20718,1.21005,30036699.2188,1.2058736060772133,2,0,,0,0.0
03.12.2003 10:00:00.000,1.20988,1.21038,1.20892,1.20946,31714400.3906,1.2061494825328123,2,0,,0,0.0
03.12.2003 11:00:00.000,1.20958,1.21255,1.2085,1.21219,32115300.7813,1.206614137722596,2,1,1.21355,0,0.0
03.12.2003 12:00:00.000,1.21201,1.21251,1.20998,1.21037,31909400.3906,1.2069030502054734,2,0,,0,0.0
03.12.2003 13:00:00.000,1.21057,1.21081,1.20797,1.20871,30211500.0,1.207042046343514,2,0,,0,0.0
03.12.2003 14:00:00.000,1.20885,1.20982,1.20757,1.20837,33014898.4375,1.2071441966247822,2,0,,0,0.0
03.12.2003 15:00:00.000,1.20828,1.21136,1.20683,1.21085,32553699.2188,1.207429258422876,2,2,1.2058300000000002,0,0.0
03.12.2003 16:00:00.000,1.211,1.21123,1.2086,1.2091,297298187.5,1.207557777005732,2,0,,0,0.0
03.12.2003 17:00:00.000,1.20918,1.2095,1.20703,1.2086,135575703.125,1.207637948005291,2,0,,0,0.0
03.12.2003 18:00:00.000,1.20854,1.20989,1.20807,1.20922,146108796.875,1.2077596443125764,2,0,,0,0.0
03.12.2003 19:00:00.000,1.20925,1.21123,1.20905,1.20944,103976203.125,1.2078889024423785,2,0,,0,0.0
03.12.2003 20:00:00.000,1.20963,1.21127,1.20936,1.21119,64316000.0,1.208142833023734,2,0,,0,0.0
03.12.2003 21:00:00.000,1.21121,1.21155,1.20935,1.21067,31742699.2188,1.208337230483447,2,0,,0,0.0
03.12.2003 22:00:00.000,1.21074,1.21178,1.21031,1.21128,30953199.2188,1.2085635973693358,2,0,,0,0.0
03.12.2003 23:00:00.000,1.21118,1.21198,1.21041,1.21122,31495500.0,1.2087679360332333,2,1,1.21298,0,0.0
04.12.2003 00:00:00.000,1.21112,1.21164,1.21023,1.21043,31465800.7813,1.2088957871076,2,0,,0,0.0
04.12.2003 01:00:00.000,1.2104,1.21163,1.20974,1.21141,32941800.7813,1.2090891880993233,2,0,,0,0.0
04.12.2003 02:00:00.000,1.21137,1.21165,1.20755,1.20891,34009000.0,1.2090754043993754,0,0,,0,0.0
04.12.2003 03:00:00.000,1.20895,1.20933,1.20567,1.2065,30684400.3906,1.2088772963686545,0,0,,0,0.0
04.12.2003 04:00:00.000,1.2064,1.20666,1.20419,1.20495,31913000.0,1.2085751966479887,0,2,1.2031900000000002,0,0.0
04.12.2003 05:00:00.000,1.20478,1.20667,1.20458,1.20569,30872900.3906,1.2083532584442973,0,0,,0,0.0
04.12.2003 06:00:00.000,1.2057,1.20653,1.20462,1.20567,32502699.2188,1.2081468539485822,0,0,,0,0.0
04.12.2003 07:00:00.000,1.20553,1.2089,1.20472,1.20851,30256000.0,1.2081747882602298,0,0,,0,0.0
04.12.2003 08:00:00.000,1.20862,1.20886,1.20615,1.20628,31331900.3906,1.2080290353171352,0,0,,0,0.0
04.12.2003 09:00:00.000,1.20652,1.20819,1.20623,1.20678,31505800.7813,1.2079329556773555,0,0,,0,0.0
04.12.2003 10:00:00.000,1.20685,1.20725,1.20489,1.20667,30658699.2188,1.207835805240636,0,0,,0,0.0
04.12.2003 11:00:00.000,1.20669,1.20688,1.20531,1.20596,32778300.7813,1.207691512529818,0,0,,0,0.0
04.12.2003 12:00:00.000,1.20599,1.20704,1.20514,1.20638,30443699.2188,1.2075906269506014,0,0,,0,0.0
04.12.2003 13:00:00.000,1.20629,1.21245,1.20629,1.21185,31695699.2188,1.2079182710313243,0,0,,0,0.0
04.12.2003 14:00:00.000,1.2119,1.21533,1.21128,1.21166,29691900.3906,1.208206096336607,0,1,1.21633,0,0.0
04.12.2003 15:00:00.000,1.21195,1.21257,1.20286,1.20566,32135500.0,1.2080102427722528,0,2,1.2018600000000002,0,0.0
04.12.2003 16:00:00.000,1.2056,1.20799,1.20553,1.20754,296437406.25,1.2079740702513102,0,0,,0,0.0
04.12.2003 17:00:00.000,1.20747,1.21144,1.20746,1.21094,135340296.875,1.208202218693517,0,0,,0,0.0
04.12.2003 18:00:00.000,1.21089,1.21267,1.21069,1.21134,146590593.75,1.2084435864863237,0,0,,0,0.0
04.12.2003 19:00:00.000,1.21133,1.21141,1.20888,1.20902,106945000.0,1.208487925987376,0,0,,0,0.0
04.12.2003 20:00:00.000,1.20896,1.20901,1.20669,1.20705,63308398.4375,1.2083773162960396,0,0,,0,0.0
04.12.2003 21:00:00.000,1.20656,1.20895,1.20656,1.20829,31188300.7813,1.2083705996578828,0,0,,0,0.0
04.12.2003 22:00:00.000,1.20805,1.20947,1.20798,1.20834,31309599.6094,1.2083682458380458,0,0,,0,0.0
04.12.2003 23:00:00.000,1.20838,1.20853,1.20673,1.20724,33401300.7813,1.2082814576966576,0,0,,0,0.0
05.12.2003 00:00:00.000,1.20721,1.20842,1.20703,1.20755,32063500.0,1.2082251917199918,0,0,,0,0.0
05.12.2003 01:00:00.000,1.20773,1.20838,1.20699,1.2075,32406300.7813,1.208169407741531,0,0,,0,0.0
05.12.2003 02:00:00.000,1.20742,1.20901,1.2071,1.20862,32608800.7813,1.2082040686844904,0,0,,0,0.0
05.12.2003 03:00:00.000,1.20883,1.20923,1.20736,1.20784,28072199.2188,1.2081760634010683,0,0,,0,0.0
05.12.2003 04:00:00.000,1.20807,1.20856,1.20763,1.20823,31069400.3906,1.208180212370217,0,0,,0,0.0
05.12.2003 05:00:00.000,1.20808,1.2087,1.2077,1.20814,27442800.7813,1.2081771191109698,0,0,,0,0.0
05.12.2003 06:00:00.000,1.20815,1.2094,1.2079,1.20923,33006898.4375,1.2082581099485876,0,0,,0,0.0
05.12.2003 07:00:00.000,1.20935,1.2095,1.20806,1.20822,32385900.3906,1.208255178414081,0,0,,0,0.0
05.12.2003 08:00:00.000,1.20818,1.20914,1.20631,1.20663,33112101.5625,1.208130164689921,0,0,,0,0.0
05.12.2003 09:00:00.000,1.20671,1.20834,1.20601,1.20611,31465199.2188,1.207974767406081,0,2,1.2050100000000001,0,0.0
05.12.2003 10:00:00.000,1.20623,1.20788,1.20601,1.20739,30335599.6094,1.207929785297921,0,2,1.2050100000000001,0,0.0
05.12.2003 11:00:00.000,1.20738,1.20858,1.20655,1.20692,32013400.3906,1.2078521095057733,0,0,,0,0.0
05.12.2003 12:00:00.000,1.207,1.20802,1.20647,1.20751,34153601.5625,1.2078257933899446,0,0,,0,0.0
05.12.2003 13:00:00.000,1.20725,1.21379,1.20703,1.21248,31984500.0,1.2081838092830257,0,0,,0,0.0
05.12.2003 14:00:00.000,1.21242,1.21249,1.20978,1.21191,33014699.2188,1.2084704393381775,0,0,,0,0.0
05.12.2003 15:00:00.000,1.21214,1.21435,1.21077,1.21406,31148199.2188,1.208900405542933,0,0,,0,0.0
05.12.2003 16:00:00.000,1.21387,1.21673,1.21352,1.2154,292903687.5,1.209400374347323,0,0,,0,0.0
05.12.2003 17:00:00.000,1.21543,1.21577,1.21326,1.21496,132936000.0,1.2098280378590673,0,0,,0,0.0
05.12.2003 18:00:00.000,1.21501,1.21673,1.21453,1.21582,145868406.25,1.2102889580237546,0,0,,0,0.0
05.12.2003 19:00:00.000,1.21577,1.21687,1.21549,1.21601,105478898.4375,1.2107290381757736,0,0,,0,0.0
05.12.2003 20:00:00.000,1.21608,1.21767,1.21525,1.21603,63784898.4375,1.2111368044699449,0,1,1.21867,0,0.0
05.12.2003 21:00:00.000,1.21556,1.217,1.21538,1.21634,30993300.7813,1.2115370502799492,0,0,,0,0.0
07.12.2003 22:00:00.000,1.21709,1.21762,1.21594,1.2165,28261400.3906,1.21191881564303,0,0,,0,0.0
07.12.2003 23:00:00.000,1.21632,1.21715,1.21581,1.21652,31923800.7813,1.2122727529012587,0,0,,0,0.0
08.12.2003 00:00:00.000,1.2163,1.21686,1.21573,1.21643,31626599.6094,1.2125925411396234,0,0,,0,0.0
08.12.2003 01:00:00.000,1.2164,1.21717,1.21599,1.2162,33367500.0,1.212870037975037,0,0,,0,0.0
08.12.2003 02:00:00.000,1.21625,1.21646,1.21498,1.21508,33326898.4375,1.2130400350538804,0,0,,0,0.0
08.12.2003 03:00:00.000,1.21504,1.21596,1.21475,1.21526,30946000.0,1.2132108015881973,0,0,,0,0.0
08.12.2003 04:00:00.000,1.21555,1.21579,1.21486,1.21545,31701800.7813,1.2133830476198744,0,0,,0,0.0
08.12.2003 05:00:00.000,1.2153,1.21611,1.21466,1.21564,30036599.6094,1.2135566593414226,2,2,1.2136600000000002,0,0.0
08.12.2003 06:00:00.000,1.21552,1.21681,1.21513,1.21629,31762800.7813,1.2137669163151594,2,0,,0,0.0
08.12.2003 07:00:00.000,1.21636,1.21676,1.21522,1.21533,31441000.0,1.2138871535216857,2,0,,0,0.0
08.12.2003 08:00:00.000,1.2154,1.21839,1.2152,1.21747,33106000.0,1.2141627570969407,2,0,,0,0.0
08.12.2003 09:00:00.000,1.21744,1.21887,1.21742,1.21808,32109699.2188,1.2144640834740992,2,0,,0,0.0
08.12.2003 10:00:00.000,1.21797,1.2192,1.21738,1.21888,31285099.6094,1.214803769360707,2,0,,0,0.0
08.12.2003 11:00:00.000,1.21897,1.22117,1.21828,1.22021,31654300.7813,1.2152196332560374,2,0,,0,0.0
08.12.2003 12:00:00.000,1.22006,1.22089,1.21941,1.21952,33332601.5625,1.2155504306978808,2,0,,0,0.0
08.12.2003 13:00:00.000,1.21957,1.2236,1.21945,1.22235,30519900.3906,1.2160734744903516,2,0,,0,0.0
08.12.2003 14:00:00.000,1.2225,1.22292,1.21997,1.22129,32626199.2188,1.2164747456834015,2,0,,0,0.0
08.12.2003 15:00:00.000,1.22117,1.22206,1.21999,1.2216,30888599.6094,1.2168689960154477,2,0,,0,0.0
08.12.2003 16:00:00.000,1.22147,1.22305,1.22033,1.22143,296047687.5,1.217219842475798,2,0,,0,0.0
08.12.2003 17:00:00.000,1.2214,1.22301,1.22133,1.2224,136232796.875,1.217618316131506,2,0,,0,0.0
08.12.2003 18:00:00.000,1.22229,1.22327,1.2202,1.22286,146869203.125,1.2180215225829285,2,0,,0,0.0
08.12.2003 19:00:00.000,1.22295,1.22376,1.2216,1.2219,105954796.875,1.2183198669996265,2,1,1.2247599999999998,0,0.0
08.12.2003 20:00:00.000,1.22185,1.22297,1.22125,1.22193,63038199.2188,1.2185975695381168,2,0,,0,0.0
08.12.2003 21:00:00.000,1.22196,1.22256,1.22116,1.22154,32273800.7813,1.218823910342877,2,0,,0,0.0
08.12.2003 22:00:00.000,1.22157,1.22287,1.22157,1.22251,32127800.7813,1.2191074557011174,2,0,,0,0.0
08.12.2003 23:00:00.000,1.22225,1.22304,1.22135,1.22152,31614599.6094,1.2192930360318006,2,0,,0,0.0
09.12.2003 00:00:00.000,1.22157,1.22221,1.22121,1.22186,30033800.7813,1.2194904947985852,2,0,,0,0.0
09.12.2003 01:00:00.000,1.22188,1.22248,1.22138,1.22217,32404000.0,1.2196966105833094,2,0,,0,0.0
09.12.2003 02:00:00.000,1.2221,1.22255,1.22163,1.22234,32105400.3906,1.219899948230747,2,0,,0,0.0
09.12.2003 03:00:00.000,1.22235,1.22253,1.22176,1.22193,29581599.6094,1.2200561060591513,2,0,,0,0.0
09.12.2003 04:00:00.000,1.22199,1.22226,1.22128,1.22199,30773099.6094,1.2202048671315244,2,0,,0,0.0
09.12.2003 05:00:00.000,1.22204,1.22291,1.22162,1.22251,29808199.2188,1.2203821850444843,2,0,,0,0.0
09.12.2003 06:00:00.000,1.22241,1.22369,1.22166,1.22316,31812800.7813,1.2205958631179854,2,0,,0,0.0
09.12.2003 07:00:00.000,1.22321,1.22353,1.22203,1.22304,32394900.3906,1.220783873647371,2,0,,0,0.0
09.12.2003 08:00:00.000,1.22283,1.22595,1.22268,1.22577,30460300.7813,1.2211674218283426,2,0,,0,0.0
09.12.2003 09:00:00.000,1.22612,1.22703,1.22528,1.22648,30847500.0,1.221576081687701,2,0,,0,0.0
09.12.2003 10:00:00.000,1.2265,1.22707,1.2253,1.22554,31334099.6094,1.2218809984809549,2,0,,0,0.0
09.12.2003 11:00:00.000,1.22543,1.22677,1.22461,1.22614,33441601.5625,1.22220861398242,2,0,,0,0.0
09.12.2003 12:00:00.000,1.22624,1.22735,1.22503,1.22532,32321800.7813,1.2224479513683877,2,1,1.2283499999999998,0,0.0
09.12.2003 13:00:00.000,1.22554,1.22586,1.22278,1.22435,32195699.2188,1.2225942628015887,2,0,,0,0.0
09.12.2003 14:00:00.000,1.22423,1.22473,1.2228,1.2238,30676000.0,1.2226870118168511,2,0,,0,0.0
09.12.2003 15:00:00.000,1.22395,1.22418,1.21858,1.21859,32139199.2188,1.2223718570617088,0,0,,0,0.0
09.12.2003 16:00:00.000,1.21877,1.22342,1.21851,1.22246,292740687.5,1.2223786372877314,0,2,1.21751,0,0.0
09.12.2003 17:00:00.000,1.22278,1.22293,1.22057,1.22086,138521593.75,1.2222618190348291,0,0,,0,0.0
09.12.2003 18:00:00.000,1.22076,1.22276,1.21953,1.22226,150618406.25,1.222261679109073,0,0,,0,0.0
09.12.2003 19:00:00.000,1.22241,1.22643,1.22029,1.22385,105086703.125,1.2223838576391446,0,0,,0,0.0
09.12.2003 20:00:00.000,1.2241,1.22581,1.22281,1.2252,65711796.875,1.2226004839745952,0,0,,0,0.0
09.12.2003 21:00:00.000,1.22463,1.22619,1.22463,1.22527,31066199.2188,1.222805831361165,0,0,,0,0.0
09.12.2003 22:00:00.000,1.2256,1.22588,1.2245,1.2248,29467199.2188,1.2229592289487676,0,0,,0,0.0
09.12.2003 23:00:00.000,1.22458,1.2253,1.22422,1.22443,30564300.7813,1.2230723651834778,0,0,,0,0.0
10.12.2003 00:00:00.000,1.22438,1.22522,1.22293,1.22339,31837099.6094,1.2230967986309027,0,0,,0,0.0
10.12.2003 01:00:00.000,1.22318,1.22348,1.22093,1.22121,33489101.5625,1.2229516602746795,0,0,,0,0.0
10.12.2003 02:00:00.000,1.22093,1.22248,1.22072,1.22157,31208500.0,1.2228453787150888,0,0,,0,0.0
10.12.2003 03:00:00.000,1.22153,1.22235,1.22097,1.22205,30328699.2188,1.2227841957370051,0,0,,0,0.0
10.12.2003 04:00:00.000,1.2221,1.22235,1.22091,1.22155,32222400.3906,1.2226892576033896,0,0,,0,0.0
10.12.2003 05:00:00.000,1.22134,1.22207,1.22022,1.22068,30421099.6094,1.2225346993262058,0,0,,0,0.0
10.12.2003 06:00:00.000,1.22081,1.22135,1.219,1.21936,32955398.4375,1.2222904916857287,0,0,,0,0.0
10.12.2003 07:00:00.000,1.2194,1.21949,1.21511,1.21724,31464400.3906,1.221901992325288,0,2,1.21411,0,0.0
10.12.2003 08:00:00.000,1.21707,1.21721,1.21551,1.21692,32527800.7813,1.2215187621464199,0,0,,0,0.0
10.12.2003 09:00:00.000,1.21695,1.22048,1.21678,1.22008,31449300.7813,1.2214080881351568,0,0,,0,0.0
10.12.2003 10:00:00.000,1.22018,1.22217,1.22008,1.22171,30455400.3906,1.2214313121247602,0,0,,0,0.0
10.12.2003 11:00:00.000,1.2219,1.22344,1.22176,1.22267,34278300.7813,1.2215265958074708,0,0,,0,0.0
10.12.2003 12:00:00.000,1.22245,1.2239,1.22123,1.22351,32524500.0,1.2216791653607424,0,0,,0,0.0
10.12.2003 13:00:00.000,1.22354,1.22573,1.22296,1.22416,31121599.6094,1.2218699987945314,0,0,,0,0.0
10.12.2003 14:00:00.000,1.22432,1.22639,1.22389,1.22477,33249699.2188,1.2220930758103368,0,1,1.22739,0,0.0
10.12.2003 15:00:00.000,1.22483,1.22541,1.22327,1.22404,32470699.2188,1.2222428392095417,0,0,,0,0.0
10.12.2003 16:00:00.000,1.22398,1.22449,1.21982,1.22155,291305093.75,1.2221895438857309,0,0,,0,0.0
10.12.2003 17:00:00.000,1.22144,1.22208,1.21966,1.22175,134600593.75,1.2221557328175978,0,0,,0,0.0
10.12.2003 18:00:00.000,1.22168,1.22201,1.22038,1.22078,145310093.75,1.2220499072162443,0,0,,0,0.0
10.12.2003 19:00:00.000,1.22091,1.22198,1.2205,1.22185,104558296.875,1.222034529738072,0,0,,0,0.0
10.12.2003 20:00:00.000,1.22184,1.22229,1.22077,1.22102,65843796.875,1.2219564889889896,0,0,,0,0.0
10.12.2003 21:00:00.000,1.22077,1.2223,1.22077,1.2213,31084199.2188,1.2219059898359905,0,0,,0,0.0
10.12.2003 22:00:00.000,1.22135,1.22202,1.22052,1.22067,31814900.3906,1.2218109136947606,0,0,,0,0.0
10.12.2003 23:00:00.000,1.22068,1.22104,1.21749,1.21852,32893800.7813,1.2215577664874715,0,0,,0,0.0
11.12.2003 00:00:00.000,1.21869,1.21903,1.21662,1.21834,33396500.0,1.2213102459884353,0,0,,0,0.0
11.12.2003 01:00:00.000,1.21852,1.22053,1.21817,1.22009,35393601.5625,1.221216380912402,0,0,,0,0.0
11.12.2003 02:00:00.000,1.22015,1.2203,1.21924,1.21932,33001300.7813,1.2210705054576019,0,0,,0,0.0
11.12.2003 03:00:00.000,1.21938,1.2203,1.21884,1.21884,30844400.3906,1.2208989281147096,0,0,,0,0.0
11.12.2003 04:00:00.000,1.21905,1.21939,1.21802,1.21826,33530800.7813,1.2206959336443473,0,0,,0,0.0
11.12.2003 05:00:00.000,1.21818,1.21878,1.21779,1.21846,31462199.2188,1.2205239387486284,0,0,,0,0.0
11.12.2003 06:00:00.000,1.21878,1.21964,1.21832,1.2189,30549800.7813,1.2203990203833495,0,0,,0,0.0
11.12.2003 07:00:00.000,1.21914,1.21923,1.21641,1.21729,32171599.6094,1.2201598649692458,0,0,,0,0.0
11.12.2003 08:00:00.000,1.21696,1.21882,1.21338,1.21512,30969900.3906,1.2197721830485346,1,0,,0,0.0
11.12.2003 09:00:00.000,1.21545,1.21705,1.21351,1.21581,31754599.6094,1.2194673997371088,1,0,,0,0.0
11.12.2003 10:00:00.000,1.21574,1.2169,1.2151,1.21571,31717699.2188,1.2191783689881004,1,0,,0,0.0
11.12.2003 11:00:00.000,1.2157,1.21625,1.21455,1.21525,35975101.5625,1.2188761867582467,1,0,,0,0.0
11.12.2003 12:00:00.000,1.2153,1.21667,1.21389,1.21596,31390000.0,1.21865186469992,1,0,,0,0.0
11.12.2003 13:00:00.000,1.21602,1.21861,1.21511,1.21526,32519800.7813,1.2183909520306955,1,0,,0,0.0
11.12.2003 14:00:00.000,1.21536,1.21587,1.21113,1.21312,33285898.4375,1.2179854941821806,1,2,1.2101300000000001,0,0.0
11.12.2003 15:00:00.000,1.21325,1.2167,1.21292,1.21438,33596898.4375,1.217708148475859,1,0,,0,0.0
11.12.2003 16:00:00.000,1.2142,1.21651,1.21392,1.21615,295994000.0,1.217588290900793,1,0,,0,0.0
11.12.2003 17:00:00.000,1.21621,1.21696,1.21443,1.21578,134561406.25,1.217449191600732,1,0,,0,0.0
11.12.2003 18:00:00.000,1.21567,1.2159,1.21384,1.21561,146277703.125,1.2173077153237526,1,0,,0,0.0
11.12.2003 19:00:00.000,1.21581,1.22321,1.21553,1.22255,104498296.875,1.2177109679911564,0,1,1.2242099999999998,0,0.0
11.12.2003 20:00:00.000,1.22243,1.22266,1.22013,1.22037,63586699.2188,1.2179155089149138,0,0,,0,0.0
11.12.2003 21:00:00.000,1.22052,1.2223,1.22006,1.22161,30372400.3906,1.2181997005368437,0,0,,0,0.0
11.12.2003 22:00:00.000,1.22197,1.2226,1.22102,1.2226,31927199.2188,1.2185381851109327,0,0,,0,0.0
11.12.2003 23:00:00.000,1.22242,1.2232,1.22109,1.22226,31684199.2188,1.218824478563938,0,0,,0,0.0
12.12.2003 00:00:00.000,1.22187,1.22253,1.22124,1.22167,31949599.6094,1.2190433648282506,0,0,,0,0.0
12.12.2003 01:00:00.000,1.2217,1.22208,1.22056,1.22109,33861800.7813,1.2192007983030007,0,0,,0,0.0
12.12.2003 02:00:00.000,1.22118,1.22184,1.22097,1.22129,33234699.2188,1.2193615061258467,0,0,,0,0.0
12.12.2003 03:00:00.000,1.22139,1.22178,1.22079,1.2215,28243000.0,1.2195260056546278,0,0,,0,0.0
12.12.2003 04:00:00.000,1.22133,1.22263,1.22108,1.22218,32138400.3906,1.2197301590658103,0,0,,0,0.0
12.12.2003 05:00:00.000,1.22208,1.22298,1.22153,1.22203,28390699.2188,1.219907069906902,0,0,,0,0.0
12.12.2003 06:00:00.000,1.22175,1.22281,1.22095,1.22263,33737601.5625,1.2201165260679097,0,0,,0,0.0
12.12.2003 07:00:00.000,1.22296,1.22455,1.2218,1.22443,31523000.0,1.2204483317549935,0,0,,0,0.0
12.12.2003 08:00:00.000,1.22428,1.22529,1.2239,1.22494,32918500.0,1.2207938446969173,0,0,,0,0.0
12.12.2003 09:00:00.000,1.22511,1.22536,1.22367,1.224,30686300.7813,1.2210404720279238,0,0,,0,0.0
12.12.2003 10:00:00.000,1.2241,1.22461,1.22301,1.22382,30853800.7813,1.2212542818719299,0,0,,0,0.0
12.12.2003 11:00:00.000,1.22393,1.22498,1.22365,1.22445,32071699.2188,1.22150010634332,2,0,,0,0.0
12.12.2003 12:00:00.000,1.22477,1.22514,1.22378,1.22426,32110500.0,1.2217124058553723,2,0,,0,0.0
12.12.2003 13:00:00.000,1.22435,1.22549,1.22104,1.22227,32001099.6094,1.2217552977126516,2,0,,0,0.0
12.12.2003 14:00:00.000,1.22218,1.22732,1.22164,1.22712,32656599.6094,1.2221679671193706,2,0,,0,0.0
12.12.2003 15:00:00.000,1.22711,1.22768,1.22338,1.22629,32809398.4375,1.2224850465717267,2,0,,0,0.0
12.12.2003 16:00:00.000,1.2262,1.22871,1.22481,1.2285,293723406.25,1.2229477352969786,2,0,,0,0.0
12.12.2003 17:00:00.000,1.22844,1.23009,1.22763,1.22928,136012296.875,1.2234348325818265,2,0,,0,0.0
12.12.2003 18:00:00.000,1.22938,1.22957,1.2282,1.22902,148130906.25,1.223864460844763,2,0,,0,0.0
12.12.2003 19:00:00.000,1.22906,1.23047,1.22783,1.22922,106203000.0,1.224276425395166,2,1,1.2314699999999998,0,0.0
12.12.2003 20:00:00.000,1.22908,1.22958,1.22851,1.22881,62444199.2188,1.2246251619032302,2,0,,0,0.0
12.12.2003 21:00:00.000,1.22845,1.22941,1.22704,1.2273,33967000.0,1.224830918679905,2,0,,0,0.0
14.12.2003 22:00:00.000,1.21403,1.21601,1.21273,1.21291,30832699.2188,1.2239139249352968,0,2,1.2117300000000002,0,0.0
14.12.2003 23:00:00.000,1.21296,1.21848,1.21296,1.21841,34354300.7813,1.2234905460941201,0,0,,0,0.0
15.12.2003 00:00:00.000,1.21842,1.22067,1.21807,1.21913,32727500.0,1.2231551194714956,0,0,,0,0.0
15.12.2003 01:00:00.000,1.21922,1.2194,1.21694,1.21868,32655500.0,1.2228108795121497,0,0,,0,0.0
15.12.2003 02:00:00.000,1.21851,1.21992,1.21803,1.21927,30620699.2188,1.2225385041650614,0,0,,0,0.0
15.12.2003 03:00:00.000,1.2194,1.22071,1.21863,1.21989,30747599.6094,1.2223347730754412,0,0,,0,0.0
15.12.2003 04:00:00.000,1.22002,1.22106,1.21983,1.22028,33533398.4375,1.2221767136080999,0,0,,0,0.0
15.12.2003 05:00:00.000,1.22042,1.22042,1.21828,1.21915,31259800.7813,1.2219438894844,0,0,,0,0.0
15.12.2003 06:00:00.000,1.21923,1.22378,1.21853,1.22296,31599000.0,1.222022051831754,0,0,,0,0.0
15.12.2003 07:00:00.000,1.22288,1.22308,1.22014,1.2218,32313300.7813,1.222004970921619,0,0,,0,0.0
15.12.2003 08:00:00.000,1.22172,1.22229,1.22038,1.22142,30965300.7813,1.2219599731584176,0,0,,0,0.0
15.12.2003 09:00:00.000,1.22145,1.22335,1.22124,1.22314,30356099.6094,1.2220507444539241,0,0,,0,0.0
15.12.2003 10:00:00.000,1.22307,1.22355,1.22099,1.22119,29918000.0,1.2219845333420838,0,0,,0,0.0
15.12.2003 11:00:00.000,1.2211,1.22228,1.22004,1.22046,31004900.3906,1.2218672615465391,0,0,,0,0.0
15.12.2003 12:00:00.000,1.22022,1.22212,1.21916,1.22177,32184900.3906,1.221859779889113,0,0,,0,0.0
15.12.2003 13:00:00.000,1.22154,1.22543,1.2212,1.22543,33012601.5625,1.2221344122053353,0,0,,0,0.0
15.12.2003 14:00:00.000,1.22525,1.22919,1.22523,1.2291,31587400.3906,1.2226702266510787,0,0,,0,0.0
15.12.2003 15:00:00.000,1.22899,1.22976,1.22762,1.22907,31964500.0,1.2231625169086882,0,0,,0,0.0
15.12.2003 16:00:00.000,1.22881,1.22996,1.22775,1.22878,294342093.75,1.2235946309926353,0,0,,0,0.0
15.12.2003 17:00:00.000,1.22883,1.2321,1.22847,1.23113,134340093.75,1.2241742747624327,0,0,,0,0.0
15.12.2003 18:00:00.000,1.23104,1.23183,1.22801,1.22956,147568500.0,1.2245885613191687,0,0,,0,0.0
15.12.2003 19:00:00.000,1.22953,1.23096,1.22878,1.22998,106138703.125,1.2250032873715404,0,0,,0,0.0
15.12.2003 20:00:00.000,1.22992,1.23099,1.2296,1.23046,63075601.5625,1.2254230344968067,0,0,,0,0.0
15.12.2003 21:00:00.000,1.23009,1.23216,1.22938,1.23147,31822599.6094,1.2258881856893602,0,0,,0,0.0
15.12.2003 22:00:00.000,1.23152,1.23165,1.22998,1.23152,28595199.2188,1.2263214021747941,0,0,,0,0.0
15.12.2003 23:00:00.000,1.23118,1.23205,1.23063,1.23098,31321300.7813,1.2266797558536562,0,0,,0,0.0
16.12.2003 00:00:00.000,1.23094,1.23146,1.23005,1.23094,33114800.7813,1.2270074669418365,0,0,,0,0.0
16.12.2003 01:00:00.000,1.23112,1.23133,1.22985,1.23068,33521300.7813,1.2272899694847723,0,0,,0,0.0
16.12.2003 02:00:00.000,1.23055,1.23143,1.23017,1.23137,33892898.4375,1.2276038179859436,0,0,,0,0.0
16.12.2003 03:00:00.000,1.23125,1.232,1.23089,1.23162,30602000.0,1.2279127550639481,0,0,,0,0.0
16.12.2003 04:00:00.000,1.23167,1.23519,1.23143,1.234,31463900.3906,1.2283810046744137,0,0,,0,0.0
16.12.2003 05:00:00.000,1.2337,1.23414,1.23281,1.23314,29134000.0,1.2287470812379204,2,0,,0,0.0
16.12.2003 06:00:00.000,1.23335,1.23371,1.2325,1.23305,30540400.3906,1.2290780749888497,2,0,,0,0.0
16.12.2003 07:00:00.000,1.23291,1.23407,1.23162,1.23186,31393400.3906,1.2292920692204767,2,0,,0,0.0
16.12.2003 08:00:00.000,1.23187,1.23489,1.2316,1.23447,31136000.0,1.2296903715881324,2,0,,0,0.0
16.12.2003 09:00:00.000,1.23455,1.23584,1.23375,1.23442,30819500.0,1.2300541891582761,2,1,1.23684,0,0.0
16.12.2003 10:00:00.000,1.23433,1.23525,1.23376,1.23448,32875601.5625,1.2303946361461011,2,0,,0,0.0
16.12.2003 11:00:00.000,1.2345,1.23517,1.23311,1.23345,31706599.6094,1.2306296641348626,2,0,,0,0.0
16.12.2003 12:00:00.000,1.23346,1.23414,1.23249,1.23356,32399699.2188,1.2308550745860272,2,0,,0,0.0
16.12.2003 13:00:00.000,1.2338,1.23434,1.23133,1.2329,32140699.2188,1.2310123765409484,2,0,,0,0.0
16.12.2003 14:00:00.000,1.23298,1.23476,1.23165,1.23334,31217900.3906,1.2311914244993372,2,0,,0,0.0
16.12.2003 15:00:00.000,1.2332,1.23367,1.23068,1.23298,30599599.6094,1.2313290072301575,2,0,,0,0.0
16.12.2003 16:00:00.000,1.23289,1.23378,1.23212,1.23258,292022593.75,1.2314252374432224,2,0,,0,0.0
16.12.2003 17:00:00.000,1.23288,1.23465,1.23226,1.23281,136763406.25,1.2315317576398979,2,0,,0,0.0
16.12.2003 18:00:00.000,1.23273,1.23299,1.22984,1.23236,145885000.0,1.231595468590675,2,2,1.2288400000000002,0,0.0
16.12.2003 19:00:00.000,1.23232,1.23378,1.23149,1.23284,105043296.875,1.2316912017760075,2,0,,0,0.0
16.12.2003 20:00:00.000,1.23316,1.23388,1.23125,1.23135,65613898.4375,1.2316649554855457,0,0,,0,0.0
16.12.2003 21:00:00.000,1.2319,1.23301,1.23164,1.23292,31587599.6094,1.231761497371273,0,0,,0,0.0
16.12.2003 22:00:00.000,1.23275,1.23344,1.23228,1.23306,32310800.7813,1.2318613821888673,0,0,,0,0.0
16.12.2003 23:00:00.000,1.23308,1.23342,1.23153,1.23169,30975500.0,1.23184819894357,0,0,,0,0.0
17.12.2003 00:00:00.000,1.23167,1.23256,1.23107,1.23193,31507199.2188,1.2318544913325262,0,0,,0,0.0
17.12.2003 01:00:00.000,1.23194,1.23216,1.23121,1.23172,35269199.2188,1.2318441458454088,0,0,,0,0.0
17.12.2003 02:00:00.000,1.23192,1.2333,1.23157,1.23258,33450500.0,1.2319007500111467,0,0,,0,0.0
17.12.2003 03:00:00.000,1.2327,1.23334,1.23189,1.23245,30877199.2188,1.2319430000102893,0,0,,0,0.0
17.12.2003 04:00:00.000,1.23247,1.23261,1.23153,1.23235,31874000.0,1.2319743077018057,0,0,,0,0.0
17.12.2003 05:00:00.000,1.23209,1.2329,1.23178,1.23225,30233800.7813,1.2319955148016668,0,0,,0,0.0
17.12.2003 06:00:00.000,1.23214,1.23294,1.23094,1.23162,32944000.0,1.2319666290476925,0,0,,0,0.0
17.12.2003 07:00:00.000,1.23161,1.23187,1.23018,1.23072,33569101.5625,1.2318707345055624,0,0,,0,0.0
17.12.2003 08:00:00.000,1.2308,1.23376,1.22939,1.23319,31590900.3906,1.231972216466673,0,2,1.22839,0,0.0
17.12.2003 09:00:00.000,1.23328,1.23458,1.23315,1.23432,33463500.0,1.232152815200006,0,0,,0,0.0
17.12.2003 10:00:00.000,1.23419,1.23457,1.23238,1.23313,29365199.2188,1.2322279832615441,0,0,,0,0.0
17.12.2003 11:00:00.000,1.23301,1.23345,1.23167,1.232,32341300.7813,1.2322104460875791,0,0,,0,0.0
17.12.2003 12:00:00.000,1.2319,1.23289,1.23024,1.23257,31908300.7813,1.2322381040808423,0,0,,0,0.0
17.12.2003 13:00:00.000,1.23313,1.23777,1.2327,1.2372,32689300.7813,1.232619788382316,0,0,,0,0.0
17.12.2003 14:00:00.000,1.237,1.23798,1.23601,1.23696,31606300.7813,1.2329536508144456,0,0,,0,0.0
17.12.2003 15:00:00.000,1.23706,1.23866,1.23637,1.23748,32390800.7813,1.2333018315210267,0,0,,0,0.0
17.12.2003 16:00:00.000,1.23769,1.2395,1.23756,1.23795,299361406.25,1.2336593829424862,0,0,,0,0.0
17.12.2003 17:00:00.000,1.23805,1.24147,1.23769,1.2407,136032296.875,1.2342009688699873,0,0,,0,0.0
17.12.2003 18:00:00.000,1.24042,1.24198,1.23992,1.24057,146167296.875,1.234690894341527,0,1,1.24298,0,0.0
17.12.2003 19:00:00.000,1.24062,1.24155,1.23909,1.23973,106593398.4375,1.2350785178537171,0,0,,0,0.0
17.12.2003 20:00:00.000,1.23966,1.24053,1.23895,1.23977,65685500.0,1.235439401095739,0,0,,0,0.0
17.12.2003 21:00:00.000,1.23946,1.24135,1.23946,1.24081,32986101.5625,1.2358525240883744,0,0,,0,0.0
17.12.2003 22:00:00.000,1.24075,1.24106,1.23917,1.23962,30904400.3906,1.23614232992773,0,0,,0,0.0
17.12.2003 23:00:00.000,1.23941,1.24003,1.239,1.23978,33074101.5625,1.2364221507025202,0,0,,0,0.0
18.12.2003 00:00:00.000,1.23957,1.23986,1.23833,1.239,31175800.7813,1.2366204468023263,0,0,,0,0.0
18.12.2003 01:00:00.000,1.23881,1.24023,1.23871,1.2399,32680699.2188,1.2368727201252243,0,0,,0,0.0
18.12.2003 02:00:00.000,1.23985,1.24023,1.23929,1.23971,30148400.3906,1.2370909724232841,0,0,,0,0.0
18.12.2003 03:00:00.000,1.2397,1.24048,1.2391,1.23996,29605400.3906,1.2373116668522623,0,0,,0,0.0
18.12.2003 04:00:00.000,1.24013,1.24117,1.23945,1.2405,32056900.3906,1.2375569232482422,2,0,,0,0.0
18.12.2003 05:00:00.000,1.24049,1.24139,1.23967,1.2401,30601300.7813,1.2377525445368391,2,0,,0,0.0
18.12.2003 06:00:00.000,1.24009,1.24061,1.23932,1.23975,29404000.0,1.2379061949570822,2,0,,0,0.0
18.12.2003 07:00:00.000,1.23987,1.24075,1.23925,1.24047,32229300.7813,1.2381034107296143,2,0,,0,0.0
18.12.2003 08:00:00.000,1.24028,1.24206,1.23936,1.24109,31280599.6094,1.2383331483657978,2,0,,0,0.0
18.12.2003 09:00:00.000,1.24099,1.24343,1.2409,1.2424,30765699.2188,1.2386459831068903,2,1,1.24443,0,0.0
18.12.2003 10:00:00.000,1.2424,1.24268,1.24095,1.24148,30736599.6094,1.2388639844063605,2,0,,0,0.0
18.12.2003 11:00:00.000,1.2414,1.2424,1.24056,1.24109,33274601.5625,1.2390352163751022,2,0,,0,0.0
18.12.2003 12:00:00.000,1.24117,1.24119,1.23882,1.24027,33051300.7813,1.2391301997308637,2,0,,0,0.0
18.12.2003 13:00:00.000,1.24027,1.24074,1.23719,1.23747,33005101.5625,1.239002492059259,0,0,,0,0.0
18.12.2003 14:00:00.000,1.23768,1.23991,1.23571,1.23624,33644800.7813,1.2387899926700854,0,2,1.2347100000000002,0,0.0
18.12.2003 15:00:00.000,1.23635,1.2392,1.23593,1.23737,32173099.6094,1.2386807624646943,0,0,,0,0.0
18.12.2003 16:00:00.000,1.23719,1.23838,1.23653,1.2374,295661500.0,1.2385822422751025,0,0,,0,0.0
18.12.2003 17:00:00.000,1.23738,1.24214,1.23678,1.24113,132079000.0,1.2387782236385563,0,0,,0,0.0
18.12.2003 18:00:00.000,1.241,1.24195,1.24047,1.24096,151049296.875,1.2389460525894367,0,0,,0,0.0
18.12.2003 19:00:00.000,1.24114,1.24251,1.24061,1.24217,105145500.0,1.2391940485440953,0,0,,0,0.0
18.12.2003 20:00:00.000,1.24225,1.24354,1.24211,1.24321,63624500.0,1.2395029678868572,0,0,,0,0.0
18.12.2003 21:00:00.000,1.24312,1.24369,1.24175,1.24217,30087900.3906,1.2397081242032528,0,1,1.2446899999999999,0,0.0
18.12.2003 22:00:00.000,1.24204,1.24336,1.24144,1.24207,30115599.6094,1.239889806956849,0,0,,0,0.0
18.12.2003 23:00:00.000,1.24192,1.2427,1.24166,1.24179,31296300.7813,1.2400359756524761,0,0,,0,0.0
19.12.2003 00:00:00.000,1.24164,1.2422,1.24014,1.24038,31990300.7813,1.2400624390638242,0,0,,0,0.0
19.12.2003 01:00:00.000,1.2404,1.24147,1.24018,1.24122,33967800.7813,1.2401514822127608,0,0,,0,0.0
19.12.2003 02:00:00.000,1.24093,1.24131,1.2403,1.24094,32311300.7813,1.240212137427164,0,0,,0,0.0
19.12.2003 03:00:00.000,1.2407,1.24135,1.24008,1.24086,31005599.6094,1.24026197300969,0,0,,0,0.0
19.12.2003 04:00:00.000,1.24102,1.24148,1.24039,1.24119,29081900.3906,1.2403333597012525,0,0,,0,0.0
19.12.2003 05:00:00.000,1.241,1.24173,1.24053,1.24137,28914599.6094,1.2404131012626947,0,0,,0,0.0
19.12.2003 06:00:00.000,1.24159,1.24243,1.24121,1.24163,31870599.6094,1.240506708857872,0,0,,0,0.0
19.12.2003 07:00:00.000,1.24159,1.2427,1.24152,1.24194,30850199.2188,1.2406169620226513,0,0,,0,0.0
19.12.2003 08:00:00.000,1.24204,1.24311,1.24164,1.24213,31310800.7813,1.2407333495593706,0,0,,0,0.0
19.12.2003 09:00:00.000,1.24211,1.24263,1.24133,1.24248,29968699.2188,1.240867707285573,2,0,,0,0.0
19.12.2003 10:00:00.000,1.24248,1.2426,1.23964,1.24008,29956099.6094,1.240807114417452,0,0,,0,0.0
19.12.2003 11:00:00.000,1.24005,1.24091,1.23985,1.24041,33086601.5625,1.240776567154571,0,0,,0,0.0
19.12.2003 12:00:00.000,1.24018,1.24261,1.24018,1.24075,29473199.2188,1.2407745235272962,0,0,,0,0.0
19.12.2003 13:00:00.000,1.24107,1.24241,1.24076,1.24165,33297000.0,1.2408418678713504,0,0,,0,0.0
19.12.2003 14:00:00.000,1.24152,1.24175,1.24036,1.24114,32283900.3906,1.2408648011120158,0,0,,0,0.0
19.12.2003 15:00:00.000,1.24111,1.24132,1.23408,1.235,32202900.3906,1.2404136625649378,0,2,1.2330800000000002,0,0.0
19.12.2003 16:00:00.000,1.23506,1.23955,1.23425,1.2376,296135187.5,1.2401972269830195,0,0,,0,0.0
19.12.2003 17:00:00.000,1.23763,1.23944,1.23739,1.23915,134383796.875,1.2401166710612488,0,0,,0,0.0
19.12.2003 18:00:00.000,1.23923,1.23996,1.23818,1.23898,146639406.25,1.2400292348257682,0,0,,0,0.0
19.12.2003 19:00:00.000,1.23897,1.24014,1.23831,1.23844,106329601.5625,1.239906985993017,0,0,,0,0.0
19.12.2003 20:00:00.000,1.23861,1.23899,1.23627,1.23739,64216300.7813,1.239713371685862,0,0,,0,0.0
19.12.2003 21:00:00.000,1.23695,1.23798,1.23663,1.23713,31086699.2188,1.2395146507869497,0,0,,0,0.0
21.12.2003 22:00:00.000,1.24009,1.24044,1.23778,1.23806,32258400.3906,1.239402754572569,0,0,,0,0.0
21.12.2003 23:00:00.000,1.23785,1.23816,1.23468,1.23527,31140599.6094,1.2390848503746792,0,0,,0,0.0
22.12.2003 00:00:00.000,1.23503,1.23852,1.23497,1.23739,31700000.0,1.2389544772689347,0,0,,0,0.0
22.12.2003 01:00:00.000,1.23757,1.23809,1.23685,1.23761,31477099.6094,1.2388510559405552,0,0,,0,0.0
22.12.2003 02:00:00.000,1.23761,1.23837,1.23702,1.23808,31881300.7813,1.238791743945128,0,0,,0,0.0
22.12.2003 03:00:00.000,1.23821,1.23851,1.23749,1.23816,27934000.0,1.2387431482570412,0,0,,0,0.0
22.12.2003 04:00:00.000,1.23827,1.23963,1.23794,1.23946,32079500.0,1.2387982906988073,0,0,,0,0.0
22.12.2003 05:00:00.000,1.23943,1.23994,1.23819,1.23887,30913300.7813,1.2388038067988991,0,0,,0,0.0
22.12.2003 06:00:00.000,1.23888,1.24041,1.23847,1.23945,32967199.2188,1.2388535139682146,0,0,,0,0.0
22.12.2003 07:00:00.000,1.23962,1.24016,1.2378,1.23864,28989400.3906,1.2388370898168135,0,0,,0,0.0
22.12.2003 08:00:00.000,1.23864,1.24187,1.23846,1.24148,30783000.0,1.2390403906001357,0,0,,0,0.0
22.12.2003 09:00:00.000,1.24159,1.24447,1.24129,1.24308,32064400.3906,1.2393511297847406,0,1,1.2454699999999999,0,0.0
22.12.2003 10:00:00.000,1.24297,1.24393,1.24241,1.24366,32892101.5625,1.2396825813397607,0,0,,0,0.0
22.12.2003 11:00:00.000,1.24355,1.24385,1.24252,1.24298,32940000.0,1.2399362289290101,0,0,,0,0.0
22.12.2003 12:00:00.000,1.24307,1.24366,1.24176,1.24188,32007300.7813,1.2400857497806248,0,0,,0,0.0
22.12.2003 13:00:00.000,1.24196,1.24364,1.24165,1.24221,33329898.4375,1.2402491536436537,0,0,,0,0.0
22.12.2003 14:00:00.000,1.2422,1.24346,1.24184,1.24267,30933099.6094,1.240435372594142,0,0,,0,0.0
22.12.2003 15:00:00.000,1.24285,1.24392,1.24156,1.24173,31660900.3906,1.2405349593176695,0,0,,0,0.0
22.12.2003 16:00:00.000,1.24175,1.242,1.24031,1.24104,294251500.0,1.240573808600926,0,0,,0,0.0
22.12.2003 17:00:00.000,1.24109,1.2417,1.24022,1.24046,135123593.75,1.2405650540931625,0,0,,0,0.0
22.12.2003 18:00:00.000,1.24039,1.24307,1.23992,1.24115,144844796.875,1.2406100499321502,0,0,,0,0.0
22.12.2003 19:00:00.000,1.2409,1.24244,1.23971,1.24049,105989796.875,1.240600815321985,0,0,,0,0.0
22.12.2003 20:00:00.000,1.24052,1.24195,1.2397,1.23984,62656300.7813,1.2405422910664476,0,0,,0,0.0
22.12.2003 21:00:00.000,1.23947,1.24046,1.2383,1.2393,31167500.0,1.2404467302151825,0,2,1.2373,0,0.0
22.12.2003 22:00:00.000,1.23932,1.24065,1.23846,1.24029,30895900.3906,1.2404346740447838,0,0,,0,0.0
22.12.2003 23:00:00.000,1.24036,1.2404,1.23861,1.2392,32226500.0,1.240339699118262,0,0,,0,0.0
23.12.2003 00:00:00.000,1.23909,1.24025,1.239,1.24002,30559900.3906,1.2403151068783957,0,0,,0,0.0
23.12.2003 01:00:00.000,1.23988,1.24045,1.23939,1.23971,33041800.7813,1.2402685601954424,0,0,,0,0.0
23.12.2003 02:00:00.000,1.2395,1.24055,1.23925,1.24024,29082000.0,1.2402663632573314,0,0,,0,0.0
23.12.2003 03:00:00.000,1.24016,1.2405,1.2393,1.23981,28745800.7813,1.2402312583913828,0,0,,0,0.0
23.12.2003 04:00:00.000,1.24007,1.2403,1.23941,1.23977,29270800.7813,1.2401957769766612,0,0,,0,0.0
23.12.2003 05:00:00.000,1.23982,1.23993,1.23915,1.23981,26183699.2188,1.2401661018246104,0,0,,0,0.0
23.12.2003 06:00:00.000,1.2395,1.24047,1.23934,1.24,31091599.6094,1.240153324761179,0,0,,0,0.0
23.12.2003 07:00:00.000,1.24011,1.24191,1.23932,1.24166,33453800.7813,1.240269222856473,0,0,,0,0.0
23.12.2003 08:00:00.000,1.24164,1.24229,1.24041,1.24063,31323199.2188,1.2402969749444366,0,0,,0,0.0
23.12.2003 09:00:00.000,1.24069,1.24239,1.24045,1.24188,31781300.7813,1.2404187461025569,0,1,1.24339,0,0.0
23.12.2003 10:00:00.000,1.24187,1.24209,1.23947,1.23981,30150000.0,1.2403719194792833,0,0,,0,0.0
23.12.2003 11:00:00.000,1.23984,1.24099,1.2396,1.23996,35962398.4375,1.2403402333654923,0,0,,0,0.0
23.12.2003 12:00:00.000,1.24005,1.24039,1.23877,1.23945,32181699.2188,1.240271753875839,0,0,,0,0.0
23.12.2003 13:00:00.000,1.23939,1.24034,1.23835,1.23993,33139898.4375,1.2402454651161592,0,0,,0,0.0
23.12.2003 14:00:00.000,1.24004,1.24091,1.23864,1.23906,32796898.4375,1.2401542754918393,0,0,,0,0.0
23.12.2003 15:00:00.000,1.23957,1.24167,1.23878,1.24131,31957900.3906,1.2402431773770826,0,0,,0,0.0
23.12.2003 16:00:00.000,1.2416,1.24207,1.23972,1.24033,291577406.25,1.240249856040384,0,0,,0,0.0
23.12.2003 17:00:00.000,1.24041,1.24181,1.2388,1.239,133292406.25,1.240153713268047,0,0,,0,0.0
23.12.2003 18:00:00.000,1.2392,1.2402,1.23899,1.23945,147545500.0,1.2400995814781972,0,0,,0,0.0
23.12.2003 19:00:00.000,1.23947,1.23997,1.23839,1.23911,108481898.4375,1.2400234598260282,0,0,,0,0.0
23.12.2003 20:00:00.000,1.23899,1.2395,1.23843,1.23876,64505500.0,1.2399262706086416,0,0,,0,0.0
23.12.2003 21:00:00.000,1.2382,1.23982,1.23803,1.23901,31732099.6094,1.2398557882541308,0,2,1.23703,0,0.0
23.12.2003 22:00:00.000,1.23927,1.24061,1.23906,1.24039,28378500.0,1.2398968814653515,0,0,,0,0.0
23.12.2003 23:00:00.000,1.24076,1.24121,1.2393,1.2395,31583300.7813,1.239866352121863,0,0,,0,0.0
24.12.2003 00:00:00.000,1.2395,1.24068,1.23932,1.23986,32479199.2188,1.2398658634971045,0,0,,0,0.0
24.12.2003 01:00:00.000,1.23973,1.24013,1.23929,1.23986,31521699.2188,1.239865412458866,0,0,,0,0.0
24.12.2003 02:00:00.000,1.23964,1.24048,1.23935,1.23986,31572500.0,1.2398649961158765,0,0,,0,0.0
24.12.2003 03:00:00.000,1.23993,1.2405,1.23941,1.2401,29280800.7813,1.2398830733377324,0,0,,0,0.0
24.12.2003 04:00:00.000,1.23978,1.24067,1.2395,1.23991,28380099.6094,1.2398851446194454,0,0,,0,0.0
24.12.2003 05:00:00.000,1.23974,1.24113,1.23974,1.24105,29973300.7813,1.239974748879488,0,0,,0,0.0
24.12.2003 06:00:00.000,1.24111,1.24123,1.24009,1.24046,31545900.3906,1.2400120758887583,0,0,,0,0.0
24.12.2003 07:00:00.000,1.24043,1.2413,1.24025,1.24121,32397199.2188,1.2401042238973154,0,0,,0,0.0
24.12.2003 08:00:00.000,1.24106,1.24135,1.24016,1.24049,31531400.3906,1.2401338989821376,0,0,,0,0.0
24.12.2003 09:00:00.000,1.24042,1.24106,1.23978,1.24041,31122099.6094,1.240155137521973,0,0,,0,0.0
24.12.2003 10:00:00.000,1.24047,1.2412,1.24022,1.24096,30954300.7813,1.240217050020283,0,0,,0,0.0
24.12.2003 11:00:00.000,1.24117,1.24119,1.24008,1.24012,31516000.0,1.2402095846341075,0,0,,0,0.0
24.12.2003 12:00:00.000,1.24026,1.24118,1.24002,1.24045,32634800.7813,1.2402280781237915,0,0,,0,0.0
24.12.2003 13:00:00.000,1.24029,1.24265,1.24,1.24258,29218099.6094,1.2404089951911923,0,0,,0,0.0
24.12.2003 14:00:00.000,1.24216,1.24328,1.24184,1.24325,29497099.6094,1.2406275340226391,0,0,,0,0.0
24.12.2003 15:00:00.000,1.24318,1.24508,1.24297,1.24494,31823000.0,1.240959262174744,0,0,,0,0.0
24.12.2003 16:00:00.000,1.24497,1.24688,1.24497,1.24612,290926093.75,1.2413562420074562,0,1,1.2478799999999999,0,0.0
24.12.2003 17:00:00.000,1.24601,1.24669,1.24469,1.24498,135586796.875,1.2416349926222672,0,0,,0,0.0
24.12.2003 18:00:00.000,1.24492,1.24581,1.24338,1.24522,147227593.75,1.2419107624205545,0,0,,0,0.0
24.12.2003 19:00:00.000,1.24524,1.24553,1.24434,1.24462,106491601.5625,1.242119165311281,0,0,,0,0.0
24.12.2003 20:00:00.000,1.24461,1.24522,1.2441,1.24489,57869300.7813,1.2423323064411824,0,0,,0,0.0
24.12.2003 21:00:00.000,1.24477,1.24545,1.24384,1.24434,28883400.3906,1.2424867444072454,0,0,,0,0.0
24.12.2003 22:00:00.000,1.24432,1.245,1.24364,1.24456,23383000.0,1.2426462256066881,0,0,,0,0.0
24.12.2003 23:00:00.000,1.24449,1.24564,1.24374,1.24525,30727199.2188,1.2428465159446351,0,0,,0,0.0
25.12.2003 00:00:00.000,1.24453,1.24582,1.24405,1.24523,30134500.0,1.243029860871971,0,0,,0,0.0
25.12.2003 01:00:00.000,1.24527,1.24549,1.24458,1.24489,31184500.0,1.243172948497204,0,0,,0,0.0
25.12.2003 02:00:00.000,1.24471,1.24536,1.24432,1.24471,30529800.7813,1.2432911832281883,0,0,,0,0.0
25.12.2003 03:00:00.000,1.24453,1.24528,1.24431,1.24502,24015900.3906,1.2434241691337125,0,0,,0,0.0
25.12.2003 04:00:00.000,1.24495,1.24562,1.24457,1.24544,29697699.2188,1.2435792330465039,0,0,,0,0.0
25.12.2003 05:00:00.000,1.24507,1.24561,1.2443,1.24495,27557900.3906,1.2436846766583112,2,0,,0,0.0
25.12.2003 06:00:00.000,1.24502,1.24544,1.24415,1.24489,27187599.6094,1.243777393838441,2,0,,0,0.0
25.12.2003 07:00:00.000,1.24507,1.2456,1.24463,1.24522,27284699.2188,1.2438883635431766,2,0,,0,0.0
25.12.2003 08:00:00.000,1.24527,1.24568,1.24421,1.2446,29203400.3906,1.243943104809086,2,0,,0,0.0
25.12.2003 09:00:00.000,1.24465,1.24555,1.24376,1.24476,27678000.0,1.244005942900695,2,0,,0,0.0
25.12.2003 10:00:00.000,1.24394,1.24555,1.24391,1.24463,24063000.0,1.2440539472929495,0,0,,0,0.0
25.12.2003 11:00:00.000,1.24438,1.24545,1.24375,1.24523,21046199.2188,1.2441444128857995,0,0,,0,0.0
25.12.2003 12:00:00.000,1.24506,1.24567,1.2437,1.24482,17678500.0,1.2441963811253536,0,0,,0,0.0
25.12.2003 13:00:00.000,1.24552,1.24608,1.2437,1.24463,21045000.0,1.2442297364234034,0,1,1.24708,0,0.0
25.12.2003 14:00:00.000,1.24495,1.24597,1.2434,1.24472,17025199.2188,1.2442674490062187,0,0,,0,0.0
25.12.2003 15:00:00.000,1.24338,1.24502,1.24331,1.24481,18378800.7813,1.244309183698048,0,0,,0,0.0
25.12.2003 16:00:00.000,1.24461,1.2452,1.2433,1.2445,207944203.125,1.2443238618751213,0,0,,0,0.0
25.12.2003 17:00:00.000,1.24458,1.24512,1.24346,1.245,81762601.5625,1.2443758725001122,0,0,,0,0.0
25.12.2003 18:00:00.000,1.2447,1.24509,1.24378,1.24477,77990601.5625,1.2444061900001036,0,0,,0,0.0
25.12.2003 19:00:00.000,1.24473,1.24517,1.24377,1.24444,55689101.5625,1.2444087907693264,0,0,,0,0.0
25.12.2003 20:00:00.000,1.24455,1.24504,1.24324,1.24461,22700699.2188,1.2444242684024553,0,2,1.24224,0,0.0
25.12.2003 21:00:00.000,1.24418,1.24515,1.24334,1.24494,11306299.8047,1.2444639400638051,0,0,,0,0.0
25.12.2003 22:00:00.000,1.24483,1.24495,1.24355,1.24465,21565400.3906,1.2444782523665894,0,0,,0,0.0
25.12.2003 23:00:00.000,1.24441,1.24508,1.24376,1.24432,27494900.3906,1.244466079107621,0,0,,0,0.0
26.12.2003 00:00:00.000,1.24425,1.24583,1.24417,1.24503,30142500.0,1.2445094576378042,0,0,,0,0.0
26.12.2003 01:00:00.000,1.24494,1.24578,1.24465,1.24555,31129900.3906,1.2445894993579734,0,0,,0,0.0
26.12.2003 02:00:00.000,1.2453,1.24601,1.24463,1.24565,30527599.6094,1.244671076330437,0,0,,0,0.0
26.12.2003 03:00:00.000,1.24558,1.24673,1.24533,1.24617,28642699.2188,1.2447863781511725,0,0,,0,0.0
26.12.2003 04:00:00.000,1.2463,1.24676,1.24538,1.24609,29183300.7813,1.2448866567549286,0,1,1.24776,0,0.0
26.12.2003 05:00:00.000,1.24581,1.24616,1.24499,1.24555,28515099.6094,1.2449376831583958,0,0,,0,0.0
26.12.2003 06:00:00.000,1.24554,1.24593,1.24461,1.24549,31653199.2188,1.2449801690692885,0,0,,0,0.0
26.12.2003 07:00:00.000,1.24562,1.24649,1.24538,1.24568,30127300.7813,1.2450340022178048,0,0,,0,0.0
26.12.2003 08:00:00.000,1.24545,1.24593,1.2443,1.2452,28436900.3906,1.2450467712779738,0,0,,0,0.0
26.12.2003 09:00:00.000,1.24502,1.24531,1.24373,1.24456,30741300.7813,1.2450093273335143,0,0,,0,0.0
26.12.2003 10:00:00.000,1.24459,1.24483,1.24371,1.2446,31671800.7813,1.2449778406155518,0,0,,0,0.0
26.12.2003 11:00:00.000,1.24439,1.24503,1.24403,1.24445,30312300.7813,1.2449372374912786,0,0,,0,0.0
26.12.2003 12:00:00.000,1.24418,1.24605,1.244,1.24565,30685000.0,1.244992065376565,0,0,,0,0.0
26.12.2003 13:00:00.000,1.24565,1.24596,1.2447,1.24543,29740900.3906,1.2450257526552908,0,0,,0,0.0
26.12.2003 14:00:00.000,1.24513,1.2457,1.24482,1.2452,32899699.2188,1.2450391562971916,0,0,,0,0.0
26.12.2003 15:00:00.000,1.2453,1.24543,1.24384,1.24442,32789398.4375,1.2449915288897155,0,0,,0,0.0
26.12.2003 16:00:00.000,1.24434,1.24535,1.24353,1.24355,295269312.5,1.2448806420520453,0,0,,0,0.0
26.12.2003 17:00:00.000,1.24366,1.24414,1.24276,1.24311,135251296.875,1.2447444388172726,0,0,,0,0.0
26.12.2003 18:00:00.000,1.24321,1.24366,1.2421,1.2432,146669203.125,1.2446256358313286,0,0,,0,0.0
26.12.2003 19:00:00.000,1.24324,1.24347,1.242,1.24255,102014000.0,1.244465971536611,0,0,,0,0.0
26.12.2003 20:00:00.000,1.24237,1.24309,1.24199,1.24265,60065000.0,1.2443262814184102,0,0,,0,0.0
26.12.2003 21:00:00.000,1.24237,1.2431,1.24191,1.24246,29795599.6094,1.2441827213093017,0,2,1.2409100000000002,0,0.0
28.12.2003 22:00:00.000,1.24242,1.24338,1.24214,1.24314,25399000.0,1.244102511977817,0,0,,0,0.0
28.12.2003 23:00:00.000,1.24291,1.2434,1.24231,1.24294,32299500.0,1.2440130879795235,0,0,,0,0.0
29.12.2003 00:00:00.000,1.24258,1.24315,1.24212,1.24272,32157900.3906,1.2439136196734064,0,0,,0,0.0
29.12.2003 01:00:00.000,1.24253,1.24324,1.24215,1.24273,32204400.3906,1.2438225720062215,0,0,,0,0.0
29.12.2003 02:00:00.000,1.24245,1.24399,1.24235,1.24387,31960800.7813,1.2438262203134354,0,0,,0,0.0
29.12.2003 03:00:00.000,1.24388,1.24483,1.24334,1.24444,29366099.6094,1.243873434135479,0,0,,0,0.0
29.12.2003 04:00:00.000,1.24437,1.24569,1.24383,1.24562,30021300.7813,1.2440077853558267,0,0,,0,0.0
29.12.2003 05:00:00.000,1.2454,1.24606,1.24483,1.24541,29077099.6094,1.2441156480207631,0,0,,0,0.0
29.12.2003 06:00:00.000,1.24528,1.24593,1.24482,1.24525,31117800.7813,1.2442029058653197,0,0,,0,0.0
29.12.2003 07:00:00.000,1.24519,1.24554,1.24371,1.24432,32152099.6094,1.2442119131064489,0,0,,0,0.0
29.12.2003 08:00:00.000,1.24423,1.24738,1.2442,1.24695,31422900.3906,1.2444225351751836,0,0,,0,0.0
29.12.2003 09:00:00.000,1.24671,1.24766,1.2464,1.24704,30704800.7813,1.2446238786232464,0,0,,0,0.0
29.12.2003 10:00:00.000,1.24713,1.24887,1.24708,1.24824,31407599.6094,1.2449020418060737,0,0,,0,0.0
29.12.2003 11:00:00.000,1.248,1.24938,1.24725,1.24884,30469000.0,1.245204961667145,0,0,,2,1.25884
29.12.2003 12:00:00.000,1.24865,1.25058,1.24813,1.24963,30030300.7813,1.245545349231211,0,1,1.25158,2,1.25963
29.12.2003 13:00:00.000,1.24968,1.25042,1.24879,1.24919,31057699.2188,1.2458257069826564,0,0,,2,1.25919
29.12.2003 14:00:00.000,1.2496,1.25,1.24751,1.24793,32546199.2188,1.2459875756762984,0,0,,0,0.0
29.12.2003 15:00:00.000,1.24796,1.24869,1.24755,1.24812,33375101.5625,1.2461516083165833,0,0,,0,0.0
29.12.2003 16:00:00.000,1.24803,1.2496,1.24766,1.24823,291545187.5,1.2463114845999232,0,0,,0,0.0
29.12.2003 17:00:00.000,1.24812,1.24963,1.2479,1.24935,135460093.75,1.2465452165537754,0,0,,0,0.0
29.12.2003 18:00:00.000,1.24944,1.24977,1.24831,1.24907,150058296.875,1.2467394306650235,0,0,,0,0.0
29.12.2003 19:00:00.000,1.24915,1.2494,1.24805,1.24893,103750101.5625,1.2469079359984834,0,0,,0,0.0
29.12.2003 20:00:00.000,1.249,1.24915,1.24747,1.24817,61847101.5625,1.247005017844754,0,0,,0,0.0
29.12.2003 21:00:00.000,1.24802,1.24885,1.24751,1.24866,31259000.0,1.2471323241643884,0,0,,0,0.0
29.12.2003 22:00:00.000,1.24894,1.24951,1.24816,1.24879,30228800.7813,1.2472598376902049,0,0,,0,0.0
29.12.2003 23:00:00.000,1.24851,1.24877,1.24736,1.24793,29415300.7813,1.2473113886371123,0,2,1.2463600000000001,0,0.0
30.12.2003 00:00:00.000,1.24805,1.24864,1.24742,1.24788,30335099.6094,1.2473551279727193,2,0,,0,0.0
30.12.2003 01:00:00.000,1.24778,1.24858,1.24752,1.24858,32066300.7813,1.2474493488978946,2,0,,0,0.0
30.12.2003 02:00:00.000,1.24813,1.24913,1.24802,1.24878,34265000.0,1.2475517066749797,2,0,,0,0.0
30.12.2003 03:00:00.000,1.24843,1.24969,1.2483,1.24907,30804099.6094,1.2476684984692121,2,0,,0,0.0
30.12.2003 04:00:00.000,1.24913,1.24988,1.24865,1.2493,32304599.6094,1.2477939985869653,2,0,,0,0.0
30.12.2003 05:00:00.000,1.2492,1.25029,1.24901,1.24965,29403300.7813,1.2479367679264295,2,0,,0,0.0
30.12.2003 06:00:00.000,1.24952,1.25047,1.24863,1.24946,32327400.3906,1.2480539396243964,2,0,,0,0.0
30.12.2003 07:00:00.000,1.24948,1.25028,1.2486,1.25001,34314199.2188,1.248204405807135,2,0,,0,0.0
30.12.2003 08:00:00.000,1.24969,1.25041,1.24884,1.24892,31691699.2188,1.2482594515142786,2,0,,0,0.0
30.12.2003 09:00:00.000,1.24928,1.2501,1.24912,1.24973,31957800.7813,1.248372570628565,2,0,,0,0.0
30.12.2003 10:00:00.000,1.24975,1.25026,1.24923,1.24947,30170900.3906,1.2484569882725216,2,0,,0,0.0
30.12.2003 11:00:00.000,1.24967,1.2502,1.24902,1.24971,30934099.6094,1.24855337379002,2,0,,0,0.0
30.12.2003 12:00:00.000,1.2496,1.25003,1.24872,1.24944,31958199.2188,1.2486215758061725,2,0,,0,0.0
30.12.2003 13:00:00.000,1.24946,1.25044,1.24904,1.24994,32475400.3906,1.2487229930518517,2,0,,0,0.0
30.12.2003 14:00:00.000,1.24992,1.25158,1.2495,1.25048,30332599.6094,1.2488581474324787,2,0,,0,0.0
30.12.2003 15:00:00.000,1.25044,1.25339,1.25044,1.25272,32954101.5625,1.2491552130145958,2,0,,0,0.0
30.12.2003 16:00:00.000,1.25263,1.25317,1.25151,1.25185,291150093.75,1.2493625043211654,2,0,,0,0.0
30.12.2003 17:00:00.000,1.25176,1.25357,1.25121,1.25327,138079703.125,1.2496630809118452,2,0,,0,0.0
30.12.2003 18:00:00.000,1.25322,1.2549,1.2532,1.2543,146633093.75,1.2500197669955493,2,0,,0,0.0
30.12.2003 19:00:00.000,1.25418,1.25603,1.25381,1.25404,105883703.125,1.2503290156881994,2,0,,0,0.0
30.12.2003 20:00:00.000,1.25416,1.25535,1.25409,1.25502,65587203.125,1.2506898606352612,2,0,,0,0.0
30.12.2003 21:00:00.000,1.25437,1.25531,1.25419,1.25466,30991599.6094,1.2509952559710105,2,0,,0,0.0
30.12.2003 22:00:00.000,1.25479,1.25526,1.25416,1.2547,28371699.2188,1.2512802362809328,2,0,,0,0.0
30.12.2003 23:00:00.000,1.25455,1.25515,1.25384,1.2545,32311199.2188,1.251527910413169,2,0,,0,0.0
31.12.2003 00:00:00.000,1.25429,1.25506,1.2537,1.25447,32215099.6094,1.2517542249967715,2,0,,0,0.0
31.12.2003 01:00:00.000,1.25451,1.25733,1.25447,1.25695,31693800.7813,1.2521538999970199,2,0,,0,0.0
31.12.2003 02:00:00.000,1.25684,1.25744,1.25628,1.25713,32258199.2188,1.252536676920326,2,0,,0,0.0
31.12.2003 03:00:00.000,1.25718,1.25749,1.25655,1.25699,29296199.2188,1.2528792402341473,2,0,,0,0.0
31.12.2003 04:00:00.000,1.25679,1.25777,1.2565,1.25744,30461699.2188,1.2532300679084438,2,0,,0,0.0
31.12.2003 05:00:00.000,1.25765,1.25945,1.25586,1.25624,28589099.6094,1.2534616011462558,2,0,,0,0.0
31.12.2003 06:00:00.000,1.25614,1.25693,1.256,1.25651,30429300.7813,1.2536960933657748,2,0,,0,0.0
31.12.2003 07:00:00.000,1.25657,1.26115,1.25582,1.2608,31302599.6094,1.2542425477222539,2,0,,0,0.0
31.12.2003 08:00:00.000,1.26095,1.26179,1.26038,1.26103,31838199.2188,1.2547646594359267,2,0,,0,0.0
31.12.2003 09:00:00.000,1.2612,1.26152,1.25982,1.26055,31238900.3906,1.2552096856331632,2,0,,0,0.0
31.12.2003 10:00:00.000,1.26072,1.26133,1.25975,1.26096,32349000.0,1.2556520175075354,2,0,,0,0.0
31.12.2003 11:00:00.000,1.26085,1.26103,1.25946,1.26021,31250300.7813,1.2560026315454174,2,0,,0,0.0
31.12.2003 12:00:00.000,1.26033,1.26219,1.25992,1.26182,32035000.0,1.2564501214265391,2,0,,0,0.0
31.12.2003 13:00:00.000,1.26178,1.26455,1.26176,1.26317,30522699.2188,1.2569670351629592,2,1,1.26555,0,0.0
31.12.2003 14:00:00.000,1.26301,1.26332,1.25991,1.26191,29823099.6094,1.257347263227347,2,0,,0,0.0
31.12.2003 15:00:00.000,1.26202,1.26206,1.25999,1.26069,30206900.3906,1.2576043968252435,2,0,,0,0.0
31.12.2003 16:00:00.000,1.26078,1.26133,1.25901,1.25952,288397187.5,1.2577517509156095,2,0,,0,0.0
31.12.2003 17:00:00.000,1.25943,1.25971,1.25119,1.25604,132942906.25,1.2576200777682551,0,2,1.2501900000000001,0,0.0
31.12.2003 18:00:00.000,1.25608,1.25776,1.25528,1.25684,144223796.875,1.2575600717860818,0,0,,0,0.0
31.12.2003 19:00:00.000,1.25684,1.2597,1.25665,1.25766,105840203.125,1.257567758571768,0,0,,0,0.0
31.12.2003 20:00:00.000,1.25783,1.25865,1.25718,1.2575,62431500.0,1.2575625463739397,0,0,,0,0.0
31.12.2003 21:00:00.000,1.25694,1.25965,1.25694,1.25899,28511099.6094,1.2576723504990215,0,0,,0,0.0
31.12.2003 22:00:00.000,1.25915,1.25979,1.25839,1.25845,9342000.0,1.2577321696914043,0,0,,0,0.0
31.12.2003 23:00:00.000,1.25864,1.25948,1.25851,1.2594,2361199.9512,1.2578604643305271,0,0,,0,0.0
01.01.2004 00:00:00.000,1.25934,1.25948,1.25814,1.259,7823100.0977,1.2579481209204866,0,0,,0,0.0
01.01.2004 01:00:00.000,1.25942,1.25948,1.25934,1.25941,461399.9939,1.2580605731573724,0,0,,0,0.0
01.01.2004 02:00:00.000,1.25945,1.25948,1.25927,1.25936,1839800.0488,1.2581605290683437,0,0,,0,0.0
01.01.2004 03:00:00.000,1.25934,1.25953,1.25821,1.25854,13349299.8047,1.2581897191400095,0,0,,0,0.0
01.01.2004 04:00:00.000,1.25898,1.25948,1.25829,1.2594,8422500.0,1.2582828176677012,0,0,,0,0.0
01.01.2004 05:00:00.000,1.25892,1.25948,1.25807,1.25945,12512200.1953,1.258372600924032,0,0,,0,0.0
01.01.2004 06:00:00.000,1.25894,1.25948,1.25471,1.25932,13549900.3906,1.2584454777760297,0,0,,0,0.0
01.01.2004 07:00:00.000,1.25934,1.25938,1.24679,1.259,14200000.0,1.2584881333317197,0,2,1.2457900000000002,0,0.0
01.01.2004 08:00:00.000,1.25884,1.25937,1.2571,1.25887,6796000.0,1.2585175076908182,0,0,,0,0.0
01.01.2004 09:00:00.000,1.25905,1.25938,1.2585,1.25903,9450299.8047,1.25855693017614,0,0,,0,0.0
01.01.2004 10:00:00.000,1.25935,1.25938,1.25709,1.25896,6341299.8047,1.2585879355472063,0,0,,0,0.0
01.01.2004 11:00:00.000,1.25935,1.25935,1.2576,1.25775,4499399.9023,1.258523478966652,0,0,,0,0.0
01.01.2004 12:00:00.000,1.25775,1.26025,1.2571,1.26019,8396599.6094,1.2586516728922943,0,0,,0,0.0
01.01.2004 13:00:00.000,1.25938,1.25938,1.2587,1.25898,9420599.6094,1.2586769288236563,0,0,,0,0.0
01.01.2004 14:00:00.000,1.25905,1.25938,1.2584,1.25927,5223100.0977,1.2587225496833752,0,0,,0,0.0
01.01.2004 15:00:00.000,1.25928,1.26035,1.2588,1.25897,9490000.0,1.2587415843231156,0,1,1.26135,0,0.0
01.01.2004 16:00:00.000,1.2589,1.25938,1.25847,1.25899,70205000.0,1.2587606932213375,0,0,,0,0.0
01.01.2004 17:00:00.000,1.25929,1.25958,1.25594,1.25687,20665000.0,1.2586152552812349,0,0,,0,0.0
01.01.2004 18:00:00.000,1.25698,1.25885,1.25357,1.2537,119361796.875,1.2582371587211398,0,0,,0,0.0
01.01.2004 19:00:00.000,1.25432,1.25518,1.2538,1.25451,78745500.0,1.2579504542041293,0,0,,0,0.0
01.01.2004 20:00:00.000,1.25465,1.25523,1.25357,1.25381,50438800.7813,1.2576319577268888,0,0,,0,0.0
01.01.2004 21:00:00.000,1.25344,1.25449,1.25281,1.25434,29166900.3906,1.257378730209436,0,0,,0,0.0
01.01.2004 22:00:00.000,1.2542,1.2564,1.25389,1.2564,27861800.7813,1.2573034432702486,0,0,,0,0.0
01.01.2004 23:00:00.000,1.25648,1.25905,1.25562,1.25723,31569300.7813,1.257297793787922,0,0,,0,0.0
02.01.2004 00:00:00.000,1.25701,1.25921,1.25644,1.25659,31798599.6094,1.257243348111928,0,0,,0,0.0
02.01.2004 01:00:00.000,1.25678,1.25688,1.25304,1.25525,31842300.7813,1.2570900136417797,0,0,,0,0.0
02.01.2004 02:00:00.000,1.255,1.25543,1.25198,1.25292,32360900.3906,1.2567692433616429,0,2,1.2509800000000002,0,0.0
02.01.2004 03:00:00.000,1.25291,1.25628,1.25245,1.2561,29803800.7813,1.256717763103055,0,0,,0,0.0
02.01.2004 04:00:00.000,1.25605,1.25669,1.25529,1.25603,29573199.2188,1.256664858248974,0,0,,0,0.0
02.01.2004 05:00:00.000,1.25605,1.25702,1.25533,1.25557,29208500.0,1.2565806383836684,0,0,,0,0.0
02.01.2004 06:00:00.000,1.25557,1.25694,1.25493,1.25682,33415199.2188,1.256599050815694,0,0,,0,0.0
02.01.2004 07:00:00.000,1.25689,1.25749,1.25527,1.25723,32741000.0,1.256647585368333,0,0,,0,0.0
02.01.2004 08:00:00.000,1.25738,1.25933,1.25727,1.2589,30511000.0,1.2568208480323073,0,0,,0,0.0
02.01.2004 09:00:00.000,1.2589,1.26212,1.25887,1.26188,30006099.6094,1.2572100135682838,0,0,,0,0.0
02.01.2004 10:00:00.000,1.26168,1.26263,1.26112,1.2618,31102099.6094,1.2575630894476466,0,1,1.2636299999999998,0,0.0
02.01.2004 11:00:00.000,1.26181,1.26196,1.25984,1.25989,31276800.7813,1.2577420825670584,0,0,,0,0.0
02.01.2004 12:00:00.000,1.25974,1.25979,1.25702,1.25892,31585800.7813,1.2578326916003617,0,0,,0,0.0
02.01.2004 13:00:00.000,1.2587,1.26006,1.25736,1.25989,32605000.0,1.2579909460926417,0,0,,0,0.0
02.01.2004 14:00:00.000,1.25974,1.26146,1.25928,1.26121,33223199.2188,1.258238565623977,0,0,,0,0.0
02.01.2004 15:00:00.000,1.26117,1.26149,1.25611,1.25836,32214000.0,1.258247906729825,0,0,,0,0.0
02.01.2004 16:00:00.000,1.25828,1.26017,1.25798,1.25897,295847812.5,1.2583034523659922,0,0,,0,0.0
02.01.2004 17:00:00.000,1.25875,1.26081,1.25857,1.2599,133778500.0,1.2584262637224546,0,0,,0,0.0
02.01.2004 18:00:00.000,1.25988,1.26024,1.25836,1.25906,145452406.25,1.258475012666881,0,0,,0,0.0
02.01.2004 19:00:00.000,1.25902,1.25971,1.25832,1.25865,105634296.875,1.2584884732309674,0,0,,0,0.0
02.01.2004 20:00:00.000,1.25865,1.25931,1.2577,1.25874,63030300.7813,1.25850782144397,0,0,,0,0.0
02.01.2004 21:00:00.000,1.25844,1.25909,1.25748,1.25806,30960599.6094,1.2584733736405878,0,0,,0,0.0
04.01.2004 22:00:00.000,1.25816,1.26093,1.25785,1.26062,28635199.2188,1.258638498745158,0,0,,0,0.0
04.01.2004 23:00:00.000,1.26054,1.26477,1.26049,1.26308,33260398.4375,1.2589801526878381,0,0,,0,0.0
05.01.2004 00:00:00.000,1.26308,1.26668,1.26288,1.26538,32910601.5625,1.2594724486349276,0,0,,0,0.0
05.01.2004 01:00:00.000,1.26539,1.26621,1.2646,1.26559,33023101.5625,1.2599430295091638,0,0,,0,0.0
05.01.2004 02:00:00.000,1.26582,1.26644,1.2641,1.26518,32720400.3906,1.2603458733930744,0,0,,0,0.0
05.01.2004 03:00:00.000,1.26508,1.26596,1.26469,1.26585,30806199.2188,1.2607692677474533,0,0,,0,0.0
05.01.2004 04:00:00.000,1.26581,1.26702,1.2655,1.26612,32843398.4375,1.261180862536111,0,0,,0,0.0
05.01.2004 05:00:00.000,1.26613,1.26647,1.26492,1.26549,30927900.3906,1.2615123346487178,0,0,,0,0.0
05.01.2004 06:00:00.000,1.26551,1.26675,1.26526,1.26618,31805800.7813,1.2618713858295858,0,0,,0,0.0
05.01.2004 07:00:00.000,1.26635,1.26924,1.26554,1.26837,31221199.2188,1.26237127922731,0,1,1.2702399999999998,0,0.0
05.01.2004 08:00:00.000,1.26789,1.26831,1.26315,1.26334,32200800.7813,1.2624457962098248,0,0,,0,0.0
05.01.2004 09:00:00.000,1.26333,1.26553,1.26333,1.26512,30944699.2188,1.2626515041936845,0,0,,0,0.0
05.01.2004 10:00:00.000,1.2653,1.26783,1.26523,1.26652,31760599.6094,1.2629490807941706,0,0,,0,0.0
05.01.2004 11:00:00.000,1.26651,1.26879,1.26611,1.26797,31385599.6094,1.2633353053484653,0,0,,0,0.0
05.01.2004 12:00:00.000,1.26805,1.26823,1.26667,1.26689,33770199.2188,1.2636087433985834,0,0,,0,0.0
05.01.2004 13:00:00.000,1.26703,1.26714,1.26426,1.26444,33308199.2188,1.2636726862140772,0,0,,0,0.0
05.01.2004 14:00:00.000,1.26438,1.26716,1.26397,1.26651,30995500.0,1.2638909411206867,2,0,,0,0.0
05.01.2004 15:00:00.000,1.2665,1.26744,1.26493,1.26707,31699800.7813,1.2641354841114032,2,0,,0,0.0
05.01.2004 16:00:00.000,1.26688,1.26829,1.26602,1.26778,292522500.0,1.2644158314874492,2,0,,0,0.0
05.01.2004 17:00:00.000,1.26782,1.26861,1.26721,1.26823,137370703.125,1.2647092290653377,2,0,,0,0.0
05.01.2004 18:00:00.000,1.26807,1.26839,1.26576,1.26598,147754203.125,1.2648069806756965,2,0,,0,0.0
05.01.2004 19:00:00.000,1.26624,1.26795,1.26592,1.26686,106015601.5625,1.2649649052391048,2,0,,0,0.0
05.01.2004 20:00:00.000,1.26706,1.26709,1.26499,1.2653,65041601.5625,1.2649906817591736,2,0,,0,0.0
05.01.2004 21:00:00.000,1.26491,1.26734,1.26491,1.26727,31301800.7813,1.265166013931545,0,0,,0,0.0
05.01.2004 22:00:00.000,1.2672,1.26868,1.26689,1.26727,30909900.3906,1.265327859013734,0,0,,0,0.0
05.01.2004 23:00:00.000,1.26723,1.2688,1.26714,1.2682,30240199.2188,1.2655487929357545,0,0,,0,0.0
06.01.2004 00:00:00.000,1.2682,1.26879,1.26734,1.26789,32111599.6094,1.2657288857868503,0,0,,0,0.0
06.01.2004 01:00:00.000,1.26785,1.26798,1.2665,1.26659,34917500.0,1.265795125341708,0,0,,0,0.0
06.01.2004 02:00:00.000,1.26662,1.26833,1.26654,1.26802,31764199.2188,1.265966269546192,0,0,,0,0.0
06.01.2004 03:00:00.000,1.268,1.26854,1.26748,1.26759,28672199.2188,1.2660911718887926,0,0,,0,0.0
06.01.2004 04:00:00.000,1.26773,1.26836,1.26703,1.26766,31952400.3906,1.2662118509742701,0,0,,0,0.0
06.01.2004 05:00:00.000,1.26752,1.2689,1.2674,1.26868,28634400.3906,1.266401708591634,0,0,,0,0.0
06.01.2004 06:00:00.000,1.2687,1.2708,1.26789,1.27017,33254000.0,1.2666915771615084,0,0,,0,0.0
06.01.2004 07:00:00.000,1.27026,1.2722,1.26975,1.27084,31300599.6094,1.2670106866106232,0,0,,0,0.0
06.01.2004 08:00:00.000,1.27066,1.27184,1.27055,1.27107,32143599.6094,1.267322941486729,0,0,,0,0.0
06.01.2004 09:00:00.000,1.27118,1.27303,1.27077,1.27196,31866699.2188,1.2676796382954423,0,0,,0,0.0
06.01.2004 10:00:00.000,1.27185,1.27531,1.27176,1.27459,30841699.2188,1.2682112045804084,0,0,,0,0.0
06.01.2004 11:00:00.000,1.27457,1.27597,1.27391,1.274,32569099.6094,1.2686564965357616,0,0,,0,0.0
06.01.2004 12:00:00.000,1.27405,1.27606,1.27381,1.27524,33060199.2188,1.2691629198791647,0,0,,0,0.0
06.01.2004 13:00:00.000,1.27537,1.27941,1.27431,1.27932,30861400.3906,1.2699442337346136,2,0,,0,0.0
06.01.2004 14:00:00.000,1.27948,1.28083,1.27605,1.27682,31741199.2188,1.2704731388319512,2,1,1.2818299999999998,0,0.0
06.01.2004 15:00:00.000,1.27674,1.2788,1.27393,1.27446,32134000.0,1.2707798204602627,2,0,,0,0.0
06.01.2004 16:00:00.000,1.27439,1.27767,1.27437,1.27703,296638406.25,1.271260603501781,2,0,,0,0.0
06.01.2004 17:00:00.000,1.27711,1.27772,1.27571,1.27659,135598000.0,1.2716705570785671,2,0,,0,0.0
06.01.2004 18:00:00.000,1.27685,1.2772,1.2751,1.27616,145814500.0,1.2720158988417543,2,0,,0,0.0
06.01.2004 19:00:00.000,1.27625,1.27695,1.27535,1.27613,105266000.0,1.2723323681616194,2,0,,0,0.0
06.01.2004 20:00:00.000,1.27595,1.27619,1.27311,1.2736,65848000.0,1.2724298783030334,2,0,,0,0.0
06.01.2004 21:00:00.000,1.2733,1.2745,1.27216,1.2723,31444900.3906,1.2724198876643387,0,0,,0,0.0
06.01.2004 22:00:00.000,1.2723,1.27345,1.27181,1.27242,32592800.7813,1.2724198963055435,0,0,,0,0.0
06.01.2004 23:00:00.000,1.27265,1.27279,1.27101,1.2714,33780000.0,1.2723414427435789,0,0,,0,0.0
07.01.2004 00:00:00.000,1.27145,1.27334,1.27136,1.27182,33859601.5625,1.2723013317633036,0,0,,0,0.0
07.01.2004 01:00:00.000,1.27212,1.2722,1.26976,1.27022,32948300.7813,1.2721412293199728,0,0,,0,0.0
07.01.2004 02:00:00.000,1.27034,1.27118,1.26858,1.27052,31609500.0,1.2720165193722828,0,0,,0,0.0
07.01.2004 03:00:00.000,1.27046,1.27177,1.27013,1.27114,30587699.2188,1.2719490948051841,0,0,,0,0.0
07.01.2004 04:00:00.000,1.2714,1.27277,1.2711,1.27196,34146601.5625,1.2719499336663238,0,0,,0,0.0
07.01.2004 05:00:00.000,1.27194,1.27215,1.27081,1.27171,32473199.2188,1.2719314772304529,0,0,,0,0.0
07.01.2004 06:00:00.000,1.27153,1.27272,1.27126,1.27211,31070199.2188,1.2719452097511874,0,0,,0,0.0
07.01.2004 07:00:00.000,1.27226,1.27404,1.27004,1.27035,31036599.6094,1.2718225013087885,0,0,,0,0.0
07.01.2004 08:00:00.000,1.27043,1.2715,1.26562,1.26603,30863300.7813,1.2713769242850357,0,0,,0,0.0
07.01.2004 09:00:00.000,1.26597,1.26815,1.26551,1.26659,30793300.7813,1.2710086993400331,0,0,,0,0.0
07.01.2004 10:00:00.000,1.26648,1.26678,1.26477,1.26627,30114699.2188,1.2706441840061844,0,0,,0,0.0
07.01.2004 11:00:00.000,1.26618,1.26742,1.26553,1.26588,32100900.3906,1.2702777083134011,0,0,,0,0.0
07.01.2004 12:00:00.000,1.2659,1.26817,1.26583,1.26781,30630099.6094,1.2700878845969856,0,0,,0,0.0
07.01.2004 13:00:00.000,1.26763,1.2689,1.26658,1.26866,31436599.6094,1.2699780473202944,0,0,,0,0.0
07.01.2004 14:00:00.000,1.26861,1.27,1.26757,1.26811,32245099.6094,1.2698343513725794,0,0,,0,0.0
07.01.2004 15:00:00.000,1.26804,1.2695,1.26672,1.26924,32416300.7813,1.2697886320362273,0,0,,0,0.0
07.01.2004 16:00:00.000,1.26876,1.26927,1.26593,1.26618,290579000.0,1.2695110449565175,0,0,,0,0.0
07.01.2004 17:00:00.000,1.26646,1.26729,1.26594,1.26674,137463093.75,1.2692978876521699,0,0,,0,0.0
07.01.2004 18:00:00.000,1.26634,1.26689,1.26485,1.26508,145503796.875,1.2689734347558492,0,0,,0,0.0
07.01.2004 19:00:00.000,1.26505,1.26568,1.26318,1.26444,105178703.125,1.2686247090053993,0,0,,0,0.0
07.01.2004 20:00:00.000,1.26453,1.26484,1.26315,1.26346,63912800.7813,1.2682274236972917,0,0,,0,0.0
07.01.2004 21:00:00.000,1.26302,1.26435,1.26221,1.26296,31071300.7813,1.2678222372590384,0,0,,0,0.0
07.01.2004 22:00:00.000,1.2629,1.2642,1.26168,1.26261,30927599.6094,1.2674212959314202,0,0,,0,0.0
07.01.2004 23:00:00.000,1.26235,1.26548,1.26213,1.26367,32864699.2188,1.2671327347059265,1,0,,0,0.0
08.01.2004 00:00:00.000,1.26353,1.26377,1.26145,1.26322,31206599.6094,1.266831755113163,1,0,,0,0.0
08.01.2004 01:00:00.000,1.26322,1.26328,1.25878,1.25946,32866199.2188,1.266264697027535,1,0,,0,0.0
08.01.2004 02:00:00.000,1.25907,1.25958,1.25798,1.25867,32267699.2188,1.2656804895638787,1,0,,0,0.0
08.01.2004 03:00:00.000,1.2585,1.25979,1.25788,1.25936,31533900.3906,1.265194298058965,1,0,,0,0.0
08.01.2004 04:00:00.000,1.25947,1.25988,1.25841,1.25901,31140000.0,1.26471858282366,1,0,,0,0.0
08.01.2004 05:00:00.000,1.25898,1.25955,1.25777,1.25868,29670500.0,1.2642540764526093,1,0,,0,0.0
08.01.2004 06:00:00.000,1.25848,1.26118,1.25824,1.2608,31977500.0,1.2639883782639472,1,0,,0,0.0
08.01.2004 07:00:00.000,1.26092,1.26119,1.25834,1.25925,31519699.2188,1.263623887628259,1,0,,0,0.0
08.01.2004 08:00:00.000,1.25931,1.26123,1.25862,1.2594,29808300.7813,1.2632989731953161,1,0,,0,0.0
08.01.2004 09:00:00.000,1.25938,1.25958,1.25576,1.25737,30872900.3906,1.262842898334138,1,2,1.25476,0,0.0
08.01.2004 10:00:00.000,1.25712,1.25879,1.25684,1.25789,31694599.6094,1.262461906154589,1,0,,0,0.0
08.01.2004 11:00:00.000,1.25783,1.25859,1.25679,1.25832,34370199.2188,1.2621432979888516,1,0,,0,0.0
08.01.2004 12:00:00.000,1.25828,1.2637,1.25813,1.2622,33056398.4375,1.2621476596820171,0,0,,0,0.0
08.01.2004 13:00:00.000,1.26213,1.27321,1.26204,1.27315,30798099.6094,1.2629939935526313,0,0,,0,0.0
08.01.2004 14:00:00.000,1.27318,1.27437,1.2716,1.2722,32396900.3906,1.2637021478947366,0,0,,0,0.0
08.01.2004 15:00:00.000,1.27226,1.27326,1.27053,1.27209,33963398.4375,1.2643473672874492,0,0,,0,0.0
08.01.2004 16:00:00.000,1.27204,1.27754,1.27131,1.27685,294346406.25,1.2653091082653378,0,0,,0,0.0
08.01.2004 17:00:00.000,1.27678,1.27786,1.27577,1.27685,137334703.125,1.2661968691680041,0,0,,0,0.0
08.01.2004 18:00:00.000,1.27683,1.27727,1.27547,1.27562,145296093.75,1.26692172538585,0,0,,0,0.0
08.01.2004 19:00:00.000,1.27548,1.27728,1.27438,1.27584,104384500.0,1.2676077465100155,0,0,,0,0.0
08.01.2004 20:00:00.000,1.27595,1.27663,1.2754,1.27619,63592898.4375,1.268267919855399,0,0,,0,0.0
08.01.2004 21:00:00.000,1.2762,1.27668,1.27524,1.27635,32883500.0,1.2688896183280607,0,0,,0,0.0
08.01.2004 22:00:00.000,1.27637,1.27748,1.27588,1.27724,28958099.6094,1.2695319553797484,0,0,,0,0.0
08.01.2004 23:00:00.000,1.27727,1.27839,1.27667,1.27686,32648400.3906,1.2700956511197679,0,1,1.2793899999999998,0,0.0
09.01.2004 00:00:00.000,1.27682,1.27698,1.27527,1.2755,31420800.7813,1.270511370264401,0,0,,0,0.0
09.01.2004 01:00:00.000,1.27555,1.27672,1.27546,1.27602,32477199.2188,1.2709351110132934,0,0,,0,0.0
09.01.2004 02:00:00.000,1.27567,1.27666,1.27556,1.27571,30548599.6094,1.271302410166117,0,0,,0,0.0
09.01.2004 03:00:00.000,1.27596,1.27656,1.27559,1.27578,29852500.0,1.271646840153339,0,0,,0,0.0
09.01.2004 04:00:00.000,1.27593,1.27629,1.27473,1.27504,29382699.2188,1.271907852449236,0,0,,0,0.0
09.01.2004 05:00:00.000,1.275,1.27532,1.27104,1.27295,30361699.2188,1.2719880176454486,2,0,,0,0.0
09.01.2004 06:00:00.000,1.27276,1.27426,1.27149,1.27296,32230699.2188,1.2720627855188757,2,0,,0,0.0
09.01.2004 07:00:00.000,1.27301,1.27358,1.27171,1.27199,32293099.6094,1.2720571866328085,0,0,,0,0.0
09.01.2004 08:00:00.000,1.27173,1.27247,1.27021,1.27132,31631000.0,1.2720004799687463,0,2,1.2692100000000002,0,0.0
09.01.2004 09:00:00.000,1.27162,1.27428,1.27141,1.27323,31245000.0,1.2720950584326889,0,0,,0,0.0
09.01.2004 10:00:00.000,1.27292,1.27485,1.27269,1.27438,29379099.6094,1.272270823168636,0,0,,0,0.0
09.01.2004 11:00:00.000,1.2742,1.27627,1.27406,1.27449,32211599.6094,1.2724415290787408,0,0,,0,0.0
09.01.2004 12:00:00.000,1.2745,1.27551,1.27298,1.27299,32578300.7813,1.272483719149607,0,0,,0,0.0
09.01.2004 13:00:00.000,1.27298,1.28449,1.27261,1.28111,32270199.2188,1.273147279215022,0,0,,0,0.0
09.01.2004 14:00:00.000,1.2809,1.28336,1.27971,1.28261,33929601.5625,1.2738751808138664,0,0,,0,0.0
09.01.2004 15:00:00.000,1.28247,1.28471,1.28103,1.2842,33216699.2188,1.2746693976743384,0,0,,0,0.0
09.01.2004 16:00:00.000,1.28439,1.28665,1.28302,1.28499,295000187.5,1.275463290160928,0,1,1.28765,0,0.0
09.01.2004 17:00:00.000,1.28482,1.28578,1.28313,1.28433,133344703.125,1.2761453447639335,0,0,,0,0.0
09.01.2004 18:00:00.000,1.28422,1.28447,1.28294,1.28396,143064906.25,1.276746472089785,0,0,,0,0.0
09.01.2004 19:00:00.000,1.28396,1.28439,1.2821,1.28382,106279500.0,1.27729058962134,0,0,,0,0.0
09.01.2004 20:00:00.000,1.28398,1.2849,1.28354,1.28393,61257101.5625,1.2778013134966217,0,0,,0,0.0
09.01.2004 21:00:00.000,1.2834,1.2841,1.28114,1.28123,30592699.2188,1.2780650586122664,0,0,,0,0.0
11.01.2004 22:00:00.000,1.28522,1.28559,1.28358,1.28402,27999400.3906,1.2785231310267076,0,0,,0,0.0
11.01.2004 23:00:00.000,1.28384,1.28522,1.28376,1.28467,31505599.6094,1.2789959671015763,0,0,,0,0.0
12.01.2004 00:00:00.000,1.28482,1.28487,1.28357,1.28379,30635199.2188,1.2793647388629934,0,0,,0,0.0
12.01.2004 01:00:00.000,1.28374,1.28435,1.28253,1.2826,34179101.5625,1.2796136051043017,0,0,,0,0.0
12.01.2004 02:00:00.000,1.28265,1.28423,1.28248,1.28344,31137099.6094,1.2799079431732017,0,0,,0,0.0
12.01.2004 03:00:00.000,1.2835,1.28437,1.2831,1.28364,30489699.2188,1.2801950244675708,0,0,,0,0.0
12.01.2004 04:00:00.000,1.28395,1.28484,1.28382,1.28412,31181300.7813,1.2804969456623732,0,0,,0,0.0
12.01.2004 05:00:00.000,1.28404,1.28462,1.28373,1.28404,28152400.3906,1.280769488303729,2,0,,0,0.0
12.01.2004 06:00:00.000,1.2839,1.28443,1.28309,1.28411,30591699.2188,1.2810264507419038,2,0,,0,0.0
12.01.2004 07:00:00.000,1.2842,1.2868,1.28342,1.28592,32665000.0,1.2814028776079114,2,0,,0,0.0
12.01.2004 08:00:00.000,1.28598,1.28956,1.2856,1.2886,31805099.6094,1.2819565024073027,2,1,1.29056,0,0.0
12.01.2004 09:00:00.000,1.28872,1.28929,1.28755,1.28816,33668398.4375,1.282433694529818,2,0,,0,0.0
12.01.2004 10:00:00.000,1.28818,1.2891,1.28695,1.2872,31338800.7813,1.2828003334121396,2,0,,0,0.0
12.01.2004 11:00:00.000,1.2873,1.28777,1.28441,1.2855,30902500.0,1.2830080000727444,2,0,,0,0.0
12.01.2004 12:00:00.000,1.28538,1.2876,1.28263,1.28265,31098000.0,1.2829804616056104,0,0,,0,0.0
12.01.2004 13:00:00.000,1.28202,1.28303,1.27849,1.27893,31676300.7813,1.2826688876359482,0,0,,0,0.0
12.01.2004 14:00:00.000,1.27903,1.28066,1.27659,1.27987,32216400.3906,1.2824535885870292,0,0,,0,0.0
12.01.2004 15:00:00.000,1.27989,1.28115,1.27885,1.2801,30422099.6094,1.282272543311104,0,0,,0,0.0
12.01.2004 16:00:00.000,1.2799,1.28112,1.27939,1.28003,296431687.5,1.2821000399794806,0,0,,0,0.0
12.01.2004 17:00:00.000,1.28001,1.28062,1.27853,1.27877,134376906.25,1.2818438830579821,0,0,,0,0.0
12.01.2004 18:00:00.000,1.27872,1.27925,1.27523,1.27562,145378406.25,1.2813651228227527,0,0,,0,0.0
12.01.2004 19:00:00.000,1.27563,1.27658,1.27437,1.2749,107999500.0,1.280867805682541,0,0,,0,0.0
12.01.2004 20:00:00.000,1.27494,1.27539,1.27328,1.27425,60644800.7813,1.280358743706961,0,0,,0,0.0
12.01.2004 21:00:00.000,1.27369,1.27559,1.27369,1.27467,30958099.6094,1.2799211480371948,0,0,,0,0.0
12.01.2004 22:00:00.000,1.27457,1.27495,1.27306,1.27343,32165000.0,1.2794218289574109,0,0,,0,0.0
12.01.2004 23:00:00.000,1.27364,1.27423,1.27316,1.2738,31033099.6094,1.2789893805760715,0,0,,0,0.0
13.01.2004 00:00:00.000,1.27352,1.27441,1.27125,1.27191,31374599.6094,1.2784448128394508,0,2,1.27025,0,0.0
13.01.2004 01:00:00.000,1.27192,1.27274,1.27125,1.27227,33211500.0,1.2779698272364162,0,2,1.27025,0,0.0
13.01.2004 02:00:00.000,1.2722,1.27607,1.2722,1.27547,32998699.2188,1.277777532833615,0,0,,0,0.0
13.01.2004 03:00:00.000,1.27551,1.27617,1.27479,1.27553,31002300.7813,1.2776046456925676,0,0,,0,0.0
13.01.2004 04:00:00.000,1.27571,1.27685,1.27565,1.2762,32839101.5625,1.2774965960239086,1,0,,0,0.0
13.01.2004 05:00:00.000,1.27603,1.2765,1.2746,1.27564,31411599.6094,1.2773537809451465,1,0,,0,0.0
13.01.2004 06:00:00.000,1.27548,1.27644,1.27539,1.2757,31413300.7813,1.2772265670262892,1,0,,0,0.0
13.01.2004 07:00:00.000,1.2758,1.27649,1.27341,1.27426,30272099.6094,1.2769983695627285,1,0,,0,0.0
13.01.2004 08:00:00.000,1.27419,1.27884,1.27318,1.27871,28934900.3906,1.2771300334425186,0,0,,0,0.0
13.01.2004 09:00:00.000,1.2788,1.27947,1.27536,1.27538,32662000.0,1.276995415485402,0,1,1.28047,0,0.0
13.01.2004 10:00:00.000,1.27513,1.27555,1.27358,1.27452,31190599.6094,1.276804998909602,0,0,,0,0.0
13.01.2004 11:00:00.000,1.27449,1.27467,1.27184,1.27262,32288599.6094,1.2764830759165557,0,0,,0,0.0
13.01.2004 12:00:00.000,1.27266,1.2764,1.27229,1.27481,32675099.6094,1.2763543777691284,0,0,,0,0.0
13.01.2004 13:00:00.000,1.27502,1.27768,1.27446,1.27517,33009800.7813,1.2762632717868878,0,0,,0,0.0
13.01.2004 14:00:00.000,1.27505,1.27784,1.27434,1.27719,31378500.0,1.2763345585725119,0,0,,0,0.0
13.01.2004 15:00:00.000,1.27715,1.27874,1.27585,1.27834,31661800.7813,1.2764888232977032,0,0,,0,0.0
13.01.2004 16:00:00.000,1.2781,1.27872,1.27279,1.27319,292158406.25,1.2762350676594183,0,0,,0,0.0
13.01.2004 17:00:00.000,1.27347,1.27465,1.27114,1.27307,136025406.25,1.275991600916386,0,2,1.27014,0,0.0
13.01.2004 18:00:00.000,1.27305,1.27566,1.27226,1.27478,146490796.875,1.275898400845895,0,0,,0,0.0
13.01.2004 19:00:00.000,1.27488,1.27536,1.27332,1.27454,108446296.875,1.2757939084731338,0,0,,0,0.0
13.01.2004 20:00:00.000,1.27458,1.27674,1.27415,1.27622,63155500.0,1.2758266847444313,0,0,,0,0.0
13.01.2004 21:00:00.000,1.27575,1.27732,1.27575,1.27698,30462699.2188,1.275915401302552,0,0,,0,0.0
13.01.2004 22:00:00.000,1.2772,1.27739,1.27636,1.27636,30265800.7813,1.275949601202356,0,0,,0,0.0
13.01.2004 23:00:00.000,1.27637,1.27871,1.27626,1.27826,31918800.7813,1.27612732418679,0,0,,0,0.0
14.01.2004 00:00:00.000,1.27834,1.2785,1.2753,1.27567,31756500.0,1.276092145403191,0,0,,0,0.0
14.01.2004 01:00:00.000,1.27556,1.2764,1.27525,1.27575,31317699.2188,1.2760658265260225,0,0,,0,0.0
14.01.2004 02:00:00.000,1.27583,1.27583,1.27325,1.27391,33777699.2188,1.2758999937163287,0,0,,0,0.0
14.01.2004 03:00:00.000,1.2739,1.27426,1.27268,1.27311,31748300.7813,1.2756853788150726,0,0,,0,0.0
14.01.2004 04:00:00.000,1.27336,1.27368,1.27256,1.27308,31533400.3906,1.275484965060067,0,0,,0,0.0
14.01.2004 05:00:00.000,1.27315,1.27345,1.27249,1.27269,29112900.3906,1.2752699677477544,0,0,,0,0.0
14.01.2004 06:00:00.000,1.27263,1.2744,1.2716,1.27232,32628699.2188,1.2750430471517733,0,0,,0,0.0
14.01.2004 07:00:00.000,1.27244,1.27395,1.27127,1.2717,33050398.4375,1.2747858896785602,0,0,,0,0.0
14.01.2004 08:00:00.000,1.27098,1.27132,1.26498,1.26532,30935199.2188,1.274057744318671,0,0,,1,1.25532
14.01.2004 09:00:00.000,1.26525,1.26857,1.26498,1.26649,30649300.7813,1.2734756101403117,0,0,,1,1.2564899999999999
14.01.2004 10:00:00.000,1.26675,1.26724,1.26557,1.26604,32187300.7813,1.2729036401295186,0,0,,1,1.25604
14.01.2004 11:00:00.000,1.26609,1.2682,1.26533,1.26766,30716599.6094,1.2725002831964787,0,0,,1,1.25766
14.01.2004 12:00:00.000,1.26765,1.26886,1.26686,1.26822,32550500.0,1.2721710306429035,0,0,,1,1.25822
14.01.2004 13:00:00.000,1.26803,1.26965,1.26276,1.26458,30497900.3906,1.2715871052088341,0,2,1.2617600000000002,1,1.25458
14.01.2004 14:00:00.000,1.26426,1.26733,1.26385,1.26721,30647500.0,1.2712504048081545,0,0,,1,1.25721
14.01.2004 15:00:00.000,1.26696,1.26912,1.26522,1.26818,33518300.7813,1.271014219822912,0,0,,1,1.25818
14.01.2004 16:00:00.000,1.2681,1.27303,1.26676,1.27207,288508000.0,1.2710954336826878,0,0,,0,0.0
14.01.2004 17:00:00.000,1.27201,1.27242,1.27104,1.27155,134899093.75,1.2711304003224813,0,0,,0,0.0
14.01.2004 18:00:00.000,1.27128,1.27188,1.26792,1.26826,145452593.75,1.270909600297675,0,0,,1,1.25826
14.01.2004 19:00:00.000,1.26834,1.26841,1.26603,1.26645,105025203.125,1.2705665541209308,0,0,,1,1.25645
14.01.2004 20:00:00.000,1.26647,1.26668,1.2645,1.26459,64844000.0,1.2701068191885516,0,0,,1,1.25459
14.01.2004 21:00:00.000,1.26452,1.26547,1.26372,1.26447,31062699.2188,1.2696732177125094,0,0,,1,1.25447
14.01.2004 22:00:00.000,1.2644,1.26497,1.26399,1.2643,30933800.7813,1.2692598932730856,0,0,,1,1.2543
14.01.2004 23:00:00.000,1.26443,1.26577,1.2634,1.26504,31482699.2188,1.268935286098233,0,0,,1,1.25504
15.01.2004 00:00:00.000,1.26501,1.26532,1.26341,1.26388,33608000.0,1.2685464179368307,0,0,,1,1.2538799999999999
15.01.2004 01:00:00.000,1.2637,1.26646,1.26366,1.26602,32953000.0,1.268352078095536,0,0,,0,0.0
15.01.2004 02:00:00.000,1.26608,1.26631,1.26507,1.26529,34030699.2188,1.2681165336266487,0,0,,0,0.0
15.01.2004 03:00:00.000,1.26531,1.26587,1.2649,1.26519,30219500.0,1.2678914156553682,0,0,,0,0.0
15.01.2004 04:00:00.000,1.2651,1.26545,1.26399,1.26507,33009000.0,1.2676743836818785,0,0,,0,0.0
15.01.2004 05:00:00.000,1.26515,1.26587,1.26458,1.26556,30700099.6094,1.2675117387832726,0,0,,0,0.0
15.01.2004 06:00:00.000,1.2656,1.26693,1.26526,1.26581,32202699.2188,1.2673808357999439,0,1,1.2679299999999998,0,0.0
15.01.2004 07:00:00.000,1.26588,1.26653,1.26482,1.26543,30481699.2188,1.2672307715076405,0,0,,0,0.0
15.01.2004 08:00:00.000,1.26533,1.26666,1.26185,1.26252,34544898.4375,1.2668684044685914,0,0,,0,0.0
15.01.2004 09:00:00.000,1.26242,1.2666,1.26072,1.26407,33792300.7813,1.2666531425863923,0,0,,0,0.0
15.01.2004 10:00:00.000,1.26436,1.26623,1.26359,1.26486,31118199.2188,1.2665152085412854,1,0,,0,0.0
15.01.2004 11:00:00.000,1.26514,1.26538,1.26227,1.26229,31553900.3906,1.2661901924996481,1,0,,0,0.0
15.01.2004 12:00:00.000,1.2626,1.2644,1.26236,1.26356,33741800.7813,1.2659878699996754,1,0,,0,0.0
15.01.2004 13:00:00.000,1.26353,1.26466,1.26125,1.26302,32781000.0,1.2657595723073927,1,0,,0,0.0
15.01.2004 14:00:00.000,1.26298,1.26425,1.25966,1.26112,33028101.5625,1.265402682129901,1,0,,0,0.0
15.01.2004 15:00:00.000,1.2613,1.26143,1.25844,1.2603,33394101.5625,1.2650101681199086,1,0,,0,0.0
15.01.2004 16:00:00.000,1.25988,1.26246,1.25842,1.25875,293758812.5,1.2645286167260696,1,0,,0,0.0
15.01.2004 17:00:00.000,1.25866,1.26002,1.25758,1.25935,135051296.875,1.2641302615932952,1,0,,0,0.0
15.01.2004 18:00:00.000,1.25937,1.26004,1.25652,1.25713,144812500.0,1.2635917799322727,1,0,,0,0.0
15.01.2004 19:00:00.000,1.2571,1.25854,1.25683,1.2576,106554703.125,1.2631308737836364,1,0,,0,0.0
15.01.2004 20:00:00.000,1.25773,1.25845,1.25593,1.25593,63206000.0,1.2625769604156645,1,0,,0,0.0
15.01.2004 21:00:00.000,1.25585,1.25802,1.25562,1.25756,30302199.2188,1.2621910403836905,1,0,,0,0.0
15.01.2004 22:00:00.000,1.25743,1.25894,1.25689,1.25887,31687500.0,1.2619355757387911,1,0,,0,0.0
15.01.2004 23:00:00.000,1.25897,1.26025,1.2585,1.25937,32545599.6094,1.2617382237588841,1,0,,0,0.0
16.01.2004 00:00:00.000,1.25947,1.26071,1.2589,1.25933,33877000.0,1.2615529757774315,1,0,,0,0.0
16.01.2004 01:00:00.000,1.2595,1.25955,1.25795,1.25899,34832300.7813,1.2613558237945524,1,0,,0,0.0
16.01.2004 02:00:00.000,1.25891,1.25938,1.25849,1.25884,32530900.3906,1.261162298887279,1,0,,0,0.0
16.01.2004 03:00:00.000,1.25884,1.2594,1.25863,1.25892,29054000.0,1.2609898143574885,1,0,,0,0.0
16.01.2004 04:00:00.000,1.25919,1.25932,1.25715,1.25758,30711699.2188,1.260727520945374,1,0,,0,0.0
16.01.2004 05:00:00.000,1.25743,1.25879,1.25733,1.2584,31759599.6094,1.260548480872653,1,0,,0,0.0
16.01.2004 06:00:00.000,1.2584,1.25942,1.25759,1.2584,30834099.6094,1.2603832131132182,1,0,,0,0.0
16.01.2004 07:00:00.000,1.25857,1.25874,1.25201,1.25392,31005500.0,1.25988604287374,1,0,,0,0.0
16.01.2004 08:00:00.000,1.25394,1.25423,1.2488,1.24997,34192398.4375,1.2591232703449908,1,0,,0,0.0
16.01.2004 09:00:00.000,1.25005,1.25076,1.24792,1.24898,31792599.6094,1.2583430187799916,1,0,,0,0.0
16.01.2004 10:00:00.000,1.24909,1.25126,1.24851,1.25065,32147800.7813,1.2577512481046076,1,0,,0,0.0
16.01.2004 11:00:00.000,1.25052,1.25122,1.24911,1.24925,31751800.7813,1.2570973059427146,1,0,,0,0.0
16.01.2004 12:00:00.000,1.24942,1.24948,1.24691,1.24884,32755199.2188,1.256462128562506,1,0,,0,0.0
16.01.2004 13:00:00.000,1.24885,1.2511,1.24777,1.24985,30285000.0,1.2559535032884672,1,0,,0,0.0
16.01.2004 14:00:00.000,1.24945,1.24958,1.24121,1.24369,32851699.2188,1.255010156881662,1,0,,0,0.0
16.01.2004 15:00:00.000,1.24355,1.24419,1.23707,1.23908,31647699.2188,1.2537847601984573,1,0,,0,0.0
16.01.2004 16:00:00.000,1.2392,1.24184,1.23886,1.23925,287958906.25,1.252666701721653,1,0,,0,0.0
16.01.2004 17:00:00.000,1.23929,1.23944,1.23494,1.23745,134041203.125,1.2514961862046028,1,2,1.23394,0,0.0
16.01.2004 18:00:00.000,1.23724,1.23822,1.23644,1.2368,147793906.25,1.2503657103427104,1,0,,0,0.0
16.01.2004 19:00:00.000,1.23688,1.23763,1.23636,1.23704,103327000.0,1.2493406557009636,1,0,,0,0.0
16.01.2004 20:00:00.000,1.23716,1.23782,1.23646,1.23672,60729101.5625,1.2483698360316589,1,0,,0,0.0
16.01.2004 21:00:00.000,1.23659,1.23943,1.23659,1.23936,31974300.7813,1.2476767717215314,1,0,,0,0.0
18.01.2004 22:00:00.000,1.2366,1.23839,1.23637,1.23799,32008199.2188,1.2469316354352598,1,0,,0,0.0
18.01.2004 23:00:00.000,1.23794,1.24002,1.23755,1.23822,33878199.2188,1.2462615096325476,1,0,,0,0.0
19.01.2004 00:00:00.000,1.23817,1.23886,1.23702,1.23736,31992800.7813,1.2455767781223517,1,0,,0,0.0
19.01.2004 01:00:00.000,1.23749,1.23813,1.23626,1.23629,33998500.0,1.2448624105744783,1,0,,0,0.0
19.01.2004 02:00:00.000,1.23618,1.23755,1.23607,1.23689,32017500.0,1.2442491482225955,1,0,,0,0.0
19.01.2004 03:00:00.000,1.23681,1.23765,1.23607,1.23715,30436000.0,1.2437030598977805,1,0,,0,0.0
19.01.2004 04:00:00.000,1.23708,1.23832,1.23658,1.23812,31450300.7813,1.2432735937517974,1,0,,0,0.0
19.01.2004 05:00:00.000,1.23788,1.23881,1.23757,1.23808,30254900.3906,1.2428740865401207,1,0,,0,0.0
19.01.2004 06:00:00.000,1.23812,1.24112,1.2376,1.24105,31810500.0,1.2427337721908807,1,0,,0,0.0
19.01.2004 07:00:00.000,1.24108,1.24226,1.23867,1.23898,31557500.0,1.24244502048389,1,1,1.2432599999999998,0,0.0
19.01.2004 08:00:00.000,1.23884,1.23905,1.2357,1.2366,32690699.2188,1.2419954035235907,1,0,,0,0.0
19.01.2004 09:00:00.000,1.23644,1.23692,1.23323,1.23545,32284599.6094,1.241491910944853,1,2,1.2322300000000002,0,0.0
19.01.2004 10:00:00.000,1.2356,1.2378,1.23485,1.23658,30099199.2188,1.2411140716414029,1,0,,0,0.0
19.01.2004 11:00:00.000,1.23666,1.23691,1.23476,1.23498,33196300.7813,1.2406422199766798,1,0,,0,0.0
19.01.2004 12:00:00.000,1.23518,1.23737,1.23473,1.2369,32788699.2188,1.2403543569015505,1,0,,0,0.0
19.01.2004 13:00:00.000,1.237,1.23939,1.23654,1.23906,31737800.7813,1.2402547909860466,1,0,,0,0.0
19.01.2004 14:00:00.000,1.23932,1.24098,1.23682,1.23733,33335199.2188,1.240029807064043,1,0,,0,0.0
19.01.2004 15:00:00.000,1.23742,1.23847,1.23654,1.23732,32710900.3906,1.239821360366809,1,0,,0,0.0
19.01.2004 16:00:00.000,1.23724,1.23825,1.23639,1.23728,288686687.5,1.2396258711078236,1,0,,0,0.0
19.01.2004 17:00:00.000,1.23732,1.23854,1.23626,1.23677,134314000.0,1.2394061887149144,1,0,,0,0.0
19.01.2004 18:00:00.000,1.23693,1.23736,1.23487,1.23567,145634703.125,1.239118789582998,1,0,,0,0.0
19.01.2004 19:00:00.000,1.23572,1.23596,1.23408,1.2349,105123796.875,1.2387942673073828,1,0,,0,0.0
19.01.2004 20:00:00.000,1.23497,1.23581,1.23435,1.23479,60285898.4375,1.2384862467452766,1,0,,0,0.0
19.01.2004 21:00:00.000,1.2344,1.23632,1.2344,1.23468,31217099.6094,1.2381934585341017,1,0,,0,0.0
19.01.2004 22:00:00.000,1.2348,1.23562,1.23462,1.2352,28162400.3906,1.237963192493017,1,0,,0,0.0
19.01.2004 23:00:00.000,1.23526,1.23569,1.2347,1.23493,32791199.2188,1.2377298699935544,1,0,,0,0.0
20.01.2004 00:00:00.000,1.2349,1.2365,1.23411,1.23626,31675599.6094,1.2376168030709733,1,0,,0,0.0
20.01.2004 01:00:00.000,1.23633,1.2376,1.23554,1.23712,36226699.2188,1.2375785874501293,1,0,,0,0.0
20.01.2004 02:00:00.000,1.23696,1.23783,1.23594,1.23653,31341099.6094,1.2374979268770425,1,0,,0,0.0
20.01.2004 03:00:00.000,1.23653,1.23816,1.23618,1.23772,31725000.0,1.2375150094249623,0,0,,0,0.0
20.01.2004 04:00:00.000,1.2378,1.23822,1.23689,1.23704,33236699.2188,1.237478470238427,0,0,,0,0.0
20.01.2004 05:00:00.000,1.23718,1.23882,1.23712,1.23847,32586000.0,1.2375547417585482,0,0,,0,0.0
20.01.2004 06:00:00.000,1.23855,1.23991,1.23796,1.23845,32685800.7813,1.2376236077771214,0,0,,0,0.0
20.01.2004 07:00:00.000,1.23861,1.24558,1.23811,1.24538,31262099.6094,1.2382202533327276,0,0,,0,0.0
20.01.2004 08:00:00.000,1.24537,1.24866,1.24381,1.2484,29271800.7813,1.2390033107686715,0,0,,0,0.0
20.01.2004 09:00:00.000,1.24879,1.24887,1.24706,1.24771,31061500.0,1.2396730560941585,0,0,,0,0.0
20.01.2004 10:00:00.000,1.24764,1.24792,1.2431,1.24377,31878300.7813,1.239988205625377,0,0,,0,0.0
20.01.2004 11:00:00.000,1.24379,1.25165,1.24323,1.25057,31999199.2188,1.2408021898080406,0,0,,0,0.0
20.01.2004 12:00:00.000,1.2505,1.25366,1.24999,1.25355,32975398.4375,1.2417827905920376,0,0,,0,0.0
20.01.2004 13:00:00.000,1.25332,1.25362,1.25055,1.25063,31264599.6094,1.242463345161881,0,0,,0,0.0
20.01.2004 14:00:00.000,1.25092,1.25419,1.24891,1.25343,32617099.6094,1.2433069339955825,0,0,,0,0.0
20.01.2004 15:00:00.000,1.25351,1.25732,1.25279,1.25658,32771300.7813,1.2443279390728454,0,0,,0,0.0
20.01.2004 16:00:00.000,1.25672,1.2594,1.2557,1.25779,291287187.5,1.2453634822210882,0,0,,0,0.0
20.01.2004 17:00:00.000,1.25783,1.25888,1.25662,1.25805,132793500.0,1.2463393682040815,0,0,,0,0.0
20.01.2004 18:00:00.000,1.25807,1.25931,1.25674,1.25699,148320296.875,1.2471586475729985,0,0,,0,0.0
20.01.2004 19:00:00.000,1.25715,1.25922,1.25587,1.25634,102825000.0,1.2478649054519988,0,0,,0,0.0
20.01.2004 20:00:00.000,1.2563,1.25803,1.25586,1.25735,63704398.4375,1.2485945281095374,0,0,,0,0.0
20.01.2004 21:00:00.000,1.25702,1.25817,1.25702,1.25767,31434699.2188,1.2492926413318808,2,0,,0,0.0
20.01.2004 22:00:00.000,1.2577,1.25977,1.25762,1.2595,31851400.3906,1.2500778227678901,2,0,,0,0.0
20.01.2004 23:00:00.000,1.25917,1.25963,1.25799,1.25812,32126000.0,1.2506964517857448,2,0,,0,0.0
21.01.2004 00:00:00.000,1.25792,1.25804,1.25628,1.25722,32813000.0,1.2511982631868415,2,0,,0,0.0
21.01.2004 01:00:00.000,1.25695,1.25737,1.25592,1.25678,31285900.3906,1.2516276275570846,2,0,,0,0.0
21.01.2004 02:00:00.000,1.25684,1.25728,1.25598,1.25659,32583800.7813,1.252009348514232,2,0,,0,0.0
21.01.2004 03:00:00.000,1.25654,1.25716,1.25613,1.25663,30201400.3906,1.2523647832439067,2,0,,0,0.0
21.01.2004 04:00:00.000,1.25695,1.26258,1.25648,1.26216,32628300.7813,1.253118261455914,2,0,,0,0.0
21.01.2004 05:00:00.000,1.2622,1.26239,1.25838,1.2586,30547800.7813,1.2535399336516129,2,0,,0,0.0
21.01.2004 06:00:00.000,1.25842,1.2613,1.25488,1.26073,32067300.7813,1.254093015678412,2,2,1.25388,0,0.0
21.01.2004 07:00:00.000,1.26093,1.26242,1.25869,1.26106,32268099.6094,1.2546289375493034,2,0,,0,0.0
21.01.2004 08:00:00.000,1.26123,1.26695,1.25832,1.26558,33090800.7813,1.2554713269685878,2,1,1.26795,0,0.0
21.01.2004 09:00:00.000,1.26568,1.266,1.26407,1.26534,31886599.6094,1.256230455663312,2,0,,0,0.0
21.01.2004 10:00:00.000,1.2655,1.26583,1.26172,1.26278,31747900.3906,1.256734266766134,2,0,,0,0.0
21.01.2004 11:00:00.000,1.26287,1.26287,1.26098,1.26135,32459699.2188,1.2570893231687392,2,0,,0,0.0
21.01.2004 12:00:00.000,1.26162,1.26366,1.25995,1.26058,34088601.5625,1.257357836771144,2,0,,0,0.0
21.01.2004 13:00:00.000,1.26055,1.26193,1.25844,1.26193,32331000.0,1.2577095416349022,2,0,,0,0.0
21.01.2004 14:00:00.000,1.26204,1.2627,1.25746,1.25828,31602500.0,1.2577534230476022,2,0,,0,0.0
21.01.2004 15:00:00.000,1.25858,1.26275,1.2575,1.26228,31662500.0,1.2581016212747098,2,0,,0,0.0
21.01.2004 16:00:00.000,1.2622,1.26364,1.26039,1.26153,292273812.5,1.258365342715117,2,0,,0,0.0
21.01.2004 17:00:00.000,1.26143,1.26505,1.26111,1.26415,136843796.875,1.2588103163524156,2,0,,0,0.0
21.01.2004 18:00:00.000,1.26429,1.26453,1.26267,1.26395,150238593.75,1.259205676632999,2,0,,0,0.0
21.01.2004 19:00:00.000,1.26402,1.26478,1.26264,1.26286,102848296.875,1.2594867784304609,2,0,,0,0.0
21.01.2004 20:00:00.000,1.26298,1.26338,1.26215,1.26265,64763898.4375,1.2597301031665795,2,0,,0,0.0
21.01.2004 21:00:00.000,1.26243,1.26455,1.26204,1.26409,30722599.6094,1.2600654798460735,2,0,,0,0.0
21.01.2004 22:00:00.000,1.26389,1.26474,1.26332,1.26383,30882500.0,1.2603550583194527,2,0,,0,0.0
21.01.2004 23:00:00.000,1.26359,1.26625,1.26328,1.26529,30808900.3906,1.2607346692179564,2,0,,0,0.0
22.01.2004 00:00:00.000,1.26541,1.26644,1.26507,1.26605,31682900.3906,1.2611435408165752,2,0,,0,0.0
22.01.2004 01:00:00.000,1.26598,1.26674,1.26545,1.26668,31826099.6094,1.2615694222922231,2,0,,0,0.0
22.01.2004 02:00:00.000,1.26644,1.26802,1.26588,1.26641,32608300.7813,1.2619417744235906,2,0,,0,0.0
22.01.2004 03:00:00.000,1.26635,1.26808,1.2655,1.2673,32669400.3906,1.262353945621776,2,0,,0,0.0
22.01.2004 04:00:00.000,1.26747,1.26785,1.26659,1.26711,30802800.7813,1.2627197959585625,2,0,,0,0.0
22.01.2004 05:00:00.000,1.2671,1.26742,1.26644,1.26712,30654500.0,1.2630582731925193,2,0,,0,0.0
22.01.2004 06:00:00.000,1.26701,1.26738,1.26572,1.2663,31656000.0,1.2633076367930949,2,0,,0,0.0
22.01.2004 07:00:00.000,1.26645,1.26828,1.26498,1.26592,32702099.6094,1.2635085878090109,2,0,,0,0.0
22.01.2004 08:00:00.000,1.26593,1.26717,1.2637,1.26379,30100300.7813,1.2635302349006254,2,0,,0,0.0
22.01.2004 09:00:00.000,1.26369,1.27217,1.26349,1.2721,31834400.3906,1.2641894476005773,0,0,,0,0.0
22.01.2004 10:00:00.000,1.27203,1.27475,1.27075,1.27293,30920800.7813,1.2648617977851484,0,1,1.27575,0,0.0
22.01.2004 11:00:00.000,1.27285,1.27347,1.27037,1.27047,33594601.5625,1.2652931979555215,0,0,,0,0.0
22.01.2004 12:00:00.000,1.27047,1.27285,1.26998,1.27074,33816601.5625,1.2657121827281737,0,0,,0,0.0
22.01.2004 13:00:00.000,1.27082,1.27362,1.26933,1.27062,31976099.6094,1.2660897071336987,0,0,,0,0.0
22.01.2004 14:00:00.000,1.27054,1.27146,1.26607,1.26938,31539900.3906,1.2663428065849527,0,0,,0,0.0
22.01.2004 15:00:00.000,1.26906,1.27067,1.26777,1.27038,33455300.7813,1.2666533599245717,0,0,,0,0.0
22.01.2004 16:00:00.000,1.27009,1.27214,1.26966,1.27148,298429906.25,1.267024639930374,0,0,,0,0.0
22.01.2004 17:00:00.000,1.27143,1.27199,1.26901,1.27014,133362703.125,1.2672642830126528,0,0,,0,0.0
22.01.2004 18:00:00.000,1.27017,1.2708,1.26968,1.27047,144932203.125,1.2675108766270642,0,0,,0,0.0
22.01.2004 19:00:00.000,1.27037,1.2712,1.2695,1.27063,103663000.0,1.2677508091942131,0,0,,0,0.0
22.01.2004 20:00:00.000,1.27053,1.27149,1.27024,1.27063,60650898.4375,1.267972285410043,0,0,,0,0.0
22.01.2004 21:00:00.000,1.2705,1.27178,1.27019,1.27169,32087900.3906,1.2682582634554245,0,0,,0,0.0
22.01.2004 22:00:00.000,1.27148,1.27365,1.27088,1.27279,33960199.2188,1.268606858574238,0,0,,0,0.0
22.01.2004 23:00:00.000,1.27265,1.27331,1.27134,1.27184,31335800.7813,1.2688555617608352,0,0,,0,0.0
23.01.2004 00:00:00.000,1.27195,1.27213,1.27016,1.27142,31854300.7813,1.2690528262407712,0,0,,0,0.0
23.01.2004 01:00:00.000,1.27138,1.27319,1.27126,1.2727,33907199.2188,1.2693333780684044,2,0,,0,0.0
23.01.2004 02:00:00.000,1.27272,1.27297,1.27134,1.27149,32547800.7813,1.2694992720631426,2,0,,0,0.0
23.01.2004 03:00:00.000,1.27151,1.27216,1.27109,1.27124,30379500.0,1.2696331742121318,2,0,,0,0.0
23.01.2004 04:00:00.000,1.27142,1.27159,1.26973,1.27,33441898.4375,1.2696613915804296,2,0,,0,0.0
23.01.2004 05:00:00.000,1.27008,1.27118,1.26967,1.27067,30372599.6094,1.2697389768434737,2,0,,0,0.0
23.01.2004 06:00:00.000,1.27059,1.27247,1.27039,1.27223,32741800.7813,1.2699305940093604,2,0,,0,0.0
23.01.2004 07:00:00.000,1.27224,1.27652,1.27113,1.27607,31106699.2188,1.2704028560086404,2,0,,0,0.0
23.01.2004 08:00:00.000,1.276,1.2773,1.27495,1.2763,35471601.5625,1.2708564824695143,2,0,,0,0.0
23.01.2004 09:00:00.000,1.27633,1.27664,1.27423,1.27625,31891699.2188,1.2712713684333978,2,0,,0,0.0
23.01.2004 10:00:00.000,1.27645,1.27732,1.27472,1.27578,30844599.6094,1.2716181862462135,2,1,1.27832,0,0.0
23.01.2004 11:00:00.000,1.27585,1.27595,1.2726,1.27367,32689900.3906,1.271776018073428,2,0,,0,0.0
23.01.2004 12:00:00.000,1.27358,1.27392,1.26737,1.26825,33100300.7813,1.271504785913934,0,0,,0,0.0
23.01.2004 13:00:00.000,1.26818,1.27042,1.26669,1.26731,31708099.6094,1.2711821100744007,0,0,,0,0.0
23.01.2004 14:00:00.000,1.26703,1.26949,1.26594,1.269,32362699.2188,1.271014255453293,0,0,,0,0.0
23.01.2004 15:00:00.000,1.26905,1.26987,1.26746,1.26786,32594900.3906,1.2707716204184245,0,0,,0,0.0
23.01.2004 16:00:00.000,1.26777,1.26794,1.26048,1.26067,294812187.5,1.2699945726939303,0,0,,0,0.0
23.01.2004 17:00:00.000,1.26058,1.26217,1.25981,1.26096,129802703.125,1.2692996055636283,0,0,,0,0.0
23.01.2004 18:00:00.000,1.26103,1.26122,1.25621,1.25838,145824093.75,1.2684596359048879,0,0,,0,0.0
23.01.2004 19:00:00.000,1.25825,1.26007,1.25806,1.25958,105942203.125,1.2677765869891273,0,0,,0,0.0
23.01.2004 20:00:00.000,1.25958,1.25995,1.25801,1.25833,64544699.2188,1.267049926451502,0,0,,0,0.0
23.01.2004 21:00:00.000,1.25806,1.25936,1.25756,1.25781,29941900.3906,1.2663391628783098,0,0,,0,0.0
25.01.2004 22:00:00.000,1.25726,1.25784,1.25606,1.25765,28969000.0,1.2656707657338246,0,0,,0,0.0
25.01.2004 23:00:00.000,1.25744,1.25857,1.25665,1.2567,29889400.3906,1.2649807068312229,0,0,,0,0.0
26.01.2004 00:00:00.000,1.25661,1.2575,1.25572,1.2561,31913000.0,1.2642975755365136,0,0,,0,0.0
26.01.2004 01:00:00.000,1.25617,1.25873,1.25596,1.25856,33228500.0,1.2638562235721664,0,0,,0,0.0
26.01.2004 02:00:00.000,1.25845,1.25908,1.2571,1.25735,33214898.4375,1.2633557448358461,0,0,,0,0.0
26.01.2004 03:00:00.000,1.25739,1.2581,1.25657,1.25728,33238500.0,1.2628883798484734,0,0,,0,0.0
26.01.2004 04:00:00.000,1.25739,1.25841,1.25682,1.25801,32471800.7813,1.2625131198601294,1,0,,0,0.0
26.01.2004 05:00:00.000,1.25814,1.25872,1.25643,1.25702,30767400.3906,1.2620905721785811,1,0,,0,0.0
26.01.2004 06:00:00.000,1.25688,1.2579,1.25603,1.25694,32680400.3906,1.2616943743186904,1,0,,0,0.0
26.01.2004 07:00:00.000,1.25685,1.2573,1.25245,1.25329,33016800.7813,1.2610478839864836,1,2,1.2514500000000002,0,0.0
26.01.2004 08:00:00.000,1.25307,1.26024,1.25307,1.25929,31185300.7813,1.2609126621413695,1,0,,0,0.0
26.01.2004 09:00:00.000,1.25953,1.25975,1.2557,1.25578,30823500.0,1.260517841976649,1,0,,0,0.0
26.01.2004 10:00:00.000,1.25595,1.26003,1.2547,1.25811,32422800.7813,1.2603326233630607,1,0,,0,0.0
26.01.2004 11:00:00.000,1.25796,1.25817,1.25493,1.25648,31693699.2188,1.2600362677197485,1,0,,0,0.0
26.01.2004 12:00:00.000,1.25626,1.25672,1.25466,1.25583,35335000.0,1.2597127086643833,1,0,,0,0.0
26.01.2004 13:00:00.000,1.25593,1.25908,1.25587,1.25794,33975199.2188,1.2595763464594307,1,0,,0,0.0
26.01.2004 14:00:00.000,1.25831,1.26095,1.25808,1.25835,30554400.3906,1.2594820121163977,1,1,1.26195,0,0.0
26.01.2004 15:00:00.000,1.2584,1.25897,1.25565,1.25576,31951900.3906,1.2591957034920593,1,0,,0,0.0
26.01.2004 16:00:00.000,1.25536,1.25626,1.25361,1.25509,293749593.75,1.2588798801465162,1,0,,0,0.0
26.01.2004 17:00:00.000,1.25497,1.25522,1.25266,1.25296,133854500.0,1.2584245047506304,1,0,,0,0.0
26.01.2004 18:00:00.000,1.25313,1.25334,1.24752,1.24823,150550203.125,1.257640312077505,1,0,,0,0.0
26.01.2004 19:00:00.000,1.2481,1.24893,1.24593,1.2465,105875000.0,1.25678336499462,1,0,,0,0.0
26.01.2004 20:00:00.000,1.24652,1.24773,1.24567,1.24647,63371300.7813,1.2559900292258033,1,0,,0,0.0
26.01.2004 21:00:00.000,1.24624,1.2474,1.24557,1.24565,31909699.2188,1.25519464236228,1,0,,0,0.0
26.01.2004 22:00:00.000,1.24588,1.24716,1.24542,1.2467,31179199.2188,1.2545412083344125,1,0,,0,0.0
26.01.2004 23:00:00.000,1.2466,1.24875,1.2466,1.24824,32845800.7813,1.2540565000009962,1,0,,0,0.0
27.01.2004 00:00:00.000,1.24834,1.24875,1.24738,1.24739,32052500.0,1.253543692308612,1,0,,0,0.0
27.01.2004 01:00:00.000,1.24757,1.24769,1.2455,1.24607,33538500.0,1.2529687929002573,1,0,,0,0.0
27.01.2004 02:00:00.000,1.24603,1.24635,1.24503,1.24568,34058199.2188,1.2524081165233145,1,0,,0,0.0
27.01.2004 03:00:00.000,1.2457,1.2465,1.24478,1.24595,31487000.0,1.2519113383292133,1,0,,0,0.0
27.01.2004 04:00:00.000,1.246,1.2465,1.24502,1.24599,31116000.0,1.2514558507654276,1,0,,0,0.0
27.01.2004 05:00:00.000,1.24592,1.24713,1.24591,1.24632,29553900.3906,1.2510607853219333,1,0,,0,0.0
27.01.2004 06:00:00.000,1.24637,1.24741,1.24527,1.24618,33074101.5625,1.2506853402971694,1,0,,0,0.0
27.01.2004 07:00:00.000,1.24623,1.24734,1.24391,1.2461,32461400.3906,1.2503326218127717,1,2,1.2429100000000002,0,0.0
27.01.2004 08:00:00.000,1.24584,1.24799,1.2448,1.24637,31791800.7813,1.250027804750251,1,0,,0,0.0
27.01.2004 09:00:00.000,1.24672,1.24864,1.24524,1.24574,31981599.6094,1.2496979736156164,1,0,,0,0.0
27.01.2004 10:00:00.000,1.24591,1.24886,1.24579,1.24874,30160800.7813,1.2496242833374922,1,0,,0,0.0
27.01.2004 11:00:00.000,1.24868,1.24995,1.24765,1.24839,32778398.4375,1.2495293384653776,1,0,,0,0.0
27.01.2004 12:00:00.000,1.24819,1.25335,1.24819,1.25255,31339199.2188,1.2497616970449639,0,0,,0,0.0
27.01.2004 13:00:00.000,1.25257,1.25695,1.25131,1.25645,31222099.6094,1.250276181887659,0,0,,0,0.0
27.01.2004 14:00:00.000,1.25652,1.25716,1.25457,1.2563,32338099.6094,1.2507395525116853,0,0,,0,0.0
27.01.2004 15:00:00.000,1.25675,1.26146,1.25649,1.26146,33709000.0,1.2515642023184788,0,0,,0,0.0
27.01.2004 16:00:00.000,1.26142,1.26503,1.26023,1.2643,251710593.75,1.2525438790632113,0,0,,0,0.0
27.01.2004 17:00:00.000,1.2642,1.26503,1.26102,1.26212,138965906.25,1.2532805037506567,0,0,,0,0.0
27.01.2004 18:00:00.000,1.26215,1.26399,1.2616,1.26285,148746203.125,1.25401661884676,0,0,,0,0.0
27.01.2004 19:00:00.000,1.26293,1.26379,1.26204,1.26283,104640601.5625,1.2546945712431632,0,0,,0,0.0
27.01.2004 20:00:00.000,1.26277,1.26426,1.26235,1.26344,63099601.5625,1.2553672965321505,0,0,,0,0.0
27.01.2004 21:00:00.000,1.26323,1.26455,1.26288,1.26404,32568699.2188,1.256034427568139,0,0,,0,0.0
27.01.2004 22:00:00.000,1.26429,1.26608,1.26336,1.26409,32571300.7813,1.2566540869859746,0,1,1.26708,0,0.0
27.01.2004 23:00:00.000,1.26373,1.2643,1.26281,1.26318,31392699.2188,1.257156080294746,0,0,,0,0.0
28.01.2004 00:00:00.000,1.26337,1.2634,1.26119,1.26149,31774199.2188,1.2574894587336116,0,0,,0,0.0
28.01.2004 01:00:00.000,1.26171,1.26261,1.26095,1.2623,32536500.0,1.2578595003694877,0,0,,0,0.0
28.01.2004 02:00:00.000,1.26215,1.26268,1.26136,1.26138,31842699.2188,1.2581303080333734,0,0,,0,0.0
28.01.2004 03:00:00.000,1.26159,1.26225,1.25948,1.25955,30675300.7813,1.2582395151077295,0,0,,0,0.0
28.01.2004 04:00:00.000,1.25969,1.26048,1.2579,1.25916,32701599.6094,1.2583103216379041,2,0,,0,0.0
28.01.2004 05:00:00.000,1.25935,1.26187,1.25921,1.26114,29797699.2188,1.2585279892042194,2,0,,0,0.0
28.01.2004 06:00:00.000,1.26102,1.26319,1.25785,1.26006,32752500.0,1.2586458361885102,2,0,,0,0.0
28.01.2004 07:00:00.000,1.26029,1.26407,1.25939,1.26342,31283500.0,1.259013079558625,2,0,,0,0.0
28.01.2004 08:00:00.000,1.26345,1.26357,1.25886,1.25918,31874900.3906,1.2590259195925768,2,0,,0,0.0
28.01.2004 09:00:00.000,1.25936,1.2614,1.25871,1.26045,31478800.7813,1.2591354642393018,2,0,,0,0.0
28.01.2004 10:00:00.000,1.26023,1.26077,1.25913,1.26039,30958199.2188,1.2592319669901246,2,0,,0,0.0
28.01.2004 11:00:00.000,1.26058,1.26152,1.25974,1.26066,34160199.2188,1.259341815683192,2,0,,0,0.0
28.01.2004 12:00:00.000,1.26066,1.26075,1.25616,1.25685,32932898.4375,1.2591501375537157,0,0,,0,0.0
28.01.2004 13:00:00.000,1.2571,1.25971,1.25437,1.25645,31740599.6094,1.2589424346649682,0,0,,0,0.0
28.01.2004 14:00:00.000,1.25652,1.25925,1.2555,1.25874,34112000.0,1.258926862767663,0,0,,0,0.0
28.01.2004 15:00:00.000,1.2586,1.25871,1.2549,1.25847,30628099.6094,1.258891719477843,0,0,,0,0.0
28.01.2004 16:00:00.000,1.25845,1.26245,1.25704,1.26211,291216593.75,1.259139279518009,0,0,,0,0.0
28.01.2004 17:00:00.000,1.26199,1.26415,1.26199,1.26348,131064101.5625,1.2594731810935467,0,1,1.26515,0,0.0
28.01.2004 18:00:00.000,1.2635,1.26393,1.26273,1.26326,148148203.125,1.2597644748555816,0,0,,0,0.0
28.01.2004 19:00:00.000,1.26318,1.26398,1.24618,1.25124,106344703.125,1.259108746020537,0,0,,0,0.0
28.01.2004 20:00:00.000,1.25099,1.25122,1.24827,1.24846,62914699.2188,1.258289611711265,0,0,,0,0.0
28.01.2004 21:00:00.000,1.24805,1.24906,1.24652,1.24655,30063300.7813,1.2573865646565525,0,0,,0,0.0
28.01.2004 22:00:00.000,1.24665,1.24703,1.24113,1.2421,33018800.7813,1.2562106750675872,0,2,1.2401300000000002,0,0.0
28.01.2004 23:00:00.000,1.24208,1.24435,1.24177,1.24345,30308400.3906,1.255229084677773,0,0,,0,0.0
29.01.2004 00:00:00.000,1.24349,1.24716,1.24325,1.24692,32648699.2188,1.2545899243179444,0,0,,0,0.0
29.01.2004 01:00:00.000,1.24698,1.24994,1.24643,1.24797,34013601.5625,1.2540806993704103,0,0,,0,0.0
29.01.2004 02:00:00.000,1.2477,1.24805,1.24598,1.24667,32688099.6094,1.2535106455726865,0,0,,0,0.0
29.01.2004 03:00:00.000,1.24659,1.24865,1.246,1.2464,32427800.7813,1.252963672836326,0,0,,0,0.0
29.01.2004 04:00:00.000,1.24662,1.24717,1.245,1.24559,33291898.4375,1.2523964672335317,0,0,,0,0.0
29.01.2004 05:00:00.000,1.24582,1.24715,1.24511,1.24559,32268300.7813,1.2518728928309524,0,0,,0,0.0
29.01.2004 06:00:00.000,1.24553,1.24819,1.24478,1.24779,30179500.0,1.2515588241516484,0,0,,0,0.0
29.01.2004 07:00:00.000,1.24776,1.25145,1.24673,1.251,31349699.2188,1.2515158376784448,0,0,,0,0.0
29.01.2004 08:00:00.000,1.25075,1.25098,1.24785,1.24882,32406300.7813,1.2513084655493338,0,0,,0,0.0
29.01.2004 09:00:00.000,1.24891,1.25248,1.2484,1.25202,30506699.2188,1.251363198968616,0,0,,0,0.0
29.01.2004 10:00:00.000,1.25217,1.25252,1.24921,1.25015,30624500.0,1.2512698759710303,0,1,1.25352,0,0.0
29.01.2004 11:00:00.000,1.25023,1.25176,1.24978,1.25047,31427800.7813,1.251208347050182,0,0,,0,0.0
29.01.2004 12:00:00.000,1.25033,1.25047,1.24569,1.24621,31643699.2188,1.2508238588155527,0,0,,0,0.0
29.01.2004 13:00:00.000,1.24623,1.24732,1.24168,1.24408,31209099.6094,1.2503051004451256,0,0,,0,0.0
29.01.2004 14:00:00.000,1.2442,1.24738,1.24363,1.2452,28714199.2188,1.2499124004108852,0,0,,0,0.0
29.01.2004 15:00:00.000,1.24551,1.24592,1.23668,1.2371,30778900.3906,1.2489268311485096,0,0,,0,0.0
29.01.2004 16:00:00.000,1.23665,1.23925,1.23607,1.23839,280668312.5,1.2481163056755473,0,2,1.2350700000000001,0,0.0
29.01.2004 17:00:00.000,1.23828,1.24047,1.23732,1.2382,135269000.0,1.2473535129312745,0,0,,0,0.0
29.01.2004 18:00:00.000,1.23811,1.24137,1.2373,1.23802,151345000.0,1.2466355503980995,0,0,,0,0.0
29.01.2004 19:00:00.000,1.23797,1.24075,1.23756,1.23982,104003101.5625,1.2461112772905534,0,0,,0,0.0
29.01.2004 20:00:00.000,1.23997,1.2415,1.23926,1.24093,62906601.5625,1.2457127174989724,0,0,,0,0.0
29.01.2004 21:00:00.000,1.24052,1.24132,1.24018,1.24046,34017199.2188,1.245308662306744,0,0,,0,0.0
29.01.2004 22:00:00.000,1.24046,1.24176,1.23978,1.24034,30116199.2188,1.2449264575139176,0,0,,0,0.0
29.01.2004 23:00:00.000,1.24042,1.24127,1.24001,1.2405,30363599.6094,1.2445859607820777,0,0,,0,0.0
30.01.2004 00:00:00.000,1.24037,1.24117,1.23929,1.24055,31507800.7813,1.2442755022603795,0,0,,0,0.0
30.01.2004 01:00:00.000,1.24047,1.24174,1.23999,1.24079,33321898.4375,1.2440073867018888,0,0,,0,0.0
30.01.2004 02:00:00.000,1.24069,1.2413,1.23988,1.24018,32644400.3906,1.2437129723402052,1,0,,0,0.0
30.01.2004 03:00:00.000,1.24031,1.2411,1.23996,1.24059,30222000.0,1.2434727436986508,1,0,,0,0.0
30.01.2004 04:00:00.000,1.2406,1.24162,1.23977,1.24148,31747500.0,1.2433194557218317,1,0,,0,0.0
30.01.2004 05:00:00.000,1.2416,1.24166,1.23893,1.23898,31366300.7813,1.242985651435537,1,0,,0,0.0
30.01.2004 06:00:00.000,1.23895,1.24085,1.23797,1.24053,33744601.5625,1.2427967551712649,1,0,,0,0.0
30.01.2004 07:00:00.000,1.24073,1.24291,1.23829,1.23911,33552300.7813,1.2425131586196292,1,0,,0,0.0
30.01.2004 08:00:00.000,1.2395,1.23998,1.23596,1.23632,33414601.5625,1.2420367618027348,1,0,,0,0.0
30.01.2004 09:00:00.000,1.2365,1.23763,1.23491,1.23704,31609800.7813,1.2416523955102168,1,2,1.23391,0,0.0
30.01.2004 10:00:00.000,1.23705,1.24063,1.23699,1.24023,31576599.6094,1.2415429804709692,1,0,,0,0.0
30.01.2004 11:00:00.000,1.24,1.24075,1.23737,1.23806,31408699.2188,1.2412750588962793,1,0,,0,0.0
30.01.2004 12:00:00.000,1.23788,1.23945,1.23744,1.2392,33680699.2188,1.241115438981181,1,0,,0,0.0
30.01.2004 13:00:00.000,1.23885,1.24897,1.23751,1.24441,32020099.6094,1.2413688667518594,0,1,1.2499699999999998,0,0.0
30.01.2004 14:00:00.000,1.24428,1.24502,1.23863,1.23884,32701300.7813,1.241174338540178,0,0,,0,0.0
30.01.2004 15:00:00.000,1.23865,1.24263,1.23622,1.24188,33724398.4375,1.2412286201909335,0,0,,0,0.0
30.01.2004 16:00:00.000,1.24181,1.24636,1.24025,1.24518,293350000.0,1.2415325724839388,0,0,,0,0.0
30.01.2004 17:00:00.000,1.24525,1.24846,1.24477,1.24602,135365906.25,1.2418777592159436,0,0,,0,0.0
30.01.2004 18:00:00.000,1.24622,1.24825,1.24575,1.2469,146084203.125,1.242264085430102,0,0,,0,0.0
30.01.2004 19:00:00.000,1.24679,1.24722,1.24455,1.24627,106646398.4375,1.2425722327047095,0,0,,0,0.0
30.01.2004 20:00:00.000,1.24622,1.24776,1.24603,1.24709,63815300.7813,1.2429197532658858,0,0,,0,0.0
30.01.2004 21:00:00.000,1.24655,1.24794,1.2463,1.24731,30840300.7813,1.2432574645531254,0,0,,0,0.0
01.02.2004 22:00:00.000,1.2468,1.24818,1.24662,1.2478,30773900.3906,1.2436068903567312,0,0,,0,0.0
01.02.2004 23:00:00.000,1.24738,1.24848,1.24669,1.24721,32935601.5625,1.2438840526369828,0,0,,0,0.0
02.02.2004 00:00:00.000,1.24704,1.24792,1.24613,1.24615,32839699.2188,1.2440583562802918,0,0,,0,0.0
02.02.2004 01:00:00.000,1.24618,1.24663,1.24543,1.246,32862800.7813,1.2442077134895002,0,0,,0,0.0
02.02.2004 02:00:00.000,1.246,1.24731,1.24574,1.24619,32746300.7813,1.2443601970672309,0,0,,0,0.0
02.02.2004 03:00:00.000,1.24658,1.24677,1.24557,1.24557,31010199.2188,1.2444532588312902,0,0,,0,0.0
02.02.2004 04:00:00.000,1.24561,1.2462,1.24454,1.24501,31788800.7813,1.244496085075037,0,0,,0,0.0
02.02.2004 05:00:00.000,1.24502,1.24583,1.24431,1.24506,32536800.7813,1.2445394631461881,0,0,,0,0.0
02.02.2004 06:00:00.000,1.24495,1.24567,1.24393,1.24523,32971101.5625,1.2445925813657122,0,0,,0,0.0
02.02.2004 07:00:00.000,1.24544,1.24662,1.24404,1.24601,31598699.2188,1.2447016135683497,2,0,,0,0.0
02.02.2004 08:00:00.000,1.24614,1.24702,1.24363,1.2465,30754500.0,1.244839950986169,2,0,,0,0.0
02.02.2004 09:00:00.000,1.24637,1.24771,1.24529,1.24537,30995400.3906,1.244880723987233,2,0,,0,0.0
02.02.2004 10:00:00.000,1.24512,1.24652,1.24365,1.24536,32202699.2188,1.2449175913728305,2,0,,0,0.0
02.02.2004 11:00:00.000,1.24558,1.24638,1.24396,1.24469,31901199.2188,1.2449000843441513,0,0,,0,0.0
02.02.2004 12:00:00.000,1.2447,1.24725,1.24433,1.24619,32070900.3906,1.2449993086253703,0,0,,0,0.0
02.02.2004 13:00:00.000,1.24618,1.2465,1.24384,1.24635,32410900.3906,1.2451032079618805,0,0,,0,0.0
02.02.2004 14:00:00.000,1.24618,1.24632,1.24477,1.24536,32266699.2188,1.245122961195582,0,0,,0,0.0
02.02.2004 15:00:00.000,1.24585,1.24635,1.2425,1.24391,31523199.2188,1.2450296564882297,0,0,,0,0.0
02.02.2004 16:00:00.000,1.24364,1.24433,1.24177,1.2421,292263406.25,1.2448042982968277,0,0,,0,0.0
02.02.2004 17:00:00.000,1.24204,1.24261,1.23882,1.23987,133496406.25,1.2444247368893795,0,2,1.2378200000000001,0,0.0
02.02.2004 18:00:00.000,1.23976,1.24231,1.23944,1.24092,145059593.75,1.2441551417440428,0,0,,0,0.0
02.02.2004 19:00:00.000,1.24101,1.24129,1.23941,1.24105,106800101.5625,1.2439162846868088,0,0,,0,0.0
02.02.2004 20:00:00.000,1.2412,1.24316,1.24074,1.24242,61505601.5625,1.2438011858647466,0,0,,0,0.0
02.02.2004 21:00:00.000,1.24223,1.2432,1.2418,1.24221,33528300.7813,1.243678786952074,0,0,,0,0.0
02.02.2004 22:00:00.000,1.24232,1.24427,1.24198,1.24387,30345599.6094,1.2436934956480683,0,0,,0,0.0
02.02.2004 23:00:00.000,1.24371,1.2452,1.24241,1.2427,32209599.6094,1.2436170729059093,0,0,,0,0.0
03.02.2004 00:00:00.000,1.24272,1.24325,1.24124,1.24263,34170101.5625,1.2435411442208395,0,0,,0,0.0
03.02.2004 01:00:00.000,1.24253,1.2449,1.24243,1.24425,34950101.5625,1.2435956715884675,0,0,,0,0.0
03.02.2004 02:00:00.000,1.2444,1.24609,1.24324,1.24503,33607398.4375,1.243706004543201,0,0,,0,0.0
03.02.2004 03:00:00.000,1.24523,1.24657,1.24468,1.24604,29915000.0,1.2438855426552624,0,0,,0,0.0
03.02.2004 04:00:00.000,1.2461,1.24694,1.24572,1.24653,33271398.4375,1.2440889624510114,0,0,,0,0.0
03.02.2004 05:00:00.000,1.24658,1.24735,1.24617,1.24661,30076000.0,1.2442828884163184,0,0,,0,0.0
03.02.2004 06:00:00.000,1.24653,1.24932,1.24616,1.24915,31885900.3906,1.2446572816150634,0,0,,0,0.0
03.02.2004 07:00:00.000,1.24896,1.25571,1.24876,1.25558,32366300.7813,1.245497490721597,0,0,,0,0.0
03.02.2004 08:00:00.000,1.25565,1.25651,1.25342,1.25439,30438000.0,1.2461815298968588,0,0,,0,0.0
03.02.2004 09:00:00.000,1.25463,1.25493,1.2534,1.25441,31235900.3906,1.2468144891355621,0,0,,0,0.0
03.02.2004 10:00:00.000,1.25453,1.25777,1.25402,1.2577,31488199.2188,1.2476518361251343,0,0,,0,0.0
03.02.2004 11:00:00.000,1.25806,1.25967,1.25636,1.25721,31168199.2188,1.248387079500124,0,1,1.26067,0,0.0
03.02.2004 12:00:00.000,1.25691,1.25719,1.25579,1.25665,32173199.2188,1.2490226887693452,0,0,,0,0.0
03.02.2004 13:00:00.000,1.25642,1.25878,1.25448,1.25448,30781199.2188,1.2494424819409342,0,0,,0,0.0
03.02.2004 14:00:00.000,1.25432,1.2568,1.25372,1.25603,33436199.2188,1.2499492140993238,0,0,,0,0.0
03.02.2004 15:00:00.000,1.25605,1.25746,1.25403,1.25549,31920199.2188,1.2503754283993758,0,0,,0,0.0
03.02.2004 16:00:00.000,1.25563,1.25639,1.25396,1.25619,290854687.5,1.2508227031378853,0,0,,0,0.0
03.02.2004 17:00:00.000,1.25617,1.25733,1.25426,1.25495,132816703.125,1.2511401875118942,2,0,,0,0.0
03.02.2004 18:00:00.000,1.25467,1.25491,1.2521,1.25257,145864093.75,1.2512501730879024,2,0,,0,0.0
03.02.2004 19:00:00.000,1.25248,1.25478,1.25235,1.25415,109088703.125,1.2514732366965253,2,0,,0,0.0
03.02.2004 20:00:00.000,1.25423,1.25437,1.25247,1.25276,63700699.2188,1.2515722184891003,2,0,,0,0.0
03.02.2004 21:00:00.000,1.25277,1.25427,1.2524,1.25381,32098400.3906,1.2517443555284005,2,0,,0,0.0
03.02.2004 22:00:00.000,1.25407,1.25507,1.25354,1.25413,31592500.0,1.2519278666416005,2,0,,0,0.0
03.02.2004 23:00:00.000,1.25403,1.2554,1.25384,1.25417,34404898.4375,1.2521003384384006,2,0,,0,0.0
04.02.2004 00:00:00.000,1.25392,1.25421,1.25149,1.25159,30844900.3906,1.2520610816354467,0,0,,0,0.0
04.02.2004 01:00:00.000,1.25184,1.25369,1.2506,1.25156,32443099.6094,1.2520225368942586,0,0,,0,0.0
04.02.2004 02:00:00.000,1.25176,1.25176,1.25055,1.25077,32494099.6094,1.2519261879023926,0,0,,0,0.0
04.02.2004 03:00:00.000,1.25085,1.25169,1.25042,1.25104,32726599.6094,1.2518580196022087,0,2,1.2494200000000002,0,0.0
04.02.2004 04:00:00.000,1.25106,1.25321,1.25091,1.25295,31008599.6094,1.2519420180943466,0,0,,0,0.0
04.02.2004 05:00:00.000,1.25305,1.25431,1.2527,1.25403,32323800.7813,1.2521026320870892,0,0,,0,0.0
04.02.2004 06:00:00.000,1.2539,1.25506,1.2535,1.25451,31822900.3906,1.2522878142342364,0,0,,0,0.0
04.02.2004 07:00:00.000,1.25479,1.25591,1.25293,1.25336,31216699.2188,1.2523702900623723,0,0,,0,0.0
04.02.2004 08:00:00.000,1.25338,1.25472,1.25157,1.25428,30331699.2188,1.2525171908268053,0,0,,0,0.0
04.02.2004 09:00:00.000,1.25411,1.25526,1.25317,1.2546,32207099.6094,1.2526774069170512,0,0,,0,0.0
04.02.2004 10:00:00.000,1.25491,1.25593,1.25389,1.2543,30597599.6094,1.2528022217695858,0,1,1.2569299999999999,0,0.0
04.02.2004 11:00:00.000,1.25442,1.25478,1.2533,1.25381,31752000.0,1.2528797431719254,0,0,,0,0.0
04.02.2004 12:00:00.000,1.25368,1.25426,1.25226,1.25304,33782800.7813,1.2528920706202389,0,0,,0,0.0
04.02.2004 13:00:00.000,1.2533,1.25395,1.25185,1.25249,31873000.0,1.2528611421109896,0,0,,0,0.0
04.02.2004 14:00:00.000,1.25208,1.25455,1.25021,1.25021,33927000.0,1.252657208102452,0,0,,0,0.0
04.02.2004 15:00:00.000,1.24942,1.2523,1.24919,1.2516,33955300.7813,1.2525758844022636,0,2,1.2481900000000001,0,0.0
04.02.2004 16:00:00.000,1.25153,1.25516,1.25124,1.25491,294307000.0,1.2527554317559357,0,0,,0,0.0
04.02.2004 17:00:00.000,1.25505,1.25567,1.25353,1.25415,135246093.75,1.2528627062362485,0,0,,0,0.0
04.02.2004 18:00:00.000,1.25394,1.25564,1.25375,1.25417,147742593.75,1.2529632672949989,0,0,,0,0.0
04.02.2004 19:00:00.000,1.25407,1.25508,1.25244,1.25317,105461296.875,1.2529791698107682,0,0,,0,0.0
04.02.2004 20:00:00.000,1.25319,1.2534,1.25224,1.2528,64307601.5625,1.2529653875176323,0,0,,0,0.0
04.02.2004 21:00:00.000,1.25278,1.25371,1.25245,1.25323,31657199.2188,1.2529857423239683,0,0,,0,0.0
04.02.2004 22:00:00.000,1.25329,1.25447,1.25294,1.2533,32910101.5625,1.2530099159913555,0,0,,0,0.0
04.02.2004 23:00:00.000,1.25324,1.25438,1.25314,1.25354,30130599.6094,1.2530506916843283,0,0,,0,0.0
05.02.2004 00:00:00.000,1.25325,1.25354,1.25253,1.25322,30232199.2188,1.2530637154009183,0,0,,0,0.0
05.02.2004 01:00:00.000,1.25335,1.2543,1.2531,1.25356,33779898.4375,1.2531018911393093,0,0,,0,0.0
05.02.2004 02:00:00.000,1.25359,1.25387,1.25249,1.25265,33373699.2188,1.2530671302824394,0,0,,0,0.0
05.02.2004 03:00:00.000,1.25276,1.25276,1.25157,1.25224,32904300.7813,1.2530035048760981,0,2,1.2505700000000002,0,0.0
05.02.2004 04:00:00.000,1.25264,1.25324,1.25187,1.25284,32562500.0,1.252990927577937,0,0,,0,0.0
05.02.2004 05:00:00.000,1.25281,1.25355,1.25236,1.25299,30887099.6094,1.252990856225788,0,0,,0,0.0
05.02.2004 06:00:00.000,1.25311,1.25408,1.2525,1.2534,30735500.0,1.2530223288238045,0,0,,0,0.0
05.02.2004 07:00:00.000,1.25353,1.25456,1.25286,1.25432,32144400.3906,1.2531221496835119,0,0,,0,0.0
05.02.2004 08:00:00.000,1.25416,1.25528,1.2538,1.25497,32216800.7813,1.2532642920155495,0,0,,0,0.0
05.02.2004 09:00:00.000,1.2548,1.25919,1.25429,1.2581,33223898.4375,1.253636269552815,0,0,,0,0.0
05.02.2004 10:00:00.000,1.25825,1.25906,1.25701,1.25806,32538900.3906,1.2539765565102907,0,0,,0,0.0
05.02.2004 11:00:00.000,1.258,1.25906,1.25712,1.25777,31620400.3906,1.254268359855653,0,0,,0,0.0
05.02.2004 12:00:00.000,1.25755,1.26018,1.2562,1.25793,32242199.2188,1.2545500244821415,0,0,,0,0.0
05.02.2004 13:00:00.000,1.25766,1.25881,1.25705,1.25823,30655199.2188,1.254833099521977,0,0,,0,0.0
05.02.2004 14:00:00.000,1.25813,1.26234,1.25785,1.26185,32353300.7813,1.2553728610972095,0,0,,0,0.0
05.02.2004 15:00:00.000,1.262,1.26348,1.25959,1.25994,32696800.7813,1.2557241794743472,0,1,1.2644799999999998,0,0.0
05.02.2004 16:00:00.000,1.25967,1.26154,1.25945,1.26034,291219687.5,1.2560792425917051,0,0,,0,0.0
05.02.2004 17:00:00.000,1.26043,1.26175,1.25755,1.25873,137344593.75,1.2562831470077278,0,0,,0,0.0
05.02.2004 18:00:00.000,1.25857,1.25928,1.25486,1.25569,145485000.0,1.256237520314826,0,0,,0,0.0
05.02.2004 19:00:00.000,1.25563,1.25585,1.25303,1.25391,106155898.4375,1.2560584802906085,0,0,,0,0.0
05.02.2004 20:00:00.000,1.25398,1.25434,1.25299,1.25356,64761898.4375,1.2558662894990233,0,2,1.2519900000000002,0,0.0
05.02.2004 21:00:00.000,1.25332,1.25489,1.25328,1.2544,31168300.7813,1.2557534979990985,0,0,,0,0.0
05.02.2004 22:00:00.000,1.25455,1.25564,1.25433,1.25509,30636300.7813,1.2557024596914756,0,0,,0,0.0
05.02.2004 23:00:00.000,1.2552,1.25672,1.2547,1.25643,33265800.7813,1.255758424330593,0,0,,0,0.0
06.02.2004 00:00:00.000,1.25654,1.25689,1.25543,1.25605,32434699.2188,1.25578085322824,0,0,,0,0.0
06.02.2004 01:00:00.000,1.25599,1.25645,1.25417,1.25432,33265000.0,1.255668479902991,0,0,,0,0.0
06.02.2004 02:00:00.000,1.25438,1.25494,1.25395,1.25426,32499800.7813,1.2555601352950687,0,0,,0,0.0
06.02.2004 03:00:00.000,1.25445,1.25579,1.25393,1.2551,29302000.0,1.2555247402723713,0,0,,0,0.0
06.02.2004 04:00:00.000,1.25507,1.25608,1.255,1.25525,33701800.7813,1.2555036064052658,0,0,,0,0.0
06.02.2004 05:00:00.000,1.25514,1.25555,1.25438,1.25465,31464900.3906,1.2554379443740915,0,0,,0,0.0
06.02.2004 06:00:00.000,1.25463,1.25494,1.25311,1.254,33060398.4375,1.255327333268392,0,0,,0,0.0
06.02.2004 07:00:00.000,1.2542,1.25631,1.25385,1.25538,32423599.6094,1.255331384555439,0,0,,0,0.0
06.02.2004 08:00:00.000,1.25506,1.25547,1.25363,1.2544,30992599.6094,1.255259739589636,0,0,,0,0.0
06.02.2004 09:00:00.000,1.25466,1.25492,1.2512,1.25123,30780800.7813,1.2549497596212027,0,0,,0,0.0
06.02.2004 10:00:00.000,1.25115,1.25294,1.25113,1.25283,32231500.0,1.2547867011888025,0,0,,0,0.0
06.02.2004 11:00:00.000,1.25254,1.25287,1.25153,1.25177,32704599.6094,1.2545546472512024,0,0,,0,0.0
06.02.2004 12:00:00.000,1.25175,1.25399,1.251,1.25335,32638199.2188,1.254461982078033,0,2,1.25,0,0.0
06.02.2004 13:00:00.000,1.25365,1.26783,1.25241,1.26594,31356300.7813,1.255344906533569,0,0,,0,0.0
06.02.2004 14:00:00.000,1.26622,1.27119,1.26478,1.27115,32210599.6094,1.2565606829540636,0,0,,0,0.0
06.02.2004 15:00:00.000,1.27105,1.27213,1.26837,1.27107,33679699.2188,1.2576767842652894,0,0,,0,0.0
06.02.2004 16:00:00.000,1.27092,1.27226,1.26815,1.26863,294635406.25,1.2585193393218057,0,0,,0,0.0
06.02.2004 17:00:00.000,1.26862,1.2717,1.26838,1.27072,134246703.125,1.2594578516816668,0,0,,0,0.0
06.02.2004 18:00:00.000,1.27093,1.27107,1.26881,1.26965,146532703.125,1.2602418630907692,0,0,,0,0.0
06.02.2004 19:00:00.000,1.26947,1.27031,1.26864,1.26906,103688601.5625,1.2609201813145563,0,0,,0,0.0
06.02.2004 20:00:00.000,1.26938,1.27022,1.2689,1.2698,63714101.5625,1.2616032442903597,0,0,,0,0.0
06.02.2004 21:00:00.000,1.26973,1.27068,1.2694,1.27,30243099.6094,1.2622491485757168,0,0,,0,0.0
08.02.2004 22:00:00.000,1.26038,1.26325,1.25963,1.26157,33073800.7813,1.2621969063775846,0,0,,0,0.0
08.02.2004 23:00:00.000,1.26143,1.26466,1.26018,1.26429,32238099.6094,1.2623579135793088,0,0,,0,0.0
09.02.2004 00:00:00.000,1.2645,1.26932,1.26441,1.26823,31614800.7813,1.2628096125347466,0,0,,0,0.0
09.02.2004 01:00:00.000,1.2681,1.27007,1.26787,1.26905,31896500.0,1.2632896423397662,0,0,,0,0.0
09.02.2004 02:00:00.000,1.26928,1.27256,1.26854,1.27109,32175599.6094,1.263889669852092,0,0,,0,0.0
09.02.2004 03:00:00.000,1.27107,1.27211,1.27031,1.2709,31976400.3906,1.2644289260173158,0,0,,0,0.0
09.02.2004 04:00:00.000,1.27109,1.27413,1.27088,1.27413,32804800.7813,1.2651751624775223,0,0,,0,0.0
09.02.2004 05:00:00.000,1.27372,1.27553,1.27279,1.27377,31595300.7813,1.2658363038254052,0,0,,0,0.0
09.02.2004 06:00:00.000,1.27369,1.27439,1.2712,1.27399,31811800.7813,1.266463511223451,0,0,,0,0.0
09.02.2004 07:00:00.000,1.27403,1.27561,1.27232,1.27437,33899101.5625,1.267071702667801,0,0,,0,0.0
09.02.2004 08:00:00.000,1.27392,1.27447,1.27102,1.27395,32090199.2188,1.2676008024625856,0,0,,0,0.0
09.02.2004 09:00:00.000,1.27385,1.27589,1.2734,1.27456,31927199.2188,1.268136125350079,0,1,1.2768899999999999,0,0.0
09.02.2004 10:00:00.000,1.27466,1.27478,1.27226,1.27333,31326000.0,1.2685356541693038,0,0,,0,0.0
09.02.2004 11:00:00.000,1.27335,1.2749,1.27249,1.27278,32561099.6094,1.2688621423101267,0,0,,0,0.0
09.02.2004 12:00:00.000,1.27255,1.27437,1.27096,1.2715,34712101.5625,1.269065054440117,0,0,,0,0.0
09.02.2004 13:00:00.000,1.27147,1.27233,1.26958,1.27184,32834300.7813,1.2692785117908774,0,0,,0,0.0
09.02.2004 14:00:00.000,1.27165,1.27335,1.26988,1.27041,32473800.7813,1.2693655493454252,0,0,,0,0.0
09.02.2004 15:00:00.000,1.27058,1.27157,1.267,1.26769,33023800.7813,1.2692366609342387,0,0,,0,0.0
09.02.2004 16:00:00.000,1.26773,1.26866,1.26471,1.267,293328093.75,1.2690646100931435,0,2,1.26371,0,0.0
09.02.2004 17:00:00.000,1.26698,1.26858,1.26643,1.26795,137475593.75,1.2689788708552094,0,0,,0,0.0
09.02.2004 18:00:00.000,1.26809,1.2694,1.26755,1.26798,146490796.875,1.2689020346355782,0,0,,0,0.0
09.02.2004 19:00:00.000,1.26803,1.26895,1.26689,1.26832,106155203.125,1.2688572627405337,0,0,,0,0.0
09.02.2004 20:00:00.000,1.26839,1.26859,1.26762,1.26789,65285601.5625,1.268782857914339,0,0,,0,0.0
09.02.2004 21:00:00.000,1.26791,1.27001,1.26791,1.26929,31750000.0,1.2688218688440052,0,0,,0,0.0
09.02.2004 22:00:00.000,1.26954,1.26982,1.26813,1.26925,34171800.7813,1.2688548020098511,0,0,,0,0.0
09.02.2004 23:00:00.000,1.26906,1.26969,1.26782,1.26872,31905800.7813,1.268844432624478,0,0,,0,0.0
10.02.2004 00:00:00.000,1.26875,1.26985,1.26829,1.26857,33237898.4375,1.2688233224225953,0,0,,0,0.0
10.02.2004 01:00:00.000,1.26855,1.26994,1.26828,1.26967,34175699.2188,1.2688884514670111,0,0,,0,0.0
10.02.2004 02:00:00.000,1.2693,1.27233,1.26895,1.27192,33064601.5625,1.2691216475080103,0,0,,0,0.0
10.02.2004 03:00:00.000,1.2717,1.27408,1.27158,1.27351,31441300.7813,1.2694592130843172,0,0,,0,0.0
10.02.2004 04:00:00.000,1.27346,1.27448,1.2729,1.27399,33040500.0,1.2698077351547543,0,0,,0,0.0
10.02.2004 05:00:00.000,1.27408,1.27473,1.27285,1.27421,33331898.4375,1.270146370912081,0,0,,0,0.0
10.02.2004 06:00:00.000,1.27399,1.275,1.27356,1.27444,32969601.5625,1.2704766500726903,0,0,,0,0.0
10.02.2004 07:00:00.000,1.27477,1.27845,1.27416,1.27729,32899300.7813,1.2710007539132526,0,0,,0,0.0
10.02.2004 08:00:00.000,1.27717,1.27761,1.27577,1.27688,31813900.3906,1.2714530036122333,0,0,,0,0.0
10.02.2004 09:00:00.000,1.27725,1.27848,1.27618,1.27732,31112099.6094,1.271904311026677,0,1,1.27948,0,0.0
10.02.2004 10:00:00.000,1.27743,1.278,1.27492,1.27515,31672900.3906,1.2721539794092405,0,0,,0,0.0
10.02.2004 11:00:00.000,1.27533,1.27684,1.27435,1.27655,34564699.2188,1.2724921348392988,0,0,,0,0.0
10.02.2004 12:00:00.000,1.27656,1.27737,1.27491,1.27525,32841898.4375,1.272704278313199,0,0,,0,0.0
10.02.2004 13:00:00.000,1.27507,1.27635,1.27379,1.27518,31287699.2188,1.272894718442953,0,0,,0,0.0
10.02.2004 14:00:00.000,1.27548,1.27563,1.27211,1.27291,31845400.3906,1.2728958939473414,0,0,,0,0.0
10.02.2004 15:00:00.000,1.27301,1.27342,1.26873,1.26883,33752898.4375,1.272583132874469,0,0,,0,0.0
10.02.2004 16:00:00.000,1.26895,1.27366,1.26863,1.27224,294728906.25,1.2725567380379714,0,0,,0,0.0
10.02.2004 17:00:00.000,1.27196,1.27242,1.26821,1.27001,134403000.0,1.2723608351119737,0,0,,0,0.0
10.02.2004 18:00:00.000,1.27001,1.27085,1.26797,1.27001,147774296.875,1.2721800016418219,0,0,,0,0.0
10.02.2004 19:00:00.000,1.27012,1.27162,1.26942,1.27036,108410398.4375,1.272040001515528,0,0,,0,0.0
10.02.2004 20:00:00.000,1.27068,1.27068,1.26896,1.26914,63272199.2188,1.271816924475872,0,0,,0,0.0
10.02.2004 21:00:00.000,1.26942,1.26982,1.26649,1.26679,32119900.3906,1.271430237977728,0,0,,0,0.0
10.02.2004 22:00:00.000,1.26682,1.26859,1.26667,1.26819,33797398.4375,1.2711809889025183,0,0,,0,0.0
10.02.2004 23:00:00.000,1.26785,1.26853,1.26653,1.26789,31714099.6094,1.2709278359100171,0,0,,0,0.0
11.02.2004 00:00:00.000,1.26783,1.27005,1.26728,1.2693,30809000.0,1.270802617763093,0,0,,0,0.0
11.02.2004 01:00:00.000,1.26952,1.27095,1.26919,1.26924,33305199.2188,1.2706824163967012,0,0,,0,0.0
11.02.2004 02:00:00.000,1.26923,1.26971,1.26834,1.26909,31533300.7813,1.2705599228277242,0,0,,0,0.0
11.02.2004 03:00:00.000,1.26894,1.26993,1.2683,1.26899,31142099.6094,1.270439159533284,0,0,,0,0.0
11.02.2004 04:00:00.000,1.26915,1.27077,1.2688,1.27018,32125500.0,1.27041922418457,0,0,,0,0.0
11.02.2004 05:00:00.000,1.27013,1.27096,1.26905,1.26944,32811500.0,1.2703438992472953,0,0,,0,0.0
11.02.2004 06:00:00.000,1.26928,1.27065,1.26916,1.26977,31782099.6094,1.2702997531513496,0,0,,0,0.0
11.02.2004 07:00:00.000,1.26985,1.27017,1.26643,1.26764,35037699.2188,1.270095156755092,1,0,,0,0.0
11.02.2004 08:00:00.000,1.26746,1.26877,1.26482,1.26567,31644599.6094,1.2697547600816235,1,2,1.2638200000000002,0,0.0
11.02.2004 09:00:00.000,1.26596,1.26849,1.26505,1.26798,30941500.0,1.2696182400753449,1,0,,0,0.0
11.02.2004 10:00:00.000,1.26815,1.26937,1.26689,1.26874,31836300.7813,1.2695506831464722,1,0,,0,0.0
11.02.2004 11:00:00.000,1.26874,1.26898,1.26608,1.26656,32196099.6094,1.2693206305967435,1,0,,0,0.0
11.02.2004 12:00:00.000,1.2663,1.268,1.26571,1.26773,31636699.2188,1.269198274396994,1,0,,0,0.0
11.02.2004 13:00:00.000,1.26784,1.26877,1.26616,1.2668,32810101.5625,1.2690137917510715,1,0,,0,0.0
11.02.2004 14:00:00.000,1.26668,1.26857,1.26647,1.26747,32306699.2188,1.2688950385394506,1,0,,0,0.0
11.02.2004 15:00:00.000,1.26746,1.26888,1.26564,1.26888,33352300.7813,1.2688938817287239,1,0,,0,0.0
11.02.2004 16:00:00.000,1.27007,1.28364,1.27007,1.28162,296074093.75,1.2698728139034374,0,0,,0,0.0
11.02.2004 17:00:00.000,1.2815,1.28199,1.27839,1.28063,133601796.875,1.2707002897570194,0,0,,0,0.0
11.02.2004 18:00:00.000,1.28066,1.28141,1.27884,1.28074,147864796.875,1.2714725751603257,0,0,,0,0.0
11.02.2004 19:00:00.000,1.28082,1.28287,1.28039,1.28075,106153500.0,1.2721862232249161,0,0,,0,0.0
11.02.2004 20:00:00.000,1.28068,1.28259,1.27995,1.28202,64844601.5625,1.2729426675922304,0,0,,0,0.0
11.02.2004 21:00:00.000,1.28171,1.28354,1.28171,1.28295,31750099.6094,1.2737124623928282,0,0,,0,0.0
11.02.2004 22:00:00.000,1.28319,1.2843,1.28236,1.28394,33554101.5625,1.2744991960549183,0,0,,0,0.0
11.02.2004 23:00:00.000,1.28406,1.28427,1.28235,1.2825,34319000.0,1.2751146425122324,0,0,,0,0.0
12.02.2004 00:00:00.000,1.28227,1.28299,1.28111,1.28168,32571800.7813,1.2756196700112916,0,0,,0,0.0
12.02.2004 01:00:00.000,1.28182,1.28237,1.28094,1.28216,32905398.4375,1.2761227723181154,0,0,,0,0.0
12.02.2004 02:00:00.000,1.28227,1.28298,1.28177,1.28241,33307500.0,1.276606405216722,0,0,,0,0.0
12.02.2004 03:00:00.000,1.28243,1.28432,1.28207,1.28333,33016898.4375,1.2771236048154357,0,1,1.2853199999999998,0,0.0
12.02.2004 04:00:00.000,1.28335,1.28382,1.28204,1.28259,32626199.2188,1.27754409675271,0,0,,0,0.0
12.02.2004 05:00:00.000,1.2824,1.2836,1.28227,1.28265,32777101.5625,1.2779368585409632,0,0,,0,0.0
12.02.2004 06:00:00.000,1.28261,1.28326,1.28203,1.28248,32091099.6094,1.278286330960889,0,0,,0,0.0
12.02.2004 07:00:00.000,1.28261,1.28347,1.28091,1.28121,32699500.0,1.2785112285792821,2,0,,0,0.0
12.02.2004 08:00:00.000,1.28115,1.28223,1.27968,1.28116,31431400.3906,1.2787149802270297,2,0,,0,0.0
12.02.2004 09:00:00.000,1.2814,1.28298,1.28084,1.28151,33407500.0,1.2789299817480275,2,0,,0,0.0
12.02.2004 10:00:00.000,1.28132,1.28211,1.28019,1.28203,31284300.7813,1.279168444690487,2,0,,0,0.0
12.02.2004 11:00:00.000,1.28195,1.28322,1.28138,1.28168,35411398.4375,1.2793616412527573,2,0,,0,0.0
12.02.2004 12:00:00.000,1.2818,1.28225,1.27998,1.28074,31295300.7813,1.2794676688486992,2,0,,0,0.0
12.02.2004 13:00:00.000,1.28082,1.28175,1.27873,1.28113,32378300.7813,1.2795955404757224,2,2,1.27773,0,0.0
12.02.2004 14:00:00.000,1.28113,1.28159,1.27925,1.28043,34955500.0,1.2796597296698977,2,0,,0,0.0
12.02.2004 15:00:00.000,1.28058,1.2824,1.27958,1.28216,32094900.3906,1.2798520581568287,2,0,,0,0.0
12.02.2004 16:00:00.000,1.2819,1.28303,1.27998,1.28043,288518187.5,1.2798965152216881,2,0,,0,0.0
12.02.2004 17:00:00.000,1.28055,1.28231,1.27906,1.28192,135512796.875,1.280052167896943,2,0,,0,0.0
12.02.2004 18:00:00.000,1.28179,1.28245,1.28028,1.2806,146429093.75,1.2800943088279475,2,0,,0,0.0
12.02.2004 19:00:00.000,1.28057,1.28139,1.27879,1.27903,105215601.5625,1.2800124389181053,0,0,,0,0.0
12.02.2004 20:00:00.000,1.27904,1.28076,1.27875,1.28001,60561800.7813,1.2800122513090204,0,0,,0,0.0
12.02.2004 21:00:00.000,1.27959,1.28105,1.27959,1.28058,30466500.0,1.2800559242852496,0,0,,0,0.0
12.02.2004 22:00:00.000,1.28061,1.28185,1.28011,1.28149,33125199.2188,1.2801662378017689,0,0,,0,0.0
12.02.2004 23:00:00.000,1.28157,1.28231,1.28009,1.28148,35036898.4375,1.280267296432402,0,0,,0,0.0
13.02.2004 00:00:00.000,1.28112,1.28153,1.27959,1.28061,34245500.0,1.2802936582452942,0,0,,0,0.0
13.02.2004 01:00:00.000,1.28088,1.28088,1.27904,1.27921,32151599.6094,1.2802102999187333,0,0,,0,0.0
13.02.2004 02:00:00.000,1.27916,1.28036,1.27908,1.27989,34107699.2188,1.2801856614634461,0,0,,0,0.0
13.02.2004 03:00:00.000,1.27993,1.2809,1.27976,1.28063,30999599.6094,1.2802198413508736,0,0,,0,0.0
13.02.2004 04:00:00.000,1.28074,1.2814,1.28038,1.28101,32707000.0,1.280280622785422,0,0,,0,0.0
13.02.2004 05:00:00.000,1.28107,1.28239,1.28056,1.28233,32786000.0,1.2804382671865433,0,0,,0,0.0
13.02.2004 06:00:00.000,1.28228,1.28341,1.28183,1.2821,32965500.0,1.2805660927875786,0,0,,0,0.0
13.02.2004 07:00:00.000,1.28209,1.28243,1.27984,1.28073,32788398.4375,1.2805787010346878,0,0,,0,0.0
13.02.2004 08:00:00.000,1.28095,1.28095,1.27921,1.28025,33195898.4375,1.2805534163397119,0,0,,0,0.0
13.02.2004 09:00:00.000,1.2805,1.28177,1.27995,1.28106,32571300.7813,1.2805923843135802,0,0,,0,0.0
13.02.2004 10:00:00.000,1.28114,1.28262,1.28082,1.28231,30321300.7813,1.280724508597151,0,0,,0,0.0
13.02.2004 11:00:00.000,1.28234,1.28332,1.28097,1.28137,33245101.5625,1.2807741617819857,0,0,,0,0.0
13.02.2004 12:00:00.000,1.28138,1.28224,1.2811,1.28162,33372601.5625,1.2808392262602946,0,0,,0,0.0
13.02.2004 13:00:00.000,1.28182,1.28759,1.28106,1.28575,31935699.2188,1.2812169780864258,0,0,,0,0.0
13.02.2004 14:00:00.000,1.2858,1.28898,1.2854,1.28682,33309101.5625,1.2816479797720854,0,1,1.28998,0,0.0
13.02.2004 15:00:00.000,1.28667,1.2868,1.27581,1.27801,32282300.7813,1.2813681351742328,0,0,,0,0.0
13.02.2004 16:00:00.000,1.278,1.27916,1.27135,1.27491,297112000.0,1.2808713555454458,0,2,1.27035,0,0.0
13.02.2004 17:00:00.000,1.27494,1.27656,1.27266,1.27392,133466296.875,1.2803366358881039,0,0,,0,0.0
13.02.2004 18:00:00.000,1.27383,1.27553,1.27335,1.27435,147987406.25,1.279876125435173,0,0,,0,0.0
13.02.2004 19:00:00.000,1.27419,1.27484,1.27319,1.27363,104418203.125,1.279395654247852,0,0,,0,0.0
13.02.2004 20:00:00.000,1.27358,1.2747,1.27287,1.27388,62984000.0,1.2789713731518635,0,0,,0,0.0
13.02.2004 21:00:00.000,1.27365,1.27409,1.27279,1.27305,30425599.6094,1.2785158829094125,0,0,,0,0.0
15.02.2004 22:00:00.000,1.27428,1.27441,1.27216,1.27288,31953199.2188,1.2780823534548424,0,0,,0,0.0
15.02.2004 23:00:00.000,1.27245,1.2729,1.2721,1.27252,32847898.4375,1.2776544801121625,0,0,,0,0.0
16.02.2004 00:00:00.000,1.27267,1.27392,1.27242,1.27323,32223900.3906,1.27731413548815,0,0,,0,0.0
16.02.2004 01:00:00.000,1.27317,1.27365,1.27198,1.27225,34255601.5625,1.2769245866044465,0,0,,0,0.0
16.02.2004 02:00:00.000,1.27225,1.27292,1.27139,1.27265,34259699.2188,1.2765957722502583,0,0,,0,0.0
16.02.2004 03:00:00.000,1.2728,1.27358,1.27245,1.27331,29388900.3906,1.2763430205387,0,0,,0,0.0
16.02.2004 04:00:00.000,1.2733,1.27365,1.27188,1.27303,32587300.7813,1.276088172804954,0,0,,0,0.0
16.02.2004 05:00:00.000,1.27295,1.27337,1.27178,1.27304,29841000.0,1.2758536979738038,0,0,,0,0.0
16.02.2004 06:00:00.000,1.27325,1.27385,1.2724,1.27321,31657199.2188,1.2756503365912035,0,0,,0,0.0
16.02.2004 07:00:00.000,1.27335,1.27436,1.27295,1.27352,33371500.0,1.2754864645457262,1,0,,0,0.0
16.02.2004 08:00:00.000,1.2736,1.27647,1.27333,1.27554,33414699.2188,1.2754905826575935,0,0,,0,0.0
16.02.2004 09:00:00.000,1.27548,1.27631,1.27529,1.27558,30832800.7813,1.2754974609147016,0,0,,0,0.0
16.02.2004 10:00:00.000,1.2757,1.27586,1.27434,1.27452,32672599.6094,1.275422271613571,0,0,,0,0.0
16.02.2004 11:00:00.000,1.27477,1.27496,1.27372,1.27418,31607699.2188,1.275326712258681,0,0,,0,0.0
16.02.2004 12:00:00.000,1.2743,1.27502,1.2738,1.2742,32707800.7813,1.2752400420849366,0,0,,0,0.0
16.02.2004 13:00:00.000,1.27392,1.27603,1.27341,1.27558,30468500.0,1.2752661926937876,0,0,,0,0.0
16.02.2004 14:00:00.000,1.2752,1.27826,1.27517,1.27761,31451199.2188,1.2754464855634962,0,0,,0,0.0
16.02.2004 15:00:00.000,1.27777,1.2787,1.27706,1.27807,31076500.0,1.2756482943663041,0,1,1.2796999999999998,0,0.0
16.02.2004 16:00:00.000,1.27788,1.27869,1.27594,1.27683,290301812.5,1.2757391947996655,0,0,,0,0.0
16.02.2004 17:00:00.000,1.27684,1.27754,1.27627,1.27725,139552296.875,1.2758554105843065,0,0,,0,0.0
16.02.2004 18:00:00.000,1.27722,1.27744,1.27611,1.27673,146342796.875,1.275922686693206,0,0,,0,0.0
16.02.2004 19:00:00.000,1.27678,1.27721,1.27584,1.27688,105570000.0,1.275996326178344,0,0,,0,0.0
16.02.2004 20:00:00.000,1.27684,1.27708,1.27604,1.27654,61919699.2188,1.2760381472415485,0,0,,0,0.0
16.02.2004 21:00:00.000,1.27654,1.27786,1.27654,1.27671,30455300.7813,1.276089828222968,0,0,,0,0.0
16.02.2004 22:00:00.000,1.27679,1.27757,1.27583,1.2761,30730400.3906,1.276090610667355,0,0,,0,0.0
16.02.2004 23:00:00.000,1.27605,1.27657,1.27564,1.27589,30648199.2188,1.2760751790775586,0,0,,0,0.0
17.02.2004 00:00:00.000,1.27594,1.27709,1.27533,1.27662,33892898.4375,1.276117088379285,0,0,,0,0.0
17.02.2004 01:00:00.000,1.27677,1.2771,1.27604,1.27645,31979000.0,1.2761426969654939,0,0,,0,0.0
17.02.2004 02:00:00.000,1.27634,1.27833,1.27608,1.27772,33015101.5625,1.2762640279681483,0,0,,0,0.0
17.02.2004 03:00:00.000,1.27788,1.27839,1.27602,1.27661,32669099.6094,1.2762906412013677,0,0,,0,0.0
17.02.2004 04:00:00.000,1.27668,1.27718,1.2762,1.2764,32978398.4375,1.2762990534166472,0,0,,0,0.0
17.02.2004 05:00:00.000,1.27645,1.27697,1.27608,1.27671,32964601.5625,1.2763306646922898,0,0,,0,0.0
17.02.2004 06:00:00.000,1.27666,1.27691,1.27565,1.27616,33289199.2188,1.2763175366390367,0,0,,0,0.0
17.02.2004 07:00:00.000,1.27641,1.28308,1.27626,1.28249,33245199.2188,1.276792341512957,0,0,,0,0.0
17.02.2004 08:00:00.000,1.28236,1.28486,1.28157,1.28405,31279300.7813,1.2773506229350373,0,0,,0,0.0
17.02.2004 09:00:00.000,1.28415,1.28459,1.28304,1.28317,31745900.3906,1.27779826732465,0,0,,0,0.0
17.02.2004 10:00:00.000,1.28349,1.28635,1.28289,1.2861,31575000.0,1.2784368621458309,0,0,,0,0.0
17.02.2004 11:00:00.000,1.28602,1.28751,1.28585,1.28622,32928500.0,1.2790355650576901,0,1,1.2885099999999998,0,0.0
17.02.2004 12:00:00.000,1.28623,1.28662,1.28507,1.28579,33376101.5625,1.2795551369763294,0,0,,0,0.0
17.02.2004 13:00:00.000,1.28583,1.28706,1.28211,1.28224,33030601.5625,1.2797616649012271,0,0,,0,0.0
17.02.2004 14:00:00.000,1.28264,1.28585,1.28154,1.28396,31990699.2188,1.280084613754979,0,0,,0,0.0
17.02.2004 15:00:00.000,1.2843,1.28446,1.28136,1.28197,33000898.4375,1.2802296434661344,0,0,,0,0.0
17.02.2004 16:00:00.000,1.28196,1.28524,1.28014,1.2851,293887187.5,1.280604286276432,0,0,,0,0.0
17.02.2004 17:00:00.000,1.28481,1.28616,1.2842,1.28513,136942000.0,1.2809524181013219,0,0,,0,0.0
17.02.2004 18:00:00.000,1.28515,1.28541,1.28361,1.28396,150163093.75,1.2811837705550666,0,0,,0,0.0
17.02.2004 19:00:00.000,1.28434,1.28462,1.28271,1.28327,106234398.4375,1.2813442497431384,0,0,,0,0.0
17.02.2004 20:00:00.000,1.28343,1.28421,1.28278,1.28322,62965000.0,1.2814885382244356,0,0,,0,0.0
17.02.2004 21:00:00.000,1.28287,1.28436,1.28264,1.28372,31143199.2188,1.2816601891302484,0,0,,0,0.0
17.02.2004 22:00:00.000,1.28395,1.28565,1.28371,1.28448,32382199.2188,1.2818770976586908,0,0,,0,0.0
17.02.2004 23:00:00.000,1.28399,1.28569,1.28363,1.28558,32918101.5625,1.28216193630033,2,0,,0,0.0
18.02.2004 00:00:00.000,1.28548,1.28641,1.28489,1.2858,32247199.2188,1.282441787354151,2,0,,0,0.0
18.02.2004 01:00:00.000,1.2857,1.2871,1.28516,1.28661,33182601.5625,1.2827624190961393,2,0,,0,0.0
18.02.2004 02:00:00.000,1.2867,1.28745,1.28462,1.28502,33116500.0,1.2829360791656672,2,0,,0,0.0
18.02.2004 03:00:00.000,1.28496,1.28584,1.28459,1.28512,30422900.3906,1.2831040730760006,2,0,,0,0.0
18.02.2004 04:00:00.000,1.2852,1.28597,1.28507,1.28566,30558400.3906,1.2833006828393851,2,0,,0,0.0
18.02.2004 05:00:00.000,1.28557,1.2866,1.28505,1.28626,29229599.6094,1.283528322620971,2,0,,0,0.0
18.02.2004 06:00:00.000,1.28632,1.29184,1.28593,1.2908,32189099.6094,1.2840876824193581,2,0,,0,0.0
18.02.2004 07:00:00.000,1.29095,1.29247,1.28789,1.28823,32027699.2188,1.2844063222332536,2,1,1.29347,0,0.0
18.02.2004 08:00:00.000,1.2883,1.2907,1.28803,1.28923,30867000.0,1.284777374369157,2,0,,0,0.0
18.02.2004 09:00:00.000,1.28908,1.28977,1.28838,1.2886,31180500.0,1.2850714224946065,2,0,,0,0.0
18.02.2004 10:00:00.000,1.28875,1.2898,1.28826,1.28853,29623000.0,1.2853374669180984,2,0,,0,0.0
18.02.2004 11:00:00.000,1.2886,1.28918,1.28505,1.28626,31842199.2188,1.2854084310013216,2,0,,0,0.0
18.02.2004 12:00:00.000,1.28655,1.28683,1.28257,1.28403,33783000.0,1.2853023978473739,0,0,,0,0.0
18.02.2004 13:00:00.000,1.28362,1.28581,1.28184,1.28495,31500099.6094,1.285275290320653,0,0,,0,0.0
18.02.2004 14:00:00.000,1.28489,1.28633,1.28324,1.28526,31588699.2188,1.2852741141421413,0,0,,0,0.0
18.02.2004 15:00:00.000,1.28511,1.28602,1.28147,1.28232,32676599.6094,1.285046874592746,0,0,,0,0.0
18.02.2004 16:00:00.000,1.28206,1.28356,1.27838,1.28121,302363812.5,1.2847517303933038,0,0,,0,0.0
18.02.2004 17:00:00.000,1.28104,1.28235,1.27743,1.27835,137185406.25,1.284259289593819,0,0,,0,0.0
18.02.2004 18:00:00.000,1.2783,1.27852,1.27215,1.27229,147918796.875,1.283338575009679,0,0,,0,0.0
18.02.2004 19:00:00.000,1.27229,1.27386,1.2685,1.2695,105618000.0,1.2822740692397037,0,0,,0,0.0
18.02.2004 20:00:00.000,1.26938,1.26962,1.26561,1.26605,62865398.4375,1.2810260639135727,0,2,1.26461,0,0.0
18.02.2004 21:00:00.000,1.26584,1.26919,1.26584,1.26849,31849699.2188,1.2800617513048365,0,0,,0,0.0
18.02.2004 22:00:00.000,1.2686,1.27117,1.26859,1.26949,31273900.3906,1.279248539666003,0,0,,0,0.0
18.02.2004 23:00:00.000,1.26917,1.27256,1.26787,1.27246,31637000.0,1.2787263443070795,0,0,,0,0.0
19.02.2004 00:00:00.000,1.27243,1.27298,1.2711,1.27152,32044699.2188,1.2781720101296121,0,0,,0,0.0
19.02.2004 01:00:00.000,1.27158,1.2716,1.27035,1.27077,33251300.7813,1.2776026247350265,0,0,,0,0.0
19.02.2004 02:00:00.000,1.27075,1.27158,1.26984,1.27084,30551699.2188,1.2770824228323323,0,0,,0,0.0
19.02.2004 03:00:00.000,1.27073,1.27238,1.27027,1.27173,32661699.2188,1.276670697999076,0,0,,0,0.0
19.02.2004 04:00:00.000,1.27202,1.27342,1.27119,1.27298,33970199.2188,1.2763867981529933,0,0,,0,0.0
19.02.2004 05:00:00.000,1.27297,1.27308,1.2705,1.27156,31476099.6094,1.2760155059873783,0,0,,0,0.0
19.02.2004 06:00:00.000,1.27155,1.27185,1.26999,1.27137,33095398.4375,1.2756581593729646,0,0,,0,0.0
19.02.2004 07:00:00.000,1.27193,1.27193,1.26823,1.27114,32605500.0,1.2753106086519674,1,0,,0,0.0
19.02.2004 08:00:00.000,1.2712,1.27252,1.27082,1.27148,30572199.2188,1.27501594644797,1,0,,0,0.0
19.02.2004 09:00:00.000,1.27158,1.27158,1.26837,1.27056,28833400.3906,1.2746731813365877,1,0,,0,0.0
19.02.2004 10:00:00.000,1.2706,1.27144,1.26971,1.2708,30799699.2188,1.2743752443106964,1,0,,0,0.0
19.02.2004 11:00:00.000,1.271,1.27106,1.2685,1.26927,30777599.6094,1.2739825332098738,1,0,,0,0.0
19.02.2004 12:00:00.000,1.26933,1.27213,1.26832,1.27185,32198099.6094,1.2738184921937297,1,0,,0,0.0
19.02.2004 13:00:00.000,1.27223,1.2732,1.26576,1.26653,31627500.0,1.2732578389480582,1,0,,0,0.0
19.02.2004 14:00:00.000,1.26623,1.26952,1.26535,1.26695,33482101.5625,1.2727726205674386,1,0,,0,0.0
19.02.2004 15:00:00.000,1.2666,1.26915,1.26516,1.26747,32292199.2188,1.2723647266776357,1,2,1.2641600000000002,0,0.0
19.02.2004 16:00:00.000,1.2675,1.27173,1.26735,1.27127,295404500.0,1.2722805169332023,1,0,,0,0.0
19.02.2004 17:00:00.000,1.27165,1.27301,1.26862,1.27076,134126203.125,1.272163554092187,1,0,,0,0.0
19.02.2004 18:00:00.000,1.27093,1.27131,1.26982,1.27018,146818906.25,1.2720109730081728,1,0,,0,0.0
19.02.2004 19:00:00.000,1.26998,1.27052,1.26797,1.26997,105316601.5625,1.2718539750844673,1,0,,0,0.0
19.02.2004 20:00:00.000,1.2699,1.27094,1.26893,1.27039,59541300.7813,1.2717413616164315,1,0,,0,0.0
19.02.2004 21:00:00.000,1.26987,1.27148,1.26987,1.27102,31390599.6094,1.2716858722613213,1,0,,0,0.0
19.02.2004 22:00:00.000,1.27112,1.27417,1.27065,1.27329,32321500.0,1.2718092667027583,0,0,,0,0.0
19.02.2004 23:00:00.000,1.27329,1.27643,1.27312,1.27492,31705400.3906,1.2720485538794692,0,1,1.2774299999999998,0,0.0
20.02.2004 00:00:00.000,1.27525,1.27579,1.27347,1.27347,32035699.2188,1.272157895888741,0,0,,0,0.0
20.02.2004 01:00:00.000,1.27345,1.27446,1.27278,1.27362,33274199.2188,1.272270365435761,0,0,,0,0.0
20.02.2004 02:00:00.000,1.2737,1.27577,1.27267,1.27521,32794101.5625,1.2724964911714718,0,0,,0,0.0
20.02.2004 03:00:00.000,1.27508,1.27527,1.27358,1.27405,32664000.0,1.2726159918505895,0,0,,0,0.0
20.02.2004 04:00:00.000,1.27403,1.27417,1.27161,1.27181,32703500.0,1.2725539924774674,0,0,,0,0.0
20.02.2004 05:00:00.000,1.27174,1.27204,1.26914,1.27045,32583599.6094,1.2723921469022776,0,0,,0,0.0
20.02.2004 06:00:00.000,1.27045,1.27079,1.26957,1.27026,32027900.3906,1.2722281356021026,0,0,,0,0.0
20.02.2004 07:00:00.000,1.27024,1.27056,1.2634,1.26394,29914599.6094,1.2715905867096333,0,0,,0,0.0
20.02.2004 08:00:00.000,1.26387,1.26535,1.2621,1.2649,31026900.3906,1.2710759261935076,0,0,,0,0.0
20.02.2004 09:00:00.000,1.26542,1.26622,1.264,1.26449,32480599.6094,1.2705693164863148,0,0,,0,0.0
20.02.2004 10:00:00.000,1.26472,1.26679,1.26451,1.26644,31095900.3906,1.2702516767565983,0,0,,0,0.0
20.02.2004 11:00:00.000,1.26651,1.26747,1.26415,1.26438,32809800.7813,1.2698000093137831,0,0,,0,0.0
20.02.2004 12:00:00.000,1.2645,1.26641,1.26392,1.26601,29806699.2188,1.2695084701358,0,0,,0,0.0
20.02.2004 13:00:00.000,1.266,1.26626,1.26316,1.2648,30711500.0,1.269146280125354,0,0,,0,0.0
20.02.2004 14:00:00.000,1.26507,1.26698,1.26203,1.26331,32582699.2188,1.2686973355003268,0,0,,0,0.0
20.02.2004 15:00:00.000,1.26297,1.2632,1.2538,1.25583,33085500.0,1.2677075404618403,0,0,,0,0.0
20.02.2004 16:00:00.000,1.25546,1.25791,1.25432,1.2561,298903812.5,1.2668146527340065,0,0,,0,0.0
20.02.2004 17:00:00.000,1.25609,1.25627,1.24928,1.24933,133587906.25,1.2654696794467755,0,0,,0,0.0
20.02.2004 18:00:00.000,1.24943,1.25385,1.24943,1.25184,148007093.75,1.2644212425662544,0,0,,0,0.0
20.02.2004 19:00:00.000,1.25183,1.25383,1.25022,1.2513,107127796.875,1.2634119162150041,0,0,,0,0.0
20.02.2004 20:00:00.000,1.25145,1.25257,1.24977,1.25237,63754601.5625,1.2625625380446193,1,0,,0,0.0
20.02.2004 21:00:00.000,1.25186,1.25371,1.25186,1.25319,31797699.2188,1.2618415735796487,1,0,,0,0.0
22.02.2004 22:00:00.000,1.25247,1.25294,1.2514,1.2516,32483599.6094,1.2610537602273681,1,0,,0,0.0
22.02.2004 23:00:00.000,1.25158,1.25187,1.25029,1.25063,34200898.4375,1.2602519325175707,1,0,,0,0.0
23.02.2004 00:00:00.000,1.25026,1.25039,1.2454,1.24727,33695898.4375,1.2592533223239115,1,0,,0,0.0
23.02.2004 01:00:00.000,1.24722,1.25197,1.24494,1.2489,34268898.4375,1.2584569129143799,1,2,1.24394,0,0.0
23.02.2004 02:00:00.000,1.24883,1.25085,1.2471,1.2495,34178601.5625,1.2577679196132738,1,0,,0,0.0
23.02.2004 03:00:00.000,1.24936,1.25066,1.24896,1.25038,31644400.3906,1.2571996181045606,1,0,,0,0.0
23.02.2004 04:00:00.000,1.25047,1.25082,1.24982,1.25049,33767398.4375,1.256683493634979,1,0,,0,0.0
23.02.2004 05:00:00.000,1.2504,1.2511,1.24872,1.24919,33449101.5625,1.256107071047673,1,0,,0,0.0
23.02.2004 06:00:00.000,1.24916,1.25357,1.24904,1.25135,31710300.7813,1.2557411425055442,1,0,,0,0.0
23.02.2004 07:00:00.000,1.25121,1.25452,1.25107,1.254,32957199.2188,1.2556072084666563,1,0,,0,0.0
23.02.2004 08:00:00.000,1.25417,1.25612,1.25344,1.25475,31304099.6094,1.2555412693538368,1,0,,0,0.0
23.02.2004 09:00:00.000,1.25485,1.25695,1.25382,1.25455,30396000.0,1.2554650178650801,1,0,,0,0.0
23.02.2004 10:00:00.000,1.25457,1.25614,1.25397,1.25554,30754099.6094,1.2554707857216125,0,0,,0,0.0
23.02.2004 11:00:00.000,1.25548,1.25647,1.25457,1.25542,32594300.7813,1.2554668791276424,0,0,,0,0.0
23.02.2004 12:00:00.000,1.25542,1.25839,1.25517,1.25837,32575800.7813,1.255690196117824,0,0,,0,0.0
23.02.2004 13:00:00.000,1.25863,1.25877,1.25528,1.25703,32176500.0,1.2557932579549145,0,0,,0,0.0
23.02.2004 14:00:00.000,1.25708,1.25932,1.25606,1.25783,31397000.0,1.255949930419921,0,1,1.2603199999999999,0,0.0
23.02.2004 15:00:00.000,1.25792,1.25792,1.25461,1.25565,32278500.0,1.2559268588491581,0,0,,0,0.0
23.02.2004 16:00:00.000,1.25594,1.2585,1.2552,1.25673,291536812.5,1.2559886389376844,0,0,,0,0.0
23.02.2004 17:00:00.000,1.25677,1.25784,1.25561,1.25754,139758796.875,1.2561079744040167,0,0,,0,0.0
23.02.2004 18:00:00.000,1.25743,1.25751,1.25181,1.25342,148279203.125,1.2559012071421694,0,0,,0,0.0
23.02.2004 19:00:00.000,1.25352,1.25427,1.25163,1.2539,105948703.125,1.2557472681312334,0,2,1.2506300000000001,0,0.0
23.02.2004 20:00:00.000,1.25388,1.2563,1.25384,1.25472,64951199.2188,1.2556682475057541,0,0,,0,0.0
23.02.2004 21:00:00.000,1.25468,1.25571,1.25443,1.25522,32173300.7813,1.2556337669283886,0,0,,0,0.0
23.02.2004 22:00:00.000,1.25552,1.25764,1.255,1.25729,31264599.6094,1.2557611694723587,0,0,,0,0.0
23.02.2004 23:00:00.000,1.25713,1.25729,1.25581,1.25651,30830800.7813,1.255818771820639,0,0,,0,0.0
24.02.2004 00:00:00.000,1.25663,1.25682,1.25463,1.2548,30383300.7813,1.2557404047575131,0,0,,0,0.0
24.02.2004 01:00:00.000,1.2547,1.25497,1.25238,1.2538,33555000.0,1.255591142853089,0,0,,0,0.0
24.02.2004 02:00:00.000,1.25367,1.25486,1.25259,1.25268,34615800.7813,1.2553672087874668,0,0,,0,0.0
24.02.2004 03:00:00.000,1.25295,1.25369,1.25205,1.25206,30519699.2188,1.255112808111508,0,0,,0,0.0
24.02.2004 04:00:00.000,1.25205,1.25402,1.25203,1.25278,31784699.2188,1.2549333613336997,0,0,,0,0.0
24.02.2004 05:00:00.000,1.25289,1.25361,1.25223,1.25294,31168599.6094,1.254780025846492,0,0,,0,0.0
24.02.2004 06:00:00.000,1.25298,1.25469,1.25252,1.25327,31846800.7813,1.2546638700121466,0,0,,0,0.0
24.02.2004 07:00:00.000,1.25363,1.25568,1.25261,1.25524,31490199.2188,1.25470818770352,0,0,,0,0.0
24.02.2004 08:00:00.000,1.25515,1.25817,1.25487,1.25606,32310800.7813,1.2548121732647877,0,0,,0,0.0
24.02.2004 09:00:00.000,1.25575,1.25769,1.25518,1.25658,32404800.7813,1.2549481599367271,0,0,,0,0.0
24.02.2004 10:00:00.000,1.2566,1.26086,1.25653,1.26026,31659800.7813,1.2553567630185176,0,0,,0,0.0
24.02.2004 11:00:00.000,1.26014,1.26177,1.25943,1.25997,33228300.7813,1.2557116274017086,0,0,,0,0.0
24.02.2004 12:00:00.000,1.26002,1.26074,1.25774,1.25855,30785599.6094,1.2559299637554233,0,0,,0,0.0
24.02.2004 13:00:00.000,1.25892,1.26037,1.25736,1.25922,32498900.3906,1.2561830434665446,0,0,,0,0.0
24.02.2004 14:00:00.000,1.25912,1.26388,1.25764,1.26379,31890599.6094,1.2567681939691182,0,0,,0,0.0
24.02.2004 15:00:00.000,1.26335,1.26763,1.26252,1.26693,31443000.0,1.257549871356109,0,0,,0,0.0
24.02.2004 16:00:00.000,1.26659,1.27043,1.26656,1.2691,295428093.75,1.2584383427902548,0,0,,0,0.0
24.02.2004 17:00:00.000,1.269,1.26926,1.26742,1.26865,132396500.0,1.2592238548833121,0,0,,0,0.0
24.02.2004 18:00:00.000,1.26857,1.27067,1.26845,1.26934,144543906.25,1.2600020198922883,0,0,,0,0.0
24.02.2004 19:00:00.000,1.26944,1.27115,1.26799,1.26831,104942101.5625,1.2606410952851894,0,1,1.27215,0,0.0
24.02.2004 20:00:00.000,1.2684,1.26917,1.26718,1.26824,64232101.5625,1.261225626417098,0,0,,0,0.0
24.02.2004 21:00:00.000,1.26823,1.26857,1.26742,1.26815,30269900.3906,1.2617582705388597,0,0,,0,0.0
24.02.2004 22:00:00.000,1.26822,1.26962,1.26749,1.26795,31631500.0,1.262234557420486,0,0,,0,0.0
24.02.2004 23:00:00.000,1.26779,1.26834,1.26697,1.26713,31959000.0,1.2626111299266027,2,0,,0,0.0
25.02.2004 00:00:00.000,1.2671,1.26875,1.26688,1.26749,31295300.7813,1.2629864276245566,2,0,,0,0.0
25.02.2004 01:00:00.000,1.26749,1.26785,1.26668,1.26723,34805500.0,1.2633128562688214,2,0,,0,0.0
25.02.2004 02:00:00.000,1.26696,1.26913,1.2668,1.26882,31749599.6094,1.2637364827096813,2,0,,0,0.0
25.02.2004 03:00:00.000,1.2688,1.26979,1.26808,1.26905,30855300.7813,1.2641452148089367,2,0,,0,0.0
25.02.2004 04:00:00.000,1.2689,1.26916,1.26694,1.26728,33984300.7813,1.2643863521313263,2,0,,0,0.0
25.02.2004 05:00:00.000,1.26722,1.26808,1.26695,1.26776,31385400.3906,1.2646458635058397,2,0,,0,0.0
25.02.2004 06:00:00.000,1.26773,1.26966,1.26762,1.26921,31747400.3906,1.2649969509284675,2,0,,0,0.0
25.02.2004 07:00:00.000,1.2693,1.27039,1.26769,1.26842,33872500.0,1.2652602623955085,2,1,1.2713899999999998,0,0.0
25.02.2004 08:00:00.000,1.26807,1.26847,1.26558,1.2659,29514400.3906,1.2653094729804695,2,0,,0,0.0
25.02.2004 09:00:00.000,1.26602,1.26751,1.26549,1.26639,31034800.7813,1.2653925904435104,2,0,,0,0.0
25.02.2004 10:00:00.000,1.26652,1.26735,1.26572,1.26587,31477300.7813,1.2654293142555482,2,0,,0,0.0
25.02.2004 11:00:00.000,1.266,1.26619,1.26302,1.26431,33283101.5625,1.2653432131589677,0,0,,0,0.0
25.02.2004 12:00:00.000,1.26405,1.26426,1.2623,1.26241,34124101.5625,1.2651175813775088,0,0,,0,0.0
25.02.2004 13:00:00.000,1.2626,1.26359,1.26068,1.26111,32766000.0,1.2648093058869314,0,0,,0,0.0
25.02.2004 14:00:00.000,1.26118,1.26417,1.26003,1.2631,32829000.0,1.264677820818706,0,0,,0,0.0
25.02.2004 15:00:00.000,1.26305,1.26315,1.25342,1.25436,33104199.2188,1.2638841422941902,0,0,,0,0.0
25.02.2004 16:00:00.000,1.25409,1.25452,1.2485,1.24998,298298000.0,1.2628145928869448,0,0,,0,0.0
25.02.2004 17:00:00.000,1.24964,1.25084,1.24716,1.24948,136017500.0,1.2617888549725644,0,2,1.2461600000000002,0,0.0
25.02.2004 18:00:00.000,1.24946,1.25028,1.24823,1.2502,144701000.0,1.2608974045900596,0,0,,0,0.0
25.02.2004 19:00:00.000,1.25015,1.25033,1.24854,1.24925,104766601.5625,1.2600014503908243,0,0,,0,0.0
25.02.2004 20:00:00.000,1.2493,1.24987,1.24853,1.24913,64597300.7813,1.2591651849761456,0,0,,0,0.0
25.02.2004 21:00:00.000,1.24897,1.25023,1.24873,1.24973,32585800.7813,1.258439401516442,0,0,,0,0.0
25.02.2004 22:00:00.000,1.24982,1.25002,1.24848,1.24875,32318000.0,1.2576940629382543,0,0,,0,0.0
25.02.2004 23:00:00.000,1.24877,1.25007,1.24871,1.24955,34878898.4375,1.2570675965583886,0,0,,0,0.0
26.02.2004 00:00:00.000,1.24939,1.25032,1.24854,1.24977,30653199.2188,1.2565062429769742,0,0,,0,0.0
26.02.2004 01:00:00.000,1.24987,1.25129,1.24947,1.24978,33273000.0,1.2559888396710532,0,0,,0,0.0
26.02.2004 02:00:00.000,1.24982,1.25034,1.24926,1.24995,30618699.2188,1.2555243135425107,0,0,,0,0.0
26.02.2004 03:00:00.000,1.24986,1.25079,1.24917,1.2505,32001699.2188,1.2551378278853946,1,0,,0,0.0
26.02.2004 04:00:00.000,1.25058,1.25084,1.24948,1.25083,33041898.4375,1.254806456509595,1,0,,0,0.0
26.02.2004 05:00:00.000,1.25063,1.25103,1.24914,1.24934,32750500.0,1.254385959855011,1,0,,0,0.0
26.02.2004 06:00:00.000,1.24916,1.2504,1.24826,1.24876,30927800.7813,1.2539531937123178,1,0,,0,0.0
26.02.2004 07:00:00.000,1.24865,1.24962,1.24786,1.24892,31400400.3906,1.2535660249652165,1,0,,0,0.0
26.02.2004 08:00:00.000,1.24867,1.24966,1.24335,1.24404,30189099.6094,1.252833253814046,1,0,,0,0.0
26.02.2004 09:00:00.000,1.24393,1.24631,1.24279,1.244,32473500.0,1.2521537727514274,1,0,,0,0.0
26.02.2004 10:00:00.000,1.24406,1.24468,1.24136,1.24438,30784099.6094,1.2515557902320869,1,0,,0,0.0
26.02.2004 11:00:00.000,1.2441,1.24436,1.24122,1.24192,31771800.7813,1.2508145755988496,1,0,,0,0.0
26.02.2004 12:00:00.000,1.24209,1.24595,1.2412,1.2459,33337800.7813,1.2504365313220152,1,0,,0,0.0
26.02.2004 13:00:00.000,1.24595,1.24752,1.23826,1.24347,32398900.3906,1.2499006442972447,1,2,1.23726,0,0.0
26.02.2004 14:00:00.000,1.24357,1.24624,1.24201,1.24555,32455900.3906,1.249565979351303,1,0,,0,0.0
26.02.2004 15:00:00.000,1.24548,1.24558,1.24139,1.24199,31838300.7813,1.248983211708895,1,0,,0,0.0
26.02.2004 16:00:00.000,1.24198,1.24569,1.24124,1.24418,292284500.0,1.248613733885134,1,0,,0,0.0
26.02.2004 17:00:00.000,1.24434,1.24667,1.24278,1.24428,131120406.25,1.248280369740124,1,0,,0,0.0
26.02.2004 18:00:00.000,1.24427,1.245,1.24295,1.24385,146180906.25,1.2479395720678068,1,0,,0,0.0
26.02.2004 19:00:00.000,1.24387,1.24449,1.24301,1.24342,106034101.5625,1.2475919126779755,1,0,,0,0.0
26.02.2004 20:00:00.000,1.24345,1.24387,1.24216,1.24268,62496300.7813,1.2472140732412083,1,0,,0,0.0
26.02.2004 21:00:00.000,1.24272,1.24393,1.24247,1.24366,30821599.6094,1.2469406829918845,1,0,,0,0.0
26.02.2004 22:00:00.000,1.24361,1.24418,1.24283,1.24371,30532199.2188,1.2466921689155857,1,0,,0,0.0
26.02.2004 23:00:00.000,1.24359,1.24445,1.24335,1.24409,31235800.7813,1.2464920020759254,1,0,,0,0.0
27.02.2004 00:00:00.000,1.24393,1.24447,1.24309,1.24407,32813601.5625,1.2463056942239312,1,0,,0,0.0
27.02.2004 01:00:00.000,1.24418,1.24523,1.2436,1.2443,32171699.2188,1.2461514100528597,1,0,,0,0.0
27.02.2004 02:00:00.000,1.24418,1.24499,1.24372,1.24454,33924500.0,1.246027455433409,1,0,,0,0.0
27.02.2004 03:00:00.000,1.24441,1.24547,1.24394,1.24426,30188099.6094,1.2458914973231467,1,0,,0,0.0
27.02.2004 04:00:00.000,1.24433,1.24447,1.24316,1.24341,32416300.7813,1.2457006129136738,1,0,,0,0.0
27.02.2004 05:00:00.000,1.24359,1.2437,1.2424,1.24364,31935300.7813,1.2455421042280068,1,0,,0,0.0
27.02.2004 06:00:00.000,1.24364,1.24394,1.24265,1.24343,31441699.2188,1.2453796346720065,1,0,,0,0.0
27.02.2004 07:00:00.000,1.24352,1.24623,1.24301,1.2452,32903101.5625,1.2453658166203136,1,0,,0,0.0
27.02.2004 08:00:00.000,1.24523,1.24543,1.24149,1.24286,30963000.0,1.2451730614956742,0,0,,0,0.0
27.02.2004 09:00:00.000,1.24278,1.24366,1.23813,1.2384,31216199.2188,1.244652056765238,0,0,,0,0.0
27.02.2004 10:00:00.000,1.23845,1.24092,1.23718,1.23964,29498199.2188,1.2442665139371427,0,2,1.23618,0,0.0
27.02.2004 11:00:00.000,1.2398,1.24048,1.23774,1.24046,31502500.0,1.2439737051727473,0,0,,0,0.0
27.02.2004 12:00:00.000,1.24071,1.24079,1.23886,1.24,31689500.0,1.2436680355440746,0,0,,0,0.0
27.02.2004 13:00:00.000,1.2401,1.2441,1.2399,1.24122,32273099.6094,1.2434797251176075,0,0,,0,0.0
27.02.2004 14:00:00.000,1.24147,1.24973,1.24134,1.24924,32868898.4375,1.243922823185484,0,0,,0,0.0
27.02.2004 15:00:00.000,1.24856,1.24865,1.24064,1.24224,31124800.7813,1.2437933752481392,0,0,,0,0.0
27.02.2004 16:00:00.000,1.24191,1.24509,1.24176,1.24386,294075812.5,1.2437985002290515,0,0,,0,0.0
27.02.2004 17:00:00.000,1.24369,1.24872,1.24346,1.24776,135484093.75,1.244103230980663,0,0,,0,0.0
27.02.2004 18:00:00.000,1.24762,1.25049,1.24689,1.2476,148631906.25,1.2443722132129198,0,0,,0,0.0
27.02.2004 19:00:00.000,1.24747,1.24936,1.2472,1.24866,103767796.875,1.2447020429657722,0,0,,0,0.0
27.02.2004 20:00:00.000,1.24864,1.24934,1.24815,1.24878,63942300.7813,1.2450157319684052,0,0,,0,0.0
27.02.2004 21:00:00.000,1.2487,1.24961,1.24809,1.24887,31393900.3906,1.2453122141246817,0,0,,0,0.0
29.02.2004 22:00:00.000,1.2482,1.2484,1.24726,1.24795,30853800.7813,1.2455151207304755,0,0,,0,0.0
29.02.2004 23:00:00.000,1.24772,1.25315,1.24764,1.25297,32568699.2188,1.2460885729819775,0,0,,0,0.0
01.03.2004 00:00:00.000,1.253,1.25337,1.25117,1.25162,31460599.6094,1.2465140673679793,0,0,,0,0.0
01.03.2004 01:00:00.000,1.25174,1.25356,1.25146,1.25308,33417199.2188,1.247019139108904,0,0,,0,0.0
01.03.2004 02:00:00.000,1.25322,1.25331,1.25039,1.25054,33440000.0,1.2472899745620654,0,0,,0,0.0
01.03.2004 03:00:00.000,1.25048,1.25197,1.25038,1.25086,30210199.2188,1.247564591903445,0,0,,0,0.0
01.03.2004 04:00:00.000,1.25087,1.25136,1.24952,1.24993,30819500.0,1.247746546372411,0,0,,0,0.0
01.03.2004 05:00:00.000,1.24995,1.2508,1.24888,1.25065,32362900.3906,1.2479698889591486,0,0,,0,0.0
01.03.2004 06:00:00.000,1.25055,1.25261,1.25014,1.25237,31146400.3906,1.248308359039214,0,0,,0,0.0
01.03.2004 07:00:00.000,1.25233,1.25398,1.2516,1.25279,34813300.7813,1.2486531006515822,0,1,1.25498,0,0.0
01.03.2004 08:00:00.000,1.25267,1.25273,1.24847,1.24897,29720300.7813,1.2486774775245375,0,0,,0,0.0
01.03.2004 09:00:00.000,1.24901,1.24962,1.24822,1.24879,30850599.6094,1.2486861330995733,2,0,,0,0.0
01.03.2004 10:00:00.000,1.24885,1.24896,1.246,1.2465,32183900.3906,1.2485179690149908,0,0,,0,0.0
01.03.2004 11:00:00.000,1.24675,1.24869,1.24601,1.24794,32815300.7813,1.2484735098599917,0,0,,0,0.0
01.03.2004 12:00:00.000,1.24784,1.24874,1.24692,1.24778,32721900.3906,1.2484201629476848,0,0,,0,0.0
01.03.2004 13:00:00.000,1.24765,1.25086,1.24696,1.25057,32129099.6094,1.2485855350286321,0,0,,0,0.0
01.03.2004 14:00:00.000,1.25063,1.25076,1.24811,1.24811,34031398.4375,1.2485489554110452,0,0,,0,0.0
01.03.2004 15:00:00.000,1.24835,1.24884,1.24281,1.24442,31619900.3906,1.2482313434563495,0,0,,0,0.0
01.03.2004 16:00:00.000,1.24467,1.24484,1.24215,1.24326,292541406.25,1.2478489324212456,0,2,1.2411500000000002,0,0.0
01.03.2004 17:00:00.000,1.24337,1.24583,1.24303,1.24405,131429093.75,1.2475567068503806,0,0,,0,0.0
01.03.2004 18:00:00.000,1.2441,1.24527,1.24358,1.24481,146295093.75,1.2473454217080437,0,0,,0,0.0
01.03.2004 19:00:00.000,1.24481,1.24508,1.24279,1.24439,106762000.0,1.2471180815766558,0,0,,0,0.0
01.03.2004 20:00:00.000,1.24443,1.24469,1.24353,1.24416,65773296.875,1.2468905368399898,0,0,,0,0.0
01.03.2004 21:00:00.000,1.24405,1.24677,1.24365,1.24527,30428500.0,1.2467658801599908,0,0,,0,0.0
01.03.2004 22:00:00.000,1.24539,1.24673,1.24485,1.24576,31361800.7813,1.2466885047630685,0,0,,0,0.0
01.03.2004 23:00:00.000,1.2458,1.24587,1.24387,1.24431,31917000.0,1.2465055428582172,0,0,,0,0.0
02.03.2004 00:00:00.000,1.24432,1.2446,1.24339,1.2444,30981599.6094,1.24634357802297,0,0,,0,0.0
02.03.2004 01:00:00.000,1.24452,1.24489,1.2432,1.24353,32686599.6094,1.24612714894428,0,0,,0,0.0
02.03.2004 02:00:00.000,1.24338,1.24356,1.2422,1.24302,34128398.4375,1.2458881374870276,0,0,,0,0.0
02.03.2004 03:00:00.000,1.24329,1.24393,1.24314,1.24342,30920099.6094,1.2456982807572563,0,0,,0,0.0
02.03.2004 04:00:00.000,1.24333,1.24388,1.24276,1.24368,33070199.2188,1.2455430283913136,0,0,,0,0.0
02.03.2004 05:00:00.000,1.24347,1.2441,1.24333,1.24368,32054800.7813,1.2453997185150587,0,0,,0,0.0
02.03.2004 06:00:00.000,1.24362,1.24441,1.24235,1.24319,32339099.6094,1.2452297401677466,0,0,,0,0.0
02.03.2004 07:00:00.000,1.24325,1.24351,1.2393,1.23943,34106800.7813,1.2447836063086892,1,0,,0,0.0
02.03.2004 08:00:00.000,1.23969,1.24201,1.23892,1.24154,31701099.6094,1.2445340981310977,1,0,,0,0.0
02.03.2004 09:00:00.000,1.24168,1.24247,1.23983,1.2399,29688800.7813,1.2441776290440902,1,0,,0,0.0
02.03.2004 10:00:00.000,1.2398,1.2402,1.2384,1.23958,31399800.7813,1.243823965271468,1,0,,0,0.0
02.03.2004 11:00:00.000,1.2395,1.23999,1.23827,1.23905,33506800.7813,1.2434567371736627,1,0,,0,0.0
02.03.2004 12:00:00.000,1.23902,1.24058,1.23764,1.24026,33490199.2188,1.2432108343141501,1,0,,0,0.0
02.03.2004 13:00:00.000,1.24044,1.24142,1.23703,1.23931,31675300.7813,1.2429107701361388,1,0,,0,0.0
02.03.2004 14:00:00.000,1.23932,1.23997,1.23763,1.23875,32561300.7813,1.2425907108948975,1,0,,0,0.0
02.03.2004 15:00:00.000,1.23861,1.24119,1.22829,1.22837,32403699.2188,1.2414968100568284,1,0,,0,0.0
02.03.2004 16:00:00.000,1.22812,1.22828,1.22103,1.2215,298621406.25,1.2399585938986109,1,0,,0,0.0
02.03.2004 17:00:00.000,1.22118,1.22289,1.21938,1.22051,132565906.25,1.2384625482141025,1,0,,0,0.0
02.03.2004 18:00:00.000,1.22087,1.2228,1.22024,1.2215,146702296.875,1.2371577368130178,1,0,,0,0.0
02.03.2004 19:00:00.000,1.22149,1.22307,1.2205,1.22257,105347296.875,1.2360356032120166,1,0,,0,0.0
02.03.2004 20:00:00.000,1.22255,1.22276,1.2207,1.22103,63062199.2188,1.2348813260418616,1,0,,0,0.0
02.03.2004 21:00:00.000,1.22063,1.2223,1.2203,1.22126,32757599.6094,1.2338335317309492,1,0,,0,0.0
02.03.2004 22:00:00.000,1.22121,1.22209,1.2208,1.22098,32748699.2188,1.2328447985208761,1,0,,0,0.0
02.03.2004 23:00:00.000,1.22099,1.22143,1.21961,1.21976,32187500.0,1.231838275557732,1,0,,0,0.0
03.03.2004 00:00:00.000,1.2197,1.22049,1.21637,1.2201,32474099.6094,1.2309353312840603,1,0,,0,0.0
03.03.2004 01:00:00.000,1.22041,1.22082,1.21922,1.21993,32537800.7813,1.2300887673391327,1,0,,0,0.0
03.03.2004 02:00:00.000,1.21972,1.22004,1.21668,1.21849,31598199.2188,1.229196554466892,1,0,,0,0.0
03.03.2004 03:00:00.000,1.21849,1.21934,1.21777,1.21803,30776099.6094,1.2283375887386696,1,0,,0,0.0
03.03.2004 04:00:00.000,1.21811,1.21875,1.21471,1.21751,32087400.3906,1.2275046972972337,1,0,,0,0.0
03.03.2004 05:00:00.000,1.21716,1.21783,1.21593,1.21773,33237398.4375,1.2267527975051389,1,0,,0,0.0
03.03.2004 06:00:00.000,1.21766,1.21946,1.21696,1.21942,30990400.3906,1.22618873615859,1,0,,0,0.0
03.03.2004 07:00:00.000,1.21915,1.2206,1.21833,1.2192,32491800.7813,1.2256511410694677,1,0,,0,0.0
03.03.2004 08:00:00.000,1.21913,1.2212,1.2178,1.21788,28829099.6094,1.2250533609872012,1,0,,0,0.0
03.03.2004 09:00:00.000,1.21772,1.21809,1.21621,1.21621,30582699.2188,1.2243731024497242,1,0,,0,0.0
03.03.2004 10:00:00.000,1.21627,1.21627,1.21299,1.21418,32209400.3906,1.2235890176458992,1,0,,0,0.0
03.03.2004 11:00:00.000,1.21402,1.21662,1.21339,1.21367,31307599.6094,1.2228260162885225,1,0,,0,0.0
03.03.2004 12:00:00.000,1.21363,1.21549,1.21019,1.21524,31464099.6094,1.2222424765740207,1,0,,0,0.0
03.03.2004 13:00:00.000,1.21521,1.21575,1.21218,1.21531,33183101.5625,1.2217092091452502,1,0,,0,0.0
03.03.2004 14:00:00.000,1.21516,1.21732,1.21467,1.21662,30586199.2188,1.2213177315186925,1,0,,0,0.0
03.03.2004 15:00:00.000,1.21627,1.21645,1.2126,1.21303,32015699.2188,1.2206802137095625,1,0,,0,0.0
03.03.2004 16:00:00.000,1.21303,1.21409,1.20546,1.20857,292052312.5,1.2197486588088269,1,2,1.20446,0,0.0
03.03.2004 17:00:00.000,1.2086,1.21374,1.20825,1.21327,134719406.25,1.2192503004389172,1,0,,0,0.0
03.03.2004 18:00:00.000,1.21365,1.21572,1.21308,1.2149,149463296.875,1.218915661943616,1,0,,0,0.0
03.03.2004 19:00:00.000,1.21502,1.2195,1.21487,1.21839,102417398.4375,1.2188752264094918,1,0,,0,0.0
03.03.2004 20:00:00.000,1.2185,1.22004,1.21771,1.21978,62967500.0,1.2189448243779926,0,0,,0,0.0
03.03.2004 21:00:00.000,1.21978,1.22158,1.21943,1.21998,30655300.7813,1.2190244532719932,0,1,1.22258,0,0.0
03.03.2004 22:00:00.000,1.22009,1.22021,1.21833,1.21908,34997000.0,1.2190287260972246,0,0,,0,0.0
03.03.2004 23:00:00.000,1.21903,1.21926,1.21806,1.21874,31684000.0,1.219006516397438,0,0,,0,0.0
04.03.2004 00:00:00.000,1.21877,1.21878,1.21598,1.21628,31873699.2188,1.218796784366866,0,0,,0,0.0
04.03.2004 01:00:00.000,1.21585,1.21668,1.21474,1.21489,34015800.7813,1.2184962624924918,0,0,,0,0.0
04.03.2004 02:00:00.000,1.21455,1.21586,1.21451,1.21526,33402898.4375,1.2182473192238386,0,0,,0,0.0
04.03.2004 03:00:00.000,1.2151,1.21705,1.21503,1.21656,30519199.2188,1.2181175254373895,0,0,,0,0.0
04.03.2004 04:00:00.000,1.21658,1.2174,1.21611,1.21699,30417500.0,1.2180307927114364,0,0,,0,0.0
04.03.2004 05:00:00.000,1.21683,1.21771,1.21642,1.21727,30463699.2188,1.2179722701951723,0,0,,0,0.0
04.03.2004 06:00:00.000,1.21759,1.22046,1.21741,1.21968,32101099.6094,1.218103634026313,0,0,,0,0.0
04.03.2004 07:00:00.000,1.21964,1.22027,1.21806,1.21964,31995099.6094,1.218221816024289,0,0,,0,0.0
04.03.2004 08:00:00.000,1.22012,1.2238,1.21953,1.2223,30943400.3906,1.2185355224839591,0,1,1.2247999999999999,0,0.0
04.03.2004 09:00:00.000,1.22262,1.22315,1.21672,1.21676,31928300.7813,1.218398943831347,0,0,,0,0.0
04.03.2004 10:00:00.000,1.2166,1.2182,1.21555,1.21756,32053599.6094,1.218334409690474,0,0,,0,0.0
04.03.2004 11:00:00.000,1.21758,1.22177,1.21713,1.22103,31669599.6094,1.218541762791207,0,0,,0,0.0
04.03.2004 12:00:00.000,1.22078,1.22163,1.21598,1.21633,32377699.2188,1.2183716271918834,0,0,,0,0.0
04.03.2004 13:00:00.000,1.2167,1.21842,1.21334,1.2156,29654099.6094,1.2181584251002002,0,2,1.2123400000000002,0,0.0
04.03.2004 14:00:00.000,1.21568,1.2176,1.21468,1.21595,32677099.6094,1.217988546246339,0,0,,0,0.0
04.03.2004 15:00:00.000,1.21602,1.21949,1.21584,1.21839,33070898.4375,1.218019427304313,0,0,,0,0.0
04.03.2004 16:00:00.000,1.21843,1.22342,1.21841,1.22276,292733906.25,1.218384086742443,0,0,,0,0.0
04.03.2004 17:00:00.000,1.22277,1.22374,1.21712,1.21774,133961000.0,1.2183345416084088,0,0,,0,0.0
04.03.2004 18:00:00.000,1.21767,1.2193,1.21667,1.21803,148953093.75,1.218311115330839,0,0,,0,0.0
04.03.2004 19:00:00.000,1.21813,1.21952,1.21785,1.21906,105301000.0,1.2183687218438515,0,0,,0,0.0
04.03.2004 20:00:00.000,1.21891,1.2195,1.21808,1.21861,62126199.2188,1.218387281702017,0,0,,0,0.0
04.03.2004 21:00:00.000,1.21826,1.22022,1.21826,1.22004,33496800.7813,1.218514413878785,0,0,,0,0.0
04.03.2004 22:00:00.000,1.21985,1.22058,1.21817,1.21865,32102000.0,1.2185248435804168,0,0,,0,0.0
04.03.2004 23:00:00.000,1.21838,1.22027,1.21807,1.21984,30901300.7813,1.2186260094588464,0,0,,0,0.0
05.03.2004 00:00:00.000,1.21978,1.22022,1.21847,1.21926,32995300.7813,1.218674777962012,0,0,,0,0.0
05.03.2004 01:00:00.000,1.2191,1.22075,1.21815,1.22045,32175500.0,1.2188113335033957,0,0,,0,0.0
05.03.2004 02:00:00.000,1.22057,1.22096,1.21937,1.21982,32246699.2188,1.2188889232339037,0,0,,0,0.0
05.03.2004 03:00:00.000,1.21976,1.22109,1.21931,1.21996,28872400.3906,1.2189713137543727,0,0,,0,0.0
05.03.2004 04:00:00.000,1.21987,1.21989,1.21891,1.21932,31907099.6094,1.218998135773267,0,0,,0,0.0
05.03.2004 05:00:00.000,1.21937,1.2219,1.21887,1.22121,29582000.0,1.2191682791753236,0,0,,0,0.0
05.03.2004 06:00:00.000,1.22123,1.22146,1.21998,1.22041,31535500.0,1.219263796161837,0,0,,0,0.0
05.03.2004 07:00:00.000,1.2205,1.22124,1.21857,1.21884,31012300.7813,1.2192311964570806,0,0,,0,0.0
05.03.2004 08:00:00.000,1.21874,1.21935,1.21731,1.21861,32563300.7813,1.2191834121142284,0,2,1.21631,0,0.0
05.03.2004 09:00:00.000,1.21839,1.2206,1.21837,1.22044,31462000.0,1.2192800727208262,0,0,,0,0.0
05.03.2004 10:00:00.000,1.22047,1.22107,1.21888,1.22011,32662500.0,1.2193439132807626,0,0,,0,0.0
05.03.2004 11:00:00.000,1.22028,1.22075,1.21945,1.21999,33162398.4375,1.2193936122591655,0,0,,0,0.0
05.03.2004 12:00:00.000,1.22,1.22041,1.2185,1.21923,32029900.3906,1.2193810267007683,0,0,,0,0.0
05.03.2004 13:00:00.000,1.21912,1.23466,1.21751,1.23433,31280699.2188,1.2205309477237862,0,0,,0,0.0
05.03.2004 14:00:00.000,1.2353,1.2411,1.23514,1.24106,32669699.2188,1.2221101055911874,0,0,,0,0.0
05.03.2004 15:00:00.000,1.24108,1.24275,1.23884,1.2417,31756400.3906,1.2236170205457115,0,1,1.24375,0,0.0
05.03.2004 16:00:00.000,1.2417,1.24184,1.23716,1.24001,293671406.25,1.2248780189652724,0,0,,0,0.0
05.03.2004 17:00:00.000,1.2399,1.24106,1.23732,1.23895,136358296.875,1.225960479044867,0,0,,0,0.0
05.03.2004 18:00:00.000,1.23895,1.23907,1.23711,1.23773,146887906.25,1.2268658268106465,0,0,,0,0.0
05.03.2004 19:00:00.000,1.23779,1.23837,1.23556,1.23731,104164296.875,1.2276692247482892,0,0,,0,0.0
05.03.2004 20:00:00.000,1.23714,1.23823,1.23629,1.23698,65331898.4375,1.22838543822919,0,0,,0,0.0
05.03.2004 21:00:00.000,1.2371,1.23786,1.23618,1.23642,30175199.2188,1.2290034814423294,0,0,,0,0.0
07.03.2004 22:00:00.000,1.23857,1.23865,1.2358,1.23613,30701400.3906,1.229551675177535,0,0,,0,0.0
07.03.2004 23:00:00.000,1.23612,1.23771,1.23552,1.23609,32319500.0,1.2300546232408016,0,0,,0,0.0
08.03.2004 00:00:00.000,1.23604,1.2368,1.23496,1.23559,33495300.7813,1.2304804214530478,0,0,,0,0.0
08.03.2004 01:00:00.000,1.23567,1.23581,1.23359,1.23464,33206101.5625,1.2308003890335826,0,2,1.23259,0,0.0
08.03.2004 02:00:00.000,1.23443,1.23641,1.2342,1.23608,34173898.4375,1.2312065129540763,0,0,,0,0.0
08.03.2004 03:00:00.000,1.2362,1.23678,1.23501,1.23615,31245500.0,1.2315867811883783,0,0,,0,0.0
08.03.2004 04:00:00.000,1.2362,1.23777,1.23588,1.23698,33087300.7813,1.2320016441738877,0,0,,0,0.0
08.03.2004 05:00:00.000,1.2368,1.23883,1.23584,1.23769,31628400.3906,1.2324392100066657,2,0,,0,0.0
08.03.2004 06:00:00.000,1.23741,1.23855,1.23684,1.2369,31764500.0,1.2327823476984605,2,0,,0,0.0
08.03.2004 07:00:00.000,1.23692,1.23703,1.23397,1.2342,32321300.7813,1.2328913978755023,2,0,,0,0.0
08.03.2004 08:00:00.000,1.23422,1.23633,1.23398,1.23576,31477300.7813,1.2331120595773868,2,0,,0,0.0
08.03.2004 09:00:00.000,1.23573,1.23857,1.23563,1.23769,31463699.2188,1.2334642088406647,2,0,,0,0.0
08.03.2004 10:00:00.000,1.23762,1.23819,1.23595,1.23709,30203000.0,1.2337431158529213,2,0,,0,0.0
08.03.2004 11:00:00.000,1.23719,1.23812,1.23654,1.23736,30312800.7813,1.234021337710389,2,0,,0,0.0
08.03.2004 12:00:00.000,1.2375,1.2375,1.2353,1.2355,31396199.2188,1.2341350809634362,2,0,,0,0.0
08.03.2004 13:00:00.000,1.23551,1.23688,1.23424,1.23522,31468000.0,1.234218536273941,2,0,,0,0.0
08.03.2004 14:00:00.000,1.23522,1.23844,1.23465,1.23766,31150300.7813,1.2344832642528687,2,0,,0,0.0
08.03.2004 15:00:00.000,1.23776,1.23976,1.23469,1.23558,33293398.4375,1.2345676285411096,2,0,,0,0.0
08.03.2004 16:00:00.000,1.23539,1.23716,1.23511,1.23681,297478500.0,1.234740118653332,2,0,,0,0.0
08.03.2004 17:00:00.000,1.23668,1.23716,1.23483,1.2351,136965703.125,1.234767801833845,2,0,,0,0.0
08.03.2004 18:00:00.000,1.23511,1.2415,1.23424,1.23984,149308093.75,1.2351579709235494,0,0,,0,0.0
08.03.2004 19:00:00.000,1.23979,1.24094,1.23777,1.23898,106605898.4375,1.2354519731601996,0,0,,0,0.0
08.03.2004 20:00:00.000,1.23893,1.2406,1.23824,1.24041,63642300.7813,1.2358333598401843,0,0,,0,0.0
08.03.2004 21:00:00.000,1.23995,1.2409,1.23948,1.24013,31684699.2188,1.2361638706217086,0,0,,0,0.0
08.03.2004 22:00:00.000,1.2402,1.24058,1.23853,1.23988,31220800.7813,1.2364497267277312,0,0,,0,0.0
08.03.2004 23:00:00.000,1.23979,1.2423,1.2395,1.24182,32161000.0,1.2368628246717521,0,0,,0,0.0
09.03.2004 00:00:00.000,1.24182,1.24234,1.24073,1.24162,32909300.7813,1.2372287612354635,0,0,,0,0.0
09.03.2004 01:00:00.000,1.24155,1.24484,1.24131,1.2444,33617199.2188,1.237780394986582,0,0,,0,0.0
09.03.2004 02:00:00.000,1.24436,1.24515,1.24317,1.24376,30761500.0,1.238240364602999,0,0,,0,0.0
09.03.2004 03:00:00.000,1.2438,1.24525,1.24343,1.24387,31421800.7813,1.2386734134796913,0,0,,0,0.0
09.03.2004 04:00:00.000,1.2441,1.24454,1.24349,1.24386,33588601.5625,1.2390723816735612,0,0,,0,0.0
09.03.2004 05:00:00.000,1.2439,1.24457,1.24342,1.24419,31621099.6094,1.2394660446217487,0,0,,0,0.0
09.03.2004 06:00:00.000,1.24393,1.24573,1.24393,1.24495,31238599.6094,1.2398878873431527,0,1,1.24673,0,0.0
09.03.2004 07:00:00.000,1.24489,1.24542,1.24197,1.24243,33007699.2188,1.2400834344706027,0,0,,0,0.0
09.03.2004 08:00:00.000,1.24265,1.24434,1.24157,1.24345,29922599.6094,1.2403424010497872,0,0,,0,0.0
09.03.2004 09:00:00.000,1.24333,1.24367,1.23786,1.23818,32597800.7813,1.240176062507496,0,0,,0,0.0
09.03.2004 10:00:00.000,1.23858,1.23901,1.23575,1.23679,31007099.6094,1.2399155961607655,0,0,,0,0.0
09.03.2004 11:00:00.000,1.2369,1.23825,1.23672,1.23797,33147300.7813,1.2397659349176298,0,0,,0,0.0
09.03.2004 12:00:00.000,1.23799,1.23849,1.23507,1.23608,33940500.0,1.2394824014624275,0,0,,0,0.0
09.03.2004 13:00:00.000,1.2361,1.23781,1.2355,1.23708,32853000.0,1.239297601349933,0,0,,0,0.0
09.03.2004 14:00:00.000,1.23728,1.2404,1.23571,1.23949,31327500.0,1.239312401246092,0,0,,0,0.0
09.03.2004 15:00:00.000,1.23967,1.24117,1.23745,1.24068,33220000.0,1.239417601150239,0,0,,0,0.0
09.03.2004 16:00:00.000,1.24043,1.24347,1.23898,1.24345,295568093.75,1.2397277856771436,0,0,,0,0.0
09.03.2004 17:00:00.000,1.24342,1.24463,1.24215,1.24434,137227500.0,1.2400825713942865,0,0,,0,0.0
09.03.2004 18:00:00.000,1.24444,1.24484,1.23678,1.23742,146919203.125,1.2398777582101106,0,1,1.2458399999999998,0,0.0
09.03.2004 19:00:00.000,1.23748,1.23897,1.22914,1.22939,103075203.125,1.2390710075785636,0,0,,0,0.0
09.03.2004 20:00:00.000,1.22913,1.2317,1.22716,1.23112,64608601.5625,1.2384593916109818,0,2,1.2261600000000001,0,0.0
09.03.2004 21:00:00.000,1.23066,1.23259,1.23066,1.2324,31629400.3906,1.2379932845639834,0,0,,0,0.0
09.03.2004 22:00:00.000,1.23226,1.23262,1.23042,1.23044,30228599.6094,1.2374122626744464,0,0,,0,0.0
09.03.2004 23:00:00.000,1.23052,1.23167,1.23,1.23138,32017699.2188,1.23694824246872,0,0,,0,0.0
10.03.2004 00:00:00.000,1.23145,1.23215,1.2294,1.23128,32911699.2188,1.23651222381728,0,0,,0,0.0
10.03.2004 01:00:00.000,1.23125,1.2328,1.23102,1.23151,32126900.3906,1.236127437369797,0,0,,0,0.0
10.03.2004 02:00:00.000,1.2314,1.23196,1.22955,1.23005,32342199.2188,1.2356599421875052,0,0,,0,0.0
10.03.2004 03:00:00.000,1.23027,1.23153,1.22956,1.23116,32340699.2188,1.2353137927884663,0,0,,0,0.0
10.03.2004 04:00:00.000,1.23121,1.23157,1.23064,1.23129,32417500.0,1.2350042702662767,0,0,,0,0.0
10.03.2004 05:00:00.000,1.23123,1.23155,1.23072,1.23149,33417101.5625,1.2347339417842556,0,0,,0,0.0
10.03.2004 06:00:00.000,1.23113,1.23159,1.228,1.22808,32435900.3906,1.2342221001085436,0,0,,0,0.0
10.03.2004 07:00:00.000,1.22826,1.22981,1.22597,1.22692,31381900.3906,1.233660400100194,0,0,,0,0.0
10.03.2004 08:00:00.000,1.22713,1.22943,1.22698,1.22839,29647400.3906,1.2332549847078715,0,0,,0,0.0
10.03.2004 09:00:00.000,1.22864,1.23043,1.22806,1.22854,33457199.2188,1.232892293576497,0,0,,0,0.0
10.03.2004 10:00:00.000,1.22868,1.2293,1.22812,1.22842,33244398.4375,1.2325482709936897,1,0,,0,0.0
10.03.2004 11:00:00.000,1.2284,1.22976,1.22831,1.22946,32874199.2188,1.2323107116864829,1,0,,0,0.0
10.03.2004 12:00:00.000,1.22929,1.2311,1.22884,1.23038,32455199.2188,1.2321621954029074,1,0,,0,0.0
10.03.2004 13:00:00.000,1.23016,1.23282,1.22347,1.22594,32800199.2188,1.231683564987299,1,1,1.23382,0,0.0
10.03.2004 14:00:00.000,1.22624,1.22658,1.22488,1.22562,32488500.0,1.231217136911353,1,0,,0,0.0
10.03.2004 15:00:00.000,1.22546,1.22615,1.22095,1.22112,31399199.2188,1.2304404340720183,1,0,,0,0.0
10.03.2004 16:00:00.000,1.22113,1.22317,1.21946,1.22243,289615812.5,1.2298242468357092,1,0,,0,0.0
10.03.2004 17:00:00.000,1.22251,1.22485,1.2222,1.22459,137312703.125,1.2294216124637316,1,0,,0,0.0
10.03.2004 18:00:00.000,1.22441,1.2246,1.22134,1.22184,145296093.75,1.228838411504983,1,0,,0,0.0
10.03.2004 19:00:00.000,1.22188,1.22376,1.22163,1.22284,107057898.4375,1.2283769952353691,1,0,,0,0.0
10.03.2004 20:00:00.000,1.22272,1.22549,1.22255,1.224,63989898.4375,1.2280403032941871,1,0,,0,0.0
10.03.2004 21:00:00.000,1.224,1.2247,1.22197,1.22205,31346800.7813,1.2275795107330958,1,0,,0,0.0
10.03.2004 22:00:00.000,1.222,1.2224,1.22062,1.22226,30591400.3906,1.2271703175997808,1,0,,0,0.0
10.03.2004 23:00:00.000,1.22216,1.22315,1.22188,1.22271,32082199.2188,1.2268272162459515,1,0,,0,0.0
11.03.2004 00:00:00.000,1.22256,1.2228,1.22093,1.22117,32018300.7813,1.2263920457654938,1,0,,0,0.0
11.03.2004 01:00:00.000,1.2209,1.2215,1.22013,1.22105,33916398.4375,1.2259811191681482,1,0,,0,0.0
11.03.2004 02:00:00.000,1.22067,1.22131,1.21777,1.21941,33502601.5625,1.2254756484629061,1,0,,0,0.0
11.03.2004 03:00:00.000,1.21883,1.2199,1.21832,1.2191,31481900.3906,1.2249852139657595,1,0,,0,0.0
11.03.2004 04:00:00.000,1.2192,1.22023,1.21785,1.21907,32130000.0,1.224530197506855,1,0,,0,0.0
11.03.2004 05:00:00.000,1.21874,1.22063,1.21872,1.22052,29480599.6094,1.2242217207755586,1,0,,0,0.0
11.03.2004 06:00:00.000,1.22055,1.22159,1.21933,1.22133,32828300.7813,1.2239992807159004,1,0,,0,0.0
11.03.2004 07:00:00.000,1.22153,1.22163,1.21855,1.21988,30915599.6094,1.2236824129685235,1,0,,0,0.0
11.03.2004 08:00:00.000,1.21999,1.22021,1.2162,1.21824,34271101.5625,1.2232637658170988,1,2,1.2152,0,0.0
11.03.2004 09:00:00.000,1.21823,1.22067,1.21739,1.21943,29991699.2188,1.2229688607542453,1,0,,0,0.0
11.03.2004 10:00:00.000,1.21957,1.22111,1.21864,1.22104,31591000.0,1.2228204868500725,1,0,,0,0.0
11.03.2004 11:00:00.000,1.22105,1.2302,1.22095,1.22332,32074199.2188,1.2228589109385286,0,0,,0,0.0
11.03.2004 12:00:00.000,1.22342,1.22707,1.22284,1.2264,31897900.3906,1.2231313024047956,0,0,,0,0.0
11.03.2004 13:00:00.000,1.22639,1.22866,1.22352,1.22487,33331000.0,1.2232650483736576,0,0,,0,0.0
11.03.2004 14:00:00.000,1.22456,1.2266,1.22367,1.22538,32350699.2188,1.2234277369602993,0,0,,0,0.0
11.03.2004 15:00:00.000,1.22514,1.22777,1.22443,1.2245,33276601.5625,1.223510218732584,0,0,,0,0.0
11.03.2004 16:00:00.000,1.22447,1.22755,1.22381,1.2266,293042500.0,1.223747894214693,0,0,,0,0.0
11.03.2004 17:00:00.000,1.22638,1.22878,1.22573,1.22728,136797406.25,1.2240195946597168,0,0,,0,0.0
11.03.2004 18:00:00.000,1.22712,1.23007,1.22664,1.22856,145492796.875,1.2243688566089694,0,0,,0,0.0
11.03.2004 19:00:00.000,1.22852,1.23328,1.22809,1.23153,106953000.0,1.2249197137928949,0,0,,0,0.0
11.03.2004 20:00:00.000,1.23148,1.23486,1.23094,1.23332,66378203.125,1.2255658896549801,0,0,,0,0.0
11.03.2004 21:00:00.000,1.23305,1.23831,1.23129,1.23484,30586800.7813,1.2262792827584432,0,1,1.23931,0,0.0
11.03.2004 22:00:00.000,1.23481,1.23709,1.2339,1.23442,30985300.7813,1.2269054917770246,0,0,,0,0.0
11.03.2004 23:00:00.000,1.23427,1.23558,1.23392,1.23448,30931900.3906,1.227488146255715,0,0,,0,0.0
12.03.2004 00:00:00.000,1.23425,1.23519,1.23294,1.2332,30695900.3906,1.2279275196206603,0,0,,0,0.0
12.03.2004 01:00:00.000,1.23319,1.23357,1.23093,1.23125,32934500.0,1.2281830950344557,0,0,,0,0.0
12.03.2004 02:00:00.000,1.23097,1.232,1.23058,1.23102,33669800.7813,1.2284013184933438,0,0,,0,0.0
12.03.2004 03:00:00.000,1.23086,1.23135,1.22732,1.22775,29922900.3906,1.228351217070779,0,0,,0,0.0
12.03.2004 04:00:00.000,1.2278,1.22893,1.22671,1.22821,34625300.7813,1.2283403542191809,0,0,,0,0.0
12.03.2004 05:00:00.000,1.22808,1.23019,1.22648,1.22703,31510500.0,1.2282395577407823,0,0,,0,0.0
12.03.2004 06:00:00.000,1.22718,1.22828,1.22518,1.22757,31555800.7813,1.2281880532991838,0,0,,0,0.0
12.03.2004 07:00:00.000,1.2275,1.22847,1.22584,1.22793,30650699.2188,1.2281682030454006,0,0,,0,0.0
12.03.2004 08:00:00.000,1.22769,1.22811,1.2243,1.22485,31504099.6094,1.2279129566572928,0,0,,0,0.0
12.03.2004 09:00:00.000,1.22497,1.22587,1.2243,1.22489,30534099.6094,1.2276804215298087,0,0,,0,0.0
12.03.2004 10:00:00.000,1.2251,1.22716,1.22484,1.22529,29275800.7813,1.2274965429505929,0,0,,0,0.0
12.03.2004 11:00:00.000,1.22518,1.22538,1.22115,1.22261,32185800.7813,1.2271206550313165,0,0,,0,0.0
12.03.2004 12:00:00.000,1.22252,1.22364,1.22073,1.22321,33406601.5625,1.2268198354135231,0,0,,0,0.0
12.03.2004 13:00:00.000,1.22307,1.22593,1.22263,1.22341,33073199.2188,1.2265575403817137,0,0,,0,0.0
12.03.2004 14:00:00.000,1.22346,1.22703,1.22093,1.22143,31792900.3906,1.226163114198505,0,0,,0,0.0
12.03.2004 15:00:00.000,1.22149,1.22337,1.21771,1.21882,33767601.5625,1.2255982592601586,0,0,,0,0.0
12.03.2004 16:00:00.000,1.2186,1.22023,1.21707,1.21859,295127406.25,1.2250591623939926,0,2,1.2160700000000002,0,0.0
12.03.2004 17:00:00.000,1.21856,1.22177,1.21811,1.2204,133808796.875,1.2247007652867623,0,0,,0,0.0
12.03.2004 18:00:00.000,1.22024,1.22084,1.21832,1.21902,144724093.75,1.2242637833416268,0,0,,0,0.0
12.03.2004 19:00:00.000,1.21906,1.22279,1.21805,1.22203,105093601.5625,1.2240919538538095,1,0,,0,0.0
12.03.2004 20:00:00.000,1.22211,1.22308,1.22127,1.22144,63847300.7813,1.2238879574035166,1,0,,0,0.0
12.03.2004 21:00:00.000,1.22148,1.22248,1.22066,1.22145,31551500.0,1.223700422218631,1,0,,0,0.0
14.03.2004 22:00:00.000,1.21887,1.22095,1.21815,1.22079,31554900.3906,1.2234765435864288,1,0,,0,0.0
14.03.2004 23:00:00.000,1.22099,1.22171,1.21951,1.22099,30956300.7813,1.2232852710028574,1,0,,0,0.0
15.03.2004 00:00:00.000,1.22088,1.22354,1.22086,1.22218,32960101.5625,1.223200250156484,1,0,,0,0.0
15.03.2004 01:00:00.000,1.22223,1.22288,1.22135,1.22141,34762300.7813,1.2230625386059852,1,0,,0,0.0
15.03.2004 02:00:00.000,1.22128,1.22197,1.22013,1.22173,31480900.3906,1.2229600356362942,1,0,,0,0.0
15.03.2004 03:00:00.000,1.22207,1.22278,1.2214,1.22203,30855199.2188,1.2228884944335026,1,0,,0,0.0
15.03.2004 04:00:00.000,1.22207,1.22314,1.22146,1.22272,31843099.6094,1.2228755333232333,1,0,,0,0.0
15.03.2004 05:00:00.000,1.2226,1.22415,1.22225,1.22322,31547599.6094,1.2229020307599077,0,0,,0,0.0
15.03.2004 06:00:00.000,1.22323,1.22468,1.22312,1.22376,32278300.7813,1.222968028393761,0,0,,0,0.0
15.03.2004 07:00:00.000,1.22398,1.22675,1.22365,1.22639,32312300.7813,1.2232312569788564,0,0,,0,0.0
15.03.2004 08:00:00.000,1.22635,1.22902,1.2253,1.22873,31014400.3906,1.223654237211252,0,0,,0,0.0
15.03.2004 09:00:00.000,1.22885,1.23081,1.22809,1.23031,31215000.0,1.2241662189642326,0,0,,0,0.0
15.03.2004 10:00:00.000,1.23033,1.23154,1.22808,1.22843,32379000.0,1.22449420212083,0,1,1.23254,0,0.0
15.03.2004 11:00:00.000,1.22833,1.23021,1.22769,1.22835,31253099.6094,1.2247908019576894,0,0,,0,0.0
15.03.2004 12:00:00.000,1.22823,1.22906,1.22621,1.22845,30039199.2188,1.225072278730175,0,0,,0,0.0
15.03.2004 13:00:00.000,1.22828,1.23059,1.22482,1.22482,32021000.0,1.225052872674008,0,0,,0,0.0
15.03.2004 14:00:00.000,1.22452,1.22684,1.22337,1.22382,33229000.0,1.2249580363144688,0,0,,0,0.0
15.03.2004 15:00:00.000,1.22397,1.22466,1.22095,1.22221,32000000.0,1.2247466489056635,0,2,1.21995,0,0.0
15.03.2004 16:00:00.000,1.22222,1.22522,1.22173,1.22395,297183000.0,1.2246853682206125,0,0,,0,0.0
15.03.2004 17:00:00.000,1.22387,1.22916,1.22178,1.22615,135228203.125,1.2247980322036425,0,0,,0,0.0
15.03.2004 18:00:00.000,1.22593,1.22747,1.22376,1.2246,149085296.875,1.2247827989572087,0,0,,0,0.0
15.03.2004 19:00:00.000,1.22446,1.22664,1.22393,1.22577,105851000.0,1.224858737498962,0,0,,0,0.0
15.03.2004 20:00:00.000,1.22588,1.22756,1.22583,1.22662,65652101.5625,1.224994219229811,0,0,,0,0.0
15.03.2004 21:00:00.000,1.22643,1.22726,1.22582,1.226,31222900.3906,1.2250715869813642,0,0,,0,0.0
15.03.2004 22:00:00.000,1.22606,1.22688,1.22575,1.22623,30008800.7813,1.2251606956751055,0,0,,0,0.0
15.03.2004 23:00:00.000,1.22626,1.22723,1.22588,1.22645,31764000.0,1.2252598729308668,0,0,,0,0.0
16.03.2004 00:00:00.000,1.22645,1.22652,1.22407,1.22491,32240300.7813,1.2252329596284923,0,0,,0,0.0
16.03.2004 01:00:00.000,1.22497,1.22534,1.22383,1.22436,32125099.6094,1.2251658088878392,0,0,,0,0.0
16.03.2004 02:00:00.000,1.22441,1.22622,1.22425,1.22596,32714699.2188,1.2252269005118517,0,0,,0,0.0
16.03.2004 03:00:00.000,1.22617,1.22699,1.22578,1.22646,33248898.4375,1.2253217543186323,0,0,,0,0.0
16.03.2004 04:00:00.000,1.22679,1.2269,1.22565,1.22593,33415800.7813,1.2253685424479683,0,0,,0,0.0
16.03.2004 05:00:00.000,1.22622,1.22857,1.22601,1.22819,32857699.2188,1.2255855776442786,0,0,,0,0.0
16.03.2004 06:00:00.000,1.22829,1.22921,1.22763,1.22791,31802800.7813,1.2257643793639494,0,0,,0,0.0
16.03.2004 07:00:00.000,1.22813,1.23328,1.22781,1.23202,32778300.7813,1.2262455809513382,0,0,,0,0.0
16.03.2004 08:00:00.000,1.23177,1.23429,1.23167,1.23243,31631900.3906,1.226721305493543,0,0,,0,0.0
16.03.2004 09:00:00.000,1.23235,1.23289,1.23118,1.23167,33437500.0,1.2271019743017322,0,0,,0,0.0
16.03.2004 10:00:00.000,1.23139,1.23624,1.2313,1.23433,30437599.6094,1.227657976278522,0,0,,0,0.0
16.03.2004 11:00:00.000,1.23449,1.23695,1.23429,1.23507,32925000.0,1.228228131949405,0,1,1.2379499999999999,0,0.0
16.03.2004 12:00:00.000,1.23528,1.23625,1.2336,1.23541,32675199.2188,1.2287805833379126,0,0,,0,0.0
16.03.2004 13:00:00.000,1.23527,1.23553,1.23202,1.23486,35275199.2188,1.229248230773458,0,0,,0,0.0
16.03.2004 14:00:00.000,1.23479,1.23515,1.23242,1.23505,30145500.0,1.2296945207139611,0,0,,0,0.0
16.03.2004 15:00:00.000,1.23503,1.23553,1.23291,1.23372,33330398.4375,1.2300041729667333,0,0,,0,0.0
16.03.2004 16:00:00.000,1.23351,1.23406,1.22535,1.22589,299227593.75,1.2296876981231384,0,0,,0,0.0
16.03.2004 17:00:00.000,1.22592,1.22802,1.22391,1.22693,135425093.75,1.2294755674982818,0,0,,0,0.0
16.03.2004 18:00:00.000,1.22705,1.22789,1.22589,1.22741,143454593.75,1.2293166776907218,0,0,,0,0.0
16.03.2004 19:00:00.000,1.2272,1.23024,1.22295,1.22633,103303296.875,1.2290869332529741,0,2,1.22195,0,0.0
16.03.2004 20:00:00.000,1.22592,1.22659,1.22497,1.22574,64287398.4375,1.2288294768488992,0,0,,0,0.0
16.03.2004 21:00:00.000,1.22573,1.22739,1.22541,1.22693,31713300.7813,1.228683363245138,0,0,,0,0.0
16.03.2004 22:00:00.000,1.22709,1.22738,1.22623,1.22684,29688099.6094,1.2285415660724353,0,0,,0,0.0
16.03.2004 23:00:00.000,1.22697,1.22738,1.22496,1.22545,31821000.0,1.2283037532976326,0,0,,0,0.0
17.03.2004 00:00:00.000,1.22542,1.226,1.22379,1.2254,32902300.7813,1.2280803876593531,0,0,,0,0.0
17.03.2004 01:00:00.000,1.22543,1.2265,1.2251,1.2263,33395601.5625,1.22794343476248,0,0,,0,0.0
17.03.2004 02:00:00.000,1.22635,1.22801,1.22596,1.22733,34156601.5625,1.2278962474730586,0,0,,0,0.0
17.03.2004 03:00:00.000,1.22713,1.2287,1.22712,1.22834,31124300.7813,1.2279303822828234,0,0,,0,0.0
17.03.2004 04:00:00.000,1.22833,1.22846,1.22689,1.22702,32235300.7813,1.2278603528764525,0,0,,0,0.0
17.03.2004 05:00:00.000,1.22693,1.22747,1.22382,1.22507,31309000.0,1.2276457103474947,0,0,,0,0.0
17.03.2004 06:00:00.000,1.22522,1.22706,1.22453,1.22693,31206500.0,1.22759065570538,0,0,,0,0.0
17.03.2004 07:00:00.000,1.22681,1.22746,1.22311,1.22311,32573300.7813,1.2272459898818893,0,0,,0,0.0
17.03.2004 08:00:00.000,1.22346,1.22359,1.22024,1.22344,30131099.6094,1.2269532214294363,0,0,,0,0.0
17.03.2004 09:00:00.000,1.22327,1.22604,1.22263,1.22542,32692099.6094,1.2268352813194798,0,0,,0,0.0
17.03.2004 10:00:00.000,1.22552,1.22689,1.22459,1.22612,30993400.3906,1.22678025967952,0,0,,0,0.0
17.03.2004 11:00:00.000,1.22599,1.22645,1.2245,1.22491,30356800.7813,1.2266363935503262,0,0,,0,0.0
17.03.2004 12:00:00.000,1.22518,1.22623,1.22468,1.22524,31306400.3906,1.2265289786618396,0,0,,0,0.0
17.03.2004 13:00:00.000,1.22508,1.22604,1.22145,1.22198,32027300.7813,1.2261790572263136,0,0,,0,0.0
17.03.2004 14:00:00.000,1.22192,1.22327,1.21996,1.22196,31255699.2188,1.225854514362751,0,0,,0,0.0
17.03.2004 15:00:00.000,1.2222,1.22224,1.21882,1.21933,32244099.6094,1.2253526286425396,0,0,,0,0.0
17.03.2004 16:00:00.000,1.21935,1.22016,1.2173,1.21941,290837000.0,1.2248955033623443,0,2,1.2163000000000002,0,0.0
17.03.2004 17:00:00.000,1.21934,1.22318,1.21921,1.22221,132527593.75,1.2246889261806257,0,0,,0,0.0
17.03.2004 18:00:00.000,1.22243,1.22548,1.22135,1.22444,144850906.25,1.2246697780128855,0,0,,0,0.0
17.03.2004 19:00:00.000,1.2243,1.22593,1.22361,1.22397,105043898.4375,1.2246159489349713,0,0,,0,0.0
17.03.2004 20:00:00.000,1.2241,1.22422,1.22256,1.22326,62382300.7813,1.2245116451707427,1,0,,0,0.0
17.03.2004 21:00:00.000,1.22319,1.22399,1.22287,1.22316,31020199.2188,1.224407672465301,1,0,,0,0.0
17.03.2004 22:00:00.000,1.2231,1.22396,1.22245,1.22292,30881900.3906,1.2242932361218164,1,0,,0,0.0
17.03.2004 23:00:00.000,1.22276,1.22326,1.22182,1.22215,34046300.7813,1.2241283718047538,1,0,,0,0.0
18.03.2004 00:00:00.000,1.2221,1.22589,1.22184,1.22543,33569601.5625,1.224228497050542,0,0,,0,0.0
18.03.2004 01:00:00.000,1.22545,1.2266,1.22353,1.22474,34615398.4375,1.2242678434312695,0,0,,0,0.0
18.03.2004 02:00:00.000,1.22503,1.2269,1.22501,1.22572,32134800.7813,1.2243795477827104,0,0,,0,0.0
18.03.2004 03:00:00.000,1.22587,1.22779,1.22498,1.22688,30129300.7813,1.2245718902609635,0,0,,0,0.0
18.03.2004 04:00:00.000,1.2267,1.22754,1.22606,1.22687,31348599.6094,1.2247486679331971,0,0,,0,0.0
18.03.2004 05:00:00.000,1.22685,1.2285,1.22682,1.227,30460300.7813,1.2249218473229515,0,0,,0,0.0
18.03.2004 06:00:00.000,1.22725,1.2287,1.22661,1.22663,32006400.3906,1.2250532436827246,0,0,,0,0.0
18.03.2004 07:00:00.000,1.22668,1.22979,1.22636,1.22718,30398199.2188,1.2252168403225152,0,0,,0,0.0
18.03.2004 08:00:00.000,1.22721,1.22848,1.22628,1.22675,33624800.7813,1.2253347756823219,0,0,,0,0.0
18.03.2004 09:00:00.000,1.22692,1.22795,1.22626,1.22643,31303699.2188,1.2254190237067586,0,0,,0,0.0
18.03.2004 10:00:00.000,1.22665,1.22785,1.22614,1.22712,31627099.6094,1.225549868037008,0,0,,0,0.0
18.03.2004 11:00:00.000,1.22708,1.22785,1.22603,1.22672,32029699.2188,1.2256398781880076,0,0,,0,0.0
18.03.2004 12:00:00.000,1.22671,1.22712,1.22523,1.22562,31478500.0,1.2256383490966225,0,0,,0,0.0
18.03.2004 13:00:00.000,1.22567,1.22667,1.22421,1.22569,32461500.0,1.2256423222430364,0,2,1.2232100000000001,0,0.0
18.03.2004 14:00:00.000,1.22536,1.23425,1.22499,1.23213,32674900.3906,1.2261413743781875,0,0,,0,0.0
18.03.2004 15:00:00.000,1.23193,1.23773,1.23187,1.23731,34440101.5625,1.2270004994260193,0,0,,0,0.0
18.03.2004 16:00:00.000,1.23703,1.24315,1.23703,1.24204,296018812.5,1.2281573840855564,0,1,1.2441499999999999,0,0.0
18.03.2004 17:00:00.000,1.24215,1.24249,1.23594,1.23832,132614906.25,1.228939123771283,0,0,,0,0.0
18.03.2004 18:00:00.000,1.23832,1.23926,1.23594,1.23906,145909796.875,1.2297176527119535,0,0,,0,0.0
18.03.2004 19:00:00.000,1.23913,1.23999,1.23645,1.23725,105863398.4375,1.2302970640418034,0,0,,0,0.0
18.03.2004 20:00:00.000,1.23716,1.23883,1.23655,1.23842,64166500.0,1.230921905269357,0,0,,0,0.0
18.03.2004 21:00:00.000,1.23824,1.23918,1.23809,1.23833,30371300.7813,1.2314917587101757,0,0,,0,0.0
18.03.2004 22:00:00.000,1.23837,1.23914,1.23729,1.2387,30490300.7813,1.2320462388093931,0,0,,0,0.0
18.03.2004 23:00:00.000,1.23848,1.23952,1.23796,1.23819,32840101.5625,1.2325188358240553,0,0,,0,0.0
19.03.2004 00:00:00.000,1.23825,1.23928,1.23742,1.23821,32883398.4375,1.2329566176837434,0,0,,0,0.0
19.03.2004 01:00:00.000,1.23822,1.24058,1.23756,1.23819,32927800.7813,1.2333591855542247,0,0,,0,0.0
19.03.2004 02:00:00.000,1.23796,1.23907,1.23732,1.23827,34863101.5625,1.233736940511592,0,0,,0,0.0
19.03.2004 03:00:00.000,1.23818,1.23876,1.23774,1.23791,31498000.0,1.2340579450876235,0,0,,0,0.0
19.03.2004 04:00:00.000,1.23808,1.24026,1.23787,1.23968,32723500.0,1.234490410850114,0,0,,0,0.0
19.03.2004 05:00:00.000,1.23954,1.24043,1.23899,1.23914,31740500.0,1.2348480715539514,0,0,,0,0.0
19.03.2004 06:00:00.000,1.23901,1.24014,1.23835,1.23881,31010300.7813,1.2351528352805705,2,0,,0,0.0
19.03.2004 07:00:00.000,1.23885,1.23956,1.23693,1.23732,30482500.0,1.2353195402589883,2,0,,0,0.0
19.03.2004 08:00:00.000,1.23737,1.23826,1.23633,1.23703,33612101.5625,1.23545111408522,2,0,,0,0.0
19.03.2004 09:00:00.000,1.23716,1.2373,1.23308,1.23396,31581599.6094,1.2353364130017415,0,0,,0,0.0
19.03.2004 10:00:00.000,1.23381,1.23697,1.2338,1.23619,32530800.7813,1.2354020735400693,0,0,,0,0.0
19.03.2004 11:00:00.000,1.23649,1.23737,1.23416,1.23421,32785898.4375,1.2353103755754486,0,0,,0,0.0
19.03.2004 12:00:00.000,1.23435,1.23451,1.23233,1.23396,32827500.0,1.2352065005311834,0,0,,0,0.0
19.03.2004 13:00:00.000,1.2339,1.23505,1.23235,1.23444,33992101.5625,1.2351475389518618,0,0,,0,0.0
19.03.2004 14:00:00.000,1.23437,1.23636,1.23276,1.23467,31557099.6094,1.235110805186334,0,0,,0,0.0
19.03.2004 15:00:00.000,1.2348,1.23555,1.23296,1.23369,32171300.7813,1.235001512479693,0,0,,0,0.0
19.03.2004 16:00:00.000,1.23383,1.23411,1.22568,1.22678,288935687.5,1.2343690884427936,0,0,,0,0.0
19.03.2004 17:00:00.000,1.22706,1.22861,1.2254,1.2281,134880703.125,1.233886850870271,0,0,,0,0.0
19.03.2004 18:00:00.000,1.22805,1.2293,1.22704,1.22743,147540906.25,1.2333901700340963,0,0,,0,0.0
19.03.2004 19:00:00.000,1.22727,1.22824,1.22623,1.22762,105181703.125,1.2329463108007044,0,0,,0,0.0
19.03.2004 20:00:00.000,1.22763,1.22818,1.22687,1.22724,61288699.2188,1.232507363816035,0,0,,0,0.0
19.03.2004 21:00:00.000,1.2267,1.22924,1.22631,1.22829,29915699.2188,1.2321829512148017,0,0,,0,0.0
21.03.2004 22:00:00.000,1.22754,1.22784,1.22666,1.22729,30791599.6094,1.2318065703521248,0,0,,0,0.0
21.03.2004 23:00:00.000,1.22718,1.2279,1.22657,1.2273,33463601.5625,1.2314599110942692,0,0,,0,0.0
22.03.2004 00:00:00.000,1.22733,1.22736,1.22513,1.22564,31979000.0,1.2310122256254792,0,0,,0,0.0
22.03.2004 01:00:00.000,1.22567,1.22701,1.22534,1.22644,33235898.4375,1.2306605159619808,0,0,,0,0.0
22.03.2004 02:00:00.000,1.22627,1.22678,1.22261,1.22279,34817699.2188,1.2300550916572133,0,0,,0,0.0
22.03.2004 03:00:00.000,1.22251,1.22436,1.22189,1.22379,31076199.2188,1.2295731615297356,1,2,1.22089,0,0.0
22.03.2004 04:00:00.000,1.22388,1.22467,1.22361,1.22439,32797601.5625,1.2291744567966791,1,0,,0,0.0
22.03.2004 05:00:00.000,1.22427,1.22558,1.22404,1.22552,32665500.0,1.228893344735396,1,0,,0,0.0
22.03.2004 06:00:00.000,1.22552,1.2276,1.2253,1.22725,32542300.7813,1.228766933601904,1,0,,0,0.0
22.03.2004 07:00:00.000,1.22741,1.22751,1.22483,1.22679,31788900.3906,1.228614861786373,1,0,,0,0.0
22.03.2004 08:00:00.000,1.22701,1.22872,1.2268,1.22845,33557500.0,1.2286021801104983,1,0,,0,0.0
22.03.2004 09:00:00.000,1.22858,1.22916,1.22759,1.22916,33682601.5625,1.2286450893327676,0,0,,0,0.0
22.03.2004 10:00:00.000,1.22908,1.23564,1.22853,1.2348,31250599.6094,1.2291185439994778,0,0,,0,0.0
22.03.2004 11:00:00.000,1.23475,1.23489,1.23313,1.2333,32481500.0,1.2294401944610565,0,0,,0,0.0
22.03.2004 12:00:00.000,1.2334,1.23738,1.23304,1.2345,31986099.6094,1.2298294102717446,0,0,,0,0.0
22.03.2004 13:00:00.000,1.23472,1.23628,1.23408,1.23434,32072199.2188,1.2301763787123798,0,0,,0,0.0
22.03.2004 14:00:00.000,1.23425,1.23651,1.23353,1.23628,31211099.6094,1.2306458880421969,0,0,,0,0.0
22.03.2004 15:00:00.000,1.23611,1.23983,1.23557,1.23763,32332500.0,1.2311831274235663,0,1,1.2408299999999999,0,0.0
22.03.2004 16:00:00.000,1.23753,1.23774,1.23495,1.23751,292411593.75,1.2316698099294459,0,0,,0,0.0
22.03.2004 17:00:00.000,1.23759,1.238,1.23618,1.23701,133837593.75,1.232080593781027,0,0,,0,0.0
22.03.2004 18:00:00.000,1.23686,1.23848,1.2351,1.23545,143707593.75,1.2323397788747943,0,0,,0,0.0
22.03.2004 19:00:00.000,1.23553,1.23656,1.23182,1.2328,108767703.125,1.2323751804998102,0,0,,0,0.0
22.03.2004 20:00:00.000,1.23286,1.23348,1.23185,1.23304,66058796.875,1.2324263204613635,0,0,,0,0.0
22.03.2004 21:00:00.000,1.23257,1.23403,1.23212,1.23273,32317599.6094,1.232449680425874,0,0,,0,0.0
22.03.2004 22:00:00.000,1.23289,1.2345,1.23272,1.23422,33612601.5625,1.232585858854653,0,0,,0,0.0
22.03.2004 23:00:00.000,1.23447,1.23455,1.23299,1.23385,32067300.7813,1.2326831004812182,0,0,,0,0.0
23.03.2004 00:00:00.000,1.234,1.23434,1.23205,1.23219,34539101.5625,1.2326451696749707,0,0,,0,0.0
23.03.2004 01:00:00.000,1.23201,1.2331,1.23169,1.23279,33126601.5625,1.2326563104692039,0,0,,0,0.0
23.03.2004 02:00:00.000,1.23254,1.23456,1.23239,1.23344,31825400.3906,1.2327165942792653,0,0,,0,0.0
23.03.2004 03:00:00.000,1.23391,1.23456,1.23336,1.23418,30862500.0,1.232829163950091,0,0,,0,0.0
23.03.2004 04:00:00.000,1.23414,1.23549,1.23391,1.23502,30824400.3906,1.2329976898000843,0,0,,0,0.0
23.03.2004 05:00:00.000,1.23461,1.23609,1.23358,1.23592,31037400.3906,1.2332224828923857,0,0,,0,0.0
23.03.2004 06:00:00.000,1.23584,1.2362,1.23418,1.23519,32328000.0,1.2333738303622022,0,0,,0,0.0
23.03.2004 07:00:00.000,1.2351,1.23678,1.23391,1.23497,31275300.7813,1.2334966126420328,0,1,1.2377799999999999,0,0.0
23.03.2004 08:00:00.000,1.23463,1.23493,1.23232,1.23335,32027800.7813,1.233485334746492,0,0,,0,0.0
23.03.2004 09:00:00.000,1.23331,1.23367,1.23146,1.23354,31348300.7813,1.2334895397659926,0,0,,0,0.0
23.03.2004 10:00:00.000,1.23345,1.23368,1.23032,1.2316,30794900.3906,1.233344190553224,0,0,,0,0.0
23.03.2004 11:00:00.000,1.23167,1.23194,1.22869,1.22906,33368101.5625,1.2330146374337454,0,0,,0,0.0
23.03.2004 12:00:00.000,1.22907,1.22954,1.22665,1.2269,32603400.3906,1.2325442807080729,0,0,,0,0.0
23.03.2004 13:00:00.000,1.22692,1.22889,1.22628,1.22854,32659000.0,1.2322362591151443,0,2,1.2252800000000001,0,0.0
23.03.2004 14:00:00.000,1.22868,1.23094,1.2281,1.22825,32210199.2188,1.2319296237985948,0,0,,0,0.0
23.03.2004 15:00:00.000,1.22834,1.23047,1.22748,1.22957,32236599.6094,1.2317481142756261,0,0,,0,0.0
23.03.2004 16:00:00.000,1.22947,1.23285,1.22888,1.23118,296907093.75,1.231704413177501,0,0,,0,0.0
23.03.2004 17:00:00.000,1.23119,1.23459,1.23003,1.23415,135726000.0,1.2318925352407701,0,0,,0,0.0
23.03.2004 18:00:00.000,1.23413,1.23454,1.23298,1.23325,146759203.125,1.2319969556068648,0,0,,0,0.0
23.03.2004 19:00:00.000,1.23328,1.2335,1.2315,1.23208,106198101.5625,1.232003343637106,0,0,,0,0.0
23.03.2004 20:00:00.000,1.23209,1.23282,1.23122,1.23221,65533699.2188,1.2320192402804055,0,0,,0,0.0
23.03.2004 21:00:00.000,1.23213,1.23387,1.2318,1.23325,31406199.2188,1.2321139141049897,0,0,,0,0.0
23.03.2004 22:00:00.000,1.23354,1.23508,1.23324,1.23498,31876099.6094,1.2323343822507598,0,0,,0,0.0
23.03.2004 23:00:00.000,1.23505,1.23523,1.23342,1.23379,34070601.5625,1.2324463528468552,0,0,,0,0.0
24.03.2004 00:00:00.000,1.2337,1.23653,1.23362,1.23595,33284000.0,1.232715864166328,0,1,1.2375299999999998,0,0.0
24.03.2004 01:00:00.000,1.23592,1.23607,1.23352,1.23359,30537900.3906,1.232783105384303,0,0,,0,0.0
24.03.2004 02:00:00.000,1.2334,1.23368,1.2315,1.2319,34506800.7813,1.2327151742008953,0,0,,0,0.0
24.03.2004 03:00:00.000,1.23202,1.23236,1.23135,1.23165,30980099.6094,1.2326332377239035,0,0,,0,0.0
24.03.2004 04:00:00.000,1.23182,1.23242,1.23128,1.23146,32201099.6094,1.2325429886682187,0,0,,0,0.0
24.03.2004 05:00:00.000,1.23106,1.23289,1.23079,1.23232,32409800.7813,1.2325258356937405,0,0,,0,0.0
24.03.2004 06:00:00.000,1.23258,1.23359,1.2321,1.23219,31785599.6094,1.2325000021788375,0,0,,0,0.0
24.03.2004 07:00:00.000,1.23235,1.23239,1.2293,1.22958,31878699.2188,1.2322753866266192,0,0,,0,0.0
24.03.2004 08:00:00.000,1.22938,1.23093,1.22788,1.22821,33140601.5625,1.2319626645784179,0,0,,0,0.0
24.03.2004 09:00:00.000,1.22826,1.23046,1.22759,1.22898,32489699.2188,1.2317332288416165,0,0,,0,0.0
24.03.2004 10:00:00.000,1.2289,1.2295,1.22291,1.22426,31415800.7813,1.2311583650845692,0,0,,0,0.0
24.03.2004 11:00:00.000,1.22427,1.22499,1.22237,1.22476,33125000.0,1.230666183154987,0,0,,0,0.0
24.03.2004 12:00:00.000,1.2247,1.22525,1.21863,1.21945,31730800.7813,1.2298033998353728,0,0,,0,0.0
24.03.2004 13:00:00.000,1.21972,1.21983,1.21613,1.21845,31374000.0,1.228930061386498,0,0,,0,0.0
24.03.2004 14:00:00.000,1.2183,1.22067,1.21792,1.21847,32675900.3906,1.2281254412798444,0,0,,0,0.0
24.03.2004 15:00:00.000,1.2183,1.2216,1.21826,1.22059,32875199.2188,1.2275457919506256,0,0,,0,0.0
24.03.2004 16:00:00.000,1.22057,1.22289,1.21893,1.22121,295572593.75,1.2270584233390391,0,0,,0,0.0
24.03.2004 17:00:00.000,1.2211,1.22209,1.21727,1.2185,135875906.25,1.22640008308219,0,0,,0,0.0
24.03.2004 18:00:00.000,1.2186,1.21925,1.21432,1.21542,145385000.0,1.2255554613066368,0,0,,0,0.0
24.03.2004 19:00:00.000,1.21523,1.21558,1.21133,1.21255,104737796.875,1.2245550412061263,0,0,,0,0.0
24.03.2004 20:00:00.000,1.21265,1.21352,1.21171,1.21241,65743398.4375,1.2236208072671935,0,0,,0,0.0
24.03.2004 21:00:00.000,1.21232,1.21358,1.21168,1.21297,32393900.3906,1.2228015144004865,0,0,,0,0.0
24.03.2004 22:00:00.000,1.21322,1.21359,1.21052,1.21138,32980199.2188,1.2219229363696797,0,0,,0,0.0
24.03.2004 23:00:00.000,1.21096,1.21386,1.21027,1.2133,33509000.0,1.221259633572012,1,0,,0,0.0
25.03.2004 00:00:00.000,1.21334,1.21374,1.21144,1.21194,33344898.4375,1.2205427386818573,1,0,,0,0.0
25.03.2004 01:00:00.000,1.21219,1.21387,1.21206,1.21255,32341300.7813,1.2199279126294067,1,0,,0,0.0
25.03.2004 02:00:00.000,1.2126,1.21342,1.21169,1.21212,32311000.0,1.2193273039656063,1,0,,0,0.0
25.03.2004 03:00:00.000,1.2122,1.21347,1.21202,1.21278,31560800.7813,1.2188236651990212,1,0,,0,0.0
25.03.2004 04:00:00.000,1.213,1.21323,1.2121,1.2126,31958800.7813,1.2183449217221733,1,0,,0,0.0
25.03.2004 05:00:00.000,1.21231,1.2139,1.21223,1.21354,32424199.2188,1.2179753123589292,1,0,,0,0.0
25.03.2004 06:00:00.000,1.21345,1.21483,1.21262,1.213,32643900.3906,1.2175925960236271,1,0,,0,0.0
25.03.2004 07:00:00.000,1.21313,1.21384,1.21058,1.212,32203599.6094,1.217162396329502,1,0,,0,0.0
25.03.2004 08:00:00.000,1.21195,1.21345,1.20962,1.21217,31987699.2188,1.2167783658426172,1,2,1.20862,0,0.0
25.03.2004 09:00:00.000,1.21218,1.21401,1.21102,1.21125,32194900.3906,1.2163531069316469,1,0,,0,0.0
25.03.2004 10:00:00.000,1.21139,1.21588,1.21115,1.21509,32738400.3906,1.216255944859982,1,0,,0,0.0
25.03.2004 11:00:00.000,1.21515,1.21559,1.21124,1.21209,31891099.6094,1.2159354875630604,1,0,,0,0.0
25.03.2004 12:00:00.000,1.21199,1.21368,1.21135,1.21281,32582400.3906,1.215695065442825,1,0,,0,0.0
25.03.2004 13:00:00.000,1.21292,1.21321,1.20972,1.21216,32376800.7813,1.2154231373318385,1,0,,0,0.0
25.03.2004 14:00:00.000,1.212,1.21531,1.2118,1.21437,32936699.2188,1.215342126767851,1,0,,0,0.0
25.03.2004 15:00:00.000,1.2148,1.21823,1.21409,1.21738,33863398.4375,1.2154988862472471,0,0,,0,0.0
25.03.2004 16:00:00.000,1.21722,1.21987,1.21578,1.21728,296454593.75,1.215635894997459,0,1,1.22087,0,0.0
25.03.2004 17:00:00.000,1.21738,1.21842,1.21635,1.21807,134885796.875,1.2158231338438084,0,0,,0,0.0
25.03.2004 18:00:00.000,1.21815,1.21829,1.21414,1.21572,145971500.0,1.2158152004712077,0,0,,0,0.0
25.03.2004 19:00:00.000,1.2157,1.21629,1.21265,1.21279,106157203.125,1.2155824927426533,0,0,,0,0.0
25.03.2004 20:00:00.000,1.21275,1.2148,1.21246,1.21326,63517699.2188,1.2154038394547568,0,0,,0,0.0
25.03.2004 21:00:00.000,1.21308,1.21368,1.21224,1.21235,33251800.7813,1.215168928727468,0,0,,0,0.0
25.03.2004 22:00:00.000,1.2126,1.21303,1.21106,1.21156,32576900.3906,1.2148913188253554,0,0,,0,0.0
25.03.2004 23:00:00.000,1.21155,1.21339,1.21148,1.21324,33081199.2188,1.214764294300328,0,0,,0,0.0
26.03.2004 00:00:00.000,1.21324,1.21431,1.21276,1.21395,32740599.6094,1.2147016562772261,0,0,,0,0.0
26.03.2004 01:00:00.000,1.21391,1.21399,1.21235,1.21328,34698000.0,1.214592298102055,0,0,,0,0.0
26.03.2004 02:00:00.000,1.21303,1.21438,1.21234,1.21407,34691398.4375,1.214552121324974,0,0,,0,0.0
26.03.2004 03:00:00.000,1.21399,1.21448,1.21346,1.21385,32852101.5625,1.2144981119922837,0,0,,0,0.0
26.03.2004 04:00:00.000,1.21355,1.2146,1.21354,1.21416,32295400.3906,1.2144721033774928,0,0,,0,0.0
26.03.2004 05:00:00.000,1.21389,1.21477,1.21319,1.21382,31267699.2188,1.2144219415792241,0,0,,0,0.0
26.03.2004 06:00:00.000,1.21372,1.21391,1.21134,1.21216,31878400.3906,1.2142479460731301,0,0,,0,0.0
26.03.2004 07:00:00.000,1.21237,1.21243,1.20733,1.2093,33455898.4375,1.2138673348367355,0,2,1.2063300000000001,0,0.0
26.03.2004 08:00:00.000,1.20914,1.2126,1.20869,1.21169,31555900.3906,1.213699847541602,0,0,,0,0.0
26.03.2004 09:00:00.000,1.21168,1.21258,1.20921,1.21188,32452400.3906,1.2135598592691712,0,0,,0,0.0
26.03.2004 10:00:00.000,1.2122,1.21955,1.21195,1.2186,33067199.2188,1.213947562402312,0,0,,0,0.0
26.03.2004 11:00:00.000,1.21875,1.22083,1.2169,1.21713,30635500.0,1.214192365294442,0,1,1.22183,0,0.0
26.03.2004 12:00:00.000,1.21699,1.21776,1.21605,1.21729,33273500.0,1.2144306448871771,0,0,,0,0.0
26.03.2004 13:00:00.000,1.2171,1.22005,1.21621,1.21823,31558800.7813,1.2147229029727789,0,0,,0,0.0
26.03.2004 14:00:00.000,1.218,1.21847,1.21469,1.21682,32811601.5625,1.2148842181287192,0,0,,0,0.0
26.03.2004 15:00:00.000,1.2166,1.21675,1.20882,1.20965,33204601.5625,1.2144815859649716,0,0,,0,0.0
26.03.2004 16:00:00.000,1.21,1.21224,1.20768,1.20901,295290187.5,1.214060694736897,0,0,,0,0.0
26.03.2004 17:00:00.000,1.20892,1.21406,1.20855,1.2126,136314000.0,1.2139483336032897,0,0,,0,0.0
26.03.2004 18:00:00.000,1.21314,1.21323,1.21034,1.21085,148970406.25,1.2137100002491905,0,0,,0,0.0
26.03.2004 19:00:00.000,1.2111,1.21162,1.2099,1.2112,105607500.0,1.2135169233069454,0,0,,0,0.0
26.03.2004 20:00:00.000,1.21122,1.21337,1.21113,1.21199,63372398.4375,1.2133994676679496,0,0,,0,0.0
26.03.2004 21:00:00.000,1.21165,1.21356,1.21165,1.21272,29411500.0,1.2133472009242612,0,0,,0,0.0
28.03.2004 22:00:00.000,1.21078,1.21403,1.21033,1.21077,33991898.4375,1.2131489546993182,0,0,,0,0.0
28.03.2004 23:00:00.000,1.21094,1.21364,1.21039,1.21146,31517400.3906,1.213019035107063,0,0,,0,0.0
29.03.2004 00:00:00.000,1.21141,1.21154,1.21023,1.21069,31360500.0,1.212839878560366,0,0,,0,0.0
29.03.2004 01:00:00.000,1.21095,1.21124,1.20681,1.20723,34864199.2188,1.212408349440338,0,0,,0,0.0
29.03.2004 02:00:00.000,1.20785,1.20874,1.20735,1.20837,31864500.0,1.2120977071756966,0,0,,0,0.0
29.03.2004 03:00:00.000,1.20835,1.20919,1.20768,1.20772,30758300.7813,1.2117609604698738,0,0,,0,0.0
29.03.2004 04:00:00.000,1.20782,1.2096,1.20721,1.20921,31803000.0,1.211564732741422,0,0,,0,0.0
29.03.2004 05:00:00.000,1.20906,1.20981,1.20794,1.20866,32364000.0,1.2113412917613127,0,0,,0,0.0
29.03.2004 06:00:00.000,1.20881,1.2095,1.20559,1.20846,32903898.4375,1.2111196539335194,0,2,1.20459,0,0.0
29.03.2004 07:00:00.000,1.20819,1.20967,1.20736,1.2078,32770601.5625,1.2108642959386333,1,0,,0,0.0
29.03.2004 08:00:00.000,1.20789,1.21142,1.20754,1.21118,32287800.7813,1.2108885808664307,0,0,,0,0.0
29.03.2004 09:00:00.000,1.21127,1.21332,1.21081,1.21318,30722500.0,1.2110648438767053,0,0,,0,0.0
29.03.2004 10:00:00.000,1.2133,1.21391,1.21115,1.21156,32384599.6094,1.2111029328092666,0,0,,0,0.0
29.03.2004 11:00:00.000,1.2117,1.21287,1.20994,1.21243,30873900.3906,1.2112050149008615,0,0,,0,0.0
29.03.2004 12:00:00.000,1.2124,1.21304,1.21116,1.21234,30666800.7813,1.2112923214469493,0,0,,0,0.0
29.03.2004 13:00:00.000,1.21236,1.21658,1.21116,1.21578,31430300.7813,1.2116375274894917,0,0,,0,0.0
29.03.2004 14:00:00.000,1.21576,1.21668,1.214,1.21417,33515000.0,1.2118323330672232,0,0,,0,0.0
29.03.2004 15:00:00.000,1.21432,1.21639,1.21398,1.21487,31990500.0,1.21206599975436,0,0,,0,0.0
29.03.2004 16:00:00.000,1.21495,1.21543,1.2126,1.21376,288488812.5,1.212196307465563,0,0,,0,0.0
29.03.2004 17:00:00.000,1.2139,1.21621,1.21351,1.21499,134313796.875,1.212411206891289,0,0,,0,0.0
29.03.2004 18:00:00.000,1.21532,1.21539,1.21308,1.21436,147587593.75,1.2125611140534975,0,0,,0,0.0
29.03.2004 19:00:00.000,1.21415,1.21456,1.21313,1.2144,102625500.0,1.2127025668186133,0,0,,0,0.0
29.03.2004 20:00:00.000,1.21432,1.21583,1.21418,1.21514,66187898.4375,1.21289006167872,0,0,,0,0.0
29.03.2004 21:00:00.000,1.21483,1.21597,1.21483,1.21538,33295398.4375,1.2130815953957415,0,0,,0,0.0
29.03.2004 22:00:00.000,1.21544,1.21641,1.21474,1.21615,32618800.7813,1.213317626519146,0,0,,0,0.0
29.03.2004 23:00:00.000,1.21615,1.21623,1.21481,1.21558,32525099.6094,1.2134916552484427,0,0,,0,0.0
30.03.2004 00:00:00.000,1.21543,1.21674,1.21534,1.2163,33155199.2188,1.2137076817677934,2,0,,0,0.0
30.03.2004 01:00:00.000,1.21647,1.21967,1.21594,1.21846,32381099.6094,1.2140732447087326,2,0,,0,0.0
30.03.2004 02:00:00.000,1.21828,1.21854,1.21695,1.21821,30559500.0,1.2143914566542149,2,0,,0,0.0
30.03.2004 03:00:00.000,1.21827,1.21984,1.21751,1.21752,33274601.5625,1.21463211383466,2,0,,0,0.0
30.03.2004 04:00:00.000,1.21733,1.22073,1.21725,1.21738,33029500.0,1.2148434896935323,2,0,,0,0.0
30.03.2004 05:00:00.000,1.21715,1.21836,1.21648,1.21803,22969900.3906,1.215088605870953,2,0,,0,0.0
30.03.2004 07:00:00.000,1.21886,1.22065,1.21853,1.21977,15824099.6094,1.215448713111649,2,0,,0,0.0
30.03.2004 08:00:00.000,1.2196,1.22079,1.21937,1.21946,33658699.2188,1.2157572736415223,2,0,,0,0.0
30.03.2004 09:00:00.000,1.21962,1.22243,1.21862,1.22127,32027300.7813,1.2161813295152515,2,0,,0,0.0
30.03.2004 10:00:00.000,1.22122,1.22263,1.22075,1.22129,30720800.7813,1.2165743041679244,2,1,1.22363,0,0.0
30.03.2004 11:00:00.000,1.22142,1.22149,1.21977,1.22053,33108000.0,1.2168785884626996,2,0,,0,0.0
30.03.2004 12:00:00.000,1.22043,1.22089,1.21818,1.21895,33338300.7813,1.2170379278117227,2,0,,0,0.0
30.03.2004 13:00:00.000,1.21888,1.22003,1.21834,1.21886,31358699.2188,1.2171780872108209,2,0,,0,0.0
30.03.2004 14:00:00.000,1.21925,1.21977,1.21681,1.21697,32958300.7813,1.2171620805022962,0,0,,0,0.0
30.03.2004 15:00:00.000,1.21672,1.21926,1.21593,1.218,32310400.3906,1.2172265358482737,0,2,1.21493,0,0.0
30.03.2004 16:00:00.000,1.21801,1.22132,1.21787,1.22021,295221187.5,1.2174560330907143,0,0,,0,0.0
30.03.2004 17:00:00.000,1.22005,1.22039,1.21776,1.21847,133879593.75,1.2175340305452746,0,0,,0,0.0
30.03.2004 18:00:00.000,1.21858,1.21922,1.21775,1.21863,149646593.75,1.217618335887946,0,0,,0,0.0
30.03.2004 19:00:00.000,1.21859,1.21929,1.21653,1.21715,106356000.0,1.2175823100504117,0,0,,0,0.0
30.03.2004 20:00:00.000,1.21708,1.21807,1.21611,1.21661,64456898.4375,1.217507516969611,0,0,,0,0.0
30.03.2004 21:00:00.000,1.2164,1.21744,1.21596,1.21678,31426500.0,1.2174515541257949,0,0,,0,0.0
30.03.2004 22:00:00.000,1.21706,1.21819,1.21668,1.21753,32195900.3906,1.2174575884238106,0,0,,0,0.0
30.03.2004 23:00:00.000,1.21755,1.21847,1.2168,1.21774,33390601.5625,1.2174793123912098,0,0,,0,0.0
31.03.2004 00:00:00.000,1.2177,1.21943,1.21682,1.21891,32553400.3906,1.2175893652841938,0,0,,0,0.0
31.03.2004 01:00:00.000,1.21897,1.22238,1.21748,1.22159,33223898.4375,1.217897106416179,0,0,,0,0.0
31.03.2004 02:00:00.000,1.22085,1.22402,1.2201,1.2237,32299599.6094,1.2183434828457038,0,0,,0,0.0
31.03.2004 03:00:00.000,1.22356,1.22429,1.22284,1.2238,33244800.7813,1.2187632149344958,0,0,,0,0.0
31.03.2004 04:00:00.000,1.22393,1.2246,1.22182,1.22227,32424699.2188,1.2190329676318423,0,0,,0,0.0
31.03.2004 05:00:00.000,1.22235,1.22339,1.22134,1.22319,33250300.7813,1.21935273935247,0,0,,0,0.0
31.03.2004 06:00:00.000,1.22285,1.22641,1.22264,1.22583,32507000.0,1.2198509901715107,0,0,,0,0.0
31.03.2004 07:00:00.000,1.22595,1.22595,1.22316,1.22369,32099400.3906,1.2201462986198561,0,0,,0,0.0
31.03.2004 08:00:00.000,1.22355,1.22428,1.22177,1.22185,32913800.7813,1.220277352572175,0,0,,0,0.0
31.03.2004 09:00:00.000,1.22194,1.22339,1.22177,1.2225,31472699.2188,1.2204483254512386,0,0,,0,0.0
31.03.2004 10:00:00.000,1.22199,1.22287,1.2206,1.22204,31108900.3906,1.2205707619549895,0,0,,0,0.0
31.03.2004 11:00:00.000,1.22209,1.22348,1.22138,1.22213,33457500.0,1.2206907033430672,0,0,,0,0.0
31.03.2004 12:00:00.000,1.22222,1.22282,1.22118,1.22156,34035300.7813,1.2207575723166775,0,0,,0,0.0
31.03.2004 13:00:00.000,1.22158,1.22378,1.22112,1.22341,31880800.7813,1.2209616052153947,0,0,,0,0.0
31.03.2004 14:00:00.000,1.22382,1.2303,1.2235,1.2296,32202099.6094,1.2216260971219028,2,0,,0,0.0
31.03.2004 15:00:00.000,1.22991,1.23188,1.22844,1.22975,33661300.7813,1.2222510127279105,2,0,,0,0.0
31.03.2004 16:00:00.000,1.22952,1.23098,1.22866,1.22895,289011093.75,1.2227663194411482,2,0,,0,0.0
31.03.2004 17:00:00.000,1.22871,1.23039,1.2283,1.22958,131268296.875,1.223290448714906,2,0,,0,0.0
31.03.2004 18:00:00.000,1.22963,1.23101,1.22842,1.23025,147837203.125,1.2238257988137595,2,0,,0,0.0
31.03.2004 19:00:00.000,1.23007,1.23087,1.22951,1.22994,106472000.0,1.224296121981932,2,0,,0,0.0
31.03.2004 20:00:00.000,1.22996,1.2317,1.22962,1.23148,62364300.7813,1.2248487279833218,2,0,,0,0.0
31.03.2004 21:00:00.000,1.23158,1.23203,1.23032,1.23114,32643599.6094,1.225332671984605,2,1,1.2330299999999998,0,0.0
31.03.2004 22:00:00.000,1.2313,1.23177,1.23031,1.23068,31876199.2188,1.2257440049088661,2,0,,0,0.0
31.03.2004 23:00:00.000,1.23072,1.23088,1.22984,1.23016,33649601.5625,1.2260836968389535,2,0,,0,0.0
01.04.2004 00:00:00.000,1.22994,1.23041,1.22724,1.22747,33240800.7813,1.2261903355436494,2,0,,0,0.0
01.04.2004 01:00:00.000,1.22718,1.22827,1.22628,1.22673,31445300.7813,1.2262318481941379,2,0,,0,0.0
01.04.2004 02:00:00.000,1.2267,1.22797,1.22632,1.22682,32712800.7813,1.2262770906407428,2,0,,0,0.0
01.04.2004 03:00:00.000,1.22673,1.22811,1.22657,1.22762,30035400.3906,1.2263803913606857,2,0,,0,0.0
01.04.2004 04:00:00.000,1.22787,1.22833,1.22687,1.22762,33452000.0,1.2264757458714022,2,0,,0,0.0
01.04.2004 05:00:00.000,1.22765,1.22813,1.22537,1.22613,31239900.3906,1.2264491500351404,0,0,,0,0.0
01.04.2004 06:00:00.000,1.2257,1.22711,1.22532,1.22647,30144900.3906,1.2264507538785911,0,2,1.22432,0,0.0
01.04.2004 07:00:00.000,1.22653,1.22733,1.22559,1.22697,32734400.3906,1.2264906958879302,0,0,,0,0.0
01.04.2004 08:00:00.000,1.22784,1.23358,1.22769,1.23312,32143599.6094,1.2270006423580895,0,0,,0,0.0
01.04.2004 09:00:00.000,1.23305,1.23326,1.23131,1.23237,31315900.3906,1.2274136698690057,0,0,,0,0.0
01.04.2004 10:00:00.000,1.23231,1.23337,1.23132,1.23245,31252500.0,1.2278010798790822,0,0,,0,0.0
01.04.2004 11:00:00.000,1.23256,1.23473,1.23111,1.23202,34198898.4375,1.228125612196076,0,0,,0,0.0
01.04.2004 12:00:00.000,1.23194,1.23722,1.23066,1.23444,33763601.5625,1.2286113343348395,0,0,,0,0.0
01.04.2004 13:00:00.000,1.23451,1.23862,1.23446,1.23658,30622599.6094,1.229224308616775,0,1,1.23962,0,0.0
01.04.2004 14:00:00.000,1.23675,1.23736,1.23362,1.23369,32112199.2188,1.2295678233385614,0,0,,0,0.0
01.04.2004 15:00:00.000,1.23345,1.23408,1.23006,1.2322,33063898.4375,1.2297702984663645,0,0,,0,0.0
01.04.2004 16:00:00.000,1.23211,1.23582,1.23152,1.23566,299324906.25,1.2302233524304904,0,0,,0,0.0
01.04.2004 17:00:00.000,1.23592,1.23688,1.23388,1.23645,136714296.875,1.2307023253204528,0,0,,0,0.0
01.04.2004 18:00:00.000,1.23671,1.23684,1.23426,1.23445,147781703.125,1.2309906079881103,0,0,,0,0.0
01.04.2004 19:00:00.000,1.23445,1.23577,1.23398,1.23549,103926601.5625,1.231336715065948,0,0,,0,0.0
01.04.2004 20:00:00.000,1.2354,1.23699,1.23527,1.23584,66580000.0,1.2316831215993367,0,0,,0,0.0
01.04.2004 21:00:00.000,1.23551,1.23666,1.23551,1.23617,33907000.0,1.2320282660916955,0,0,,0,0.0
01.04.2004 22:00:00.000,1.23602,1.23712,1.23569,1.23607,31404199.2188,1.2323391687000267,2,0,,0,0.0
01.04.2004 23:00:00.000,1.23581,1.23621,1.23435,1.23526,32632699.2188,1.232563848030794,2,0,,0,0.0
02.04.2004 00:00:00.000,1.23527,1.23574,1.23425,1.23535,32307000.0,1.232778167413041,2,0,,0,0.0
02.04.2004 01:00:00.000,1.23535,1.23602,1.23447,1.23507,32939000.0,1.2329544622274224,2,0,,0,0.0
02.04.2004 02:00:00.000,1.23494,1.23644,1.23484,1.23587,33570398.4375,1.2331787343637746,2,0,,0,0.0
02.04.2004 03:00:00.000,1.23596,1.23677,1.23541,1.236,32572300.7813,1.2333957547973304,2,0,,0,0.0
02.04.2004 04:00:00.000,1.23592,1.23673,1.23561,1.23606,33055000.0,1.2336006967359974,2,0,,0,0.0
02.04.2004 05:00:00.000,1.23595,1.23607,1.23462,1.23529,31672500.0,1.2337306431409207,2,0,,0,0.0
02.04.2004 06:00:00.000,1.23519,1.23546,1.23176,1.2323,33435199.2188,1.2336205936685423,0,0,,0,0.0
02.04.2004 07:00:00.000,1.23222,1.23328,1.23112,1.2326,33113601.5625,1.2335420864632698,0,0,,0,0.0
02.04.2004 08:00:00.000,1.23241,1.23333,1.23184,1.23215,32625000.0,1.233435002889172,0,0,,0,0.0
02.04.2004 09:00:00.000,1.23248,1.23248,1.23039,1.2309,30858900.3906,1.2332400026669281,0,0,,0,0.0
02.04.2004 10:00:00.000,1.2309,1.23159,1.23005,1.23094,31385400.3906,1.2330630793848567,0,0,,0,0.0
02.04.2004 11:00:00.000,1.23106,1.23158,1.22926,1.23064,32608599.6094,1.2328766886629448,0,0,,0,0.0
02.04.2004 12:00:00.000,1.23063,1.23272,1.23023,1.23193,34761500.0,1.232803866458103,0,0,,0,0.0
02.04.2004 13:00:00.000,1.23205,1.2326,1.21639,1.21734,31547599.6094,1.2316143382690183,0,0,,0,0.0
02.04.2004 14:00:00.000,1.21746,1.2186,1.21236,1.21436,31641500.0,1.2302870814790938,0,0,,0,0.0
02.04.2004 15:00:00.000,1.2146,1.21565,1.21275,1.21316,31246500.0,1.2289696136730097,0,0,,0,0.0
02.04.2004 16:00:00.000,1.21301,1.21361,1.21032,1.21049,291212312.5,1.227548104928932,0,0,,0,0.0
02.04.2004 17:00:00.000,1.21067,1.21219,1.20978,1.211,134340093.75,1.2262751737805528,0,0,,0,0.0
02.04.2004 18:00:00.000,1.21098,1.21276,1.21026,1.21218,145570406.25,1.2251909296435872,0,0,,0,0.0
02.04.2004 19:00:00.000,1.21225,1.21437,1.21189,1.21312,106346000.0,1.2242623965940806,0,0,,0,0.0
02.04.2004 20:00:00.000,1.21327,1.21394,1.21189,1.21288,63387601.5625,1.2233868276253053,0,0,,0,0.0
02.04.2004 21:00:00.000,1.21228,1.21423,1.21228,1.21305,30828800.7813,1.2225916870387432,0,0,,0,0.0
04.04.2004 21:00:00.000,1.21076,1.21168,1.21021,1.21061,32511400.3906,1.2216700188049938,0,0,,0,0.0
04.04.2004 22:00:00.000,1.21067,1.21187,1.21034,1.21095,31747099.6094,1.2208454019738406,0,0,,0,0.0
04.04.2004 23:00:00.000,1.21099,1.21109,1.20936,1.21021,31989599.6094,1.220027294129699,0,0,,0,0.0
05.04.2004 00:00:00.000,1.2099,1.21135,1.20922,1.21004,32225699.2188,1.219259040735107,0,0,,0,0.0
05.04.2004 01:00:00.000,1.20994,1.21024,1.2086,1.20924,33631300.7813,1.2184883452939448,0,0,,0,0.0
05.04.2004 02:00:00.000,1.20921,1.21084,1.20825,1.2104,35886898.4375,1.2178661648867184,0,0,,0,0.0
05.04.2004 03:00:00.000,1.21066,1.21129,1.20968,1.21046,32382500.0,1.2172964598954326,0,0,,0,0.0
05.04.2004 04:00:00.000,1.21035,1.21073,1.20911,1.20939,30985800.7813,1.216688270672707,1,0,,0,0.0
05.04.2004 05:00:00.000,1.20942,1.21028,1.20884,1.20921,33043898.4375,1.2161130190824987,1,0,,0,0.0
05.04.2004 06:00:00.000,1.20908,1.21036,1.20768,1.209,32758500.0,1.2155658637684603,1,0,,0,0.0
05.04.2004 07:00:00.000,1.20918,1.21203,1.2089,1.21086,34014101.5625,1.2152038742478097,1,0,,0,0.0
05.04.2004 08:00:00.000,1.2107,1.21263,1.20914,1.21188,32469900.3906,1.2149481916133629,1,1,1.21363,0,0.0
05.04.2004 09:00:00.000,1.21175,1.21198,1.20839,1.20852,32632099.6094,1.214453715335412,1,0,,0,0.0
05.04.2004 10:00:00.000,1.20861,1.21098,1.20797,1.20848,31768500.0,1.2139941987711496,1,0,,0,0.0
05.04.2004 11:00:00.000,1.20849,1.20948,1.20588,1.20692,33863500.0,1.2134500296349073,1,0,,0,0.0
05.04.2004 12:00:00.000,1.20715,1.20744,1.19953,1.2,32682099.6094,1.2124154119706838,1,0,,0,0.0
05.04.2004 13:00:00.000,1.20049,1.20274,1.19955,1.19969,32284099.6094,1.2114365341267852,1,0,,0,0.0
05.04.2004 14:00:00.000,1.20002,1.20319,1.19971,1.20045,33289500.0,1.2105914161170326,1,0,,0,0.0
05.04.2004 15:00:00.000,1.20025,1.20098,1.19808,1.20042,33033898.4375,1.2098089994926455,1,2,1.1970800000000001,0,0.0
05.04.2004 16:00:00.000,1.20033,1.20162,1.1989,1.20081,297670187.5,1.2091167687624422,1,0,,0,0.0
05.04.2004 17:00:00.000,1.20091,1.20114,1.1993,1.2004,136364500.0,1.2084462480884082,1,0,,0,0.0
05.04.2004 18:00:00.000,1.20028,1.20227,1.19997,1.20064,148311703.125,1.2078457674662229,1,0,,0,0.0
05.04.2004 19:00:00.000,1.20054,1.20196,1.2,1.20128,106917796.875,1.2073407084303596,1,0,,0,0.0
05.04.2004 20:00:00.000,1.20128,1.20205,1.20071,1.20149,62189601.5625,1.2068906539357165,1,0,,0,0.0
05.04.2004 21:00:00.000,1.20118,1.20208,1.19945,1.20047,30868800.7813,1.206396757479123,1,0,,0,0.0
05.04.2004 22:00:00.000,1.20064,1.2012,1.19958,1.20092,32905300.7813,1.2059754684422674,1,0,,0,0.0
05.04.2004 23:00:00.000,1.20049,1.20157,1.20039,1.20074,33731000.0,1.2055727401005547,1,0,,0,0.0
06.04.2004 00:00:00.000,1.20086,1.20174,1.19951,1.20114,33336000.0,1.2052317600928197,1,0,,0,0.0
06.04.2004 01:00:00.000,1.20112,1.20161,1.19908,1.19951,34146101.5625,1.2047916247010646,1,0,,0,0.0
06.04.2004 02:00:00.000,1.19963,1.19999,1.19882,1.19913,33880898.4375,1.204356115108675,1,0,,0,0.0
06.04.2004 03:00:00.000,1.19911,1.1995,1.19821,1.19821,29591800.7813,1.2038833370233926,1,0,,0,0.0
06.04.2004 04:00:00.000,1.19864,1.20241,1.19802,1.2002,34278300.7813,1.2036000034062087,1,2,1.1970200000000002,0,0.0
06.04.2004 05:00:00.000,1.20007,1.20082,1.19816,1.20027,32228900.3906,1.2033438492980388,1,0,,0,0.0
06.04.2004 06:00:00.000,1.20045,1.20366,1.19949,1.20355,33594898.4375,1.2033597070443436,0,0,,0,0.0
06.04.2004 07:00:00.000,1.2033,1.20648,1.203,1.20395,31724800.7813,1.2034051141947788,0,0,,0,0.0
06.04.2004 08:00:00.000,1.20377,1.20563,1.20369,1.20485,33558601.5625,1.203516259256719,0,0,,0,0.0
06.04.2004 09:00:00.000,1.20499,1.21097,1.20401,1.20918,34762300.7813,1.2039519316215868,0,0,,0,0.0
06.04.2004 10:00:00.000,1.20923,1.21033,1.20792,1.20953,30940199.2188,1.2043810138045419,0,0,,0,0.0
06.04.2004 11:00:00.000,1.20964,1.21007,1.20776,1.20833,34331300.7813,1.2046847819734232,0,0,,0,0.0
06.04.2004 12:00:00.000,1.20803,1.21179,1.20785,1.21023,32756300.7813,1.2051113372062368,0,0,,0,0.0
06.04.2004 13:00:00.000,1.21033,1.21048,1.20683,1.20792,30998000.0,1.2053273881903726,0,0,,0,0.0
06.04.2004 14:00:00.000,1.20798,1.20843,1.20432,1.20573,32699099.6094,1.2053583583295746,0,0,,0,0.0
06.04.2004 15:00:00.000,1.20578,1.20927,1.2049,1.2085,32419699.2188,1.2056000230734536,0,0,,0,0.0
06.04.2004 16:00:00.000,1.2082,1.21105,1.20809,1.20975,290323000.0,1.2059192520678033,0,0,,0,0.0
06.04.2004 17:00:00.000,1.2098,1.21159,1.2088,1.21013,134051093.75,1.2062431557548954,0,0,,0,0.0
06.04.2004 18:00:00.000,1.20991,1.21048,1.20842,1.20915,144679093.75,1.206466759158365,0,0,,0,0.0
06.04.2004 19:00:00.000,1.20916,1.20956,1.20811,1.20889,105646101.5625,1.2066531623000294,0,0,,0,0.0
06.04.2004 20:00:00.000,1.20891,1.21335,1.20864,1.21136,65141500.0,1.2070152267384886,0,0,,0,0.0
06.04.2004 21:00:00.000,1.21096,1.21412,1.21007,1.21392,31649300.7813,1.2075463631432204,0,0,,0,0.0
06.04.2004 22:00:00.000,1.21395,1.21419,1.21236,1.21253,31954800.7813,1.2079297198245114,0,1,1.21519,0,0.0
06.04.2004 23:00:00.000,1.21238,1.21344,1.21141,1.21197,31185300.7813,1.2082405106072414,2,0,,0,0.0
07.04.2004 00:00:00.000,1.21189,1.21302,1.20875,1.20896,30470199.2188,1.208295855945146,2,0,,0,0.0
07.04.2004 01:00:00.000,1.20857,1.20905,1.20702,1.20815,32116099.6094,1.2082846362570578,0,0,,0,0.0
07.04.2004 02:00:00.000,1.20817,1.20862,1.20756,1.20815,35029800.7813,1.2082742796218995,0,0,,0,0.0
07.04.2004 03:00:00.000,1.20817,1.20899,1.20753,1.2081,30933099.6094,1.208260873497138,0,0,,0,0.0
07.04.2004 04:00:00.000,1.20857,1.20979,1.20811,1.2084,33266601.5625,1.2082715755358198,0,0,,0,0.0
07.04.2004 05:00:00.000,1.20846,1.20867,1.20561,1.20626,30602199.2188,1.2081168389561414,0,0,,0,0.0
07.04.2004 06:00:00.000,1.20621,1.20726,1.20472,1.20689,33158300.7813,1.208022466728746,0,2,1.2037200000000001,0,0.0
07.04.2004 07:00:00.000,1.20698,1.20925,1.20559,1.2083,33328800.7813,1.2080438154419195,0,0,,0,0.0
07.04.2004 08:00:00.000,1.20823,1.2087,1.20695,1.20785,31940300.7813,1.208028906561772,0,0,,0,0.0
07.04.2004 09:00:00.000,1.2081,1.20989,1.20709,1.2084,32581699.2188,1.2080574522108665,0,0,,0,0.0
07.04.2004 10:00:00.000,1.20852,1.20908,1.20725,1.20798,31959099.6094,1.2080514943484921,0,0,,0,0.0
07.04.2004 11:00:00.000,1.2077,1.21263,1.20757,1.21104,33353000.0,1.2082813793986082,0,0,,0,0.0
07.04.2004 12:00:00.000,1.21127,1.21142,1.20768,1.20823,32670900.3906,1.208277427137177,0,0,,0,0.0
07.04.2004 13:00:00.000,1.20838,1.21324,1.20805,1.21141,31244599.6094,1.2085183942804714,0,0,,0,0.0
07.04.2004 14:00:00.000,1.21121,1.21704,1.21105,1.21669,31181599.6094,1.2091469793358198,0,0,,0,0.0
07.04.2004 15:00:00.000,1.2164,1.21833,1.21613,1.21722,32428800.7813,1.2097679809253723,0,0,,0,0.0
07.04.2004 16:00:00.000,1.21735,1.21966,1.21642,1.21824,293845593.75,1.2104196747003437,0,1,1.2206599999999999,0,0.0
07.04.2004 17:00:00.000,1.21798,1.21946,1.21761,1.21849,139050406.25,1.2110404689541636,0,0,,0,0.0
07.04.2004 18:00:00.000,1.21859,1.21932,1.21684,1.21725,144566593.75,1.2115181251884588,0,0,,0,0.0
07.04.2004 19:00:00.000,1.21723,1.21789,1.21599,1.2165,105317601.5625,1.211901346327808,0,0,,0,0.0
07.04.2004 20:00:00.000,1.21671,1.21782,1.21644,1.21712,64184800.7813,1.212302781225669,0,0,,0,0.0
07.04.2004 21:00:00.000,1.21684,1.21773,1.21625,1.21668,31362500.0,1.212639490362156,0,0,,0,0.0
07.04.2004 22:00:00.000,1.21657,1.21705,1.21528,1.21628,34186699.2188,1.2129195295650672,0,0,,0,0.0
07.04.2004 23:00:00.000,1.21604,1.21673,1.2153,1.21656,34691898.4375,1.2131995657523698,0,0,,0,0.0
08.04.2004 00:00:00.000,1.2165,1.21804,1.21618,1.21786,34409199.2188,1.2135580606944951,0,0,,0,0.0
08.04.2004 01:00:00.000,1.21777,1.21857,1.21733,1.21779,34877898.4375,1.2138835944872264,0,0,,0,0.0
08.04.2004 02:00:00.000,1.21762,1.21853,1.21742,1.21789,33695898.4375,1.2141917795266706,0,0,,0,0.0
08.04.2004 03:00:00.000,1.21806,1.21957,1.21744,1.21919,31313099.6094,1.214576258024619,0,0,,0,0.0
08.04.2004 04:00:00.000,1.21936,1.22026,1.21821,1.21986,32318699.2188,1.214982699715033,0,0,,0,0.0
08.04.2004 05:00:00.000,1.21976,1.22166,1.21879,1.22122,32402900.3906,1.215462492044646,2,1,1.2226599999999999,0,0.0
08.04.2004 06:00:00.000,1.22082,1.2211,1.21827,1.21838,31069500.0,1.2156869157335193,2,0,,0,0.0
08.04.2004 07:00:00.000,1.2184,1.21856,1.21627,1.2165,32520500.0,1.2157494606770947,2,0,,0,0.0
08.04.2004 08:00:00.000,1.21644,1.21766,1.21589,1.21589,32483500.0,1.2157602713942413,2,0,,0,0.0
08.04.2004 09:00:00.000,1.2157,1.21606,1.21451,1.21522,32366500.0,1.215718712056223,0,0,,0,0.0
08.04.2004 10:00:00.000,1.21512,1.21535,1.21321,1.21404,31447000.0,1.2155895803595906,0,0,,0,0.0
08.04.2004 11:00:00.000,1.21424,1.2156,1.20863,1.20898,32496500.0,1.2150811511011608,0,0,,0,0.0
08.04.2004 12:00:00.000,1.20903,1.21024,1.20655,1.20673,31177199.2188,1.2144387548626099,0,0,,0,0.0
08.04.2004 13:00:00.000,1.20683,1.21045,1.20672,1.20847,32269400.3906,1.2139796198731785,0,0,,0,0.0
08.04.2004 14:00:00.000,1.20847,1.21094,1.2075,1.21012,33056800.7813,1.2136827260367802,0,0,,0,0.0
08.04.2004 15:00:00.000,1.21007,1.21148,1.20728,1.2082,32264599.6094,1.213260977880105,0,0,,0,0.0
08.04.2004 16:00:00.000,1.20855,1.20862,1.20574,1.20683,289320593.75,1.212766287273943,0,2,1.2047400000000001,0,0.0
08.04.2004 17:00:00.000,1.20667,1.20819,1.20639,1.20755,132861906.25,1.2123650344067167,0,0,,0,0.0
08.04.2004 18:00:00.000,1.20774,1.20835,1.20668,1.20716,148350500.0,1.2119646471446617,0,0,,0,0.0
08.04.2004 19:00:00.000,1.20718,1.2082,1.20679,1.2077,107793000.0,1.211636597364303,0,0,,0,0.0
08.04.2004 20:00:00.000,1.20765,1.20872,1.20751,1.20823,63380101.5625,1.211374551413203,0,0,,0,0.0
08.04.2004 21:00:00.000,1.20795,1.20885,1.20766,1.2079,30380400.3906,1.2111072782275722,0,0,,0,0.0
08.04.2004 22:00:00.000,1.20814,1.20835,1.20684,1.20733,31334099.6094,1.210816718363913,0,0,,0,0.0
08.04.2004 23:00:00.000,1.20733,1.20831,1.20679,1.20738,31500599.6094,1.2105523554128428,0,0,,0,0.0
09.04.2004 00:00:00.000,1.20731,1.20968,1.20682,1.20901,30171300.7813,1.210433712688778,1,0,,0,0.0
09.04.2004 01:00:00.000,1.20904,1.20925,1.2075,1.20855,32290599.6094,1.2102888117127184,1,0,,0,0.0
09.04.2004 02:00:00.000,1.20794,1.2086,1.20648,1.20702,31617599.6094,1.2100373646578941,1,0,,0,0.0
09.04.2004 03:00:00.000,1.2069,1.20743,1.20609,1.20618,31350500.0,1.2097406442995946,1,0,,0,0.0
09.04.2004 04:00:00.000,1.20661,1.20732,1.20607,1.20718,29362800.7813,1.2095436716611643,1,2,1.20507,0,0.0
09.04.2004 05:00:00.000,1.20722,1.20855,1.20689,1.2082,30772199.2188,1.2094403123026134,1,0,,0,0.0
09.04.2004 06:00:00.000,1.2078,1.21023,1.20773,1.20985,33337398.4375,1.209471826740874,0,0,,0,0.0
09.04.2004 07:00:00.000,1.21001,1.21013,1.20908,1.20961,30615599.6094,1.2094824554531145,0,0,,0,0.0
09.04.2004 08:00:00.000,1.2094,1.21044,1.20923,1.20992,32459099.6094,1.209516112725952,0,0,,0,0.0
09.04.2004 09:00:00.000,1.20992,1.21104,1.20938,1.21007,31737900.3906,1.2095587194393405,0,1,1.2120399999999998,0,0.0
09.04.2004 10:00:00.000,1.2101,1.21049,1.2094,1.21002,30677099.6094,1.209594202559391,0,0,,0,0.0
09.04.2004 11:00:00.000,1.20967,1.21042,1.20918,1.20972,31526800.7813,1.2096038792855919,0,0,,0,0.0
09.04.2004 12:00:00.000,1.20972,1.2104,1.20909,1.21022,31172599.6094,1.2096512731867004,0,0,,0,0.0
09.04.2004 13:00:00.000,1.21025,1.21057,1.20928,1.2098,29623699.2188,1.2096627137108005,0,0,,0,0.0
09.04.2004 14:00:00.000,1.20967,1.21056,1.20917,1.20987,30581099.6094,1.2096786588099697,0,0,,0,0.0
09.04.2004 15:00:00.000,1.20988,1.21028,1.20934,1.20979,28844099.6094,1.2096872235168952,0,0,,0,0.0
09.04.2004 16:00:00.000,1.20986,1.21024,1.20768,1.20838,289782906.25,1.2095866678617495,0,0,,0,0.0
09.04.2004 17:00:00.000,1.20836,1.20918,1.20793,1.20902,116680203.125,1.2095430780262304,0,0,,0,0.0
09.04.2004 18:00:00.000,1.20904,1.2095,1.20816,1.20905,138598500.0,1.2095051489472897,0,0,,0,0.0
09.04.2004 19:00:00.000,1.20918,1.20972,1.20854,1.20911,89216601.5625,1.2094747528744212,0,0,,0,0.0
09.04.2004 20:00:00.000,1.20931,1.20979,1.20816,1.20858,55811000.0,1.209405925730235,0,0,,0,0.0
11.04.2004 21:00:00.000,1.20857,1.20922,1.20765,1.20851,19544400.3906,1.2093370083663708,0,0,,0,0.0
11.04.2004 22:00:00.000,1.20829,1.20909,1.20761,1.20869,27778099.6094,1.2092872384920346,0,0,,0,0.0
11.04.2004 23:00:00.000,1.20877,1.20907,1.20667,1.20683,34676300.7813,1.2090982201464935,0,0,,0,0.0
12.04.2004 00:00:00.000,1.20726,1.20888,1.20678,1.20867,32965000.0,1.2090652801352249,0,0,,0,0.0
12.04.2004 01:00:00.000,1.20867,1.20886,1.20646,1.20702,35443000.0,1.208907950894054,0,0,,0,0.0
12.04.2004 02:00:00.000,1.2068,1.20712,1.20555,1.20614,31114500.0,1.2086950315945115,0,0,,0,0.0
12.04.2004 03:00:00.000,1.20618,1.2075,1.20582,1.20675,30904099.6094,1.2085454137795493,0,0,,0,0.0
12.04.2004 04:00:00.000,1.20683,1.20737,1.2059,1.20641,30018599.6094,1.2083811511811224,0,0,,0,0.0
12.04.2004 05:00:00.000,1.2061,1.20664,1.2052,1.20614,29955400.3906,1.2082087549364209,0,0,,0,0.0
12.04.2004 06:00:00.000,1.20627,1.20674,1.20523,1.20659,32180099.6094,1.2080842353259271,0,0,,0,0.0
12.04.2004 07:00:00.000,1.20676,1.20756,1.2063,1.20743,30310099.6094,1.208033909531625,0,0,,0,0.0
12.04.2004 08:00:00.000,1.20731,1.20825,1.20686,1.208,29758099.6094,1.2080313011061155,1,0,,0,0.0
12.04.2004 09:00:00.000,1.20777,1.20843,1.20713,1.20724,30016199.2188,1.2079704317902604,1,0,,0,0.0
12.04.2004 10:00:00.000,1.20743,1.20749,1.20663,1.20718,29854699.2188,1.2079096293448557,1,0,,0,0.0
12.04.2004 11:00:00.000,1.20674,1.20779,1.20665,1.20766,31437300.7813,1.207890427087559,1,0,,0,0.0
12.04.2004 12:00:00.000,1.20747,1.20956,1.20632,1.20647,30596000.0,1.2077811634654392,1,1,1.2105599999999999,0,0.0
12.04.2004 13:00:00.000,1.20655,1.2074,1.20564,1.20596,32553500.0,1.2076410739680978,1,0,,0,0.0
12.04.2004 14:00:00.000,1.206,1.20702,1.20502,1.2065,30504400.3906,1.207553299047475,1,0,,0,0.0
12.04.2004 15:00:00.000,1.20693,1.20759,1.20632,1.20649,33420101.5625,1.207471506813054,1,0,,0,0.0
12.04.2004 16:00:00.000,1.20648,1.20712,1.2049,1.2067,291843093.75,1.2074121601351266,1,2,1.2039000000000002,0,0.0
12.04.2004 17:00:00.000,1.20678,1.20755,1.20592,1.20698,131301296.875,1.2073789170478093,1,0,,0,0.0
12.04.2004 18:00:00.000,1.20702,1.20808,1.20648,1.20695,149224500.0,1.2073459234287471,1,0,,0,0.0
12.04.2004 19:00:00.000,1.20694,1.20763,1.2064,1.20712,103059398.4375,1.207328544703459,1,0,,0,0.0
12.04.2004 20:00:00.000,1.20702,1.20777,1.20643,1.2073,64279699.2188,1.207326348957039,1,0,,0,0.0
12.04.2004 21:00:00.000,1.20734,1.20821,1.20694,1.2077,31859300.7813,1.207355091344959,0,0,,0,0.0
12.04.2004 22:00:00.000,1.20757,1.20793,1.20629,1.20684,31755699.2188,1.2073154689338086,0,0,,0,0.0
12.04.2004 23:00:00.000,1.20675,1.20739,1.20589,1.20731,33434398.4375,1.2073150482465926,0,0,,0,0.0
13.04.2004 00:00:00.000,1.2073,1.20808,1.20564,1.20583,30368300.7813,1.2072008137660857,0,0,,0,0.0
13.04.2004 01:00:00.000,1.20591,1.20779,1.20545,1.20646,32606699.2188,1.2071438280917715,0,0,,0,0.0
13.04.2004 02:00:00.000,1.20624,1.20703,1.2054,1.20659,31158099.6094,1.207101225930866,0,0,,0,0.0
13.04.2004 03:00:00.000,1.20675,1.20693,1.20579,1.20597,31007599.6094,1.2070142085515687,0,0,,0,0.0
13.04.2004 04:00:00.000,1.20632,1.20725,1.20576,1.20693,32516699.2188,1.207007730970679,0,0,,0,0.0
13.04.2004 05:00:00.000,1.2069,1.20779,1.20644,1.2072,33407398.4375,1.2070225208960115,0,0,,0,0.0
13.04.2004 06:00:00.000,1.20705,1.20751,1.19962,1.19962,31602900.3906,1.206453096211703,0,0,,1,1.18962
13.04.2004 07:00:00.000,1.20041,1.20083,1.19724,1.19859,32761199.2188,1.2058482426569568,0,0,,1,1.18859
13.04.2004 08:00:00.000,1.19878,1.20042,1.19722,1.19971,30852599.6094,1.2053760701448832,0,0,,1,1.18971
13.04.2004 09:00:00.000,1.19975,1.2007,1.19868,1.19961,29195500.0,1.2049325262875845,0,0,,1,1.18961
13.04.2004 10:00:00.000,1.1992,1.20067,1.19659,1.19691,30041699.2188,1.2043154088808474,0,0,,1,1.18691
13.04.2004 11:00:00.000,1.19697,1.19827,1.1965,1.19792,24250800.7813,1.2038234543515516,0,0,,1,1.18792
13.04.2004 12:00:00.000,1.19814,1.19875,1.19273,1.1928,18808800.7813,1.2029754963245092,0,0,,1,1.1828
13.04.2004 13:00:00.000,1.1928,1.19451,1.19153,1.19283,32293400.3906,1.2021950735303162,0,0,,1,1.18283
13.04.2004 14:00:00.000,1.19249,1.19367,1.19025,1.19076,33064101.5625,1.2013154524895227,0,0,,1,1.18076
13.04.2004 15:00:00.000,1.19063,1.19332,1.19021,1.19242,33288000.0,1.2006311869134056,0,2,1.18921,1,1.18242
13.04.2004 16:00:00.000,1.19199,1.19426,1.19143,1.19248,296114000.0,1.2000041725354516,0,0,,0,0.0
13.04.2004 17:00:00.000,1.19234,1.19281,1.19079,1.1915,137826406.25,1.1993500054173398,0,0,,0,0.0
13.04.2004 18:00:00.000,1.19144,1.19419,1.19102,1.1938,145281593.75,1.1989230819236982,0,0,,0,0.0
13.04.2004 19:00:00.000,1.19404,1.19551,1.193,1.19419,105861000.0,1.1985589986987986,0,0,,0,0.0
13.04.2004 20:00:00.000,1.19403,1.19491,1.19374,1.19424,63034500.0,1.1982267680296603,0,0,,0,0.0
13.04.2004 21:00:00.000,1.194,1.19498,1.19309,1.19338,32426599.6094,1.1978539397196866,0,0,,0,0.0
13.04.2004 22:00:00.000,1.19334,1.19488,1.19293,1.19303,31775199.2188,1.197482867433557,1,0,,0,0.0
13.04.2004 23:00:00.000,1.19301,1.19387,1.19235,1.1924,31555099.6094,1.1970918776309758,1,0,,0,0.0
14.04.2004 00:00:00.000,1.19248,1.19344,1.19054,1.1913,34464199.2188,1.1966463485824392,1,0,,0,0.0
14.04.2004 01:00:00.000,1.19141,1.19387,1.19112,1.1932,33605601.5625,1.1963812448453286,1,0,,0,0.0
14.04.2004 02:00:00.000,1.19329,1.19389,1.19281,1.19303,34103300.7813,1.1961234567803034,1,0,,0,0.0
14.04.2004 03:00:00.000,1.19317,1.19392,1.19161,1.19248,32372500.0,1.1958431908741263,1,0,,0,0.0
14.04.2004 04:00:00.000,1.19246,1.19323,1.19199,1.19225,32253300.7813,1.1955667915761168,1,0,,0,0.0
14.04.2004 05:00:00.000,1.19228,1.19289,1.18935,1.19086,34357398.4375,1.1952047306856461,1,0,,0,0.0
14.04.2004 06:00:00.000,1.19066,1.19509,1.19,1.19457,33173898.4375,1.1951559052482887,1,0,,0,0.0
14.04.2004 07:00:00.000,1.19476,1.19565,1.1931,1.19323,32799000.0,1.1950077586907282,1,1,1.19665,0,0.0
14.04.2004 08:00:00.000,1.19329,1.19426,1.19195,1.19267,30437599.6094,1.1948279310991339,1,0,,0,0.0
14.04.2004 09:00:00.000,1.19257,1.19312,1.18965,1.19035,32511000.0,1.194483474860739,1,0,,0,0.0
14.04.2004 10:00:00.000,1.1906,1.19225,1.18972,1.19064,31664000.0,1.1941878229483744,1,0,,0,0.0
14.04.2004 11:00:00.000,1.19049,1.19288,1.18906,1.19242,34015601.5625,1.1940518365677304,1,0,,0,0.0
14.04.2004 12:00:00.000,1.19233,1.19357,1.18746,1.18769,32364099.6094,1.1935624645240588,1,0,,0,0.0
14.04.2004 13:00:00.000,1.18778,1.19155,1.18678,1.18978,32066000.0,1.1932715057145158,1,2,1.18578,0,0.0
14.04.2004 14:00:00.000,1.1895,1.19327,1.18922,1.1923,32947000.0,1.193196774505707,1,0,,0,0.0
14.04.2004 15:00:00.000,1.19208,1.19547,1.18998,1.19394,33779601.5625,1.193253945697576,0,0,,0,0.0
14.04.2004 16:00:00.000,1.1939,1.19446,1.19232,1.19362,293142593.75,1.1932821037208394,0,0,,0,0.0
14.04.2004 17:00:00.000,1.1936,1.19529,1.19236,1.19427,137560406.25,1.1933580957423133,0,0,,0,0.0
14.04.2004 18:00:00.000,1.19417,1.19665,1.19337,1.19578,150139406.25,1.1935443960698278,0,0,,0,0.0
14.04.2004 19:00:00.000,1.19563,1.19693,1.19468,1.19646,105322000.0,1.1937686732952257,0,0,,0,0.0
14.04.2004 20:00:00.000,1.19628,1.19739,1.19541,1.19594,64938199.2188,1.1939356984263623,0,1,1.1983899999999998,0,0.0
14.04.2004 21:00:00.000,1.19547,1.1964,1.195,1.19513,31801699.2188,1.1940275677781806,0,0,,0,0.0
14.04.2004 22:00:00.000,1.1951,1.19555,1.19352,1.19405,33130398.4375,1.1940292933337053,0,0,,0,0.0
14.04.2004 23:00:00.000,1.19399,1.19444,1.19351,1.19383,33512601.5625,1.1940139630772664,0,0,,0,0.0
15.04.2004 00:00:00.000,1.19407,1.19634,1.19348,1.19605,33078500.0,1.1941705813020922,0,0,,0,0.0
15.04.2004 01:00:00.000,1.19577,1.19667,1.19458,1.19508,31546199.2188,1.1942405365865467,0,0,,0,0.0
15.04.2004 02:00:00.000,1.19505,1.19597,1.19372,1.19388,33370500.0,1.1942128030029664,0,0,,0,0.0
15.04.2004 03:00:00.000,1.19417,1.19419,1.19054,1.19279,32733800.7813,1.194103356618123,0,0,,0,0.0
15.04.2004 04:00:00.000,1.19262,1.19544,1.1921,1.19452,33365601.5625,1.1941354061090368,0,0,,0,0.0
15.04.2004 05:00:00.000,1.19413,1.1969,1.19382,1.19399,34297300.7813,1.1941242210237264,0,0,,0,0.0
15.04.2004 06:00:00.000,1.19399,1.19644,1.19337,1.1946,33519898.4375,1.1941608194065167,0,0,,0,0.0
15.04.2004 07:00:00.000,1.19525,1.1992,1.19484,1.19722,32130199.2188,1.1943961409906307,0,1,1.2002,0,0.0
15.04.2004 08:00:00.000,1.19713,1.19734,1.19342,1.19385,34227699.2188,1.1943541301451976,0,0,,0,0.0
15.04.2004 09:00:00.000,1.19394,1.19416,1.19008,1.1907,32575099.6094,1.1940730432109519,0,0,,0,0.0
15.04.2004 10:00:00.000,1.19088,1.19184,1.1891,1.19107,31896300.7813,1.1938420398870326,0,2,1.1881000000000002,0,0.0
15.04.2004 11:00:00.000,1.19095,1.19162,1.1897,1.19119,33234300.7813,1.1936380368187995,0,0,,0,0.0
15.04.2004 12:00:00.000,1.19118,1.19337,1.19056,1.19269,34530800.7813,1.1935651109096612,0,0,,0,0.0
15.04.2004 13:00:00.000,1.19218,1.19555,1.19171,1.194,31281800.7813,1.1935985639166105,0,0,,0,0.0
15.04.2004 14:00:00.000,1.19412,1.19507,1.19274,1.19324,34446500.0,1.1935709820768714,0,0,,0,0.0
15.04.2004 15:00:00.000,1.19348,1.19349,1.19001,1.19141,32567599.6094,1.193404752686343,0,0,,0,0.0
15.04.2004 16:00:00.000,1.19087,1.19623,1.19014,1.1945,296468500.0,1.1934890024797011,0,0,,0,0.0
15.04.2004 17:00:00.000,1.19458,1.19715,1.19415,1.19667,135907906.25,1.1937336945966472,0,0,,0,0.0
15.04.2004 18:00:00.000,1.197,1.19857,1.19626,1.19766,147826703.125,1.194035718089213,0,0,,0,0.0
15.04.2004 19:00:00.000,1.19791,1.19873,1.19664,1.19727,103953296.875,1.1942845090054275,0,0,,0,0.0
15.04.2004 20:00:00.000,1.19731,1.19836,1.19703,1.19816,62110800.7813,1.1945826236973176,0,0,,0,0.0
15.04.2004 21:00:00.000,1.1978,1.1983,1.19709,1.19745,33278000.0,1.1948031911052164,0,0,,0,0.0
15.04.2004 22:00:00.000,1.19759,1.19851,1.19736,1.1982,33088601.5625,1.195064484097123,0,0,,0,0.0
15.04.2004 23:00:00.000,1.19833,1.19905,1.19632,1.19727,33254898.4375,1.1952341391665753,0,0,,0,0.0
16.04.2004 00:00:00.000,1.19732,1.19825,1.19549,1.19601,32459800.7813,1.1952938207691464,0,0,,0,0.0
16.04.2004 01:00:00.000,1.1962,1.19879,1.19492,1.19803,33665000.0,1.1955042960945967,0,0,,0,0.0
16.04.2004 02:00:00.000,1.19809,1.20025,1.19688,1.19829,32599199.2188,1.195718581010397,0,0,,0,0.0
16.04.2004 03:00:00.000,1.19833,1.19863,1.19674,1.19796,30054400.3906,1.195890997855751,0,0,,0,0.0
16.04.2004 04:00:00.000,1.19825,1.20133,1.19721,1.20133,33021398.4375,1.196309382636078,0,0,,0,0.0
16.04.2004 05:00:00.000,1.20128,1.20146,1.19899,1.19936,34462300.7813,1.196544045510226,0,0,,0,0.0
16.04.2004 06:00:00.000,1.19959,1.20005,1.19712,1.19953,33900898.4375,1.1967737343171319,0,0,,0,0.0
16.04.2004 07:00:00.000,1.19973,1.20193,1.19797,1.19864,33135000.0,1.196917293215814,0,0,,0,0.0
16.04.2004 08:00:00.000,1.19884,1.19907,1.19706,1.19767,31729000.0,1.1969751937376745,2,0,,0,0.0
16.04.2004 09:00:00.000,1.19789,1.19849,1.19572,1.19605,32294699.2188,1.1969040249886227,0,0,,0,0.0
16.04.2004 10:00:00.000,1.19613,1.19687,1.19437,1.19455,31389199.2188,1.1967229461433442,0,0,,0,0.0
16.04.2004 11:00:00.000,1.19438,1.19552,1.19251,1.19292,31713699.2188,1.1964304118246254,0,0,,0,0.0
16.04.2004 12:00:00.000,1.1929,1.19533,1.1921,1.19463,31217400.3906,1.1962919186073466,0,2,1.1911,0,0.0
16.04.2004 13:00:00.000,1.1945,1.20151,1.19377,1.20137,31565199.2188,1.1966825402529353,0,0,,0,0.0
16.04.2004 14:00:00.000,1.20106,1.20304,1.19897,1.2029,31868400.3906,1.1971608063873251,0,0,,0,0.0
16.04.2004 15:00:00.000,1.2031,1.20442,1.20233,1.20254,33501101.5625,1.1975745905113773,0,1,1.20542,0,0.0
16.04.2004 16:00:00.000,1.20215,1.20311,1.19844,1.19956,299333187.5,1.1977273143181946,0,0,,0,0.0
16.04.2004 17:00:00.000,1.19955,1.20079,1.19901,1.20036,137320500.0,1.1979298286014106,0,0,,0,0.0
16.04.2004 18:00:00.000,1.20037,1.20089,1.19863,1.19887,147880406.25,1.1980021494782254,0,0,,0,0.0
16.04.2004 19:00:00.000,1.19877,1.19969,1.19846,1.19887,103015703.125,1.1980689072106696,0,0,,0,0.0
16.04.2004 20:00:00.000,1.19906,1.19969,1.19841,1.19886,64022000.0,1.1981297605021566,0,0,,0,0.0
18.04.2004 21:00:00.000,1.19989,1.20227,1.1998,1.20119,29525599.6094,1.1983651635404522,0,0,,0,0.0
18.04.2004 22:00:00.000,1.20117,1.20261,1.20112,1.20157,32290500.0,1.198611689421956,0,0,,0,0.0
18.04.2004 23:00:00.000,1.20153,1.20248,1.20103,1.20123,32927101.5625,1.1988130979279596,0,0,,0,0.0
19.04.2004 00:00:00.000,1.20132,1.20207,1.19985,1.20042,34591199.2188,1.1989367057796552,0,0,,0,0.0
19.04.2004 01:00:00.000,1.2004,1.20259,1.20011,1.20204,33998699.2188,1.1991754207196816,0,0,,0,0.0
19.04.2004 02:00:00.000,1.20209,1.2029,1.20164,1.20281,32626900.3906,1.1994550037412448,0,0,,0,0.0
19.04.2004 03:00:00.000,1.20269,1.20339,1.2023,1.20308,29704500.0,1.1997338496073031,0,0,,0,0.0
19.04.2004 04:00:00.000,1.2031,1.20313,1.20058,1.20186,32313699.2188,1.1998973996375106,0,0,,0,0.0
19.04.2004 05:00:00.000,1.20175,1.20359,1.20161,1.20293,32607599.6094,1.2001306765884714,2,0,,0,0.0
19.04.2004 06:00:00.000,1.203,1.20572,1.20149,1.20529,33812500.0,1.2005275476201276,2,0,,0,0.0
19.04.2004 07:00:00.000,1.20545,1.20731,1.2044,1.20468,31500500.0,1.200846967033964,2,0,,0,0.0
19.04.2004 08:00:00.000,1.20456,1.20673,1.20365,1.20493,32823398.4375,1.2011610464928901,2,0,,0,0.0
19.04.2004 09:00:00.000,1.20472,1.20756,1.20472,1.20687,31370599.6094,1.201600196762668,2,1,1.2085599999999999,0,0.0
19.04.2004 10:00:00.000,1.20661,1.20677,1.20459,1.20527,32434699.2188,1.2018824893193858,2,0,,0,0.0
19.04.2004 11:00:00.000,1.2052,1.20632,1.20453,1.20511,31078699.2188,1.202130759371741,2,0,,0,0.0
19.04.2004 12:00:00.000,1.20474,1.20486,1.20329,1.20407,30999400.3906,1.202279931727761,2,0,,0,0.0
19.04.2004 13:00:00.000,1.20417,1.20528,1.20251,1.20304,31584699.2188,1.2023383985179332,2,0,,0,0.0
19.04.2004 14:00:00.000,1.20302,1.20435,1.20159,1.20274,33438500.0,1.2023692909396309,2,0,,0,0.0
19.04.2004 15:00:00.000,1.20297,1.20364,1.20089,1.20122,32842601.5625,1.2022808839442747,0,0,,0,0.0
19.04.2004 16:00:00.000,1.20142,1.20256,1.20037,1.20176,289849906.25,1.2022408159485611,0,0,,0,0.0
19.04.2004 17:00:00.000,1.20193,1.20315,1.2008,1.20102,133784796.875,1.2021469070294413,0,0,,0,0.0
19.04.2004 18:00:00.000,1.20124,1.20208,1.20064,1.20153,146606093.75,1.2020994526425612,0,0,,0,0.0
19.04.2004 19:00:00.000,1.20145,1.20173,1.20063,1.20156,105587796.875,1.2020579562854412,0,0,,0,0.0
19.04.2004 20:00:00.000,1.20146,1.20243,1.20103,1.20204,64476898.4375,1.202056575032715,0,0,,0,0.0
19.04.2004 21:00:00.000,1.20175,1.20215,1.19995,1.20021,31866099.6094,1.2019145307994294,0,0,,0,0.0
19.04.2004 22:00:00.000,1.20042,1.2007,1.19957,1.20026,30249500.0,1.2017872591994734,0,0,,0,0.0
19.04.2004 23:00:00.000,1.20009,1.20063,1.19952,1.20022,32330599.6094,1.2016667007995139,0,0,,0,0.0
20.04.2004 00:00:00.000,1.20049,1.20089,1.19828,1.19955,32023800.7813,1.2015038776610898,0,0,,0,0.0
20.04.2004 01:00:00.000,1.19987,1.2,1.19659,1.1969,32484599.6094,1.2011497332256214,0,0,,0,0.0
20.04.2004 02:00:00.000,1.19707,1.19716,1.19555,1.19594,34868500.0,1.2007489845159582,0,0,,0,0.0
20.04.2004 03:00:00.000,1.19566,1.19654,1.19551,1.19578,32668400.3906,1.2003667549378076,0,0,,0,0.0
20.04.2004 04:00:00.000,1.19602,1.19724,1.19566,1.19654,34047000.0,1.2000723891733611,0,0,,0,0.0
20.04.2004 05:00:00.000,1.1966,1.19674,1.19305,1.19347,30540000.0,1.1995645130831025,0,0,,0,0.0
20.04.2004 06:00:00.000,1.19359,1.19452,1.19158,1.19338,31386699.2188,1.1990887813074793,0,0,,0,0.0
20.04.2004 07:00:00.000,1.19367,1.19416,1.19264,1.19397,33611000.0,1.1986950288992118,1,0,,0,0.0
20.04.2004 08:00:00.000,1.19382,1.19496,1.19291,1.19401,32423199.2188,1.1983346420608108,1,0,,0,0.0
20.04.2004 09:00:00.000,1.19276,1.1935,1.19068,1.19315,33301800.7813,1.1979358234407484,1,0,,0,0.0
20.04.2004 10:00:00.000,1.19309,1.19361,1.1913,1.19152,31456500.0,1.197442298560691,1,0,,0,0.0
20.04.2004 11:00:00.000,1.19143,1.19226,1.18976,1.19167,31601599.6094,1.1969982755944841,1,0,,0,0.0
20.04.2004 12:00:00.000,1.1918,1.1927,1.18946,1.18961,31633800.7813,1.196429946702601,1,0,,0,0.0
20.04.2004 13:00:00.000,1.18962,1.19066,1.18789,1.18968,30498900.3906,1.19591072003317,1,0,,0,0.0
20.04.2004 14:00:00.000,1.18972,1.19179,1.18833,1.19137,32871699.2188,1.1955614338767724,1,0,,0,0.0
20.04.2004 15:00:00.000,1.19139,1.19162,1.18996,1.19072,33647398.4375,1.1951890158862515,1,0,,0,0.0
20.04.2004 16:00:00.000,1.1907,1.19163,1.18944,1.19113,295588500.0,1.1948767838950016,1,0,,0,0.0
20.04.2004 17:00:00.000,1.19117,1.19379,1.19066,1.19254,136526406.25,1.194697031287694,1,0,,0,0.0
20.04.2004 18:00:00.000,1.19258,1.19286,1.19011,1.19029,147663796.875,1.194358028880948,1,0,,0,0.0
20.04.2004 19:00:00.000,1.19042,1.19067,1.1853,1.18588,106822296.875,1.1937058728131829,1,0,,0,0.0
20.04.2004 20:00:00.000,1.18587,1.18669,1.18394,1.18647,60937300.7813,1.1931492672121689,1,0,,0,0.0
20.04.2004 21:00:00.000,1.18621,1.18697,1.18443,1.18447,33370398.4375,1.1924816312727715,1,0,,0,0.0
20.04.2004 22:00:00.000,1.18445,1.18492,1.18198,1.1843,31477800.7813,1.1918522750210199,1,0,,0,0.0
20.04.2004 23:00:00.000,1.1842,1.18452,1.1826,1.18271,31383199.2188,1.1911490230963262,1,0,,0,0.0
21.04.2004 00:00:00.000,1.18272,1.1846,1.18254,1.18425,32412900.3906,1.1906183290119936,1,0,,0,0.0
21.04.2004 01:00:00.000,1.1843,1.18453,1.18202,1.18299,34112601.5625,1.1900315344726096,1,0,,0,0.0
21.04.2004 02:00:00.000,1.18295,1.18345,1.18174,1.18305,32594800.7813,1.1894944933593319,1,0,,0,0.0
21.04.2004 03:00:00.000,1.18313,1.18433,1.18233,1.18271,32782398.4375,1.188972609254768,1,0,,0,0.0
21.04.2004 04:00:00.000,1.18255,1.184,1.18202,1.18349,33201300.7813,1.1885508700813245,1,0,,0,0.0
21.04.2004 05:00:00.000,1.1834,1.1839,1.18242,1.1838,33859398.4375,1.1881854185366074,1,0,,0,0.0
21.04.2004 06:00:00.000,1.18393,1.18414,1.18221,1.18351,33172500.0,1.1878257709568685,1,0,,0,0.0
21.04.2004 07:00:00.000,1.18328,1.18472,1.18194,1.18298,34174601.5625,1.1874530193448019,1,0,,0,0.0
21.04.2004 08:00:00.000,1.183,1.18339,1.1814,1.18253,33324300.7813,1.187074325549048,1,2,1.1804000000000001,0,0.0
21.04.2004 09:00:00.000,1.18262,1.18376,1.18228,1.18346,30170500.0,1.1867963005068136,1,0,,0,0.0
21.04.2004 10:00:00.000,1.18362,1.18368,1.1816,1.1822,31328699.2188,1.1864427389293666,1,0,,0,0.0
21.04.2004 11:00:00.000,1.18225,1.18447,1.1818,1.184,32897500.0,1.1862548359348,1,0,,0,0.0
21.04.2004 12:00:00.000,1.18402,1.18419,1.18207,1.183,32903500.0,1.1860044639398153,1,0,,0,0.0
21.04.2004 13:00:00.000,1.1829,1.18591,1.18278,1.1844,31131000.0,1.1858810436367526,1,0,,0,0.0
21.04.2004 14:00:00.000,1.18434,1.19111,1.18348,1.1867,31563099.6094,1.1859440402800794,0,1,1.1921099999999998,0,0.0
21.04.2004 15:00:00.000,1.18712,1.18856,1.18354,1.18507,32699300.7813,1.185876806412381,0,0,,0,0.0
21.04.2004 16:00:00.000,1.18492,1.18659,1.18411,1.18613,294968812.5,1.185896282842198,0,0,,0,0.0
21.04.2004 17:00:00.000,1.1861,1.18629,1.18373,1.1842,133451406.25,1.1857657995466444,0,0,,0,0.0
21.04.2004 18:00:00.000,1.18421,1.18476,1.1822,1.18314,145535406.25,1.1855638149661334,0,0,,0,0.0
21.04.2004 19:00:00.000,1.18311,1.1846,1.18247,1.18305,106619500.0,1.185370444584123,0,0,,0,0.0
21.04.2004 20:00:00.000,1.18308,1.1843,1.18243,1.18377,62692199.2188,1.1852473334622675,0,0,,0,0.0
21.04.2004 21:00:00.000,1.18341,1.18498,1.18296,1.18314,30907000.0,1.1850852308882471,0,0,,0,0.0
21.04.2004 22:00:00.000,1.18311,1.18383,1.17843,1.17963,30861800.7813,1.1846655977429976,0,0,,0,0.0
21.04.2004 23:00:00.000,1.17968,1.18157,1.17758,1.17937,32152599.6094,1.1842582440704594,0,2,1.1765800000000002,0,0.0
22.04.2004 00:00:00.000,1.17941,1.18387,1.17913,1.18299,33553800.7813,1.1841606868342702,0,0,,0,0.0
22.04.2004 01:00:00.000,1.1829,1.18367,1.18173,1.18356,33155199.2188,1.1841144801547112,0,0,,0,0.0
22.04.2004 02:00:00.000,1.18356,1.18549,1.18278,1.18494,32611199.2188,1.1841779816812719,0,0,,0,0.0
22.04.2004 03:00:00.000,1.18523,1.18539,1.18403,1.18456,31652300.7813,1.1842073677057896,0,0,,0,0.0
22.04.2004 04:00:00.000,1.18464,1.18498,1.1821,1.18252,32476599.6094,1.1840775701899597,0,0,,0,0.0
22.04.2004 05:00:00.000,1.18256,1.18328,1.18175,1.18259,32801300.7813,1.1839631417138092,0,0,,0,0.0
22.04.2004 06:00:00.000,1.18232,1.18293,1.17924,1.18076,32076500.0,1.1837167461973623,0,0,,0,0.0
22.04.2004 07:00:00.000,1.1808,1.18244,1.18001,1.18206,34235699.2188,1.1835893041821806,0,0,,0,0.0
22.04.2004 08:00:00.000,1.18202,1.18343,1.18177,1.18228,32081800.7813,1.183488588475859,0,0,,0,0.0
22.04.2004 09:00:00.000,1.18235,1.18499,1.182,1.18289,31703699.2188,1.1834425432084854,0,0,,0,0.0
22.04.2004 10:00:00.000,1.1829,1.18675,1.18252,1.18641,32404099.6094,1.183670809115525,0,0,,0,0.0
22.04.2004 11:00:00.000,1.18642,1.18835,1.18598,1.18733,33217199.2188,1.1839522853374078,0,0,,0,0.0
22.04.2004 12:00:00.000,1.18715,1.18938,1.18537,1.18783,31552599.6094,1.1842505710806843,0,0,,0,0.0
22.04.2004 13:00:00.000,1.18776,1.19027,1.18661,1.1895,32514199.2188,1.184654373305247,0,0,,0,0.0
22.04.2004 14:00:00.000,1.1892,1.19039,1.18549,1.18587,32584300.7813,1.1847478830509972,0,0,,0,0.0
22.04.2004 15:00:00.000,1.18616,1.18804,1.18561,1.1859,33961300.7813,1.1848365074316898,0,0,,0,0.0
22.04.2004 16:00:00.000,1.18567,1.18727,1.18386,1.1866,295961187.5,1.1849721607061752,0,0,,0,0.0
22.04.2004 17:00:00.000,1.18641,1.18736,1.18464,1.18527,137796093.75,1.1849950714210848,0,0,,0,0.0
22.04.2004 18:00:00.000,1.18523,1.1891,1.18479,1.18901,144548593.75,1.1853039120810016,0,0,,0,0.0
22.04.2004 19:00:00.000,1.18906,1.19034,1.18858,1.19008,106142500.0,1.1856713034593862,0,0,,0,0.0
22.04.2004 20:00:00.000,1.19027,1.19133,1.18971,1.19002,62807500.0,1.186005818577895,0,0,,0,0.0
22.04.2004 21:00:00.000,1.18985,1.19106,1.18949,1.1906,30964400.3906,1.1863592171488262,0,0,,0,0.0
22.04.2004 22:00:00.000,1.19065,1.19278,1.19003,1.19201,33480800.7813,1.1867938927527626,0,0,,0,0.0
22.04.2004 23:00:00.000,1.19202,1.19401,1.19124,1.19227,32288000.0,1.187215131771781,0,1,1.19501,0,0.0
23.04.2004 00:00:00.000,1.19223,1.19233,1.18974,1.19001,30954099.6094,1.1874301216354903,0,0,,0,0.0
23.04.2004 01:00:00.000,1.19017,1.19108,1.18873,1.18898,32531099.6094,1.1875493430481452,0,0,,0,0.0
23.04.2004 02:00:00.000,1.18882,1.18991,1.18831,1.1898,34012699.2188,1.1877224705059803,0,0,,0,0.0
23.04.2004 03:00:00.000,1.1898,1.19021,1.18834,1.1894,30862599.6094,1.1878515112362897,0,0,,0,0.0
23.04.2004 04:00:00.000,1.1893,1.19262,1.18919,1.1923,33177000.0,1.188193702679652,0,0,,0,0.0
23.04.2004 05:00:00.000,1.19245,1.19245,1.18986,1.19171,32708199.2188,1.1884641870889097,0,0,,0,0.0
23.04.2004 06:00:00.000,1.1918,1.19224,1.19039,1.19087,30795500.0,1.188649249620532,0,0,,0,0.0
23.04.2004 07:00:00.000,1.19099,1.19116,1.18866,1.18908,32401800.7813,1.1886823842651066,0,0,,0,0.0
23.04.2004 08:00:00.000,1.18917,1.18951,1.18785,1.18906,30688199.2188,1.1887114316293292,0,0,,0,0.0
23.04.2004 09:00:00.000,1.1891,1.19059,1.18886,1.1902,31123199.2188,1.1888259368886116,0,0,,0,0.0
23.04.2004 10:00:00.000,1.18985,1.19183,1.18892,1.18916,32217199.2188,1.1888516340510262,2,0,,0,0.0
23.04.2004 11:00:00.000,1.18887,1.18936,1.18742,1.18846,31499800.7813,1.1888215083547935,0,0,,0,0.0
23.04.2004 12:00:00.000,1.18872,1.18929,1.18214,1.18314,32176699.2188,1.1883844692505787,0,0,,0,0.0
23.04.2004 13:00:00.000,1.1832,1.18426,1.18151,1.18321,31000300.7813,1.1879864331543804,0,0,,0,0.0
23.04.2004 14:00:00.000,1.18318,1.18372,1.18093,1.18208,32779199.2188,1.1875320921425052,0,0,,0,0.0
23.04.2004 15:00:00.000,1.182,1.18317,1.17935,1.18005,30789000.0,1.1869565465930818,0,0,,0,0.0
23.04.2004 16:00:00.000,1.17982,1.18315,1.17956,1.18208,295397687.5,1.1865814276243833,0,0,,0,0.0
23.04.2004 17:00:00.000,1.18242,1.1831,1.18184,1.18255,133177406.25,1.1862713178071231,0,0,,0,0.0
23.04.2004 18:00:00.000,1.18269,1.18378,1.18186,1.18358,144649796.875,1.1860642933604215,0,0,,0,0.0
23.04.2004 19:00:00.000,1.18351,1.18384,1.18226,1.18337,107943000.0,1.1858570400250046,0,0,,0,0.0
23.04.2004 20:00:00.000,1.18337,1.18443,1.18299,1.18415,63087500.0,1.1857257292538503,0,0,,0,0.0
25.04.2004 21:00:00.000,1.18177,1.1821,1.17966,1.17974,30581199.2188,1.1852652885420158,0,0,,0,0.0
25.04.2004 22:00:00.000,1.17982,1.18107,1.17962,1.17964,32754199.2188,1.184832574038784,0,0,,0,0.0
25.04.2004 23:00:00.000,1.17936,1.17979,1.17799,1.17893,33515601.5625,1.1843785298819545,0,0,,0,0.0
26.04.2004 00:00:00.000,1.17908,1.17975,1.17579,1.17582,31243900.3906,1.1837201814294964,0,0,,0,0.0
26.04.2004 01:00:00.000,1.1759,1.1785,1.17573,1.17785,34271000.0,1.1832686290118428,0,2,1.17473,0,0.0
26.04.2004 02:00:00.000,1.17775,1.17904,1.17713,1.17749,31552300.7813,1.182824119087855,0,0,,0,0.0
26.04.2004 03:00:00.000,1.17756,1.17829,1.17711,1.17715,31946599.6094,1.1823876483887892,0,0,,0,0.0
26.04.2004 04:00:00.000,1.1771,1.17959,1.17671,1.17905,33440800.7813,1.1821309062050362,1,0,,0,0.0
26.04.2004 05:00:00.000,1.17928,1.17978,1.17794,1.17873,30991800.7813,1.1818692980354182,1,0,,0,0.0
26.04.2004 06:00:00.000,1.17857,1.18003,1.17835,1.17946,30681900.3906,1.1816839674173092,1,0,,0,0.0
26.04.2004 07:00:00.000,1.17951,1.1818,1.1779,1.18153,31388800.7813,1.181672123769824,1,0,,0,0.0
26.04.2004 08:00:00.000,1.18129,1.18263,1.18089,1.1818,30865699.2188,1.1816819604029145,0,0,,0,0.0
26.04.2004 09:00:00.000,1.18187,1.1838,1.18119,1.18318,31599599.6094,1.181797194218075,0,0,,0,0.0
26.04.2004 10:00:00.000,1.18295,1.18446,1.18274,1.18392,31156500.0,1.181960486970531,0,0,,0,0.0
26.04.2004 11:00:00.000,1.18382,1.1848,1.18277,1.18457,34322898.4375,1.1821612187420285,0,0,,0,0.0
26.04.2004 12:00:00.000,1.18455,1.18715,1.18427,1.18694,30050000.0,1.182528817300334,0,0,,0,0.0
26.04.2004 13:00:00.000,1.18713,1.18764,1.18568,1.18569,32953699.2188,1.1827719852003085,0,0,,0,0.0
26.04.2004 14:00:00.000,1.18562,1.18717,1.18474,1.18521,31778199.2188,1.1829595248002849,0,0,,0,0.0
26.04.2004 15:00:00.000,1.18494,1.18547,1.18334,1.1851,33250898.4375,1.1831241767387246,0,0,,0,0.0
26.04.2004 16:00:00.000,1.18475,1.18667,1.18469,1.1854,298916812.5,1.1832992400665152,0,0,,0,0.0
26.04.2004 17:00:00.000,1.18522,1.18672,1.18501,1.18545,135223703.125,1.1834646831383218,0,0,,0,0.0
26.04.2004 18:00:00.000,1.18562,1.18798,1.1845,1.18767,145668296.875,1.1837881690507586,0,0,,0,0.0
26.04.2004 19:00:00.000,1.18766,1.1884,1.18628,1.1871,106635898.4375,1.1840429252776234,0,1,1.1893999999999998,0,0.0
26.04.2004 20:00:00.000,1.18713,1.18768,1.18594,1.18644,64980398.4375,1.1842273156408831,0,0,,0,0.0
26.04.2004 21:00:00.000,1.18606,1.18675,1.18505,1.18553,30368800.7813,1.1843275221300462,0,0,,0,0.0
26.04.2004 22:00:00.000,1.18577,1.18614,1.18502,1.18561,28823500.0,1.1844261742738889,0,0,,0,0.0
26.04.2004 23:00:00.000,1.18556,1.18667,1.1851,1.18606,32583400.3906,1.1845518531758974,0,0,,0,0.0
27.04.2004 00:00:00.000,1.18602,1.18614,1.18465,1.1858,32742300.7813,1.1846478644700593,2,0,,0,0.0
27.04.2004 01:00:00.000,1.18589,1.1862,1.18448,1.18501,34106300.7813,1.1846757210492858,2,0,,0,0.0
27.04.2004 02:00:00.000,1.18477,1.18522,1.18336,1.18408,34782199.2188,1.184629896353187,0,0,,0,0.0
27.04.2004 03:00:00.000,1.18396,1.18462,1.18352,1.1841,30919300.7813,1.1845891350952495,0,0,,0,0.0
27.04.2004 04:00:00.000,1.184,1.18415,1.18302,1.18355,32654599.6094,1.1845092016263843,0,2,1.18202,0,0.0
27.04.2004 05:00:00.000,1.18341,1.18459,1.18302,1.18404,31827800.7813,1.1844731091935856,0,2,1.18202,0,0.0
27.04.2004 06:00:00.000,1.18438,1.18969,1.18418,1.18852,33073898.4375,1.1847844084863868,0,0,,0,0.0
27.04.2004 07:00:00.000,1.18865,1.1904,1.18804,1.18922,30869400.3906,1.185125607833588,0,0,,0,0.0
27.04.2004 08:00:00.000,1.18911,1.18967,1.18626,1.18689,30941800.7813,1.1852613303079274,0,0,,0,0.0
27.04.2004 09:00:00.000,1.18689,1.18916,1.18612,1.18894,31393900.3906,1.1855443048996253,0,0,,0,0.0
27.04.2004 10:00:00.000,1.1891,1.19058,1.18728,1.18787,31041000.0,1.185723204522731,0,0,,0,0.0
27.04.2004 11:00:00.000,1.18795,1.19067,1.18602,1.19047,31937800.7813,1.186088342636367,0,0,,0,0.0
27.04.2004 12:00:00.000,1.19008,1.1904,1.18746,1.18835,33154199.2188,1.1862623162797234,0,0,,0,0.0
27.04.2004 13:00:00.000,1.18861,1.1888,1.18683,1.1879,32642300.7813,1.186388291950514,0,0,,0,0.0
27.04.2004 14:00:00.000,1.18754,1.1918,1.18559,1.18968,31990699.2188,1.186641500262013,0,0,,0,0.0
27.04.2004 15:00:00.000,1.18964,1.19337,1.18963,1.19262,32776398.4375,1.1871013848572427,0,0,,0,0.0
27.04.2004 16:00:00.000,1.1923,1.19289,1.19008,1.19093,292363000.0,1.1873958937143778,0,0,,0,0.0
27.04.2004 17:00:00.000,1.19078,1.19195,1.1904,1.19165,133985296.875,1.1877231326594258,0,0,,0,0.0
27.04.2004 18:00:00.000,1.1916,1.19456,1.19107,1.19333,147703796.875,1.1881544301471623,0,1,1.19556,0,0.0
27.04.2004 19:00:00.000,1.19326,1.19366,1.19205,1.19345,105555000.0,1.1885617816743037,0,0,,0,0.0
27.04.2004 20:00:00.000,1.19362,1.19378,1.19149,1.19223,63617398.4375,1.1888439523147418,0,0,,0,0.0
27.04.2004 21:00:00.000,1.19193,1.19349,1.19165,1.19224,29189300.7813,1.1891051867520694,0,0,,0,0.0
27.04.2004 22:00:00.000,1.19232,1.1935,1.19216,1.19263,31741800.7813,1.1893763262326795,2,0,,0,0.0
27.04.2004 23:00:00.000,1.19243,1.194,1.19218,1.19238,33656601.5625,1.1896073780609349,2,0,,0,0.0
28.04.2004 00:00:00.000,1.19212,1.19317,1.19177,1.19196,32971500.0,1.1897883489793246,2,0,,0,0.0
28.04.2004 01:00:00.000,1.19212,1.1929,1.19065,1.19114,33538601.5625,1.1898923221347613,2,0,,0,0.0
28.04.2004 02:00:00.000,1.19114,1.19163,1.19022,1.19143,32454099.6094,1.1900106050474721,2,0,,0,0.0
28.04.2004 03:00:00.000,1.19118,1.19259,1.19058,1.19238,30629699.2188,1.1901928661976666,2,0,,0,0.0
28.04.2004 04:00:00.000,1.1926,1.19385,1.19159,1.19377,32701500.0,1.1904680303363075,2,0,,0,0.0
28.04.2004 05:00:00.000,1.19372,1.19496,1.18917,1.18994,27100800.7813,1.1904274126181302,0,1,1.19596,0,0.0
28.04.2004 06:00:00.000,1.18942,1.18961,1.18752,1.18887,34057300.7813,1.1903076116475049,0,0,,0,0.0
28.04.2004 07:00:00.000,1.18873,1.1903,1.18768,1.19004,33435898.4375,1.1902870261361584,0,0,,0,0.0
28.04.2004 08:00:00.000,1.19044,1.1923,1.19013,1.19127,30756099.6094,1.1903626395103002,0,0,,0,0.0
28.04.2004 09:00:00.000,1.19138,1.19319,1.19066,1.19076,33010000.0,1.1903932057018156,0,0,,0,0.0
28.04.2004 10:00:00.000,1.19089,1.19115,1.18871,1.18887,27601500.0,1.1902760360324451,0,0,,0,0.0
28.04.2004 11:00:00.000,1.18908,1.19164,1.18893,1.19027,34220699.2188,1.190275571722257,0,0,,0,0.0
28.04.2004 12:00:00.000,1.1903,1.19098,1.18739,1.18798,32947000.0,1.1900989892820837,0,0,,0,0.0
28.04.2004 13:00:00.000,1.1882,1.18906,1.18658,1.18746,30491000.0,1.189895990106539,0,0,,0,0.0
28.04.2004 14:00:00.000,1.18723,1.18726,1.18312,1.18416,33009601.5625,1.1894547600983436,0,0,,0,0.0
28.04.2004 15:00:00.000,1.184,1.18514,1.18272,1.18336,33398699.2188,1.188985932398471,0,0,,0,0.0
28.04.2004 16:00:00.000,1.18317,1.18527,1.18237,1.18382,295450312.5,1.188588552983204,0,0,,0,0.0
28.04.2004 17:00:00.000,1.18361,1.18388,1.18206,1.18316,136465906.25,1.1881709719844962,0,0,,0,0.0
28.04.2004 18:00:00.000,1.18315,1.18439,1.18208,1.18379,146818203.125,1.187833974139535,0,0,,0,0.0
28.04.2004 19:00:00.000,1.18378,1.18457,1.18291,1.18328,106136898.4375,1.187483668436494,0,0,,0,0.0
28.04.2004 20:00:00.000,1.18324,1.18423,1.18285,1.18393,64947601.5625,1.1872103093259945,0,0,,0,0.0
28.04.2004 21:00:00.000,1.18322,1.18494,1.18322,1.18441,31772900.3906,1.1869949009163028,0,0,,0,0.0
28.04.2004 22:00:00.000,1.18479,1.18494,1.18329,1.18413,33246898.4375,1.1867745239227412,0,0,,0,0.0
28.04.2004 23:00:00.000,1.18368,1.1842,1.182,1.18232,32399099.6094,1.1864318682363766,0,0,,0,0.0
29.04.2004 00:00:00.000,1.18257,1.18291,1.18086,1.18209,32896000.0,1.18609787837204,0,0,,0,0.0
29.04.2004 01:00:00.000,1.18195,1.18248,1.18085,1.18235,34002300.7813,1.1858095800357293,0,0,,0,0.0
29.04.2004 02:00:00.000,1.18239,1.18362,1.18208,1.18315,31935400.3906,1.1856049969560578,0,0,,0,0.0
29.04.2004 03:00:00.000,1.183,1.18367,1.18231,1.18289,32953601.5625,1.185396151036361,0,0,,0,0.0
29.04.2004 04:00:00.000,1.18305,1.18361,1.18242,1.18332,31922400.3906,1.1852364471104873,1,0,,0,0.0
29.04.2004 05:00:00.000,1.18313,1.18404,1.18151,1.18195,32832601.5625,1.1849836434866037,1,0,,0,0.0
29.04.2004 06:00:00.000,1.18186,1.18262,1.18027,1.18152,30330099.6094,1.1847172093722496,1,2,1.17927,0,0.0
29.04.2004 07:00:00.000,1.18151,1.18295,1.18038,1.18287,32558300.7813,1.184575116343615,1,0,,0,0.0
29.04.2004 08:00:00.000,1.18276,1.18311,1.18206,1.18285,32215300.7813,1.184442415086414,1,0,,0,0.0
29.04.2004 09:00:00.000,1.18278,1.18402,1.18236,1.183,31546699.2188,1.1843314600797668,1,0,,0,0.0
29.04.2004 10:00:00.000,1.18283,1.18355,1.18087,1.18146,32039000.0,1.1841105785351693,1,0,,0,0.0
29.04.2004 11:00:00.000,1.18116,1.18186,1.18027,1.18176,32250900.3906,1.1839297648016949,1,2,1.17927,0,0.0
29.04.2004 12:00:00.000,1.18196,1.18932,1.18169,1.18797,32920101.5625,1.1842405521246415,0,0,,0,0.0
29.04.2004 13:00:00.000,1.18822,1.19515,1.18784,1.19337,30958699.2188,1.1849428173458232,0,0,,0,0.0
29.04.2004 14:00:00.000,1.19337,1.19779,1.19295,1.19384,33790601.5625,1.185627216011529,0,0,,0,0.0
29.04.2004 15:00:00.000,1.19405,1.19538,1.19302,1.19444,32608000.0,1.1863051224721808,0,0,,0,0.0
29.04.2004 16:00:00.000,1.19402,1.19497,1.19167,1.19281,296846906.25,1.1868054976666285,0,0,,0,0.0
29.04.2004 17:00:00.000,1.19269,1.19434,1.19248,1.19295,138551796.875,1.1872781516922724,0,0,,0,0.0
29.04.2004 18:00:00.000,1.19283,1.19697,1.1921,1.19609,150100703.125,1.1879559861774822,0,0,,0,0.0
29.04.2004 19:00:00.000,1.196,1.19835,1.19589,1.198,108577203.125,1.1887286026253683,0,0,,0,0.0
29.04.2004 20:00:00.000,1.19782,1.19841,1.19581,1.19598,64528300.7813,1.1892864024234169,0,1,1.1994099999999999,0,0.0
29.04.2004 21:00:00.000,1.19557,1.19693,1.19557,1.19598,31605900.3906,1.1898012945446925,0,0,,0,0.0
29.04.2004 22:00:00.000,1.19634,1.19688,1.19546,1.19577,33391398.4375,1.1902604257335623,0,0,,0,0.0
29.04.2004 23:00:00.000,1.1954,1.196,1.19443,1.19538,33399300.7813,1.190654239138673,0,0,,0,0.0
30.04.2004 00:00:00.000,1.19547,1.19613,1.19407,1.19536,32502400.3906,1.1910162207433905,0,0,,0,0.0
30.04.2004 01:00:00.000,1.19548,1.19705,1.19495,1.19681,33651000.0,1.191461896070822,0,0,,0,0.0
30.04.2004 02:00:00.000,1.19647,1.19781,1.19642,1.19706,34344199.2188,1.1918925194499899,0,0,,0,0.0
30.04.2004 03:00:00.000,1.1972,1.1974,1.19647,1.19698,31475000.0,1.192283864107683,0,0,,0,0.0
30.04.2004 04:00:00.000,1.19708,1.19723,1.19625,1.19662,31666099.6094,1.1926174130224767,2,0,,0,0.0
30.04.2004 05:00:00.000,1.1967,1.19703,1.19568,1.19662,32779898.4375,1.19292530432844,2,0,,0,0.0
30.04.2004 06:00:00.000,1.19647,1.19755,1.19438,1.19525,31909599.6094,1.193104127072406,2,0,,0,0.0
30.04.2004 07:00:00.000,1.19511,1.19536,1.19185,1.19335,32036000.0,1.1931230403745288,2,2,1.1908500000000002,0,0.0
30.04.2004 08:00:00.000,1.19354,1.19609,1.19338,1.19535,32097400.3906,1.1932943449611035,2,0,,0,0.0
30.04.2004 09:00:00.000,1.19537,1.19582,1.19275,1.19468,32063300.7813,1.1934009338102494,2,0,,0,0.0
30.04.2004 10:00:00.000,1.19493,1.19645,1.19372,1.19635,31603099.6094,1.193627785055615,2,0,,0,0.0
30.04.2004 11:00:00.000,1.1965,1.19677,1.19444,1.19511,32455000.0,1.1937418015897985,2,0,,0,0.0
30.04.2004 12:00:00.000,1.19487,1.19687,1.19277,1.19674,32526800.7813,1.193972432236737,2,0,,0,0.0
30.04.2004 13:00:00.000,1.1969,1.20002,1.19671,1.1991,32248199.2188,1.194366860526219,2,0,,0,0.0
30.04.2004 14:00:00.000,1.19917,1.20089,1.19553,1.1991,31723500.0,1.1947309481780484,2,1,1.20189,0,0.0
30.04.2004 15:00:00.000,1.19894,1.20087,1.19697,1.19753,29577599.6094,1.19494625985666,2,0,,0,0.0
30.04.2004 16:00:00.000,1.19758,1.1985,1.19693,1.19744,290451906.25,1.1951380860215324,2,0,,0,0.0
30.04.2004 17:00:00.000,1.19748,1.19871,1.19711,1.19816,136597203.125,1.195370540942953,2,0,,0,0.0
30.04.2004 18:00:00.000,1.1983,1.19867,1.19716,1.19826,146277796.875,1.1955928070242643,2,0,,0,0.0
30.04.2004 19:00:00.000,1.1984,1.19849,1.19754,1.19787,107083101.5625,1.1957679757147055,2,0,,0,0.0
30.04.2004 20:00:00.000,1.19784,1.19816,1.19688,1.1977,64073300.7813,1.1959165929674205,2,0,,0,0.0
02.05.2004 21:00:00.000,1.1977,1.19976,1.19745,1.19911,31192800.7813,1.1961622396622344,2,0,,0,0.0
02.05.2004 22:00:00.000,1.19874,1.2,1.19859,1.19894,32446599.6094,1.1963759135343701,2,0,,0,0.0
02.05.2004 23:00:00.000,1.19911,1.19953,1.19837,1.19837,32391000.0,1.196529304800957,2,0,,0,0.0
03.05.2004 00:00:00.000,1.19844,1.19934,1.1972,1.1976,30993099.6094,1.1966116659701143,2,0,,0,0.0
03.05.2004 01:00:00.000,1.19747,1.1978,1.19608,1.19648,33519699.2188,1.196601537818567,0,0,,0,0.0
03.05.2004 02:00:00.000,1.19609,1.19764,1.19609,1.19705,33258000.0,1.1966360349094465,0,0,,0,0.0
03.05.2004 03:00:00.000,1.19734,1.19765,1.19634,1.19642,32649400.3906,1.1966194168394892,0,0,,0,0.0
03.05.2004 04:00:00.000,1.19672,1.19788,1.19558,1.19774,31639300.7813,1.196705615544144,0,0,,0,0.0
03.05.2004 05:00:00.000,1.19777,1.19848,1.19689,1.19782,32430400.3906,1.1967913374253638,0,0,,0,0.0
03.05.2004 06:00:00.000,1.1979,1.1982,1.19639,1.19797,32450599.6094,1.1968820037772592,0,0,,0,0.0
03.05.2004 07:00:00.000,1.19779,1.19826,1.19567,1.19605,32863898.4375,1.1968180034867009,0,0,,0,0.0
03.05.2004 08:00:00.000,1.19604,1.19673,1.19419,1.19487,31862699.2188,1.1966681570646471,0,0,,0,0.0
03.05.2004 09:00:00.000,1.19508,1.19676,1.19487,1.19636,32366900.3906,1.196644452675059,0,0,,0,0.0
03.05.2004 10:00:00.000,1.19616,1.19662,1.19522,1.19594,31266000.0,1.196590264007747,0,0,,0,0.0
03.05.2004 11:00:00.000,1.19598,1.1968,1.19524,1.19576,31871000.0,1.1965263975456129,0,0,,0,0.0
03.05.2004 12:00:00.000,1.19567,1.1959,1.19456,1.19515,33685000.0,1.196420520811335,0,0,,0,0.0
03.05.2004 13:00:00.000,1.19504,1.19581,1.19344,1.19418,34202300.7813,1.196248173056617,0,0,,0,0.0
03.05.2004 14:00:00.000,1.19413,1.19788,1.19208,1.19528,32894000.0,1.196173698206108,0,0,,0,0.0
03.05.2004 15:00:00.000,1.19539,1.19633,1.19328,1.19376,31473400.3906,1.1959880291133307,0,0,,0,0.0
03.05.2004 16:00:00.000,1.19357,1.19466,1.1923,1.19294,288938812.5,1.1957535653353824,0,0,,0,0.0
03.05.2004 17:00:00.000,1.19296,1.19388,1.19189,1.19348,136453593.75,1.1955786756941993,0,2,1.19089,0,0.0
03.05.2004 18:00:00.000,1.19329,1.1942,1.19284,1.1939,148511906.25,1.1954495467946455,0,0,,0,0.0
03.05.2004 19:00:00.000,1.19394,1.19446,1.19241,1.19357,106046203.125,1.1953049662719806,0,0,,0,0.0
03.05.2004 20:00:00.000,1.19397,1.19463,1.19256,1.19404,64492000.0,1.1952076611741358,0,0,,0,0.0
03.05.2004 21:00:00.000,1.19428,1.19464,1.19236,1.19382,30819400.3906,1.1951009180068948,0,0,,0,0.0
03.05.2004 22:00:00.000,1.19374,1.19426,1.19227,1.19295,32683800.7813,1.1949354627755953,0,0,,0,0.0
03.05.2004 23:00:00.000,1.19282,1.19406,1.19275,1.19336,31565000.0,1.1948142733313187,1,0,,0,0.0
04.05.2004 00:00:00.000,1.19309,1.19485,1.19284,1.19416,32098400.3906,1.1947639446135252,1,0,,0,0.0
04.05.2004 01:00:00.000,1.19412,1.19526,1.19394,1.19445,33444800.7813,1.1947397950278695,1,0,,0,0.0
04.05.2004 02:00:00.000,1.19465,1.19539,1.19373,1.19503,33192800.7813,1.1947621184872643,0,0,,0,0.0
04.05.2004 03:00:00.000,1.1951,1.19532,1.19421,1.19455,31956300.7813,1.1947458016805519,0,0,,0,0.0
04.05.2004 04:00:00.000,1.19466,1.19515,1.19408,1.19435,33222300.7813,1.1947153553974326,0,0,,0,0.0
04.05.2004 05:00:00.000,1.19473,1.19512,1.19371,1.19456,31591099.6094,1.1947034049822454,0,0,,0,0.0
04.05.2004 06:00:00.000,1.19441,1.19618,1.19409,1.1941,31339699.2188,1.1946569892143803,0,0,,0,0.0
04.05.2004 07:00:00.000,1.19416,1.19699,1.19402,1.19665,31451800.7813,1.194810297736351,0,0,,0,0.0
04.05.2004 08:00:00.000,1.19654,1.20359,1.19619,1.20304,31795800.7813,1.1954433517566319,0,0,,0,0.0
04.05.2004 09:00:00.000,1.2032,1.20685,1.20259,1.20609,31664699.2188,1.1962623246984294,0,0,,0,0.0
04.05.2004 10:00:00.000,1.20603,1.20734,1.20522,1.20547,30174599.6094,1.196970607413935,0,0,,0,0.0
04.05.2004 11:00:00.000,1.20572,1.20664,1.20512,1.20603,34024601.5625,1.1976674837667092,0,0,,0,0.0
04.05.2004 12:00:00.000,1.20608,1.2095,1.20536,1.20908,32836300.7813,1.1985453696308084,0,0,,0,0.0
04.05.2004 13:00:00.000,1.20926,1.20993,1.20806,1.20895,32461599.6094,1.199345725813054,0,0,,0,0.0
04.05.2004 14:00:00.000,1.20885,1.20892,1.20605,1.20847,31173800.7813,1.2000475930582037,0,0,,0,0.0
04.05.2004 15:00:00.000,1.20862,1.21037,1.20719,1.20751,30557300.7813,1.2006216243614187,0,0,,0,0.0
04.05.2004 16:00:00.000,1.20765,1.20778,1.20556,1.20735,289393000.0,1.2011391917182328,0,0,,0,0.0
04.05.2004 17:00:00.000,1.20725,1.20789,1.20674,1.20744,133913796.875,1.201623869278369,0,0,,0,0.0
04.05.2004 18:00:00.000,1.20747,1.21173,1.20533,1.20876,145780203.125,1.2021728024108023,0,0,,0,0.0
04.05.2004 19:00:00.000,1.2088,1.20994,1.20759,1.20892,105092601.5625,1.2026918176099715,0,0,,0,0.0
04.05.2004 20:00:00.000,1.20891,1.20998,1.20879,1.20962,63899300.7813,1.2032247547168968,0,0,,0,0.0
04.05.2004 21:00:00.000,1.2092,1.21134,1.20915,1.2106,31465099.6094,1.2037920812771354,0,0,,0,0.0
04.05.2004 22:00:00.000,1.21044,1.21119,1.20944,1.20979,31937099.6094,1.2042534596404328,0,0,,0,0.0
04.05.2004 23:00:00.000,1.20995,1.21111,1.2096,1.21049,33620898.4375,1.2047331935142458,2,0,,0,0.0
05.05.2004 00:00:00.000,1.21052,1.2134,1.20998,1.21323,34728699.2188,1.20538679401315,2,0,,0,0.0
05.05.2004 01:00:00.000,1.21325,1.21402,1.21258,1.21339,33680000.0,1.2060024252429078,2,0,,0,0.0
05.05.2004 02:00:00.000,1.21321,1.21366,1.21237,1.21275,35646800.7813,1.2065214694549917,2,0,,0,0.0
05.05.2004 03:00:00.000,1.2126,1.21341,1.21212,1.2131,30468800.7813,1.2070275102661463,2,0,,0,0.0
05.05.2004 04:00:00.000,1.213,1.21313,1.21064,1.21101,33129800.7813,1.207333855630289,2,0,,0,0.0
05.05.2004 05:00:00.000,1.21098,1.21258,1.21036,1.21137,30971699.2188,1.2076443282741132,2,0,,0,0.0
05.05.2004 06:00:00.000,1.2115,1.21437,1.21084,1.21345,31657900.3906,1.2080909184068738,2,0,,0,0.0
05.05.2004 07:00:00.000,1.21382,1.21394,1.21108,1.21153,31932599.6094,1.2083554631448068,2,0,,0,0.0
05.05.2004 08:00:00.000,1.21169,1.21474,1.21147,1.21442,32871500.0,1.2088219659798216,2,0,,0,0.0
05.05.2004 09:00:00.000,1.21429,1.21772,1.21403,1.21593,30657699.2188,1.2093687378275277,2,0,,0,0.0
05.05.2004 10:00:00.000,1.21595,1.21688,1.21444,1.21456,30214800.7813,1.2097680656869487,2,0,,0,0.0
05.05.2004 11:00:00.000,1.21446,1.21547,1.2129,1.21313,33016898.4375,1.210026676018722,2,0,,0,0.0
05.05.2004 12:00:00.000,1.21312,1.21481,1.21184,1.21415,33379800.7813,1.2103438547865126,2,0,,0,0.0
05.05.2004 13:00:00.000,1.21423,1.21683,1.21331,1.21472,31877699.2188,1.2106804813413963,2,0,,0,0.0
05.05.2004 14:00:00.000,1.21471,1.21545,1.21245,1.21254,32050900.3906,1.210823521238212,2,0,,0,0.0
05.05.2004 15:00:00.000,1.21233,1.2165,1.21201,1.21628,31128699.2188,1.2112432503737343,2,0,,0,0.0
05.05.2004 16:00:00.000,1.21644,1.21786,1.21576,1.21673,295301093.75,1.2116653080372932,2,1,1.2188599999999998,0,0.0
05.05.2004 17:00:00.000,1.21682,1.21716,1.21544,1.21585,133536703.125,1.21198720741904,2,0,,0,0.0
05.05.2004 18:00:00.000,1.21598,1.21716,1.21544,1.21677,147224203.125,1.2123551145406524,2,0,,0,0.0
05.05.2004 19:00:00.000,1.21695,1.21719,1.21623,1.21656,108513898.4375,1.2126785672682945,2,0,,0,0.0
05.05.2004 20:00:00.000,1.21668,1.21759,1.21582,1.2171,61690101.5625,1.213018677478426,2,0,,0,0.0
05.05.2004 21:00:00.000,1.21713,1.21749,1.21555,1.21574,33114800.7813,1.2132280099800856,2,0,,0,0.0
05.05.2004 22:00:00.000,1.21577,1.2168,1.21546,1.21565,32505000.0,1.2134143169046945,2,0,,0,0.0
05.05.2004 23:00:00.000,1.2156,1.21691,1.21538,1.21584,32800500.0,1.2136009079120258,2,0,,0,0.0
06.05.2004 00:00:00.000,1.21604,1.21642,1.21406,1.21479,33487199.2188,1.2136923765341778,2,0,,0,0.0
06.05.2004 01:00:00.000,1.2148,1.21547,1.2136,1.21391,33115101.5625,1.2137091168007796,2,0,,0,0.0
06.05.2004 02:00:00.000,1.2139,1.21498,1.21335,1.21463,32218800.7813,1.2137799539699505,2,0,,0,0.0
06.05.2004 03:00:00.000,1.2144,1.21535,1.21397,1.21455,29364400.3906,1.2138391882799544,2,0,,0,0.0
06.05.2004 04:00:00.000,1.21435,1.21519,1.21396,1.21457,31249900.3906,1.213895404566112,2,0,,0,0.0
06.05.2004 05:00:00.000,1.21425,1.21728,1.21411,1.21648,33032800.7813,1.214094219599488,2,0,,0,0.0
06.05.2004 06:00:00.000,1.21636,1.21734,1.21534,1.21659,32018699.2188,1.2142862027072197,2,0,,0,0.0
06.05.2004 07:00:00.000,1.2169,1.2169,1.21385,1.21454,33567300.7813,1.2143057255758951,2,0,,0,0.0
06.05.2004 08:00:00.000,1.21454,1.2162,1.21401,1.21483,32088199.2188,1.2143460543777496,2,0,,0,0.0
06.05.2004 09:00:00.000,1.21458,1.21513,1.21289,1.21303,31852300.7813,1.214244819425615,0,0,,0,0.0
06.05.2004 10:00:00.000,1.21339,1.21494,1.21284,1.21426,33255500.0,1.214245987162106,0,0,,0,0.0
06.05.2004 11:00:00.000,1.2143,1.2147,1.21117,1.21226,32586800.7813,1.2140932189188671,0,0,,0,0.0
06.05.2004 12:00:00.000,1.21228,1.21286,1.20945,1.21133,33750300.7813,1.2138806636174158,0,0,,0,0.0
06.05.2004 13:00:00.000,1.21157,1.2117,1.20786,1.20787,32857800.7813,1.2134183048776146,0,0,,0,0.0
06.05.2004 14:00:00.000,1.20782,1.20807,1.20625,1.2077,32238900.3906,1.2129784352716444,0,2,1.2052500000000002,0,0.0
06.05.2004 15:00:00.000,1.20805,1.20933,1.20672,1.20901,31944500.0,1.2126731710199796,0,0,,0,0.0
06.05.2004 16:00:00.000,1.20885,1.20956,1.20743,1.20871,300709906.25,1.2123683117107507,0,0,,0,0.0
06.05.2004 17:00:00.000,1.20863,1.20941,1.20752,1.20857,135930593.75,1.2120761338868467,0,0,,0,0.0
06.05.2004 18:00:00.000,1.20855,1.20902,1.20728,1.20793,147173500.0,1.2117572005109354,0,0,,0,0.0
06.05.2004 19:00:00.000,1.20785,1.208,1.20653,1.20711,105327101.5625,1.2113997235485559,0,0,,0,0.0
06.05.2004 20:00:00.000,1.20725,1.20863,1.20659,1.20795,63417000.0,1.211134360198667,0,0,,0,0.0
06.05.2004 21:00:00.000,1.208,1.2084,1.20649,1.20687,32666500.0,1.2108063324910774,0,0,,0,0.0
06.05.2004 22:00:00.000,1.20678,1.20788,1.20659,1.2072,32395199.2188,1.2105289222994562,0,0,,0,0.0
06.05.2004 23:00:00.000,1.20715,1.20758,1.20646,1.20685,33960898.4375,1.210245928276421,0,0,,0,0.0
07.05.2004 00:00:00.000,1.20684,1.20837,1.20663,1.20725,33901898.4375,1.210015472255158,0,0,,0,0.0
07.05.2004 01:00:00.000,1.20762,1.20762,1.2056,1.20588,34012000.0,1.2096973590047613,0,0,,0,0.0
07.05.2004 02:00:00.000,1.20595,1.20661,1.20276,1.2047,33206199.2188,1.2093129467736259,0,0,,0,0.0
07.05.2004 03:00:00.000,1.2049,1.20544,1.20431,1.20499,29762599.6094,1.208980412406424,1,0,,0,0.0
07.05.2004 04:00:00.000,1.2053,1.20574,1.20476,1.20518,33407500.0,1.2086880729905454,1,0,,0,0.0
07.05.2004 05:00:00.000,1.20517,1.2063,1.20433,1.20503,31210000.0,1.2084066827605033,1,0,,0,0.0
07.05.2004 06:00:00.000,1.20505,1.20602,1.20442,1.20473,31698400.3906,1.2081238610096954,1,0,,0,0.0
07.05.2004 07:00:00.000,1.20478,1.20671,1.20334,1.2043,32366000.0,1.2078297178551034,1,0,,0,0.0
07.05.2004 08:00:00.000,1.20425,1.20576,1.20395,1.2055,33626199.2188,1.2076505087893263,1,0,,0,0.0
07.05.2004 09:00:00.000,1.20548,1.20766,1.20509,1.2074,33059800.7813,1.207631238882455,1,0,,0,0.0
07.05.2004 10:00:00.000,1.20755,1.20768,1.20582,1.20634,30602300.7813,1.207531912814574,0,0,,0,0.0
07.05.2004 11:00:00.000,1.20622,1.20836,1.20584,1.20707,32286800.7813,1.2074963810596069,0,0,,0,0.0
07.05.2004 12:00:00.000,1.20713,1.21313,1.19614,1.19763,33755000.0,1.2067374286704065,0,1,1.21413,0,0.0
07.05.2004 13:00:00.000,1.19728,1.19849,1.19449,1.19469,31328599.6094,1.2058107033880676,0,0,,0,0.0
07.05.2004 14:00:00.000,1.19454,1.19572,1.1902,1.19082,30847599.6094,1.2046575723582165,0,0,,0,0.0
07.05.2004 15:00:00.000,1.19078,1.19178,1.18755,1.18837,32785101.5625,1.2034046821768154,0,0,,0,0.0
07.05.2004 16:00:00.000,1.18835,1.19024,1.18809,1.18924,290669687.5,1.2023150912401375,0,0,,0,0.0
07.05.2004 17:00:00.000,1.18929,1.18996,1.18761,1.18883,136124203.125,1.2012777765293579,0,0,,0,0.0
07.05.2004 18:00:00.000,1.18861,1.18989,1.18813,1.18925,148469093.75,1.2003525629501766,0,0,,0,0.0
07.05.2004 19:00:00.000,1.18933,1.1898,1.18851,1.18867,103706796.875,1.1994539042617016,0,0,,0,0.0
07.05.2004 20:00:00.000,1.18857,1.18956,1.1874,1.18782,64353398.4375,1.1985589885492631,0,0,,0,0.0
09.05.2004 21:00:00.000,1.18648,1.18811,1.18648,1.18784,29587800.7813,1.1977344509685506,0,0,,0,0.0
09.05.2004 22:00:00.000,1.18778,1.18919,1.18653,1.18883,34595101.5625,1.1970494932017393,0,0,,0,0.0
09.05.2004 23:00:00.000,1.18905,1.18936,1.1858,1.18602,34603199.2188,1.1962010706477593,0,0,,0,0.0
10.05.2004 00:00:00.000,1.18619,1.18785,1.18564,1.18655,33183101.5625,1.1954586805979317,0,0,,0,0.0
10.05.2004 01:00:00.000,1.18662,1.18754,1.18483,1.18676,32763400.3906,1.1947895513211677,0,0,,0,0.0
10.05.2004 02:00:00.000,1.18665,1.18705,1.18355,1.18404,32846199.2188,1.1939626627580011,0,0,,0,0.0
10.05.2004 03:00:00.000,1.18425,1.18444,1.18278,1.18352,32237000.0,1.1931593810073857,0,0,,0,0.0
10.05.2004 04:00:00.000,1.18372,1.18471,1.18317,1.18361,32771398.4375,1.192424813237587,1,0,,0,0.0
10.05.2004 05:00:00.000,1.18347,1.18466,1.18283,1.18448,30972000.0,1.1918136737577727,1,0,,0,0.0
10.05.2004 06:00:00.000,1.1841,1.18584,1.18281,1.18307,32203000.0,1.1911410834687133,1,0,,0,0.0
10.05.2004 07:00:00.000,1.18323,1.18463,1.18185,1.18452,31798400.3906,1.1906317693557353,1,0,,0,0.0
10.05.2004 08:00:00.000,1.18453,1.18605,1.18292,1.18315,31951099.6094,1.1900562486360635,1,0,,0,0.0
10.05.2004 09:00:00.000,1.18295,1.18372,1.18188,1.18222,33138699.2188,1.1894534602794433,1,0,,0,0.0
10.05.2004 10:00:00.000,1.18236,1.183,1.18103,1.18234,31584000.0,1.1889062710271785,1,2,1.1800300000000001,0,0.0
10.05.2004 11:00:00.000,1.18227,1.18354,1.18149,1.18333,31617699.2188,1.188477327102011,1,0,,0,0.0
10.05.2004 12:00:00.000,1.18339,1.18493,1.18226,1.18235,32878300.7813,1.1880059942480103,1,0,,0,0.0
10.05.2004 13:00:00.000,1.1824,1.18384,1.18177,1.18243,30511400.3906,1.187577071613548,1,0,,0,0.0
10.05.2004 14:00:00.000,1.1825,1.18678,1.18222,1.18532,32855000.0,1.1874034507201983,1,0,,0,0.0
10.05.2004 15:00:00.000,1.18548,1.18648,1.18252,1.18323,33049601.5625,1.187082416049414,1,0,,0,0.0
10.05.2004 16:00:00.000,1.18327,1.18551,1.18271,1.18428,290697593.75,1.1868668455840745,1,0,,0,0.0
10.05.2004 17:00:00.000,1.18419,1.18577,1.18375,1.18517,139200906.25,1.1867363190006843,1,0,,0,0.0
10.05.2004 18:00:00.000,1.18527,1.18674,1.18396,1.18615,149182796.875,1.1866912175390933,1,0,,0,0.0
10.05.2004 19:00:00.000,1.18622,1.18662,1.185,1.18545,105383296.875,1.1865957392668554,1,0,,0,0.0
10.05.2004 20:00:00.000,1.18516,1.18571,1.18417,1.18448,64630199.2188,1.186432990092482,1,0,,0,0.0
10.05.2004 21:00:00.000,1.18477,1.18508,1.18219,1.18281,31009900.3906,1.1861542985469065,1,0,,0,0.0
10.05.2004 22:00:00.000,1.18284,1.18446,1.18252,1.18435,30918300.7813,1.1860155063509907,1,0,,0,0.0
10.05.2004 23:00:00.000,1.18433,1.18686,1.18409,1.18631,32966000.0,1.186038159708607,0,0,,0,0.0
11.05.2004 00:00:00.000,1.18658,1.18744,1.18557,1.18733,32083599.6094,1.1861375320387142,0,0,,0,0.0
11.05.2004 01:00:00.000,1.18726,1.18737,1.18616,1.18667,35175699.2188,1.1861784911126594,0,0,,0,0.0
11.05.2004 02:00:00.000,1.18682,1.18689,1.18507,1.18559,32135400.3906,1.1861332225655319,0,0,,0,0.0
11.05.2004 03:00:00.000,1.18582,1.18703,1.18514,1.18631,31640099.6094,1.186146820829722,0,0,,0,0.0
11.05.2004 04:00:00.000,1.18637,1.18671,1.18531,1.1858,32281800.7813,1.1861201423043588,0,0,,0,0.0
11.05.2004 05:00:00.000,1.18585,1.18683,1.18491,1.18643,30820900.3906,1.186143977511716,0,0,,0,0.0
11.05.2004 06:00:00.000,1.18622,1.18841,1.18552,1.18758,34059898.4375,1.1862544407800457,0,0,,0,0.0
11.05.2004 07:00:00.000,1.18732,1.18885,1.18585,1.18726,33570101.5625,1.186331791489273,0,1,1.1898499999999999,0,0.0
11.05.2004 08:00:00.000,1.18747,1.18752,1.18332,1.1834,30150699.2188,1.1861062690670214,0,0,,0,0.0
11.05.2004 09:00:00.000,1.18324,1.18414,1.18233,1.18375,32349300.7813,1.1859250176003275,0,0,,0,0.0
11.05.2004 10:00:00.000,1.18357,1.18432,1.18099,1.18161,30231199.2188,1.185593093169533,0,0,,0,0.0
11.05.2004 11:00:00.000,1.18167,1.18266,1.17869,1.1796,32478800.7813,1.1851320860026462,0,2,1.1776900000000001,0,0.0
11.05.2004 12:00:00.000,1.17954,1.18301,1.17923,1.18243,32798199.2188,1.184924233233212,0,0,,0,0.0
11.05.2004 13:00:00.000,1.18268,1.18391,1.181,1.18106,31374099.6094,1.1846269845229649,0,0,,0,0.0
11.05.2004 14:00:00.000,1.18118,1.18281,1.17963,1.18032,31705900.3906,1.1842956780211984,0,0,,0,0.0
11.05.2004 15:00:00.000,1.18055,1.18249,1.18002,1.18165,33068800.7813,1.1840921643272602,0,0,,0,0.0
11.05.2004 16:00:00.000,1.18181,1.18425,1.18118,1.18333,291780906.25,1.1840335363020864,0,0,,0,0.0
11.05.2004 17:00:00.000,1.18326,1.18776,1.18289,1.18744,136467703.125,1.1842955719711568,0,0,,0,0.0
11.05.2004 18:00:00.000,1.18737,1.1876,1.18566,1.18605,145629703.125,1.1844305279733756,0,0,,0,0.0
11.05.2004 19:00:00.000,1.18597,1.1868,1.18573,1.18601,105982796.875,1.1845520258215776,0,0,,0,0.0
11.05.2004 20:00:00.000,1.18613,1.18728,1.18599,1.18678,61742398.4375,1.184723408450687,0,0,,0,0.0
11.05.2004 21:00:00.000,1.18661,1.18782,1.18559,1.18609,32008300.7813,1.1848285308775572,0,0,,0,0.0
11.05.2004 22:00:00.000,1.18659,1.18794,1.18613,1.18757,32595900.3906,1.185039413117745,0,0,,0,0.0
11.05.2004 23:00:00.000,1.18754,1.18791,1.1867,1.18752,32616599.6094,1.1852302274933033,0,0,,0,0.0
12.05.2004 00:00:00.000,1.18752,1.18848,1.1843,1.18437,32269800.7813,1.1851640561476646,0,0,,0,0.0
12.05.2004 01:00:00.000,1.1844,1.18533,1.18322,1.1847,33660101.5625,1.1851283595209212,0,0,,0,0.0
12.05.2004 02:00:00.000,1.185,1.1856,1.18436,1.1852,34302199.2188,1.1851338703270042,0,0,,0,0.0
12.05.2004 03:00:00.000,1.18509,1.1862,1.18488,1.1853,33644101.5625,1.1851466495326193,0,0,,0,0.0
12.05.2004 04:00:00.000,1.18527,1.18783,1.18493,1.1878,34062601.5625,1.1853507534147256,0,0,,0,0.0
12.05.2004 05:00:00.000,1.18756,1.18801,1.18616,1.18722,33111601.5625,1.185494541613593,0,0,,0,0.0
12.05.2004 06:00:00.000,1.18706,1.18752,1.18506,1.18593,33427898.4375,1.1855280384125473,0,0,,0,0.0
12.05.2004 07:00:00.000,1.18604,1.18826,1.18525,1.18642,32971398.4375,1.1855966508423514,0,0,,0,0.0
12.05.2004 08:00:00.000,1.1865,1.18985,1.1863,1.18802,32968500.0,1.1857830623160168,0,0,,0,0.0
12.05.2004 09:00:00.000,1.18825,1.19009,1.1869,1.18722,30720199.2188,1.1858935959840156,0,0,,0,0.0
12.05.2004 10:00:00.000,1.18703,1.18754,1.18434,1.18533,31399800.7813,1.1858502424467836,0,0,,0,0.0
12.05.2004 11:00:00.000,1.18524,1.18707,1.18454,1.18608,33903199.2188,1.1858679161047234,0,0,,0,0.0
12.05.2004 12:00:00.000,1.186,1.1932,1.18461,1.19254,31987699.2188,1.186381153327437,0,0,,0,0.0
12.05.2004 13:00:00.000,1.19246,1.19402,1.19055,1.19336,30794199.2188,1.1869179876868652,0,1,1.19502,0,0.0
12.05.2004 14:00:00.000,1.1933,1.19353,1.18826,1.18961,32676699.2188,1.1871250655571064,0,0,,0,0.0
12.05.2004 15:00:00.000,1.18963,1.1911,1.18731,1.19101,34074699.2188,1.1874239066680983,0,0,,0,0.0
12.05.2004 16:00:00.000,1.19095,1.19246,1.19016,1.19088,298104312.5,1.1876897600013216,0,0,,0,0.0
12.05.2004 17:00:00.000,1.19068,1.19238,1.1899,1.1912,133380000.0,1.1879597784627585,0,0,,0,0.0
12.05.2004 18:00:00.000,1.19182,1.19212,1.19007,1.1908,147443703.125,1.1881782570425465,0,0,,0,0.0
12.05.2004 19:00:00.000,1.19066,1.19085,1.1883,1.18996,106058898.4375,1.18831531419312,0,0,,0,0.0
12.05.2004 20:00:00.000,1.1899,1.19066,1.18945,1.18962,65977398.4375,1.1884156746398031,0,0,,0,0.0
12.05.2004 21:00:00.000,1.1893,1.19096,1.1893,1.18962,30789000.0,1.1885083150521258,0,0,,0,0.0
12.05.2004 22:00:00.000,1.19006,1.19099,1.18941,1.19,33815300.7813,1.1886230600481162,0,0,,0,0.0
12.05.2004 23:00:00.000,1.19017,1.19136,1.1895,1.19092,32773898.4375,1.1887997477367227,0,0,,0,0.0
13.05.2004 00:00:00.000,1.19081,1.19228,1.19029,1.19193,33798800.7813,1.1890405363723595,0,0,,0,0.0
13.05.2004 01:00:00.000,1.1921,1.19294,1.19137,1.19231,34409800.7813,1.1892920335744859,0,1,1.1939399999999998,0,0.0
13.05.2004 02:00:00.000,1.1922,1.19278,1.19002,1.1906,33946601.5625,1.1893926463764486,0,0,,0,0.0
13.05.2004 03:00:00.000,1.1908,1.19207,1.19062,1.19098,33343601.5625,1.189514750501337,0,0,,0,0.0
13.05.2004 04:00:00.000,1.19133,1.19213,1.19038,1.19076,31183000.0,1.1896105389243112,2,0,,0,0.0
13.05.2004 05:00:00.000,1.19088,1.19093,1.18738,1.18754,33518300.7813,1.1894512666993642,0,0,,0,0.0
13.05.2004 06:00:00.000,1.18784,1.18827,1.1848,1.18645,34543199.2188,1.1892204000301823,0,0,,0,0.0
13.05.2004 07:00:00.000,1.18638,1.18665,1.18425,1.1859,32083199.2188,1.188964984643245,0,0,,0,0.0
13.05.2004 08:00:00.000,1.18595,1.18769,1.18526,1.18742,31605400.3906,1.1888461396706878,0,0,,0,0.0
13.05.2004 09:00:00.000,1.18737,1.18758,1.18166,1.18167,30491300.7813,1.1882941289267888,0,0,,0,0.0
13.05.2004 10:00:00.000,1.18201,1.18377,1.18177,1.18323,31931599.6094,1.1879045805478052,0,0,,0,0.0
13.05.2004 11:00:00.000,1.1832,1.18349,1.1821,1.18255,32931601.5625,1.1874926897364357,0,0,,0,0.0
13.05.2004 12:00:00.000,1.18265,1.18484,1.18096,1.18302,33731398.4375,1.1871486366797868,0,0,,0,0.0
13.05.2004 13:00:00.000,1.18322,1.18546,1.18213,1.18294,33153300.7813,1.1868248953967262,0,0,,0,0.0
13.05.2004 14:00:00.000,1.18287,1.18546,1.18203,1.18372,32412300.7813,1.1865860572892857,0,0,,0,0.0
13.05.2004 15:00:00.000,1.1836,1.1846,1.17838,1.17999,32639800.7813,1.186078668267033,0,0,,0,0.0
13.05.2004 16:00:00.000,1.1796,1.18249,1.17708,1.18131,295957687.5,1.1857118476311075,0,2,1.17608,0,0.0
13.05.2004 17:00:00.000,1.18176,1.18246,1.17972,1.18139,136210406.25,1.18537939781333,0,0,,0,0.0
13.05.2004 18:00:00.000,1.18123,1.18242,1.1808,1.18196,148333203.125,1.1851163672123048,0,0,,0,0.0
13.05.2004 19:00:00.000,1.18206,1.18227,1.181,1.18157,105184101.5625,1.1848435697344353,0,0,,0,0.0
13.05.2004 20:00:00.000,1.18167,1.18219,1.18076,1.18197,64399601.5625,1.1846225259087095,0,0,,0,0.0
13.05.2004 21:00:00.000,1.18133,1.18234,1.18016,1.18022,31944199.2188,1.1842838700695781,1,0,,0,0.0
13.05.2004 22:00:00.000,1.1806,1.18153,1.17958,1.17987,32898300.7813,1.1839443416026876,1,0,,0,0.0
13.05.2004 23:00:00.000,1.18012,1.18085,1.17909,1.18015,33878101.5625,1.1836524691717116,1,0,,0,0.0
14.05.2004 00:00:00.000,1.18023,1.18208,1.1798,1.18145,34267898.4375,1.1834830484661953,1,0,,0,0.0
14.05.2004 01:00:00.000,1.1814,1.18226,1.18088,1.18145,35626500.0,1.1833266601226418,1,0,,0,0.0
14.05.2004 02:00:00.000,1.18125,1.18207,1.18019,1.18109,33070101.5625,1.183154609343977,1,0,,0,0.0
14.05.2004 03:00:00.000,1.18126,1.18195,1.18072,1.18135,30783400.3906,1.1830157932405945,1,0,,0,0.0
14.05.2004 04:00:00.000,1.18138,1.18182,1.17968,1.18093,32220500.0,1.1828553476067027,1,0,,0,0.0
14.05.2004 05:00:00.000,1.18134,1.18289,1.18084,1.18289,33043300.7813,1.182858013175418,0,0,,0,0.0
14.05.2004 06:00:00.000,1.18276,1.18385,1.17806,1.17882,31997099.6094,1.182547396777309,0,2,1.1770600000000002,0,0.0
14.05.2004 07:00:00.000,1.17862,1.18106,1.17835,1.18085,32871800.7813,1.1824168277944391,0,0,,0,0.0
14.05.2004 08:00:00.000,1.18069,1.18149,1.17884,1.17978,32468199.2188,1.1822139948871748,0,0,,0,0.0
14.05.2004 09:00:00.000,1.18012,1.18091,1.17917,1.17955,32530500.0,1.1820090722035461,0,0,,0,0.0
14.05.2004 10:00:00.000,1.1796,1.17997,1.1786,1.17944,31718500.0,1.181811451264812,0,0,,0,0.0
14.05.2004 11:00:00.000,1.17938,1.18096,1.179,1.18073,33702699.2188,1.1817282627059802,0,0,,0,0.0
14.05.2004 12:00:00.000,1.18064,1.18673,1.17883,1.18475,32890101.5625,1.1819607040362894,0,0,,0,0.0
14.05.2004 13:00:00.000,1.18505,1.19007,1.18035,1.18897,30985900.3906,1.1824998806488827,0,1,1.1910699999999999,0,0.0
14.05.2004 14:00:00.000,1.18902,1.18903,1.18457,1.18531,32068000.0,1.182716043675892,0,0,,0,0.0
14.05.2004 15:00:00.000,1.18517,1.1877,1.18393,1.18762,33542000.0,1.183093271085439,0,0,,0,0.0
14.05.2004 16:00:00.000,1.18772,1.18837,1.18627,1.1871,293360187.5,1.1834014810019438,0,0,,0,0.0
14.05.2004 17:00:00.000,1.18702,1.18903,1.18672,1.18821,139095203.125,1.1837713670787173,0,0,,0,0.0
14.05.2004 18:00:00.000,1.1883,1.18894,1.1871,1.1878,145329500.0,1.1840812619188161,0,0,,0,0.0
14.05.2004 19:00:00.000,1.18768,1.18865,1.18728,1.18772,106546398.4375,1.184361164848138,0,0,,0,0.0
14.05.2004 20:00:00.000,1.18794,1.18879,1.18753,1.18825,63090398.4375,1.184660306013666,0,0,,0,0.0
16.05.2004 21:00:00.000,1.18832,1.18932,1.1883,1.18862,30137500.0,1.1849648978587686,0,0,,0,0.0
16.05.2004 22:00:00.000,1.18857,1.18952,1.18848,1.18912,32451300.7813,1.185284521100402,0,0,,0,0.0
16.05.2004 23:00:00.000,1.189,1.18958,1.18758,1.18799,31962400.3906,1.1854926348619095,0,0,,0,0.0
17.05.2004 00:00:00.000,1.18838,1.19181,1.18782,1.19137,31651599.6094,1.185944739872532,0,0,,0,0.0
17.05.2004 01:00:00.000,1.19132,1.19304,1.19107,1.1926,33564800.7813,1.1864566829592604,0,0,,0,0.0
17.05.2004 02:00:00.000,1.19228,1.19677,1.19219,1.19555,33579101.5625,1.1871561688854713,0,0,,0,0.0
17.05.2004 03:00:00.000,1.19526,1.19773,1.19518,1.19641,33016500.0,1.1878680020481274,0,0,,0,0.0
17.05.2004 04:00:00.000,1.1963,1.19693,1.19534,1.19606,33206601.5625,1.1884981557367331,2,0,,0,0.0
17.05.2004 05:00:00.000,1.19607,1.19676,1.19498,1.19599,31561199.2188,1.1890744514492921,2,0,,0,0.0
17.05.2004 06:00:00.000,1.19617,1.19799,1.19517,1.19748,33215101.5625,1.189721032107039,2,0,,0,0.0
17.05.2004 07:00:00.000,1.19763,1.2058,1.197,1.20503,32690699.2188,1.1908986450218821,2,1,1.2067999999999999,0,0.0
17.05.2004 08:00:00.000,1.2049,1.20554,1.20264,1.20315,32919000.0,1.1918410569432758,2,0,,0,0.0
17.05.2004 09:00:00.000,1.20342,1.20369,1.20201,1.2028,30169900.3906,1.1926840525630238,2,0,,0,0.0
17.05.2004 10:00:00.000,1.20275,1.20299,1.20148,1.20176,31055599.6094,1.193382202365868,2,0,,0,0.0
17.05.2004 11:00:00.000,1.20172,1.20224,1.20023,1.20052,34507101.5625,1.1939312637223396,2,0,,0,0.0
17.05.2004 12:00:00.000,1.20052,1.20396,1.20001,1.20328,32783601.5625,1.1946503972821596,2,0,,0,0.0
17.05.2004 13:00:00.000,1.20362,1.20578,1.20317,1.20406,31740900.3906,1.1953742128758396,2,0,,0,0.0
17.05.2004 14:00:00.000,1.20423,1.20525,1.19915,1.19977,32738199.2188,1.195712350346929,2,0,,0,0.0
17.05.2004 15:00:00.000,1.2001,1.202,1.19879,1.20056,33477898.4375,1.1960852464740883,2,0,,0,0.0
17.05.2004 16:00:00.000,1.20055,1.20355,1.20035,1.20255,290273312.5,1.1965825352068509,2,0,,0,0.0
17.05.2004 17:00:00.000,1.20247,1.20306,1.20027,1.20083,134270500.0,1.1969092632678624,2,0,,0,0.0
17.05.2004 18:00:00.000,1.20054,1.20157,1.19992,1.20105,147569593.75,1.197227781478027,2,0,,0,0.0
17.05.2004 19:00:00.000,1.20115,1.2031,1.2003,1.20178,105215296.875,1.1975779521335634,2,0,,0,0.0
17.05.2004 20:00:00.000,1.20206,1.20324,1.20168,1.20241,64415699.2188,1.1979496481232894,2,0,,0,0.0
17.05.2004 21:00:00.000,1.20218,1.20272,1.20125,1.20159,31651199.2188,1.1982296751907289,2,0,,0,0.0
17.05.2004 22:00:00.000,1.2017,1.20228,1.20109,1.2022,30793500.0,1.1985350847914422,2,0,,0,0.0
17.05.2004 23:00:00.000,1.20197,1.20378,1.2012,1.20364,32038000.0,1.1989277705767158,2,0,,0,0.0
18.05.2004 00:00:00.000,1.20349,1.20358,1.19989,1.20041,33541000.0,1.199041788224661,2,0,,0,0.0
18.05.2004 01:00:00.000,1.20038,1.2006,1.19739,1.19754,34757300.7813,1.1989262660535334,0,0,,0,0.0
18.05.2004 02:00:00.000,1.19729,1.19914,1.19692,1.19869,34854500.0,1.1989080917417232,0,0,,0,0.0
18.05.2004 03:00:00.000,1.19893,1.20044,1.19882,1.19992,32437099.6094,1.1989859308385138,0,0,,0,0.0
18.05.2004 04:00:00.000,1.1999,1.20083,1.19841,1.19856,34288800.7813,1.198953166927859,0,0,,0,0.0
18.05.2004 05:00:00.000,1.19876,1.19967,1.1976,1.1986,33577500.0,1.1989260002411009,0,0,,0,0.0
18.05.2004 06:00:00.000,1.19827,1.19933,1.19664,1.19859,32559900.3906,1.1989001540687085,0,0,,0,0.0
18.05.2004 07:00:00.000,1.19842,1.20158,1.19773,1.2008,31497000.0,1.1990462960634234,0,0,,0,0.0
18.05.2004 08:00:00.000,1.20073,1.20247,1.19982,1.20014,31601599.6094,1.199130427135468,0,0,,0,0.0
18.05.2004 09:00:00.000,1.2002,1.20107,1.19686,1.19748,31113400.3906,1.1990034712019706,0,0,,0,0.0
18.05.2004 10:00:00.000,1.19778,1.19962,1.19725,1.19808,31485900.3906,1.1989324349556651,0,0,,0,0.0
18.05.2004 11:00:00.000,1.19802,1.19983,1.19718,1.1993,32235300.7813,1.1989607091898449,0,0,,0,0.0
18.05.2004 12:00:00.000,1.1993,1.19947,1.19577,1.19654,33053300.7813,1.198774500790626,0,0,,0,0.0
18.05.2004 13:00:00.000,1.19651,1.19865,1.19554,1.1978,31418300.7813,1.198699539191347,0,0,,0,0.0
18.05.2004 14:00:00.000,1.19772,1.19808,1.19483,1.19597,33525601.5625,1.1984895746381667,0,0,,0,0.0
18.05.2004 15:00:00.000,1.19567,1.19769,1.19447,1.19712,33405500.0,1.1983842227429233,0,0,,0,0.0
18.05.2004 16:00:00.000,1.1969,1.19728,1.19561,1.19603,294934000.0,1.1982031286857755,0,0,,0,0.0
18.05.2004 17:00:00.000,1.19612,1.19663,1.1949,1.19559,135925000.0,1.1980021187868697,0,0,,0,0.0
18.05.2004 18:00:00.000,1.19556,1.19648,1.19272,1.19422,148452500.0,1.1977111865724952,0,2,1.1917200000000001,0,0.0
18.05.2004 19:00:00.000,1.19416,1.1953,1.19364,1.19475,104914296.875,1.1974834029899957,0,0,,0,0.0
18.05.2004 20:00:00.000,1.19467,1.19561,1.19382,1.19493,62771898.4375,1.1972869873753806,0,0,,0,0.0
18.05.2004 21:00:00.000,1.1946,1.19575,1.1944,1.1952,32267900.3906,1.1971264498849667,0,0,,0,0.0
18.05.2004 22:00:00.000,1.19494,1.19552,1.19346,1.19407,31633800.7813,1.1968913383553539,0,0,,0,0.0
18.05.2004 23:00:00.000,1.1941,1.19583,1.19393,1.19397,34534000.0,1.1966666200203269,0,0,,0,0.0
19.05.2004 00:00:00.000,1.19429,1.1962,1.19404,1.19454,33629398.4375,1.1965030338649172,0,0,,0,0.0
19.05.2004 01:00:00.000,1.1944,1.1959,1.19381,1.19531,34049800.7813,1.1964112620291543,0,0,,0,0.0
19.05.2004 02:00:00.000,1.19508,1.1971,1.19483,1.1968,33566601.5625,1.1964411649499886,0,0,,0,0.0
19.05.2004 03:00:00.000,1.19674,1.1971,1.19565,1.19591,31150099.6094,1.196400306107682,0,0,,0,0.0
19.05.2004 04:00:00.000,1.19608,1.19784,1.19569,1.19727,32661900.3906,1.1964672056378605,0,0,,0,0.0
19.05.2004 05:00:00.000,1.19725,1.19955,1.19675,1.19859,33844898.4375,1.1966304975118713,0,0,,0,0.0
19.05.2004 06:00:00.000,1.19868,1.20202,1.19852,1.20126,32788800.7813,1.1969866130878812,0,0,,0,0.0
19.05.2004 07:00:00.000,1.20118,1.20386,1.20071,1.20121,32866898.4375,1.1973114890041983,0,0,,0,0.0
19.05.2004 08:00:00.000,1.20137,1.20148,1.19883,1.19989,32819699.2188,1.1975098360038754,0,0,,0,0.0
19.05.2004 09:00:00.000,1.20015,1.20103,1.19904,1.20009,31032400.3906,1.1977083101574235,0,0,,0,0.0
19.05.2004 10:00:00.000,1.20013,1.20127,1.19939,1.19978,33134699.2188,1.1978676709145448,0,0,,0,0.0
19.05.2004 11:00:00.000,1.19965,1.20011,1.19868,1.19874,34784601.5625,1.1979347731518877,0,0,,0,0.0
19.05.2004 12:00:00.000,1.19895,1.20157,1.1979,1.20095,30547099.6094,1.1981667136786656,0,0,,0,0.0
19.05.2004 13:00:00.000,1.20132,1.20263,1.20029,1.2011,33072300.7813,1.198392351087999,0,0,,0,0.0
19.05.2004 14:00:00.000,1.20135,1.20327,1.19937,1.20327,32633500.0,1.1987675548504608,0,0,,0,0.0
19.05.2004 15:00:00.000,1.20335,1.20409,1.20055,1.20177,32109699.2188,1.1989985121696562,0,1,1.20509,0,0.0
19.05.2004 16:00:00.000,1.20165,1.20296,1.20071,1.20238,294737093.75,1.1992586266181444,0,0,,0,0.0
19.05.2004 17:00:00.000,1.2024,1.20264,1.20049,1.20095,134493906.25,1.1993887322629027,0,0,,0,0.0
19.05.2004 18:00:00.000,1.20071,1.20166,1.19999,1.20153,146776203.125,1.1995534451657563,0,0,,0,0.0
19.05.2004 19:00:00.000,1.20161,1.2017,1.20023,1.20103,105446296.875,1.199667026306852,0,0,,0,0.0
19.05.2004 20:00:00.000,1.20116,1.20151,1.20025,1.20071,63157800.7813,1.1997472550524788,2,0,,0,0.0
19.05.2004 21:00:00.000,1.20052,1.20188,1.20026,1.20141,31920599.6094,1.1998751585099805,2,0,,0,0.0
19.05.2004 22:00:00.000,1.20129,1.20171,1.19954,1.1999,33495699.2188,1.1998770693938283,2,0,,0,0.0
19.05.2004 23:00:00.000,1.19985,1.20073,1.19845,1.19997,31195199.2188,1.1998842179019955,0,0,,0,0.0
20.05.2004 00:00:00.000,1.20001,1.20092,1.19946,1.20063,33297398.4375,1.1999415857556883,0,0,,0,0.0
20.05.2004 01:00:00.000,1.20013,1.20127,1.19888,1.19888,34924199.2188,1.1998599253129432,0,0,,0,0.0
20.05.2004 02:00:00.000,1.19893,1.1993,1.19786,1.19834,32433199.2188,1.1997430079811784,0,0,,0,0.0
20.05.2004 03:00:00.000,1.19845,1.19938,1.19784,1.19862,33174800.7813,1.199656622751857,0,0,,0,0.0
20.05.2004 04:00:00.000,1.19882,1.19887,1.19476,1.19683,32836398.4375,1.1994391902324835,0,0,,0,0.0
20.05.2004 05:00:00.000,1.19666,1.19694,1.19413,1.19502,31957400.3906,1.1990992525222925,0,0,,0,0.0
20.05.2004 06:00:00.000,1.19467,1.19552,1.19119,1.19188,33378398.4375,1.1985439254051933,0,0,,0,0.0
20.05.2004 07:00:00.000,1.19181,1.19342,1.19114,1.19299,32183800.7813,1.1981167003740245,0,0,,0,0.0
20.05.2004 08:00:00.000,1.19325,1.19428,1.19262,1.19275,32970500.0,1.1977038772683304,0,0,,0,0.0
20.05.2004 09:00:00.000,1.1926,1.19367,1.19202,1.19327,31372099.6094,1.1973628097861513,0,0,,0,0.0
20.05.2004 10:00:00.000,1.19332,1.1937,1.19208,1.19342,31027900.3906,1.1970595167256781,0,0,,0,0.0
20.05.2004 11:00:00.000,1.19345,1.19359,1.19257,1.19307,31637699.2188,1.196752630823703,0,0,,0,0.0
20.05.2004 12:00:00.000,1.19302,1.19427,1.19117,1.19346,32440099.6094,1.1964993515295723,0,0,,0,0.0
20.05.2004 13:00:00.000,1.19345,1.19393,1.19282,1.19337,32386300.7813,1.196258632181144,0,0,,0,0.0
20.05.2004 14:00:00.000,1.19318,1.19512,1.19227,1.1926,32255400.3906,1.1959771989364407,0,0,,0,0.0
20.05.2004 15:00:00.000,1.19265,1.19343,1.19195,1.19215,31843599.6094,1.195682799018253,0,0,,0,0.0
20.05.2004 16:00:00.000,1.19239,1.19432,1.18942,1.1912,298977812.5,1.1953379683245413,0,2,1.18842,0,0.0
20.05.2004 17:00:00.000,1.19118,1.19143,1.1895,1.19003,138038703.125,1.1949296630688075,1,0,,0,0.0
20.05.2004 18:00:00.000,1.19,1.19229,1.18976,1.1919,146003500.0,1.1946966120635147,1,0,,0,0.0
20.05.2004 19:00:00.000,1.1919,1.19389,1.19172,1.19342,104793203.125,1.194598411135552,1,0,,0,0.0
20.05.2004 20:00:00.000,1.19352,1.19715,1.19301,1.19622,65258300.7813,1.1947231487405097,0,0,,0,0.0
20.05.2004 21:00:00.000,1.19577,1.19668,1.19533,1.19586,31851699.2188,1.1948105988373936,0,0,,0,0.0
20.05.2004 22:00:00.000,1.19602,1.19653,1.1951,1.19535,33034101.5625,1.1948520912345173,0,0,,0,0.0
20.05.2004 23:00:00.000,1.19564,1.19737,1.19512,1.19544,32999398.4375,1.1948973149857083,0,0,,0,0.0
21.05.2004 00:00:00.000,1.19542,1.19752,1.1953,1.19661,32487400.3906,1.1950290599868079,0,0,,0,0.0
21.05.2004 01:00:00.000,1.19668,1.19708,1.19608,1.19661,34050101.5625,1.1951506707570534,0,0,,0,0.0
21.05.2004 02:00:00.000,1.19672,1.19791,1.19587,1.19637,33538101.5625,1.1952444653142031,0,0,,0,0.0
21.05.2004 03:00:00.000,1.19645,1.1973,1.19629,1.19716,32590699.2188,1.1953918141361874,0,0,,0,0.0
21.05.2004 04:00:00.000,1.19722,1.19981,1.19698,1.19874,32922000.0,1.1956493668949424,0,0,,0,0.0
21.05.2004 05:00:00.000,1.19857,1.20101,1.19827,1.20036,32125599.6094,1.1960117232876393,0,0,,0,0.0
21.05.2004 06:00:00.000,1.19996,1.20178,1.19955,1.20102,31746199.2188,1.1963969753424364,0,0,,0,0.0
21.05.2004 07:00:00.000,1.20138,1.20231,1.1998,1.20122,32759500.0,1.1967679772391722,0,0,,0,0.0
21.05.2004 08:00:00.000,1.20127,1.20166,1.19975,1.20143,31642699.2188,1.1971265943746205,0,0,,0,0.0
21.05.2004 09:00:00.000,1.20177,1.20632,1.20165,1.2037,32213199.2188,1.1976322409611881,0,0,,0,0.0
21.05.2004 10:00:00.000,1.20362,1.20487,1.20263,1.2042,31765000.0,1.1981374531949431,0,0,,0,0.0
21.05.2004 11:00:00.000,1.20421,1.20475,1.20311,1.20372,32859398.4375,1.1985668798722553,0,0,,0,0.0
21.05.2004 12:00:00.000,1.20382,1.20602,1.20266,1.20578,32882601.5625,1.1991217352666974,2,0,,0,0.0
21.05.2004 13:00:00.000,1.20597,1.20679,1.20275,1.20296,30021599.6094,1.1994169864000286,2,1,1.20779,0,0.0
21.05.2004 14:00:00.000,1.20298,1.2041,1.20078,1.2016,32735500.0,1.1995849105231036,2,0,,0,0.0
21.05.2004 15:00:00.000,1.2017,1.20283,1.20055,1.20094,33052800.7813,1.1996891481751726,2,0,,0,0.0
21.05.2004 16:00:00.000,1.20076,1.20104,1.19932,1.20091,291928500.0,1.1997830598540054,2,0,,0,0.0
21.05.2004 17:00:00.000,1.20053,1.2019,1.20031,1.20178,136211406.25,1.1999366706344665,2,0,,0,0.0
21.05.2004 18:00:00.000,1.20157,1.20277,1.20011,1.20032,150311593.75,1.1999661575087384,2,0,,0,0.0
21.05.2004 19:00:00.000,1.20034,1.20158,1.19751,1.1992,107265898.4375,1.1999072223157585,0,0,,0,0.0
21.05.2004 20:00:00.000,1.19916,1.19937,1.19737,1.19801,63411398.4375,1.1997612821376233,0,0,,0,0.0
23.05.2004 21:00:00.000,1.19817,1.19895,1.19782,1.19846,30310800.7813,1.1996611835116524,0,0,,0,0.0
23.05.2004 22:00:00.000,1.1989,1.20008,1.1987,1.19961,34416500.0,1.1996572463184483,0,0,,0,0.0
23.05.2004 23:00:00.000,1.1996,1.20021,1.19788,1.19897,32636199.2188,1.1996043812170294,0,0,,0,0.0
24.05.2004 00:00:00.000,1.19899,1.19988,1.19713,1.19765,33037199.2188,1.199454044200335,0,0,,0,0.0
24.05.2004 01:00:00.000,1.19759,1.19782,1.1951,1.19589,33034300.7813,1.1991798869541554,0,0,,0,0.0
24.05.2004 02:00:00.000,1.19592,1.19701,1.19578,1.19649,32273800.7813,1.1989729725730665,0,0,,0,0.0
24.05.2004 03:00:00.000,1.19647,1.19706,1.19368,1.19532,33114500.0,1.1986919746828306,0,0,,0,0.0
24.05.2004 04:00:00.000,1.19535,1.19722,1.1952,1.19713,32834601.5625,1.1985718227841513,0,0,,0,0.0
24.05.2004 05:00:00.000,1.19698,1.19731,1.19576,1.19632,33332699.2188,1.198398605646909,0,0,,0,0.0
24.05.2004 06:00:00.000,1.19637,1.19681,1.1936,1.19429,33891500.0,1.1980825590586852,0,0,,0,0.0
24.05.2004 07:00:00.000,1.19425,1.1961,1.19324,1.19574,35426199.2188,1.1979023622080172,0,2,1.1922400000000002,0,0.0
24.05.2004 08:00:00.000,1.19565,1.19641,1.19431,1.19473,30933900.3906,1.1976583343458622,0,0,,0,0.0
24.05.2004 09:00:00.000,1.19478,1.19553,1.19384,1.1949,30099300.7813,1.197446154780796,0,0,,0,0.0
24.05.2004 10:00:00.000,1.1948,1.19588,1.19445,1.19535,29574800.7813,1.1972849121053502,0,0,,0,0.0
24.05.2004 11:00:00.000,1.19559,1.19758,1.19524,1.19683,32749400.3906,1.1972499188664771,1,0,,0,0.0
24.05.2004 12:00:00.000,1.19689,1.19736,1.19474,1.19535,32630000.0,1.1971037712613635,1,0,,0,0.0
24.05.2004 13:00:00.000,1.19524,1.19675,1.1943,1.19629,31264500.0,1.1970411734720279,1,0,,0,0.0
24.05.2004 14:00:00.000,1.19618,1.197,1.19561,1.19604,32673000.0,1.1969641601280256,1,0,,0,0.0
24.05.2004 15:00:00.000,1.19606,1.1988,1.19593,1.19764,32655699.2188,1.1970161478104853,0,0,,0,0.0
24.05.2004 16:00:00.000,1.19775,1.20161,1.19734,1.2015,294373093.75,1.1973610595173712,0,0,,0,0.0
24.05.2004 17:00:00.000,1.20142,1.20231,1.20056,1.20123,134275296.875,1.1976586703237273,0,0,,0,0.0
24.05.2004 18:00:00.000,1.20116,1.20227,1.20034,1.20122,149268906.25,1.1979326187603636,0,0,,0,0.0
24.05.2004 19:00:00.000,1.20126,1.20183,1.20025,1.20113,103682000.0,1.1981785711634125,0,0,,0,0.0
24.05.2004 20:00:00.000,1.20108,1.2014,1.1998,1.2002,65848601.5625,1.198334065689304,0,0,,0,0.0
24.05.2004 21:00:00.000,1.19978,1.20092,1.19931,1.19982,32313800.7813,1.1984483683285885,0,0,,0,0.0
24.05.2004 22:00:00.000,1.20024,1.20068,1.19901,1.1993,34633199.2188,1.1985138784571587,0,0,,0,0.0
24.05.2004 23:00:00.000,1.19917,1.19962,1.19818,1.19926,32784898.4375,1.1985712724219928,0,0,,0,0.0
25.05.2004 00:00:00.000,1.19924,1.20105,1.19888,1.20009,34276699.2188,1.1986880976203012,0,0,,0,0.0
25.05.2004 01:00:00.000,1.19988,1.20193,1.19988,1.2016,33188601.5625,1.1989120901110473,0,0,,0,0.0
25.05.2004 02:00:00.000,1.20177,1.20246,1.20094,1.20124,32217000.0,1.1990911601025054,0,0,,0,0.0
25.05.2004 03:00:00.000,1.20114,1.20213,1.2008,1.20145,29653800.7813,1.1992726093253898,0,0,,0,0.0
25.05.2004 04:00:00.000,1.20141,1.20195,1.2008,1.20173,33106601.5625,1.199461639377283,0,0,,0,0.0
25.05.2004 05:00:00.000,1.20175,1.20399,1.20105,1.20383,31972099.6094,1.1997976671174921,0,0,,0,0.0
25.05.2004 06:00:00.000,1.20407,1.20532,1.20329,1.20459,32165699.2188,1.2001663081084544,0,0,,0,0.0
25.05.2004 07:00:00.000,1.2051,1.20557,1.20332,1.2038,32616300.7813,1.2004458228693426,2,0,,0,0.0
25.05.2004 08:00:00.000,1.20407,1.20874,1.20386,1.2067,31103300.7813,1.2009269134178548,2,0,,0,0.0
25.05.2004 09:00:00.000,1.20672,1.20756,1.20614,1.20675,31897500.0,1.2013748431549431,2,0,,0,0.0
25.05.2004 10:00:00.000,1.20653,1.20722,1.20547,1.20714,32663699.2188,1.201818316758409,2,0,,0,0.0
25.05.2004 11:00:00.000,1.20728,1.208,1.20599,1.20672,33082800.7813,1.2021953693154548,2,0,,0,0.0
25.05.2004 12:00:00.000,1.20676,1.21158,1.20589,1.2103,33596500.0,1.2028188024450353,2,0,,0,0.0
25.05.2004 13:00:00.000,1.2105,1.21222,1.21035,1.21126,32351000.0,1.2034681253338788,2,0,,0,0.0
25.05.2004 14:00:00.000,1.21106,1.21263,1.20809,1.21012,31941300.7813,1.2039798080005035,2,1,1.21363,0,0.0
25.05.2004 15:00:00.000,1.21032,1.2108,1.20903,1.21049,32461199.2188,1.2044805920004649,2,0,,0,0.0
25.05.2004 16:00:00.000,1.2105,1.21135,1.20974,1.21054,299363500.0,1.2049467003081213,2,0,,0,0.0
25.05.2004 17:00:00.000,1.21042,1.21199,1.21026,1.21118,135289500.0,1.2054261848998045,2,0,,0,0.0
25.05.2004 18:00:00.000,1.21111,1.21198,1.20996,1.21022,148912203.125,1.2057949399075119,2,0,,0,0.0
25.05.2004 19:00:00.000,1.21045,1.21074,1.20889,1.2096,106544796.875,1.2060876368377031,2,0,,0,0.0
25.05.2004 20:00:00.000,1.20951,1.21151,1.20911,1.21045,63722000.0,1.206423203234803,2,0,,0,0.0
25.05.2004 21:00:00.000,1.2105,1.21127,1.20894,1.21007,31192800.7813,1.2067037260628952,2,0,,0,0.0
25.05.2004 22:00:00.000,1.21001,1.21108,1.20907,1.20993,31228500.0,1.206951900981134,2,0,,0,0.0
25.05.2004 23:00:00.000,1.2097,1.21173,1.20932,1.21077,32431800.7813,1.2072456009056622,2,0,,0,0.0
26.05.2004 00:00:00.000,1.21082,1.21155,1.21011,1.21043,33839500.0,1.20749055468215,2,0,,0,0.0
26.05.2004 01:00:00.000,1.21036,1.21119,1.20988,1.21081,34209601.5625,1.2077458966296768,2,0,,0,0.0
26.05.2004 02:00:00.000,1.21102,1.21133,1.21036,1.2104,32939699.2188,1.2079500584273941,2,0,,0,0.0
26.05.2004 03:00:00.000,1.2105,1.21076,1.20843,1.20897,32755900.3906,1.2080285154714407,2,0,,0,0.0
26.05.2004 04:00:00.000,1.20903,1.20975,1.20814,1.20961,32934601.5625,1.2081501681274838,2,2,1.20714,0,0.0
26.05.2004 05:00:00.000,1.20974,1.21156,1.20927,1.211,32557099.6094,1.2083693859638311,2,0,,0,0.0
26.05.2004 06:00:00.000,1.21103,1.2131,1.21031,1.21262,32148800.7813,1.2086963562743058,2,0,,0,0.0
26.05.2004 07:00:00.000,1.21248,1.21386,1.21155,1.21304,31319699.2188,1.209030482714744,2,0,,0,0.0
26.05.2004 08:00:00.000,1.21313,1.21357,1.21188,1.2126,31937699.2188,1.209305060967456,2,0,,0,0.0
26.05.2004 09:00:00.000,1.21242,1.21422,1.21068,1.21246,32508199.2188,1.209547748585344,2,1,1.21522,0,0.0
26.05.2004 10:00:00.000,1.21261,1.21284,1.21047,1.21115,31810300.7813,1.2096709986941638,2,0,,0,0.0
26.05.2004 11:00:00.000,1.21111,1.21183,1.20989,1.21015,28802099.6094,1.209707844948459,2,0,,0,0.0
26.05.2004 12:00:00.000,1.21028,1.21277,1.2099,1.21245,31446400.3906,1.2099187799524238,2,0,,0,0.0
26.05.2004 13:00:00.000,1.21255,1.2129,1.20931,1.21017,32750699.2188,1.209938104571468,2,0,,0,0.0
26.05.2004 14:00:00.000,1.21047,1.21222,1.20826,1.20911,31516500.0,1.2098744042198168,0,0,,0,0.0
26.05.2004 15:00:00.000,1.20927,1.21079,1.20823,1.21013,30916400.3906,1.2098940654336772,0,2,1.20723,0,0.0
26.05.2004 16:00:00.000,1.20977,1.2118,1.20932,1.21035,290336406.25,1.2099291373233945,0,0,,0,0.0
26.05.2004 17:00:00.000,1.21026,1.21166,1.21001,1.21151,135998000.0,1.2100507421446718,0,0,,0,0.0
26.05.2004 18:00:00.000,1.21176,1.21225,1.21073,1.21127,146019000.0,1.2101445312104664,0,0,,0,0.0
26.05.2004 19:00:00.000,1.21119,1.2116,1.20974,1.21046,102290203.125,1.2101687980404305,0,0,,0,0.0
26.05.2004 20:00:00.000,1.21041,1.21089,1.20975,1.2099,64898601.5625,1.2101481212680898,0,0,,0,0.0
26.05.2004 21:00:00.000,1.2101,1.21156,1.20977,1.21121,31506400.3906,1.2102298042474675,0,0,,0,0.0
26.05.2004 22:00:00.000,1.21119,1.21137,1.2095,1.21071,33222500.0,1.210266742382278,0,0,,0,0.0
26.05.2004 23:00:00.000,1.21061,1.21097,1.20931,1.20992,32630599.6094,1.2102400698913336,0,0,,0,0.0
27.05.2004 00:00:00.000,1.21,1.21014,1.20867,1.20941,32521900.3906,1.2101762183612312,0,0,,0,0.0
27.05.2004 01:00:00.000,1.20947,1.2135,1.2089,1.21294,33068000.0,1.2103888169488288,0,0,,0,0.0
27.05.2004 02:00:00.000,1.21258,1.2138,1.21209,1.21313,34633699.2188,1.2105996771835343,0,0,,0,0.0
27.05.2004 03:00:00.000,1.21306,1.21503,1.21288,1.21397,31571500.0,1.210858932784801,0,0,,0,0.0
27.05.2004 04:00:00.000,1.21412,1.2144,1.21293,1.2141,32027599.6094,1.2111082456475086,0,0,,0,0.0
27.05.2004 05:00:00.000,1.21434,1.21586,1.21426,1.21532,32255699.2188,1.2114322267515465,0,0,,0,0.0
27.05.2004 06:00:00.000,1.21512,1.21697,1.21482,1.21595,32421099.6094,1.2117797477706584,0,0,,0,0.0
27.05.2004 07:00:00.000,1.21601,1.21739,1.21404,1.21455,32786199.2188,1.2119928440959926,0,0,,0,0.0
27.05.2004 08:00:00.000,1.21465,1.21583,1.21342,1.21511,32680699.2188,1.2122326253193778,0,0,,0,0.0
27.05.2004 09:00:00.000,1.21492,1.21597,1.21473,1.21553,31406099.6094,1.2124862695255796,0,0,,0,0.0
27.05.2004 10:00:00.000,1.21575,1.2164,1.21453,1.21532,32001400.3906,1.2127042487928428,0,0,,0,0.0
27.05.2004 11:00:00.000,1.21533,1.2164,1.21477,1.21587,34131500.0,1.2129477681164702,0,0,,0,0.0
27.05.2004 12:00:00.000,1.21607,1.22246,1.21525,1.22203,33699601.5625,1.2136464013382804,0,0,,0,0.0
27.05.2004 13:00:00.000,1.22196,1.22651,1.22137,1.22404,31653099.6094,1.2144459089276434,0,0,,0,0.0
27.05.2004 14:00:00.000,1.22407,1.2266,1.22313,1.22621,31586300.7813,1.2153508390101324,0,0,,0,0.0
27.05.2004 15:00:00.000,1.2261,1.22797,1.22588,1.22728,32514199.2188,1.2162684667785837,0,0,,0,0.0
27.05.2004 16:00:00.000,1.22702,1.22795,1.22488,1.22583,297024093.75,1.2170039693340773,0,0,,0,0.0
27.05.2004 17:00:00.000,1.22564,1.22717,1.22518,1.22657,130848703.125,1.2177398178468408,2,0,,0,0.0
27.05.2004 18:00:00.000,1.22647,1.22884,1.22589,1.22733,146822093.75,1.2184775241663148,2,1,1.2298399999999998,0,0.0
27.05.2004 19:00:00.000,1.2273,1.22799,1.22539,1.22685,105931703.125,1.2191215607689059,2,0,,0,0.0
27.05.2004 20:00:00.000,1.2269,1.228,1.22575,1.22602,64659300.7813,1.2196522099405287,2,0,,0,0.0
27.05.2004 21:00:00.000,1.22554,1.22774,1.22554,1.22657,30960300.7813,1.2201843476374112,2,0,,0,0.0
27.05.2004 22:00:00.000,1.22664,1.22748,1.22607,1.22709,32365099.6094,1.2207155516653025,2,0,,0,0.0
27.05.2004 23:00:00.000,1.22698,1.2271,1.22571,1.22695,33187300.7813,1.2211951246141255,2,0,,0,0.0
28.05.2004 00:00:00.000,1.22714,1.22802,1.22602,1.2268,32182199.2188,1.2216262688745774,2,0,,0,0.0
28.05.2004 01:00:00.000,1.2268,1.22716,1.22567,1.22643,34776000.0,1.221995786653456,2,0,,0,0.0
28.05.2004 02:00:00.000,1.22648,1.22781,1.22572,1.22599,34686800.7813,1.2223030338339596,2,0,,0,0.0
28.05.2004 03:00:00.000,1.2262,1.22681,1.22579,1.22646,31795000.0,1.2226228004621165,2,0,,0,0.0
28.05.2004 04:00:00.000,1.22662,1.22746,1.22608,1.22725,33945101.5625,1.2229787388881075,2,0,,0,0.0
28.05.2004 05:00:00.000,1.22718,1.22903,1.22678,1.22872,32167199.2188,1.2234203743582532,2,0,,0,0.0
28.05.2004 06:00:00.000,1.22884,1.22956,1.22719,1.2281,31616199.2188,1.2237803455614646,2,1,1.2305599999999999,0,0.0
28.05.2004 07:00:00.000,1.22832,1.22882,1.22721,1.22846,33872601.5625,1.2241403189798135,2,0,,0,0.0
28.05.2004 08:00:00.000,1.22832,1.22892,1.2267,1.2268,32294699.2188,1.22434490982752,2,0,,0,0.0
28.05.2004 09:00:00.000,1.22689,1.2271,1.22409,1.22544,31065699.2188,1.2244291475330955,2,0,,0,0.0
28.05.2004 10:00:00.000,1.22555,1.22573,1.22427,1.225,31160400.3906,1.224473059261319,2,0,,0,0.0
28.05.2004 11:00:00.000,1.22474,1.22523,1.22361,1.22365,34687500.0,1.2244097470104485,0,0,,0,0.0
28.05.2004 12:00:00.000,1.22385,1.22733,1.22363,1.22685,31496800.7813,1.2245974587788755,0,0,,0,0.0
28.05.2004 13:00:00.000,1.2268,1.22709,1.22207,1.22262,31625300.7813,1.224445346565116,0,0,,0,0.0
28.05.2004 14:00:00.000,1.22245,1.22318,1.22027,1.22118,32838398.4375,1.2241941660601072,0,0,,0,0.0
28.05.2004 15:00:00.000,1.22124,1.2232,1.22002,1.22147,31495400.3906,1.2239846148247144,0,0,,0,0.0
28.05.2004 16:00:00.000,1.22128,1.2218,1.22005,1.22153,289028406.25,1.2237957982997365,0,0,,0,0.0
28.05.2004 17:00:00.000,1.22152,1.22217,1.22049,1.22102,135899203.125,1.223582275353603,0,0,,0,0.0
28.05.2004 18:00:00.000,1.22108,1.22167,1.22038,1.22111,145723203.125,1.2233921003264028,0,0,,0,0.0
28.05.2004 19:00:00.000,1.221,1.22215,1.22035,1.22141,104126203.125,1.2232396310705256,0,0,,0,0.0
28.05.2004 20:00:00.000,1.22132,1.223,1.2209,1.22118,62824000.0,1.2230811979112546,0,0,,0,0.0
30.05.2004 21:00:00.000,1.22304,1.22529,1.22304,1.22345,31734199.2188,1.2231095673026966,0,0,,0,0.0
30.05.2004 22:00:00.000,1.22373,1.22442,1.2231,1.22356,33485300.7813,1.22314421597172,0,0,,0,0.0
30.05.2004 23:00:00.000,1.22335,1.2243,1.22272,1.22299,32061500.0,1.2231323532046647,0,0,,0,0.0
31.05.2004 00:00:00.000,1.22307,1.22362,1.22067,1.22101,31489199.2188,1.2229690952658443,0,0,,0,0.0
31.05.2004 01:00:00.000,1.2211,1.2218,1.21855,1.2187,33524898.4375,1.222640703322318,0,0,,0,0.0
31.05.2004 02:00:00.000,1.21877,1.22115,1.21832,1.22084,33600000.0,1.2225021876821396,0,2,1.2173200000000002,0,0.0
31.05.2004 03:00:00.000,1.22105,1.22122,1.21972,1.22045,32054199.2188,1.2223443270912058,0,0,,0,0.0
31.05.2004 04:00:00.000,1.22072,1.22132,1.21951,1.22103,31178699.2188,1.222243225007267,0,0,,0,0.0
31.05.2004 05:00:00.000,1.2208,1.22165,1.21982,1.22107,31499699.2188,1.222152976929785,0,0,,0,0.0
31.05.2004 06:00:00.000,1.22102,1.22108,1.21946,1.2202,30704699.2188,1.2220027479351863,0,0,,0,0.0
31.05.2004 07:00:00.000,1.22026,1.22212,1.22,1.22195,32478300.7813,1.2219986904017104,0,0,,0,0.0
31.05.2004 08:00:00.000,1.22199,1.22318,1.22161,1.22239,32174000.0,1.2220287911400405,0,0,,0,0.0
31.05.2004 09:00:00.000,1.22252,1.22271,1.2209,1.22123,32421300.7813,1.2219673456677298,0,0,,0,0.0
31.05.2004 10:00:00.000,1.22131,1.22169,1.21948,1.2198,32098900.3906,1.2218006267702122,0,0,,0,0.0
31.05.2004 11:00:00.000,1.21975,1.22069,1.21859,1.22016,32932601.5625,1.221674424710965,0,0,,0,0.0
31.05.2004 12:00:00.000,1.22037,1.22125,1.21925,1.22086,32981398.4375,1.2216117766562753,0,0,,0,0.0
31.05.2004 13:00:00.000,1.22072,1.22203,1.21993,1.22097,30982500.0,1.2215624092211774,0,0,,0,0.0
31.05.2004 14:00:00.000,1.2209,1.22146,1.21831,1.21851,33494601.5625,1.221327608511856,0,0,,0,0.0
31.05.2004 15:00:00.000,1.2184,1.21924,1.21759,1.21902,32597599.6094,1.2211501001647902,0,0,,0,0.0
31.05.2004 16:00:00.000,1.21877,1.21978,1.21832,1.21851,292721500.0,1.2209470155367295,0,0,,0,0.0
31.05.2004 17:00:00.000,1.21859,1.21934,1.21827,1.2188,63905101.5625,1.2207818604954426,0,0,,0,0.0
31.05.2004 19:00:00.000,1.2188,1.21969,1.21781,1.21841,97455796.875,1.2205994096881008,0,0,,0,0.0
31.05.2004 20:00:00.000,1.21864,1.21921,1.2177,1.21854,64054800.7813,1.220440993558247,0,0,,0,0.0
31.05.2004 21:00:00.000,1.21824,1.2194,1.21799,1.2188,32459300.7813,1.2203147632845357,0,0,,0,0.0
31.05.2004 22:00:00.000,1.21912,1.22087,1.21899,1.21958,33770500.0,1.2202582430318794,0,0,,0,0.0
31.05.2004 23:00:00.000,1.21958,1.2204,1.21722,1.21765,34131898.4375,1.220057608952504,0,0,,0,0.0
01.06.2004 00:00:00.000,1.21772,1.21879,1.21565,1.21652,32584699.2188,1.2197854851869268,0,0,,0,0.0
01.06.2004 01:00:00.000,1.21658,1.218,1.21543,1.21766,34273000.0,1.219621986326394,0,2,1.2144300000000001,0,0.0
01.06.2004 02:00:00.000,1.21771,1.21921,1.21765,1.21871,33673199.2188,1.2195518335320559,1,0,,0,0.0
01.06.2004 03:00:00.000,1.21883,1.21968,1.21857,1.21939,32211599.6094,1.219539384798821,1,0,,0,0.0
01.06.2004 04:00:00.000,1.21884,1.22068,1.21797,1.22048,31903900.3906,1.2196117398142963,0,0,,0,0.0
01.06.2004 05:00:00.000,1.22063,1.22237,1.22027,1.22203,31706900.3906,1.2197977598285814,0,0,,0,0.0
01.06.2004 06:00:00.000,1.22191,1.22586,1.22184,1.22433,30856599.6094,1.2201463936879215,0,0,,0,0.0
01.06.2004 07:00:00.000,1.22486,1.22507,1.22179,1.2228,34818500.0,1.2203505172503892,0,0,,0,0.0
01.06.2004 08:00:00.000,1.22277,1.22547,1.22269,1.22455,33209300.7813,1.2206735543849747,0,0,,0,0.0
01.06.2004 09:00:00.000,1.22472,1.22657,1.22381,1.22604,32942000.0,1.221086357893823,0,1,1.2275699999999998,0,0.0
01.06.2004 10:00:00.000,1.22647,1.22647,1.22365,1.22375,32418699.2188,1.221291253440452,0,0,,0,0.0
01.06.2004 11:00:00.000,1.22375,1.22417,1.2223,1.22262,33950101.5625,1.2213934647142635,0,0,,0,0.0
01.06.2004 12:00:00.000,1.22284,1.22511,1.22237,1.22477,32519300.7813,1.2216531981977816,0,0,,0,0.0
01.06.2004 13:00:00.000,1.22479,1.22503,1.22119,1.22119,31993300.7813,1.221617567567183,0,0,,0,0.0
01.06.2004 14:00:00.000,1.22174,1.22264,1.21881,1.22215,32661800.7813,1.221658523908169,0,0,,0,0.0
01.06.2004 15:00:00.000,1.22201,1.22237,1.21977,1.22103,31835800.7813,1.2216101759152331,0,0,,0,0.0
01.06.2004 16:00:00.000,1.2211,1.22435,1.22061,1.22371,299561500.0,1.2217717008448306,0,0,,0,0.0
01.06.2004 17:00:00.000,1.22382,1.22494,1.22249,1.22266,138271906.25,1.2218400315490745,0,0,,0,0.0
01.06.2004 18:00:00.000,1.22271,1.2233,1.22176,1.22251,149709906.25,1.2218915675837612,0,0,,0,0.0
01.06.2004 19:00:00.000,1.22269,1.22477,1.22217,1.22406,107192296.875,1.2220583700773182,0,0,,0,0.0
01.06.2004 20:00:00.000,1.22405,1.22499,1.22351,1.22447,64940000.0,1.2222438800713706,0,0,,0,0.0
01.06.2004 21:00:00.000,1.2241,1.22507,1.22358,1.22396,32282500.0,1.2223758892966499,0,0,,0,0.0
01.06.2004 22:00:00.000,1.22385,1.22471,1.22325,1.22407,34455398.4375,1.2225062055045999,0,0,,0,0.0
01.06.2004 23:00:00.000,1.22406,1.22465,1.22287,1.22408,32137599.6094,1.2226272666196307,0,0,,0,0.0
02.06.2004 00:00:00.000,1.22415,1.22476,1.22352,1.22413,32432199.2188,1.2227428614950437,0,0,,0,0.0
02.06.2004 01:00:00.000,1.22435,1.2249,1.2235,1.22415,34367898.4375,1.222851102918502,0,0,,0,0.0
02.06.2004 02:00:00.000,1.22427,1.22649,1.22381,1.22612,33136898.4375,1.2231025565401559,0,0,,0,0.0
02.06.2004 03:00:00.000,1.22575,1.22729,1.22562,1.2263,33062000.0,1.223348513729375,0,0,,0,0.0
02.06.2004 04:00:00.000,1.22646,1.22692,1.22562,1.22654,32256099.6094,1.2235940126732694,0,0,,0,0.0
02.06.2004 05:00:00.000,1.2266,1.22789,1.2259,1.22761,33926300.7813,1.2239029347753256,0,0,,0,0.0
02.06.2004 06:00:00.000,1.22789,1.22899,1.22731,1.22768,33855199.2188,1.2241934782541468,0,0,,0,0.0
02.06.2004 07:00:00.000,1.22754,1.2291,1.22679,1.22754,33935300.7813,1.224450903003828,0,0,,0,0.0
02.06.2004 08:00:00.000,1.22732,1.22776,1.2265,1.22673,33121699.2188,1.2246262181573797,2,0,,0,0.0
02.06.2004 09:00:00.000,1.22655,1.22739,1.22576,1.22706,32251099.6094,1.2248134321452735,2,0,,0,0.0
02.06.2004 10:00:00.000,1.22727,1.22779,1.22684,1.22776,31707000.0,1.2250400912110218,2,0,,0,0.0
02.06.2004 11:00:00.000,1.22757,1.22861,1.22684,1.22769,33130300.7813,1.2252439303486355,2,0,,0,0.0
02.06.2004 12:00:00.000,1.22789,1.22807,1.22597,1.2264,32681500.0,1.2253328587833558,2,0,,0,0.0
02.06.2004 13:00:00.000,1.22687,1.22873,1.2265,1.2276,31960400.3906,1.2255072542615595,2,0,,0,0.0
02.06.2004 14:00:00.000,1.22764,1.2303,1.22691,1.2271,33193300.7813,1.2256297731645165,2,1,1.2312999999999998,0,0.0
02.06.2004 15:00:00.000,1.22718,1.2284,1.22405,1.2255,32279099.6094,1.2256197906133999,0,0,,0,0.0
02.06.2004 16:00:00.000,1.22525,1.22574,1.22097,1.22189,295359500.0,1.2253328836431383,0,0,,0,0.0
02.06.2004 17:00:00.000,1.22212,1.22289,1.22032,1.22065,138448203.125,1.2249726618244354,0,0,,0,0.0
02.06.2004 18:00:00.000,1.2207,1.22309,1.22047,1.22198,144703000.0,1.2247424570687095,0,0,,0,0.0
02.06.2004 19:00:00.000,1.22234,1.22276,1.22043,1.22132,106242601.5625,1.2244791911403474,0,0,,0,0.0
02.06.2004 20:00:00.000,1.22139,1.22182,1.22066,1.22085,68166203.125,1.22420002259109,0,0,,0,0.0
02.06.2004 21:00:00.000,1.22071,1.22214,1.2203,1.22093,31890900.3906,1.2239484823917754,0,0,,0,0.0
02.06.2004 22:00:00.000,1.22067,1.22249,1.22059,1.22154,33572898.4375,1.223763214515485,0,0,,0,0.0
02.06.2004 23:00:00.000,1.22148,1.22198,1.22048,1.22117,30844800.7813,1.2235637364758325,0,0,,0,0.0
03.06.2004 00:00:00.000,1.22137,1.22192,1.21982,1.22084,33203800.7813,1.2233542182853838,0,0,,0,0.0
03.06.2004 01:00:00.000,1.22068,1.22077,1.2184,1.21874,33854300.7813,1.2229992784172774,0,0,,0,0.0
03.06.2004 02:00:00.000,1.21878,1.21979,1.21808,1.21841,33956101.5625,1.2226462570005638,0,0,,0,0.0
03.06.2004 03:00:00.000,1.21843,1.21947,1.21766,1.21772,32183699.2188,1.2222673141543667,0,0,,0,0.0
03.06.2004 04:00:00.000,1.21792,1.21872,1.2168,1.21819,33925601.5625,1.221953674604031,0,2,1.2158000000000002,0,0.0
03.06.2004 05:00:00.000,1.21802,1.22083,1.21793,1.21958,31274099.6094,1.2217710842498748,0,0,,0,0.0
03.06.2004 06:00:00.000,1.21939,1.22224,1.21914,1.22196,33584699.2188,1.2217856162306537,0,0,,0,0.0
03.06.2004 07:00:00.000,1.22201,1.22228,1.21873,1.219,34067500.0,1.2215713380590651,0,0,,0,0.0
03.06.2004 08:00:00.000,1.21905,1.22162,1.21864,1.22071,32760400.3906,1.221505081285291,0,0,,0,0.0
03.06.2004 09:00:00.000,1.22064,1.22316,1.22004,1.22143,32350199.2188,1.221499305801807,0,0,,0,0.0
03.06.2004 10:00:00.000,1.22153,1.22216,1.22019,1.22146,32698199.2188,1.2214962822785913,0,0,,0,0.0
03.06.2004 11:00:00.000,1.22117,1.22275,1.22037,1.22212,33671398.4375,1.2215442605648537,0,0,,0,0.0
03.06.2004 12:00:00.000,1.22217,1.22472,1.22185,1.22329,33840300.7813,1.2216785482137111,0,0,,0,0.0
03.06.2004 13:00:00.000,1.22333,1.22467,1.22169,1.22297,33521398.4375,1.2217778906588104,0,0,,0,0.0
03.06.2004 14:00:00.000,1.22302,1.22491,1.2215,1.22428,33435101.5625,1.2219703606081327,0,0,,0,0.0
03.06.2004 15:00:00.000,1.2245,1.22496,1.21992,1.22048,33639699.2188,1.2218557174844302,0,1,1.22596,0,0.0
03.06.2004 16:00:00.000,1.22044,1.22081,1.21881,1.2197,287809812.5,1.221689893062551,0,0,,0,0.0
03.06.2004 17:00:00.000,1.21974,1.22207,1.21943,1.22162,134250406.25,1.221684516673124,0,0,,0,0.0
03.06.2004 18:00:00.000,1.2218,1.22257,1.22078,1.22164,147022906.25,1.2216810923136532,0,0,,0,0.0
03.06.2004 19:00:00.000,1.22167,1.22329,1.2215,1.22215,104163000.0,1.22171716213568,0,0,,0,0.0
03.06.2004 20:00:00.000,1.22237,1.22299,1.22179,1.22242,62874000.0,1.2217712265867815,0,0,,0,0.0
03.06.2004 21:00:00.000,1.22245,1.22297,1.22096,1.22137,32637900.3906,1.2217403630031831,0,0,,0,0.0
03.06.2004 22:00:00.000,1.2217,1.22301,1.22094,1.22169,30443599.6094,1.2217364889260154,0,0,,0,0.0
03.06.2004 23:00:00.000,1.22177,1.2219,1.22049,1.22105,34201398.4375,1.2216836820855528,0,0,,0,0.0
04.06.2004 00:00:00.000,1.22105,1.2219,1.22019,1.22167,33715398.4375,1.2216826296174335,0,0,,0,0.0
04.06.2004 01:00:00.000,1.22175,1.22208,1.2206,1.22129,34042300.7813,1.2216524273391693,0,0,,0,0.0
04.06.2004 02:00:00.000,1.22139,1.22186,1.22089,1.22128,33677199.2188,1.2216237790823101,0,0,,0,0.0
04.06.2004 03:00:00.000,1.2212,1.22177,1.22047,1.2211,32086000.0,1.221583488383671,0,0,,0,0.0
04.06.2004 04:00:00.000,1.2214,1.22199,1.2206,1.22173,32112800.7813,1.221594758508004,0,0,,0,0.0
04.06.2004 05:00:00.000,1.22145,1.22217,1.22027,1.22087,31590099.6094,1.2215390078535422,0,0,,0,0.0
04.06.2004 06:00:00.000,1.22089,1.22119,1.21957,1.22043,31993099.6094,1.2214536995571161,0,0,,0,0.0
04.06.2004 07:00:00.000,1.22037,1.22063,1.21879,1.21976,33170699.2188,1.2213234149757997,0,0,,0,0.0
04.06.2004 08:00:00.000,1.21956,1.22101,1.2193,1.22057,31792900.3906,1.2212654599776613,0,0,,0,0.0
04.06.2004 09:00:00.000,1.22062,1.22175,1.22011,1.2214,32860500.0,1.221275809210149,0,0,,0,0.0
04.06.2004 10:00:00.000,1.22128,1.22223,1.22016,1.22028,31680000.0,1.2211992085016763,0,0,,0,0.0
04.06.2004 11:00:00.000,1.2203,1.22183,1.21948,1.22128,32844500.0,1.2212054232323166,0,0,,0,0.0
04.06.2004 12:00:00.000,1.22105,1.22759,1.21395,1.22531,32416900.3906,1.221521159906754,0,2,1.2129500000000002,0,0.0
04.06.2004 13:00:00.000,1.22502,1.22577,1.22185,1.22371,32182900.3906,1.221689532221619,0,0,,0,0.0
04.06.2004 14:00:00.000,1.2236,1.2273,1.22208,1.224,33472199.2188,1.2218672605122638,0,0,,0,0.0
04.06.2004 15:00:00.000,1.2241,1.22683,1.22353,1.22577,31350699.2188,1.2221674712420898,0,0,,0,0.0
04.06.2004 16:00:00.000,1.22564,1.22846,1.22481,1.22777,296614406.25,1.2225984349926984,0,0,,0,0.0
04.06.2004 17:00:00.000,1.22768,1.22822,1.22668,1.22769,134184296.875,1.222990093839414,0,0,,0,0.0
04.06.2004 18:00:00.000,1.22773,1.22997,1.22756,1.22895,144213796.875,1.2234485481594592,0,0,,0,0.0
04.06.2004 19:00:00.000,1.2291,1.22921,1.22775,1.22893,105620398.4375,1.2238701983010394,0,0,,0,0.0
04.06.2004 20:00:00.000,1.22892,1.22939,1.22781,1.22817,62587199.2188,1.2242009522778827,0,0,,0,0.0
06.06.2004 21:00:00.000,1.22867,1.22996,1.22742,1.22939,30682199.2188,1.2246001097949688,0,0,,0,0.0
06.06.2004 22:00:00.000,1.2298,1.23184,1.22885,1.23107,34440898.4375,1.2250977936568943,0,0,,0,0.0
06.06.2004 23:00:00.000,1.23133,1.23339,1.23083,1.23253,33844101.5625,1.2256695018371333,0,0,,0,0.0
07.06.2004 00:00:00.000,1.23269,1.23339,1.23144,1.2323,31150199.2188,1.2261795401573539,0,0,,0,0.0
07.06.2004 01:00:00.000,1.23227,1.23347,1.23165,1.23214,32115199.2188,1.2266380370683267,0,0,,0,0.0
07.06.2004 02:00:00.000,1.23223,1.23348,1.23203,1.23247,34225699.2188,1.2270866496015325,0,0,,0,0.0
07.06.2004 03:00:00.000,1.23275,1.23368,1.23232,1.23329,31347099.6094,1.2275638304014147,0,0,,0,0.0
07.06.2004 04:00:00.000,1.23325,1.23373,1.23205,1.23259,34584898.4375,1.2279504588320753,2,1,1.2347299999999999,0,0.0
07.06.2004 05:00:00.000,1.23248,1.2329,1.23189,1.23237,32513900.3906,1.2282904235373004,2,0,,0,0.0
07.06.2004 06:00:00.000,1.23217,1.23313,1.23125,1.23214,29709300.7813,1.2285865448036621,2,0,,0,0.0
07.06.2004 07:00:00.000,1.23233,1.23315,1.23062,1.23166,32482099.6094,1.22882296443415,2,0,,0,0.0
07.06.2004 08:00:00.000,1.23192,1.23303,1.23094,1.23165,31346000.0,1.2290404287084462,2,0,,0,0.0
07.06.2004 09:00:00.000,1.23155,1.23237,1.23119,1.23151,31525500.0,1.2292303957308737,2,0,,0,0.0
07.06.2004 10:00:00.000,1.23166,1.23282,1.23117,1.23184,31263800.7813,1.2294311345208067,2,0,,0,0.0
07.06.2004 11:00:00.000,1.23182,1.23247,1.23082,1.23224,33028601.5625,1.2296472010961292,2,0,,0,0.0
07.06.2004 12:00:00.000,1.23224,1.23336,1.23064,1.23119,34321898.4375,1.2297658779348886,2,0,,0,0.0
07.06.2004 13:00:00.000,1.23099,1.23251,1.23084,1.23223,33816601.5625,1.2299554257860512,2,0,,0,0.0
07.06.2004 14:00:00.000,1.23242,1.23265,1.23,1.23094,32809398.4375,1.2300311622640472,2,0,,0,0.0
07.06.2004 15:00:00.000,1.2306,1.23316,1.22992,1.23158,32510900.3906,1.2301503036283512,2,0,,0,0.0
07.06.2004 16:00:00.000,1.23123,1.23357,1.23055,1.23275,291478000.0,1.230350280272324,2,1,1.23457,0,0.0
07.06.2004 17:00:00.000,1.23257,1.23318,1.23171,1.23274,137207093.75,1.2305341048667608,2,0,,0,0.0
07.06.2004 18:00:00.000,1.23278,1.23301,1.23091,1.23133,146996000.0,1.2305953275693178,2,0,,0,0.0
07.06.2004 19:00:00.000,1.23119,1.23198,1.23066,1.23109,106006703.125,1.2306333792947548,2,0,,0,0.0
07.06.2004 20:00:00.000,1.23147,1.23238,1.23079,1.2317,65195101.5625,1.230715427041312,2,0,,0,0.0
07.06.2004 21:00:00.000,1.23134,1.23252,1.23091,1.23134,31749500.0,1.2307634711150575,2,0,,0,0.0
07.06.2004 22:00:00.000,1.2315,1.23215,1.2308,1.23155,32908699.2188,1.2308239733369761,2,0,,0,0.0
07.06.2004 23:00:00.000,1.23174,1.23219,1.23074,1.23107,31985800.7813,1.2308428984649011,2,0,,0,0.0
08.06.2004 00:00:00.000,1.2313,1.23182,1.22896,1.2291,32342099.6094,1.2307088293522166,0,0,,0,0.0
08.06.2004 01:00:00.000,1.229,1.22961,1.22797,1.22842,33661101.5625,1.2305327655558924,0,0,,0,0.0
08.06.2004 02:00:00.000,1.22841,1.23073,1.22791,1.23056,33544101.5625,1.2305348605131317,0,2,1.2269100000000002,0,0.0
08.06.2004 03:00:00.000,1.23068,1.23078,1.22944,1.23039,31049000.0,1.230523717396737,0,0,,0,0.0
08.06.2004 04:00:00.000,1.23046,1.2326,1.23029,1.232,31432800.7813,1.230637277596988,0,0,,0,0.0
08.06.2004 05:00:00.000,1.23188,1.2332,1.23141,1.23308,31983300.7813,1.230825179320297,0,0,,0,0.0
08.06.2004 06:00:00.000,1.23288,1.235,1.23251,1.23284,33546699.2188,1.2309801655264279,0,1,1.236,0,0.0
08.06.2004 07:00:00.000,1.23252,1.23425,1.23227,1.23395,32007000.0,1.2312086143320873,0,0,,0,0.0
08.06.2004 08:00:00.000,1.23413,1.23469,1.23185,1.23217,29644900.3906,1.231282567075773,0,0,,0,0.0
08.06.2004 09:00:00.000,1.23204,1.23359,1.23151,1.23335,32515699.2188,1.2314416003776367,0,0,,0,0.0
08.06.2004 10:00:00.000,1.2332,1.23352,1.23186,1.23197,31899099.6094,1.231482246502434,0,0,,0,0.0
08.06.2004 11:00:00.000,1.23202,1.23225,1.22873,1.22886,33087898.4375,1.231280535233016,0,0,,0,0.0
08.06.2004 12:00:00.000,1.2288,1.23074,1.228,1.23006,31683400.3906,1.2311866479073994,0,0,,0,0.0
08.06.2004 13:00:00.000,1.23045,1.23074,1.22587,1.22621,33833000.0,1.2308038288375995,0,0,,0,0.0
08.06.2004 14:00:00.000,1.22635,1.22717,1.2253,1.22655,33218000.0,1.2304766112347072,0,0,,0,0.0
08.06.2004 15:00:00.000,1.22623,1.22745,1.2253,1.22722,32697500.0,1.2302261026781913,0,0,,0,0.0
08.06.2004 16:00:00.000,1.22692,1.22758,1.22434,1.22557,297938687.5,1.2298679409337152,0,0,,0,0.0
08.06.2004 17:00:00.000,1.22578,1.2262,1.22451,1.22526,132323796.875,1.2295134839388142,0,0,,0,0.0
08.06.2004 18:00:00.000,1.22554,1.22669,1.22516,1.22605,148210000.0,1.229247062097367,0,0,,0,0.0
08.06.2004 19:00:00.000,1.22631,1.22647,1.2253,1.22625,105636398.4375,1.229016518859108,0,0,,0,0.0
08.06.2004 20:00:00.000,1.22615,1.22699,1.22584,1.2262,60649898.4375,1.2287998635622537,0,0,,0,0.0
08.06.2004 21:00:00.000,1.22614,1.22675,1.22499,1.22561,31084300.7813,1.2285544894420803,0,0,,0,0.0
08.06.2004 22:00:00.000,1.22547,1.22679,1.22497,1.22563,32169699.2188,1.2283295287157665,0,0,,0,0.0
08.06.2004 23:00:00.000,1.22595,1.22738,1.22552,1.22654,32292300.7813,1.2281918726607077,0,0,,0,0.0
09.06.2004 00:00:00.000,1.22666,1.22716,1.22485,1.22551,32860398.4375,1.2279855747637303,0,0,,0,0.0
09.06.2004 01:00:00.000,1.22572,1.22593,1.22295,1.22363,34829199.2188,1.2276505305511358,0,0,,0,0.0
09.06.2004 02:00:00.000,1.22341,1.22429,1.22239,1.22324,34341101.5625,1.2273112589702793,0,0,,0,0.0
09.06.2004 03:00:00.000,1.22337,1.2237,1.22194,1.22203,32352599.6094,1.226905008280258,1,0,,0,0.0
09.06.2004 04:00:00.000,1.2223,1.22405,1.22228,1.22369,34480398.4375,1.2266576999510075,1,0,,0,0.0
09.06.2004 05:00:00.000,1.22382,1.22448,1.22264,1.22369,31945900.3906,1.2264294153393915,1,0,,0,0.0
09.06.2004 06:00:00.000,1.22409,1.22487,1.22345,1.22379,32444000.0,1.2262263833902076,1,0,,0,0.0
09.06.2004 07:00:00.000,1.22376,1.22466,1.22217,1.2225,34282800.7813,1.2259397385140378,1,0,,0,0.0
09.06.2004 08:00:00.000,1.22229,1.2228,1.22019,1.22187,32597699.2188,1.2256266817052657,1,0,,0,0.0
09.06.2004 09:00:00.000,1.22174,1.22334,1.22139,1.2215,32288099.6094,1.2253092446510145,1,0,,0,0.0
09.06.2004 10:00:00.000,1.2212,1.22159,1.21744,1.21854,31687000.0,1.2247885335240134,1,0,,0,0.0
09.06.2004 11:00:00.000,1.21847,1.21906,1.21489,1.21537,33323398.4375,1.2240640309452433,1,0,,0,0.0
09.06.2004 12:00:00.000,1.21538,1.21697,1.21442,1.21514,33087199.2188,1.2233775670263785,1,0,,0,0.0
09.06.2004 13:00:00.000,1.21493,1.2163,1.21387,1.21529,31034900.3906,1.2227554464858879,1,0,,0,0.0
09.06.2004 14:00:00.000,1.21508,1.2157,1.2084,1.20936,32185500.0,1.221725027525435,1,0,,0,0.0
09.06.2004 15:00:00.000,1.20897,1.21062,1.20808,1.20967,32658500.0,1.2207977177157863,1,0,,0,0.0
09.06.2004 16:00:00.000,1.20956,1.20978,1.20597,1.20778,291004093.75,1.219796354814572,1,0,,0,0.0
09.06.2004 17:00:00.000,1.20772,1.20918,1.20582,1.20612,137301593.75,1.2187443275211434,1,0,,0,0.0
09.06.2004 18:00:00.000,1.2065,1.20758,1.20376,1.20448,146300406.25,1.2176470715579786,1,0,,0,0.0
09.06.2004 19:00:00.000,1.20453,1.20491,1.20335,1.20444,104071500.0,1.2166311429765957,1,0,,0,0.0
09.06.2004 20:00:00.000,1.2042,1.20641,1.2034,1.20439,63222898.4375,1.2156895165937809,1,0,,0,0.0
09.06.2004 21:00:00.000,1.20418,1.20508,1.20225,1.2027,31301699.2188,1.214690323009644,1,2,1.2012500000000002,0,0.0
09.06.2004 22:00:00.000,1.20255,1.20433,1.2023,1.20389,33969800.7813,1.2138595289319791,1,0,,0,0.0
09.06.2004 23:00:00.000,1.2039,1.20458,1.20279,1.20309,33506500.0,1.2130311036295192,1,0,,0,0.0
10.06.2004 00:00:00.000,1.20324,1.20462,1.20293,1.20446,33959398.4375,1.21237178796571,1,0,,0,0.0
10.06.2004 01:00:00.000,1.2044,1.20547,1.2033,1.20359,34959398.4375,1.2116962658145016,1,0,,0,0.0
10.06.2004 02:00:00.000,1.20347,1.20584,1.20339,1.20536,32634900.3906,1.2112088607518476,1,0,,0,0.0
10.06.2004 03:00:00.000,1.20558,1.20577,1.20414,1.2052,30854099.6094,1.2107466406940133,1,0,,0,0.0
10.06.2004 04:00:00.000,1.20548,1.20606,1.20442,1.20547,31061900.3906,1.2103407452560124,1,0,,0,0.0
10.06.2004 05:00:00.000,1.20544,1.2062,1.20436,1.20601,31053699.2188,1.21000761100555,1,0,,0,0.0
10.06.2004 06:00:00.000,1.2059,1.20688,1.20503,1.20559,32186400.3906,1.209667794774354,1,0,,0,0.0
10.06.2004 07:00:00.000,1.20568,1.20657,1.20444,1.20573,31970000.0,1.209364887484019,1,0,,0,0.0
10.06.2004 08:00:00.000,1.20584,1.20707,1.20522,1.20686,17621599.6094,1.2091722038314023,1,0,,0,0.0
10.06.2004 09:00:00.000,1.20697,1.20752,1.20544,1.20594,32597300.7813,1.2089235727674483,1,0,,0,0.0
10.06.2004 10:00:00.000,1.20581,1.20684,1.20384,1.20585,31557300.7813,1.2086871440930294,1,0,,0,0.0
10.06.2004 11:00:00.000,1.20592,1.2067,1.20346,1.20457,32080800.7813,1.208370440701258,1,0,,0,0.0
10.06.2004 12:00:00.000,1.20475,1.20641,1.20276,1.20511,32124400.3906,1.2081196375703922,1,2,1.2017600000000002,0,0.0
10.06.2004 13:00:00.000,1.20512,1.208,1.20406,1.20559,32172699.2188,1.2079250500649776,1,0,,0,0.0
10.06.2004 14:00:00.000,1.20546,1.2093,1.2052,1.20918,32500400.3906,1.208021584675364,0,0,,0,0.0
10.06.2004 15:00:00.000,1.20888,1.21125,1.20842,1.2107,32096599.6094,1.208227616623413,0,0,,0,0.0
10.06.2004 16:00:00.000,1.21077,1.21179,1.20961,1.21078,293220093.75,1.2084239538062274,0,1,1.2127899999999998,0,0.0
10.06.2004 17:00:00.000,1.21057,1.21125,1.2085,1.20988,135795500.0,1.2085359573595946,0,0,,0,0.0
10.06.2004 18:00:00.000,1.20994,1.21107,1.20925,1.21021,148648593.75,1.208664729870395,0,0,,0,0.0
10.06.2004 19:00:00.000,1.21026,1.21126,1.20982,1.21108,108141898.4375,1.2088505198803645,0,0,,0,0.0
10.06.2004 20:00:00.000,1.21109,1.21141,1.21,1.21035,62933300.7813,1.2089658645049521,0,0,,0,0.0
10.06.2004 21:00:00.000,1.2102,1.21142,1.20964,1.2113,33446300.7813,1.2091454133891866,0,0,,0,0.0
10.06.2004 22:00:00.000,1.2113,1.21145,1.20914,1.21025,32816898.4375,1.2092303815900185,0,0,,0,0.0
10.06.2004 23:00:00.000,1.21012,1.21098,1.20831,1.20868,30748500.0,1.2091880445446326,0,0,,0,0.0
11.06.2004 00:00:00.000,1.20855,1.20877,1.20706,1.20708,34274800.7813,1.2090258872719688,0,0,,0,0.0
11.06.2004 01:00:00.000,1.20712,1.20813,1.20396,1.20522,34313601.5625,1.2087331267125867,0,0,,0,0.0
11.06.2004 02:00:00.000,1.20498,1.20573,1.20444,1.20484,35048300.7813,1.2084336554270032,0,0,,0,0.0
11.06.2004 03:00:00.000,1.20471,1.20563,1.20429,1.20442,30830000.0,1.2081249127018494,0,0,,0,0.0
11.06.2004 04:00:00.000,1.20471,1.20503,1.20056,1.20078,32579400.3906,1.2075599194170918,0,0,,0,0.0
11.06.2004 05:00:00.000,1.20082,1.20231,1.19947,1.20078,31711300.7813,1.2070383871542387,0,0,,0,0.0
11.06.2004 06:00:00.000,1.20071,1.20286,1.19803,1.1992,33870300.7813,1.2064354342962205,0,0,,0,0.0
11.06.2004 07:00:00.000,1.19917,1.19984,1.19624,1.19855,33360199.2188,1.2058288624272804,0,2,1.19524,0,0.0
11.06.2004 08:00:00.000,1.19881,1.20132,1.19855,1.20027,30824400.3906,1.205401257625182,0,0,,0,0.0
11.06.2004 09:00:00.000,1.20006,1.20186,1.1998,1.20017,32620400.3906,1.2049988531924758,0,0,,0,0.0
11.06.2004 10:00:00.000,1.20069,1.20167,1.1988,1.19958,31931099.6094,1.2045820183315161,0,0,,0,0.0
11.06.2004 11:00:00.000,1.19962,1.20321,1.19957,1.20091,34184101.5625,1.2042995553829379,0,0,,0,0.0
11.06.2004 12:00:00.000,1.20108,1.20169,1.19906,1.20066,31352800.7813,1.2040195895842505,0,0,,0,0.0
11.06.2004 13:00:00.000,1.20058,1.20232,1.20003,1.20144,31608500.0,1.2038211596162314,0,0,,0,0.0
11.06.2004 14:00:00.000,1.20169,1.20208,1.20053,1.20075,32626599.6094,1.203584916568829,0,0,,0,0.0
11.06.2004 15:00:00.000,1.20095,1.20212,1.20054,1.2013,32629099.6094,1.2034091537558425,1,0,,0,0.0
11.06.2004 16:00:00.000,1.20107,1.20165,1.20026,1.20113,296447687.5,1.2032338342361624,1,0,,0,0.0
11.06.2004 17:00:00.000,1.20115,1.20218,1.20061,1.20155,135526203.125,1.2031043085256883,1,0,,0,0.0
11.06.2004 18:00:00.000,1.20136,1.20213,1.20052,1.20105,147272203.125,1.202946284792943,1,0,,0,0.0
11.06.2004 19:00:00.000,1.20081,1.202,1.20072,1.2016,104064296.875,1.2028427244242552,1,0,,0,0.0
11.06.2004 20:00:00.000,1.20164,1.20192,1.2002,1.20038,65709000.0,1.202653284083928,1,0,,0,0.0
13.06.2004 21:00:00.000,1.1996,1.20011,1.19714,1.19752,32439400.3906,1.2022584160774719,1,0,,0,0.0
13.06.2004 22:00:00.000,1.19745,1.19834,1.196,1.1964,33116699.2188,1.201807768686897,1,0,,0,0.0
13.06.2004 23:00:00.000,1.19647,1.19788,1.19619,1.1976,32481300.7813,1.2014840941725204,1,0,,0,0.0
14.06.2004 00:00:00.000,1.19745,1.19866,1.19557,1.19567,32878199.2188,1.2010368561592497,1,0,,0,0.0
14.06.2004 01:00:00.000,1.19592,1.19738,1.19512,1.19692,32157599.6094,1.2007201749162306,1,2,1.19412,0,0.0
14.06.2004 02:00:00.000,1.19673,1.1979,1.19669,1.19755,32490099.6094,1.2004763153072897,1,0,,0,0.0
14.06.2004 03:00:00.000,1.19771,1.19793,1.19661,1.19687,31173099.6094,1.2001989064374983,1,0,,0,0.0
14.06.2004 04:00:00.000,1.197,1.19796,1.19637,1.19769,32752500.0,1.200005913634614,1,0,,0,0.0
14.06.2004 05:00:00.000,1.19772,1.19884,1.19692,1.19739,29276300.7813,1.1998046895088745,1,0,,0,0.0
14.06.2004 06:00:00.000,1.19722,1.19814,1.19531,1.19625,30913599.6094,1.1995312518543457,1,0,,0,0.0
14.06.2004 07:00:00.000,1.19643,1.19787,1.19586,1.1971,33019800.7813,1.1993442324809345,1,0,,0,0.0
14.06.2004 08:00:00.000,1.19707,1.19763,1.19592,1.19658,32059900.3906,1.1991315992131701,1,0,,0,0.0
14.06.2004 09:00:00.000,1.19665,1.20193,1.19586,1.20181,33265699.2188,1.1993376300429264,0,0,,0,0.0
14.06.2004 10:00:00.000,1.20193,1.20205,1.20005,1.20123,30755400.3906,1.1994831969627013,0,0,,0,0.0
14.06.2004 11:00:00.000,1.20133,1.20179,1.20018,1.20066,34070601.5625,1.1995737202732628,0,0,,0,0.0
14.06.2004 12:00:00.000,1.20053,1.20684,1.19916,1.20494,32134300.7813,1.1999865110214734,0,0,,0,0.0
14.06.2004 13:00:00.000,1.20482,1.20745,1.20467,1.20684,35398800.7813,1.2005137024813601,0,0,,0,0.0
14.06.2004 14:00:00.000,1.2072,1.20872,1.20594,1.20848,32457500.0,1.2011264945981786,0,0,,0,0.0
14.06.2004 15:00:00.000,1.20838,1.20869,1.20644,1.2074,32181900.3906,1.2016090719367802,0,0,,0,0.0
14.06.2004 16:00:00.000,1.20717,1.20737,1.20501,1.20659,290232312.5,1.2019922202493358,0,0,,0,0.0
14.06.2004 17:00:00.000,1.20625,1.20714,1.20504,1.20545,135368406.25,1.2022582033070792,0,0,,0,0.0
14.06.2004 18:00:00.000,1.20538,1.20667,1.20396,1.20623,143967796.875,1.2025637261296118,0,0,,0,0.0
14.06.2004 19:00:00.000,1.20633,1.20728,1.20562,1.20661,105253601.5625,1.2028749779657957,0,0,,0,0.0
14.06.2004 20:00:00.000,1.20667,1.20687,1.20466,1.20531,67191601.5625,1.2030622873530423,0,0,,0,0.0
14.06.2004 21:00:00.000,1.2051,1.20591,1.20445,1.20506,31259300.7813,1.2032159575566546,0,0,,0,0.0
14.06.2004 22:00:00.000,1.20532,1.2066,1.2051,1.20567,32910199.2188,1.2034047300522965,0,0,,0,0.0
14.06.2004 23:00:00.000,1.2054,1.20699,1.20475,1.20621,31794500.0,1.2036205200482737,0,0,,0,0.0
15.06.2004 00:00:00.000,1.20632,1.20922,1.20468,1.20854,32508099.6094,1.203998941583022,0,0,,0,0.0
15.06.2004 01:00:00.000,1.2086,1.2101,1.20702,1.20787,35725898.4375,1.2042967153074051,2,1,1.2110999999999998,0,0.0
15.06.2004 02:00:00.000,1.20758,1.20827,1.20671,1.20778,34014500.0,1.2045646602837587,2,0,,0,0.0
15.06.2004 03:00:00.000,1.20781,1.20873,1.20748,1.20789,29999400.3906,1.2048204556465467,2,0,,0,0.0
15.06.2004 04:00:00.000,1.20801,1.20893,1.20647,1.20689,34032500.0,1.2049796513660431,2,0,,0,0.0
15.06.2004 05:00:00.000,1.20686,1.2078,1.20653,1.20657,32561000.0,1.2051019858763474,2,0,,0,0.0
15.06.2004 06:00:00.000,1.20654,1.20771,1.20543,1.20589,31738099.6094,1.2051626023473978,2,0,,0,0.0
15.06.2004 07:00:00.000,1.20628,1.20658,1.20438,1.20506,33202000.0,1.2051547098591364,0,0,,0,0.0
15.06.2004 08:00:00.000,1.2048,1.20499,1.20325,1.20385,32647900.3906,1.2050543475622797,0,0,,0,0.0
15.06.2004 09:00:00.000,1.20395,1.20488,1.20254,1.20473,32226199.2188,1.2050293977497966,0,2,1.20154,0,0.0
15.06.2004 10:00:00.000,1.20461,1.20478,1.20296,1.20359,32546699.2188,1.2049186748459662,0,0,,0,0.0
15.06.2004 11:00:00.000,1.20357,1.20587,1.20344,1.20512,33457898.4375,1.2049341613962765,0,0,,0,0.0
15.06.2004 12:00:00.000,1.20498,1.21218,1.20435,1.21027,33376199.2188,1.20534461051964,0,0,,0,0.0
15.06.2004 13:00:00.000,1.21057,1.2107,1.20797,1.21003,32392900.3906,1.2057050250950523,0,0,,0,0.0
15.06.2004 14:00:00.000,1.21021,1.21223,1.20695,1.20762,33083000.0,1.2058523308569715,0,0,,0,0.0
15.06.2004 15:00:00.000,1.20763,1.21486,1.20756,1.21353,32541500.0,1.2064429207910505,0,0,,0,0.0
15.06.2004 16:00:00.000,1.21347,1.21535,1.21299,1.21413,294614187.5,1.2070342345763545,0,0,,0,0.0
15.06.2004 17:00:00.000,1.21406,1.21586,1.21354,1.21439,137989906.25,1.2076000626858658,0,0,,0,0.0
15.06.2004 18:00:00.000,1.2145,1.21666,1.21349,1.21641,145950796.875,1.2082777501715685,0,0,,0,0.0
15.06.2004 19:00:00.000,1.2164,1.21691,1.21554,1.21612,106539101.5625,1.208881000158371,0,0,,0,0.0
15.06.2004 20:00:00.000,1.21616,1.21694,1.21542,1.21584,65821398.4375,1.2094163078384963,0,1,1.2179399999999998,0,0.0
15.06.2004 21:00:00.000,1.21578,1.21635,1.21518,1.21575,31345500.0,1.2099035149278428,0,0,,0,0.0
15.06.2004 22:00:00.000,1.21573,1.21646,1.21512,1.21623,33114601.5625,1.210390167625701,0,0,,0,0.0
15.06.2004 23:00:00.000,1.21614,1.21637,1.21422,1.21498,32696800.7813,1.2107432316544933,0,0,,0,0.0
16.06.2004 00:00:00.000,1.21465,1.21534,1.21393,1.21508,32166599.6094,1.2110768292195322,0,0,,0,0.0
16.06.2004 01:00:00.000,1.21518,1.21584,1.21437,1.21465,34092699.2188,1.2113516885103377,0,0,,0,0.0
16.06.2004 02:00:00.000,1.21503,1.21503,1.21361,1.21404,34399500.0,1.2115584817018503,0,0,,0,0.0
16.06.2004 03:00:00.000,1.21421,1.21475,1.21348,1.21403,31379400.3906,1.2117485984940157,0,0,,0,0.0
16.06.2004 04:00:00.000,1.21417,1.21529,1.21319,1.21443,33319101.5625,1.2119548601483223,2,0,,0,0.0
16.06.2004 05:00:00.000,1.21447,1.21509,1.21374,1.21453,31656900.3906,1.2121529478292206,2,0,,0,0.0
16.06.2004 06:00:00.000,1.21457,1.21677,1.21432,1.21459,33185898.4375,1.212340413380819,2,0,,0,0.0
16.06.2004 07:00:00.000,1.21466,1.21491,1.21345,1.21418,33853000.0,1.212481920043833,2,0,,0,0.0
16.06.2004 08:00:00.000,1.21427,1.21429,1.21004,1.21008,31613099.6094,1.2122971569635381,0,0,,0,0.0
16.06.2004 09:00:00.000,1.2102,1.21117,1.20738,1.2077,31551199.2188,1.2119435295048044,0,0,,0,0.0
16.06.2004 10:00:00.000,1.20765,1.20846,1.20522,1.20524,31655500.0,1.2114278733890502,0,0,,0,0.0
16.06.2004 11:00:00.000,1.20534,1.20677,1.20476,1.2064,31368400.3906,1.211041113897585,0,0,,0,0.0
16.06.2004 12:00:00.000,1.20665,1.20698,1.20388,1.20405,33218699.2188,1.210503335905463,0,0,,0,0.0
16.06.2004 13:00:00.000,1.2041,1.20679,1.20373,1.2056,32037199.2188,1.2101261562204275,0,0,,0,0.0
16.06.2004 14:00:00.000,1.20528,1.20629,1.20003,1.20088,33460000.0,1.2094149134342407,0,0,,0,0.0
16.06.2004 15:00:00.000,1.20075,1.20113,1.19787,1.20058,31779099.6094,1.2087353047085299,0,2,1.19687,0,0.0
16.06.2004 16:00:00.000,1.20082,1.2013,1.19947,1.20044,293122093.75,1.2080972043463354,0,0,,0,0.0
16.06.2004 17:00:00.000,1.2005,1.20157,1.19963,1.20052,131694000.0,1.2075143424735404,0,0,,0,0.0
16.06.2004 18:00:00.000,1.20062,1.20076,1.19939,1.20004,146798703.125,1.2069393930524988,0,0,,0,0.0
16.06.2004 19:00:00.000,1.20014,1.201,1.19983,1.20062,105343500.0,1.2064532858946142,0,0,,0,0.0
16.06.2004 20:00:00.000,1.20068,1.20128,1.20018,1.20085,66380296.875,1.2060222639027207,0,0,,0,0.0
16.06.2004 21:00:00.000,1.2006,1.20132,1.19994,1.2004,30823500.0,1.20558978206405,0,0,,0,0.0
16.06.2004 22:00:00.000,1.20049,1.20087,1.19973,1.20003,31650099.6094,1.2051621065206617,0,0,,0,0.0
16.06.2004 23:00:00.000,1.1999,1.2009,1.19982,1.20022,33339300.7813,1.2047819444806107,0,0,,0,0.0
17.06.2004 00:00:00.000,1.20035,1.20166,1.20003,1.20047,31877000.0,1.2044502564436408,1,0,,0,0.0
17.06.2004 01:00:00.000,1.20065,1.20091,1.19907,1.19917,30762400.3906,1.204044082871053,1,0,,0,0.0
17.06.2004 02:00:00.000,1.19927,1.20026,1.19901,1.19984,33236898.4375,1.2037206918809722,1,2,1.19801,0,0.0
17.06.2004 03:00:00.000,1.19994,1.20112,1.19976,1.20048,33662500.0,1.2034714078901283,1,0,,0,0.0
17.06.2004 04:00:00.000,1.20069,1.20166,1.20034,1.20106,35261601.5625,1.203285914975503,1,0,,0,0.0
17.06.2004 05:00:00.000,1.20133,1.20231,1.20056,1.20184,32173400.3906,1.2031746907466183,1,0,,0,0.0
17.06.2004 06:00:00.000,1.20192,1.20352,1.2002,1.20137,34644101.5625,1.203035868381494,1,0,,0,0.0
17.06.2004 07:00:00.000,1.20151,1.20495,1.20138,1.2048,33625398.4375,1.2031715708136868,0,0,,0,0.0
17.06.2004 08:00:00.000,1.20459,1.20477,1.2018,1.20197,32333699.2188,1.203079142289557,0,0,,0,0.0
17.06.2004 09:00:00.000,1.2021,1.2044,1.20148,1.20402,32154500.0,1.2031515159595914,0,0,,0,0.0
17.06.2004 10:00:00.000,1.2042,1.2067,1.20379,1.20547,32496699.2188,1.2033298608857768,0,0,,0,0.0
17.06.2004 11:00:00.000,1.20555,1.20635,1.20403,1.20563,31992699.2188,1.2035067946637938,0,0,,0,0.0
17.06.2004 12:00:00.000,1.2056,1.20641,1.2028,1.20377,33280300.7813,1.2035270412281174,0,0,,0,0.0
17.06.2004 13:00:00.000,1.20385,1.20561,1.20175,1.20237,33572000.0,1.2034380380567238,0,0,,0,0.0
17.06.2004 14:00:00.000,1.20252,1.2036,1.20085,1.2034,32171400.3906,1.2034351120523605,0,0,,0,0.0
17.06.2004 15:00:00.000,1.2033,1.20482,1.20258,1.20383,32053099.6094,1.2034654880483329,0,0,,0,0.0
17.06.2004 16:00:00.000,1.20385,1.20769,1.20335,1.20613,294543687.5,1.2036704505061535,0,1,1.2086899999999998,0,0.0
17.06.2004 17:00:00.000,1.20595,1.20631,1.20506,1.20581,134320203.125,1.2038350312364496,0,0,,0,0.0
17.06.2004 18:00:00.000,1.2059,1.20657,1.20494,1.20631,146112406.25,1.2040254134490305,0,0,,0,0.0
17.06.2004 19:00:00.000,1.20624,1.20645,1.20508,1.20547,104558296.875,1.2041365354914129,0,0,,0,0.0
17.06.2004 20:00:00.000,1.20555,1.20646,1.20485,1.20508,64000101.5625,1.2042091096843812,0,0,,0,0.0
17.06.2004 21:00:00.000,1.20493,1.20562,1.20327,1.20429,31494099.6094,1.204215332016352,0,0,,0,0.0
17.06.2004 22:00:00.000,1.20435,1.20479,1.20248,1.20304,33796300.7813,1.204124921861248,0,0,,0,0.0
17.06.2004 23:00:00.000,1.20307,1.20386,1.20249,1.20351,32097199.2188,1.2040776201796137,0,0,,0,0.0
18.06.2004 00:00:00.000,1.20311,1.20384,1.20192,1.20232,32959898.4375,1.2039424186273358,0,0,,0,0.0
18.06.2004 01:00:00.000,1.20231,1.20286,1.20167,1.20214,33107000.0,1.2038037710406178,0,0,,0,0.0
18.06.2004 02:00:00.000,1.202,1.20234,1.20002,1.20028,34269199.2188,1.203532711729801,0,0,,0,0.0
18.06.2004 03:00:00.000,1.2005,1.20083,1.1991,1.19993,31486400.3906,1.2032555800582778,0,0,,0,0.0
18.06.2004 04:00:00.000,1.1999,1.20042,1.19788,1.19821,32483599.6094,1.2028674585153336,0,0,,0,0.0
18.06.2004 05:00:00.000,1.1981,1.19869,1.19725,1.19828,31990199.2188,1.2025145770910772,0,2,1.19625,0,0.0
18.06.2004 06:00:00.000,1.19817,1.20096,1.19764,1.19971,30916599.6094,1.2022988403917636,0,0,,0,0.0
18.06.2004 07:00:00.000,1.19978,1.19997,1.19734,1.19958,31733900.3906,1.2020896988231664,0,0,,0,0.0
18.06.2004 08:00:00.000,1.19935,1.20178,1.19884,1.20134,32785601.5625,1.2020320296829228,0,0,,0,0.0
18.06.2004 09:00:00.000,1.20116,1.20184,1.20017,1.2012,31314500.0,1.2019680273996212,0,0,,0,0.0
18.06.2004 10:00:00.000,1.20115,1.20389,1.20073,1.20295,32426599.6094,1.2020435637534965,0,0,,0,0.0
18.06.2004 11:00:00.000,1.20306,1.20593,1.20266,1.20528,33658699.2188,1.202292520387843,0,0,,0,0.0
18.06.2004 12:00:00.000,1.20526,1.20906,1.20376,1.20823,32584800.7813,1.2027492495887784,0,0,,0,0.0
18.06.2004 13:00:00.000,1.20823,1.2116,1.20746,1.2108,32741300.7813,1.2033685380819494,0,0,,0,0.0
18.06.2004 14:00:00.000,1.2109,1.21338,1.21031,1.21227,32840300.7813,1.2040532659217995,0,0,,0,0.0
18.06.2004 15:00:00.000,1.21215,1.2135,1.21146,1.21176,33190898.4375,1.2046460916201227,0,0,,0,0.0
18.06.2004 16:00:00.000,1.21172,1.21368,1.21149,1.21257,297461312.5,1.2052556230339595,0,0,,0,0.0
18.06.2004 17:00:00.000,1.21274,1.21324,1.21167,1.21294,135932703.125,1.2058467289544241,0,0,,0,0.0
18.06.2004 18:00:00.000,1.213,1.21444,1.21276,1.21371,145431000.0,1.20645159595793,0,0,,0,0.0
18.06.2004 19:00:00.000,1.21367,1.21434,1.21315,1.21359,105952203.125,1.207000703961166,0,0,,0,0.0
18.06.2004 20:00:00.000,1.21409,1.21467,1.21309,1.21343,63851500.0,1.2074952651949227,0,1,1.2156699999999998,0,0.0
20.06.2004 21:00:00.000,1.21308,1.21449,1.21291,1.21402,30846699.2188,1.2079971678722363,0,0,,0,0.0
20.06.2004 22:00:00.000,1.2143,1.2145,1.21288,1.2133,32203699.2188,1.2084050780359106,0,0,,0,0.0
20.06.2004 23:00:00.000,1.21325,1.214,1.21287,1.21289,32471099.6094,1.2087500720331483,0,0,,0,0.0
21.06.2004 00:00:00.000,1.21305,1.21441,1.2118,1.21265,31372599.6094,1.209050066492137,0,0,,0,0.0
21.06.2004 01:00:00.000,1.21272,1.21398,1.21221,1.21259,31985800.7813,1.2093223690696653,0,0,,0,0.0
21.06.2004 02:00:00.000,1.21271,1.21277,1.21087,1.21091,31575900.3906,1.209444494525845,2,0,,0,0.0
21.06.2004 03:00:00.000,1.21098,1.21321,1.21098,1.21217,31687000.0,1.2096541487930876,2,0,,0,0.0
21.06.2004 04:00:00.000,1.21238,1.21366,1.21207,1.21296,32239099.6094,1.2099084450397732,2,0,,0,0.0
21.06.2004 05:00:00.000,1.21297,1.21344,1.21191,1.21308,30558099.6094,1.2101524108059445,2,0,,0,0.0
21.06.2004 06:00:00.000,1.21301,1.21357,1.21073,1.21254,31188400.3906,1.2103360715131795,2,0,,0,0.0
21.06.2004 07:00:00.000,1.2125,1.21267,1.20911,1.20939,32593300.7813,1.2102632967813964,0,0,,0,0.0
21.06.2004 08:00:00.000,1.20945,1.2106,1.20883,1.20977,31965800.7813,1.2102253508751353,0,0,,0,0.0
21.06.2004 09:00:00.000,1.20992,1.21045,1.20859,1.2096,31960699.2188,1.2101772469616634,0,0,,0,0.0
21.06.2004 10:00:00.000,1.20957,1.2103,1.2081,1.20865,32783898.4375,1.210059766426151,0,0,,0,0.0
21.06.2004 11:00:00.000,1.20891,1.21184,1.20799,1.21134,30567699.2188,1.2101582459318319,0,0,,0,0.0
21.06.2004 12:00:00.000,1.21122,1.21177,1.20915,1.21106,32092699.2188,1.2102276116293833,0,0,,0,0.0
21.06.2004 13:00:00.000,1.21065,1.21102,1.20749,1.20852,32889000.0,1.2100962568886615,0,2,1.20649,0,0.0
21.06.2004 14:00:00.000,1.20867,1.20989,1.20779,1.20923,32508500.0,1.2100296217433801,0,0,,0,0.0
21.06.2004 15:00:00.000,1.20904,1.21098,1.20834,1.21071,32692099.6094,1.210081958532351,0,0,,0,0.0
21.06.2004 16:00:00.000,1.21056,1.211,1.20958,1.21037,292258500.0,1.210104115568324,0,0,,0,0.0
21.06.2004 17:00:00.000,1.21015,1.21132,1.2098,1.21092,134735093.75,1.2101668759092223,0,0,,0,0.0
21.06.2004 18:00:00.000,1.21071,1.21142,1.20979,1.2104,147245203.125,1.21018480853159,0,0,,0,0.0
21.06.2004 19:00:00.000,1.21043,1.21147,1.21013,1.2111,104193500.0,1.210255207875314,0,0,,0,0.0
21.06.2004 20:00:00.000,1.21098,1.21153,1.21048,1.21132,63128601.5625,1.2103371149618285,0,0,,0,0.0
21.06.2004 21:00:00.000,1.21073,1.21179,1.21065,1.21087,31281300.7813,1.210378106118611,0,0,,0,0.0
21.06.2004 22:00:00.000,1.21112,1.21242,1.21044,1.21207,31118699.2188,1.2105082518017949,0,0,,0,0.0
21.06.2004 23:00:00.000,1.21217,1.21258,1.2109,1.21172,33417300.7813,1.2106014632016568,0,0,,0,0.0
22.06.2004 00:00:00.000,1.21152,1.2125,1.21134,1.2123,31841099.6094,1.2107321198784524,0,0,,0,0.0
22.06.2004 01:00:00.000,1.21238,1.21275,1.21169,1.21261,34892898.4375,1.2108765721954946,0,0,,0,0.0
22.06.2004 02:00:00.000,1.21245,1.21306,1.21078,1.21108,30453599.6094,1.210892220488149,0,1,1.21406,0,0.0
22.06.2004 03:00:00.000,1.21117,1.21242,1.21083,1.21165,32981101.5625,1.21095051121983,0,0,,0,0.0
22.06.2004 04:00:00.000,1.2119,1.21216,1.21115,1.21151,31540300.7813,1.2109935488183046,0,0,,0,0.0
22.06.2004 05:00:00.000,1.21158,1.21175,1.20971,1.21024,32673400.3906,1.210935583524589,0,0,,0,0.0
22.06.2004 06:00:00.000,1.20994,1.21004,1.20734,1.20763,32147800.7813,1.2106813078688514,0,0,,0,0.0
22.06.2004 07:00:00.000,1.20804,1.20926,1.20751,1.209,32924500.0,1.2105519764943244,0,0,,0,0.0
22.06.2004 08:00:00.000,1.20899,1.20986,1.2071,1.209,32337699.2188,1.2104325936870688,0,0,,0,0.0
22.06.2004 09:00:00.000,1.20907,1.20914,1.2069,1.20707,32270599.6094,1.2101739326342174,0,0,,0,0.0
22.06.2004 10:00:00.000,1.20685,1.20871,1.20652,1.20825,31738599.6094,1.2100259378162008,0,2,1.2055200000000001,0,0.0
22.06.2004 11:00:00.000,1.20818,1.2101,1.2077,1.20944,33629898.4375,1.2099808656764932,0,0,,0,0.0
22.06.2004 12:00:00.000,1.20952,1.2106,1.20774,1.20777,34384398.4375,1.2098107990859939,0,0,,0,0.0
22.06.2004 13:00:00.000,1.20777,1.20984,1.2071,1.20961,29577800.7813,1.2097953530024559,0,0,,0,0.0
22.06.2004 14:00:00.000,1.20952,1.21129,1.20801,1.20893,34196199.2188,1.2097287873868825,0,0,,0,0.0
22.06.2004 15:00:00.000,1.20915,1.20947,1.20792,1.20935,31592900.3906,1.209699649895584,0,0,,0,0.0
22.06.2004 16:00:00.000,1.20892,1.20933,1.20775,1.20889,294660812.5,1.2096373691343854,0,0,,0,0.0
22.06.2004 17:00:00.000,1.20882,1.2102,1.20856,1.20879,134700000.0,1.209572186893279,0,0,,0,0.0
22.06.2004 18:00:00.000,1.20858,1.21026,1.20809,1.20953,148414406.25,1.2095689417476423,0,0,,0,0.0
22.06.2004 19:00:00.000,1.20925,1.2106,1.20907,1.20985,105794500.0,1.2095905616132083,0,0,,0,0.0
22.06.2004 20:00:00.000,1.20989,1.21082,1.20931,1.21067,63223500.0,1.2096735953352693,0,0,,0,0.0
22.06.2004 21:00:00.000,1.21052,1.21204,1.21026,1.21123,31977199.2188,1.209793318771018,0,0,,0,0.0
22.06.2004 22:00:00.000,1.2113,1.212,1.21076,1.21184,33057101.5625,1.209950755788632,0,0,,0,0.0
22.06.2004 23:00:00.000,1.21152,1.21269,1.21039,1.21062,32581500.0,1.2100022361125835,0,0,,0,0.0
23.06.2004 00:00:00.000,1.2105,1.21177,1.21032,1.2115,32420300.7813,1.210117448719308,0,0,,0,0.0
23.06.2004 01:00:00.000,1.21152,1.21323,1.21104,1.21268,34819898.4375,1.2103145680485923,0,0,,0,0.0
23.06.2004 02:00:00.000,1.21302,1.21434,1.21223,1.21366,34753101.5625,1.2105719089679314,0,0,,0,0.0
23.06.2004 03:00:00.000,1.21357,1.21398,1.2129,1.21315,32149900.3906,1.210770223662706,0,0,,0,0.0
23.06.2004 04:00:00.000,1.21335,1.21514,1.21305,1.21452,33687398.4375,1.2110586679963442,0,0,,0,0.0
23.06.2004 05:00:00.000,1.21455,1.2167,1.21433,1.21622,31738099.6094,1.211455693535087,0,0,,0,0.0
23.06.2004 06:00:00.000,1.21595,1.21911,1.21574,1.21862,32509900.3906,1.212006794032388,0,1,1.2201099999999998,0,0.0
23.06.2004 07:00:00.000,1.21851,1.21876,1.21501,1.2156,32825500.0,1.2122831944914352,0,0,,0,0.0
23.06.2004 08:00:00.000,1.21542,1.21656,1.21249,1.21305,32374599.6094,1.2123421795305556,0,0,,0,0.0
23.06.2004 09:00:00.000,1.21308,1.21311,1.21083,1.21176,30853699.2188,1.2122973964897437,0,0,,0,0.0
23.06.2004 10:00:00.000,1.21155,1.2119,1.20713,1.20713,31748900.3906,1.211899904452071,0,0,,0,0.0
23.06.2004 11:00:00.000,1.20703,1.20906,1.20684,1.20829,33095699.2188,1.2116222194942197,0,0,,0,0.0
23.06.2004 12:00:00.000,1.2083,1.20959,1.20806,1.20847,33681199.2188,1.2113797410715876,0,0,,0,0.0
23.06.2004 13:00:00.000,1.20832,1.21012,1.20806,1.20835,32012800.7813,1.211146684066081,0,0,,0,0.0
23.06.2004 14:00:00.000,1.20877,1.20958,1.20624,1.20855,33835500.0,1.2109469391379208,0,2,1.20524,0,0.0
23.06.2004 15:00:00.000,1.20852,1.21023,1.20826,1.20909,32626699.2188,1.210804097665773,0,0,,0,0.0
23.06.2004 16:00:00.000,1.20893,1.20989,1.20855,1.20932,294681500.0,1.2106899363068675,0,0,,0,0.0
23.06.2004 17:00:00.000,1.20941,1.20966,1.20803,1.2084,136297593.75,1.2105137873601854,0,0,,0,0.0
23.06.2004 18:00:00.000,1.20855,1.20908,1.20784,1.2089,149710906.25,1.2103896498709403,0,0,,0,0.0
23.06.2004 19:00:00.000,1.20886,1.20919,1.20793,1.20866,105339500.0,1.210256599880868,0,0,,0,0.0
23.06.2004 20:00:00.000,1.20881,1.20945,1.20818,1.209,64526000.0,1.2101599383515707,0,0,,0,0.0
23.06.2004 21:00:00.000,1.20867,1.20948,1.2083,1.20891,32086000.0,1.2100637892476038,0,0,,0,0.0
23.06.2004 22:00:00.000,1.20894,1.20937,1.20793,1.20837,31843000.0,1.209933497767019,0,0,,0,0.0
23.06.2004 23:00:00.000,1.20837,1.20868,1.20679,1.20793,32128000.0,1.2097793825541716,0,0,,0,0.0
24.06.2004 00:00:00.000,1.2075,1.20797,1.20654,1.20694,31691500.0,1.2095609685115432,0,0,,0,0.0
24.06.2004 01:00:00.000,1.20678,1.20759,1.2038,1.20612,34091398.4375,1.20929627862604,1,2,1.2028,0,0.0
24.06.2004 02:00:00.000,1.20613,1.20767,1.20572,1.20732,33900101.5625,1.2091442571932678,1,0,,0,0.0
24.06.2004 03:00:00.000,1.2072,1.20736,1.20582,1.20658,29271099.6094,1.2089470066399395,1,0,,0,0.0
24.06.2004 04:00:00.000,1.20677,1.20703,1.20451,1.20537,30859500.0,1.208671852283021,1,0,,0,0.0
24.06.2004 05:00:00.000,1.20533,1.20695,1.20461,1.20649,31400300.7813,1.2085040174920196,1,0,,0,0.0
24.06.2004 06:00:00.000,1.20656,1.20759,1.20553,1.2057,33708199.2188,1.2082883238387874,1,0,,0,0.0
24.06.2004 07:00:00.000,1.20587,1.21055,1.20577,1.21031,34609800.7813,1.20844383738965,0,0,,0,0.0
24.06.2004 08:00:00.000,1.2105,1.21302,1.21029,1.21143,31277400.3906,1.2086735422058308,0,0,,0,0.0
24.06.2004 09:00:00.000,1.21136,1.21199,1.21037,1.21122,30437699.2188,1.2088694235746131,0,0,,0,0.0
24.06.2004 10:00:00.000,1.21133,1.21169,1.2099,1.21033,32393199.2188,1.2089817756073353,0,0,,0,0.0
24.06.2004 11:00:00.000,1.21045,1.21379,1.21004,1.21299,32692500.0,1.2092901005606171,0,0,,0,0.0
24.06.2004 12:00:00.000,1.21309,1.21628,1.21178,1.21517,31776800.7813,1.2097424005174928,0,0,,0,0.0
24.06.2004 13:00:00.000,1.21564,1.21821,1.21485,1.21749,32018300.7813,1.210338369708455,0,0,,0,0.0
24.06.2004 14:00:00.000,1.2174,1.21874,1.21602,1.21768,32470500.0,1.2109031105001125,0,0,,0,0.0
24.06.2004 15:00:00.000,1.21764,1.21826,1.2155,1.21711,32121099.6094,1.2113805635385653,0,0,,0,0.0
24.06.2004 16:00:00.000,1.21678,1.21825,1.21624,1.21758,288818000.0,1.211857443266368,0,0,,0,0.0
24.06.2004 17:00:00.000,1.2174,1.21806,1.2168,1.21736,134957906.25,1.2122807168612628,0,0,,0,0.0
24.06.2004 18:00:00.000,1.21735,1.21817,1.2162,1.21672,149337500.0,1.2126222001796272,0,0,,0,0.0
24.06.2004 19:00:00.000,1.21667,1.21803,1.21638,1.21642,104294398.4375,1.2129143386273482,0,0,,0,0.0
24.06.2004 20:00:00.000,1.21647,1.21814,1.21629,1.21668,63254101.5625,1.213204004886783,0,0,,0,0.0
24.06.2004 21:00:00.000,1.2164,1.21839,1.21631,1.21814,32328900.3906,1.213583696818569,0,0,,0,0.0
24.06.2004 22:00:00.000,1.21808,1.21889,1.21667,1.21695,31575900.3906,1.2138426432171405,0,1,1.21989,0,0.0
24.06.2004 23:00:00.000,1.21674,1.21763,1.21627,1.21677,33010300.7813,1.2140678245081298,2,0,,0,0.0
25.06.2004 00:00:00.000,1.21685,1.21734,1.21506,1.21508,32531000.0,1.2141456841613505,2,0,,0,0.0
25.06.2004 01:00:00.000,1.21523,1.21579,1.21435,1.21461,33976898.4375,1.2141814007643237,2,0,,0,0.0
25.06.2004 02:00:00.000,1.21434,1.21563,1.21384,1.21506,32845898.4375,1.2142489853209142,2,0,,0,0.0
25.06.2004 03:00:00.000,1.2149,1.21561,1.21446,1.21517,32029699.2188,1.2143198326039208,2,0,,0,0.0
25.06.2004 04:00:00.000,1.21528,1.21567,1.21455,1.2149,32063099.6094,1.2143644608651578,2,0,,0,0.0
25.06.2004 05:00:00.000,1.21498,1.21687,1.21439,1.21622,34829300.7813,1.2145071946447612,2,0,,0,0.0
25.06.2004 06:00:00.000,1.2163,1.21642,1.21435,1.21513,32086199.2188,1.2145551027490105,2,0,,0,0.0
25.06.2004 07:00:00.000,1.21485,1.21495,1.21062,1.21179,32344699.2188,1.2143424025375482,0,2,1.2096200000000001,0,0.0
25.06.2004 08:00:00.000,1.21136,1.21418,1.21107,1.21262,31355199.2188,1.2142099100346602,0,0,,0,0.0
25.06.2004 09:00:00.000,1.21296,1.2139,1.21064,1.21235,30790099.6094,1.214066840031994,0,0,,0,0.0
25.06.2004 10:00:00.000,1.21251,1.21336,1.21179,1.2129,29638300.7813,1.213977083106456,0,0,,0,0.0
25.06.2004 11:00:00.000,1.21286,1.21516,1.21232,1.21316,33006300.7813,1.2139142305598056,0,0,,0,0.0
25.06.2004 12:00:00.000,1.21307,1.21726,1.21291,1.21523,32874898.4375,1.2140154435936668,0,0,,0,0.0
25.06.2004 13:00:00.000,1.21509,1.21531,1.21376,1.21433,33526000.0,1.2140396402403077,0,0,,0,0.0
25.06.2004 14:00:00.000,1.2144,1.2165,1.21276,1.21339,29618099.6094,1.2139896679141302,0,0,,0,0.0
25.06.2004 15:00:00.000,1.2132,1.21543,1.21314,1.21425,31592199.2188,1.2140096934591973,0,0,,0,0.0
25.06.2004 16:00:00.000,1.21402,1.21477,1.21327,1.21382,291871906.25,1.2139951016546437,0,0,,0,0.0
25.06.2004 17:00:00.000,1.2138,1.21484,1.21324,1.2146,136722906.25,1.2140416322965943,0,0,,0,0.0
25.06.2004 18:00:00.000,1.21495,1.21588,1.21444,1.21572,147074906.25,1.2141707375045487,0,0,,0,0.0
25.06.2004 19:00:00.000,1.2154,1.21627,1.2151,1.21569,102811296.875,1.2142876038503527,0,0,,0,0.0
25.06.2004 20:00:00.000,1.21548,1.21781,1.21539,1.2172,61452398.4375,1.2145116343234026,0,0,,0,0.0
27.06.2004 21:00:00.000,1.2173,1.21789,1.21679,1.2176,34218300.7813,1.2147492009139103,0,0,,0,0.0
27.06.2004 22:00:00.000,1.21787,1.21816,1.21654,1.21691,32067000.0,1.214915416228225,0,1,1.2191599999999998,0,0.0
27.06.2004 23:00:00.000,1.21713,1.21779,1.21634,1.21659,33291699.2188,1.2150442303645153,0,0,,0,0.0
28.06.2004 00:00:00.000,1.21641,1.21717,1.21524,1.21532,32963199.2188,1.2150654434133987,0,0,,0,0.0
28.06.2004 01:00:00.000,1.2154,1.21587,1.21465,1.21548,31510099.6094,1.2150973323815988,0,0,,0,0.0
28.06.2004 02:00:00.000,1.2154,1.21564,1.21486,1.21517,34668000.0,1.2151029221983989,0,0,,0,0.0
28.06.2004 03:00:00.000,1.21518,1.21664,1.2149,1.21618,28907000.0,1.2151857743369836,0,0,,0,0.0
28.06.2004 04:00:00.000,1.2165,1.2166,1.21481,1.21531,33889898.4375,1.2151953301572158,0,0,,0,0.0
28.06.2004 05:00:00.000,1.21532,1.21555,1.21338,1.21445,32502900.3906,1.2151379970681992,0,0,,0,0.0
28.06.2004 06:00:00.000,1.21455,1.21461,1.21209,1.21316,31129800.7813,1.2149858434475687,0,2,1.21109,0,0.0
28.06.2004 07:00:00.000,1.21317,1.2171,1.21309,1.21677,31675900.3906,1.215123086259294,0,0,,0,0.0
28.06.2004 08:00:00.000,1.21675,1.21776,1.21534,1.21617,31067300.7813,1.2152036180855024,0,0,,0,0.0
28.06.2004 09:00:00.000,1.21627,1.21682,1.21451,1.21642,31228599.6094,1.2152971859250792,0,0,,0,0.0
28.06.2004 10:00:00.000,1.21633,1.2169,1.21606,1.21648,31059400.3906,1.21538817162315,0,0,,0,0.0
28.06.2004 11:00:00.000,1.21637,1.2177,1.21623,1.21725,34296699.2188,1.2155313891906,0,0,,0,0.0
28.06.2004 12:00:00.000,1.21728,1.22268,1.21722,1.22146,32335500.0,1.2159874361759386,0,1,1.2236799999999999,0,0.0
28.06.2004 13:00:00.000,1.22162,1.22165,1.22041,1.22119,32820000.0,1.216387633393174,0,0,,0,0.0
28.06.2004 14:00:00.000,1.22117,1.2223,1.21835,1.21878,33302398.4375,1.2165716615936992,0,0,,0,0.0
28.06.2004 15:00:00.000,1.21892,1.2201,1.21845,1.21921,32965000.0,1.2167746107018764,0,0,,0,0.0
28.06.2004 16:00:00.000,1.21892,1.21917,1.21546,1.2157,294716406.25,1.2166919483401937,0,0,,0,0.0
28.06.2004 17:00:00.000,1.21581,1.21704,1.21526,1.21653,135257406.25,1.2166794907755634,0,0,,0,0.0
28.06.2004 18:00:00.000,1.21645,1.2187,1.21604,1.21827,148742500.0,1.2168018376389818,0,0,,0,0.0
28.06.2004 19:00:00.000,1.21836,1.21937,1.21799,1.21846,105549000.0,1.2169293885898296,0,0,,0,0.0
28.06.2004 20:00:00.000,1.21838,1.21897,1.21774,1.21845,64540898.4375,1.2170463586983042,0,0,,0,0.0
28.06.2004 21:00:00.000,1.21795,1.21886,1.21756,1.2182,31045500.0,1.2171351003368962,0,0,,0,0.0
28.06.2004 22:00:00.000,1.21832,1.21919,1.218,1.21837,32876800.7813,1.2172300926186737,0,0,,0,0.0
28.06.2004 23:00:00.000,1.21834,1.21916,1.21778,1.21874,29798699.2188,1.217346239340314,0,0,,0,0.0
29.06.2004 00:00:00.000,1.21848,1.21865,1.21651,1.21755,32467099.6094,1.217361913237213,0,0,,0,0.0
29.06.2004 01:00:00.000,1.21749,1.21786,1.21637,1.21736,31973400.3906,1.21736176606512,0,0,,0,0.0
29.06.2004 02:00:00.000,1.2172,1.218,1.21699,1.21792,33509300.7813,1.2174047071370337,0,0,,0,0.0
29.06.2004 03:00:00.000,1.21778,1.21846,1.21695,1.21752,30648099.6094,1.2174135758188005,0,0,,0,0.0
29.06.2004 04:00:00.000,1.21765,1.21858,1.21714,1.2181,30668900.3906,1.217466377678893,0,0,,0,0.0
29.06.2004 05:00:00.000,1.21794,1.21831,1.21604,1.21622,32500699.2188,1.2173705024728245,0,0,,0,0.0
29.06.2004 06:00:00.000,1.21612,1.21695,1.21487,1.21641,31667300.7813,1.2172966176672226,0,0,,0,0.0
29.06.2004 07:00:00.000,1.21632,1.21665,1.2133,1.21367,31882500.0,1.2170176470774363,0,0,,0,0.0
29.06.2004 08:00:00.000,1.2135,1.21593,1.21314,1.21536,30905199.2188,1.2168901357637874,0,0,,0,0.0
29.06.2004 09:00:00.000,1.2154,1.21666,1.21501,1.21629,30498400.3906,1.2168439714742652,0,0,,0,0.0
29.06.2004 10:00:00.000,1.21636,1.2169,1.21496,1.21539,31029900.3906,1.2167321275147063,0,0,,0,0.0
29.06.2004 11:00:00.000,1.21562,1.21793,1.21485,1.21756,32745099.6094,1.216795810013575,0,0,,0,0.0
29.06.2004 12:00:00.000,1.21737,1.21782,1.21582,1.21628,32656400.3906,1.2167561323202232,0,0,,0,0.0
29.06.2004 13:00:00.000,1.21643,1.21657,1.21279,1.21321,31740599.6094,1.2164833529109753,0,0,,0,0.0
29.06.2004 14:00:00.000,1.21328,1.21399,1.21105,1.21111,31322300.7813,1.2160700180716695,0,0,,0,0.0
29.06.2004 15:00:00.000,1.21128,1.21324,1.21071,1.21209,30758199.2188,1.2157638628353873,0,0,,0,0.0
29.06.2004 16:00:00.000,1.21205,1.21251,1.21038,1.21158,295841000.0,1.2154420272326654,0,0,,0,0.0
29.06.2004 17:00:00.000,1.21124,1.21266,1.21118,1.21209,136900796.875,1.2151841789839988,0,0,,0,0.0
29.06.2004 18:00:00.000,1.21209,1.21241,1.20646,1.2081,146686593.75,1.214639242139076,0,2,1.2054600000000002,0,0.0
29.06.2004 19:00:00.000,1.20815,1.20857,1.20723,1.20808,102486398.4375,1.214134685051455,0,0,,0,0.0
29.06.2004 20:00:00.000,1.2083,1.20871,1.20738,1.208,64152398.4375,1.2136627862013432,0,0,,0,0.0
29.06.2004 21:00:00.000,1.20775,1.20837,1.20702,1.20761,30198800.7813,1.2131971872627783,0,0,,0,0.0
29.06.2004 22:00:00.000,1.20746,1.20952,1.20744,1.20919,31245699.2188,1.2128889420887186,0,0,,0,0.0
29.06.2004 23:00:00.000,1.20892,1.2094,1.20764,1.20869,32830101.5625,1.2125659465434324,0,0,,0,0.0
30.06.2004 00:00:00.000,1.20849,1.20932,1.20748,1.20842,33141000.0,1.212247027578553,0,0,,0,0.0
30.06.2004 01:00:00.000,1.20829,1.21069,1.20718,1.21032,33533601.5625,1.2120987946878954,0,0,,0,0.0
30.06.2004 02:00:00.000,1.21018,1.21042,1.2086,1.20926,32432599.6094,1.2118804258657498,0,0,,0,0.0
30.06.2004 03:00:00.000,1.2093,1.20989,1.2082,1.20846,30260000.0,1.211617316183769,0,0,,0,0.0
30.06.2004 04:00:00.000,1.2088,1.20892,1.20794,1.20842,32600400.3906,1.2113713687850176,1,0,,0,0.0
30.06.2004 05:00:00.000,1.20845,1.20935,1.20748,1.20825,30643400.3906,1.2111312634938625,1,0,,0,0.0
30.06.2004 06:00:00.000,1.20813,1.20848,1.2063,1.20658,33490199.2188,1.210781166302027,1,2,1.2053,0,0.0
30.06.2004 07:00:00.000,1.20678,1.2112,1.2065,1.21057,33627898.4375,1.2107649227403325,1,0,,0,0.0
30.06.2004 08:00:00.000,1.21045,1.21311,1.20991,1.21311,32201300.7813,1.2109453132987684,0,0,,0,0.0
30.06.2004 09:00:00.000,1.21313,1.21426,1.21175,1.21417,32456199.2188,1.21119336612194,0,0,,0,0.0
30.06.2004 10:00:00.000,1.21399,1.21649,1.21209,1.21559,31395000.0,1.2115315687279447,0,0,,0,0.0
30.06.2004 11:00:00.000,1.21518,1.21609,1.21445,1.21549,31698199.2188,1.2118360634411798,0,0,,0,0.0
30.06.2004 12:00:00.000,1.21551,1.21679,1.21469,1.2156,32603500.0,1.2121255970226275,0,0,,0,0.0
30.06.2004 13:00:00.000,1.21585,1.21885,1.21534,1.21861,31433099.6094,1.2126243972516562,0,0,,0,0.0
30.06.2004 14:00:00.000,1.21847,1.2192,1.21632,1.21666,33472800.7813,1.212934828232298,0,0,,0,0.0
30.06.2004 15:00:00.000,1.21648,1.21838,1.21505,1.21785,31977099.6094,1.2133129183682752,0,0,,0,0.0
30.06.2004 16:00:00.000,1.21746,1.21845,1.21639,1.21699,294400312.5,1.2135957708014848,0,0,,0,0.0
30.06.2004 17:00:00.000,1.21678,1.21747,1.2158,1.21646,133722203.125,1.2138160961244477,0,0,,0,0.0
30.06.2004 18:00:00.000,1.21659,1.22035,1.21526,1.21837,147682593.75,1.2141663964225673,0,0,,0,0.0
30.06.2004 19:00:00.000,1.21837,1.21981,1.21756,1.2194,106004601.5625,1.2145689813131393,0,0,,0,0.0
30.06.2004 20:00:00.000,1.2194,1.22014,1.21861,1.21928,60241898.4375,1.214931367365975,0,0,,0,0.0
30.06.2004 21:00:00.000,1.21938,1.2197,1.21812,1.21815,31691800.7813,1.2151789544916693,0,0,,0,0.0
30.06.2004 22:00:00.000,1.21827,1.21859,1.21769,1.21779,31561000.0,1.2153798041461565,0,0,,0,0.0
30.06.2004 23:00:00.000,1.21785,1.22078,1.21745,1.21997,31746800.7813,1.2157328961349139,0,1,1.2217799999999999,0,0.0
01.07.2004 00:00:00.000,1.21987,1.22068,1.2177,1.21778,33093699.2188,1.2158903656629976,2,0,,0,0.0
01.07.2004 01:00:00.000,1.21776,1.21907,1.21725,1.2178,33019398.4375,1.2160372606119978,2,0,,0,0.0
01.07.2004 02:00:00.000,1.21777,1.21795,1.21638,1.2166,33601898.4375,1.2160805482572288,2,0,,0,0.0
01.07.2004 03:00:00.000,1.21656,1.2172,1.21531,1.21588,32086000.0,1.2160651214682112,0,0,,0,0.0
01.07.2004 04:00:00.000,1.21609,1.21704,1.21504,1.21622,32436599.6094,1.2160770352014258,0,0,,0,0.0
01.07.2004 05:00:00.000,1.21613,1.21777,1.21598,1.21712,31335400.3906,1.2161572632628548,0,0,,0,0.0
01.07.2004 06:00:00.000,1.21705,1.21726,1.21562,1.216,31162500.0,1.2161451660887892,0,0,,0,0.0
01.07.2004 07:00:00.000,1.21576,1.21596,1.21385,1.2156,30397500.0,1.2161032302358055,0,0,,0,0.0
01.07.2004 08:00:00.000,1.21543,1.21558,1.21319,1.21422,32772699.2188,1.2159583663715128,0,2,1.21219,0,0.0
01.07.2004 09:00:00.000,1.21415,1.21796,1.21383,1.21769,31197599.6094,1.2160915689583196,0,0,,0,0.0
01.07.2004 10:00:00.000,1.21761,1.21885,1.21696,1.21758,31886000.0,1.2162060636538337,0,0,,0,0.0
01.07.2004 11:00:00.000,1.21757,1.21758,1.2146,1.21621,31114900.3906,1.2162063664496927,0,0,,0,0.0
01.07.2004 12:00:00.000,1.21636,1.21773,1.21591,1.21735,30846599.6094,1.2162943382612548,0,0,,0,0.0
01.07.2004 13:00:00.000,1.21739,1.21797,1.21629,1.2167,30247300.7813,1.2163255430103892,0,0,,0,0.0
01.07.2004 14:00:00.000,1.21658,1.2174,1.21464,1.21607,31535199.2188,1.216305885855744,0,0,,0,0.0
01.07.2004 15:00:00.000,1.2161,1.21651,1.2143,1.21563,30752699.2188,1.2162538946360715,0,0,,0,0.0
01.07.2004 16:00:00.000,1.21585,1.21731,1.21486,1.21648,296890812.5,1.2162712873563737,0,0,,0,0.0
01.07.2004 17:00:00.000,1.21641,1.21758,1.21592,1.21695,134216406.25,1.216323496021268,0,0,,0,0.0
01.07.2004 18:00:00.000,1.21682,1.21764,1.21622,1.21696,147489796.875,1.216372457865786,0,0,,0,0.0
01.07.2004 19:00:00.000,1.21702,1.21752,1.21614,1.21646,106374703.125,1.2163791918761102,0,0,,0,0.0
01.07.2004 20:00:00.000,1.21643,1.2166,1.21529,1.21565,60506398.4375,1.2163231001933326,0,0,,0,0.0
01.07.2004 21:00:00.000,1.21507,1.21618,1.21482,1.215,32481099.6094,1.216221323255384,0,0,,0,0.0
01.07.2004 22:00:00.000,1.21559,1.21595,1.21475,1.21563,31734199.2188,1.2161758368511237,0,0,,0,0.0
01.07.2004 23:00:00.000,1.21576,1.21661,1.21545,1.21618,31949500.0,1.2161761570933451,0,0,,0,0.0
02.07.2004 00:00:00.000,1.21629,1.21634,1.21431,1.21467,31590599.6094,1.2160602988553957,0,0,,0,0.0
02.07.2004 01:00:00.000,1.21458,1.21605,1.21438,1.21554,34483199.2188,1.216020275866519,0,0,,0,0.0
02.07.2004 02:00:00.000,1.2155,1.21869,1.21538,1.21809,34097101.5625,1.2161794854152486,0,0,,0,0.0
02.07.2004 03:00:00.000,1.21848,1.21854,1.21677,1.21735,31194800.7813,1.216269524998691,0,0,,0,0.0
02.07.2004 04:00:00.000,1.21743,1.21795,1.2168,1.21737,32914699.2188,1.2163541769218689,0,0,,0,0.0
02.07.2004 05:00:00.000,1.21742,1.21835,1.21609,1.21633,32198099.6094,1.2163523171586483,0,0,,0,0.0
02.07.2004 06:00:00.000,1.21644,1.21775,1.21575,1.21714,32187199.2188,1.2164129081464445,0,0,,0,0.0
02.07.2004 07:00:00.000,1.21728,1.21733,1.21489,1.21587,32567000.0,1.2163711459813336,0,0,,0,0.0
02.07.2004 08:00:00.000,1.21582,1.21606,1.21437,1.21454,30977800.7813,1.2162302885981542,0,0,,0,0.0
02.07.2004 09:00:00.000,1.21488,1.21559,1.21416,1.21536,31079099.6094,1.2161633433213732,0,2,1.21316,0,0.0
02.07.2004 10:00:00.000,1.21521,1.21629,1.21472,1.21499,29975300.7813,1.216073086142806,0,0,,0,0.0
02.07.2004 11:00:00.000,1.21519,1.21626,1.21486,1.21504,33138500.0,1.215993617977975,0,0,,0,0.0
02.07.2004 12:00:00.000,1.21525,1.22882,1.21453,1.22691,33819601.5625,1.2168333396719768,0,0,,0,0.0
02.07.2004 13:00:00.000,1.2272,1.23055,1.22648,1.22933,30778500.0,1.217794621235671,0,0,,0,0.0
02.07.2004 14:00:00.000,1.22949,1.23086,1.22822,1.22987,32680500.0,1.218723496525235,0,0,,0,0.0
02.07.2004 15:00:00.000,1.22977,1.23086,1.22912,1.23051,31942099.6094,1.2196301506386784,0,0,,0,0.0
02.07.2004 16:00:00.000,1.23033,1.23264,1.23023,1.23202,297151406.25,1.2205832159741647,0,0,,0,0.0
02.07.2004 17:00:00.000,1.23192,1.23259,1.23101,1.23224,136397796.875,1.2214798916684597,0,0,,0,0.0
02.07.2004 18:00:00.000,1.23218,1.23242,1.23087,1.23145,148514703.125,1.2222468230785781,0,0,,0,0.0
02.07.2004 19:00:00.000,1.23164,1.23213,1.23097,1.23177,104798703.125,1.2229793751494569,0,0,,0,0.0
02.07.2004 20:00:00.000,1.23189,1.23271,1.23082,1.23105,65354898.4375,1.2236001924456525,0,0,,0,0.0
04.07.2004 21:00:00.000,1.23205,1.23294,1.23169,1.23257,31808500.0,1.2242901776421409,0,0,,0,0.0
04.07.2004 22:00:00.000,1.23275,1.2335,1.23153,1.23245,32954500.0,1.2249178562850531,0,1,1.2345,0,0.0
04.07.2004 23:00:00.000,1.23239,1.23305,1.23093,1.23254,33078000.0,1.2255041750323568,0,0,,0,0.0
05.07.2004 00:00:00.000,1.23279,1.23299,1.2312,1.23213,31790500.0,1.2260138538760217,0,0,,0,0.0
05.07.2004 01:00:00.000,1.2324,1.23304,1.2316,1.23224,33380699.2188,1.2264927881932508,0,0,,0,0.0
05.07.2004 02:00:00.000,1.2322,1.23273,1.23092,1.23137,32793699.2188,1.2268679583322315,0,0,,0,0.0
05.07.2004 03:00:00.000,1.23137,1.2319,1.2309,1.23103,30894500.0,1.2271881153835984,0,0,,0,0.0
05.07.2004 04:00:00.000,1.23127,1.23259,1.23102,1.23219,31491500.0,1.2275728757387063,2,0,,0,0.0
05.07.2004 05:00:00.000,1.23195,1.23258,1.23146,1.23184,30436800.7813,1.2279011160664983,2,0,,0,0.0
05.07.2004 06:00:00.000,1.23197,1.23268,1.23123,1.23191,30227300.7813,1.2282094917536908,2,0,,0,0.0
05.07.2004 07:00:00.000,1.23193,1.23221,1.22968,1.23082,30255699.2188,1.22841030008033,2,0,,0,0.0
05.07.2004 08:00:00.000,1.23085,1.23087,1.22889,1.22907,30927599.6094,1.228461046227997,2,0,,0,0.0
05.07.2004 09:00:00.000,1.22893,1.22946,1.22813,1.22871,30901300.7813,1.228480196518151,2,0,,0,0.0
05.07.2004 10:00:00.000,1.22863,1.22956,1.22772,1.22875,32105500.0,1.2285009506321396,2,0,,0,0.0
05.07.2004 11:00:00.000,1.22827,1.22937,1.22792,1.22798,32010300.7813,1.2284608775065904,0,0,,0,0.0
05.07.2004 12:00:00.000,1.22788,1.22884,1.2277,1.22855,33138000.0,1.2284677330830065,0,0,,0,0.0
05.07.2004 13:00:00.000,1.22853,1.22936,1.22815,1.22862,30607599.6094,1.2284794459227752,0,0,,0,0.0
05.07.2004 14:00:00.000,1.2289,1.22894,1.22712,1.22743,31849800.7813,1.228398719313331,0,0,,0,0.0
05.07.2004 15:00:00.000,1.22723,1.22861,1.22684,1.22773,31026800.7813,1.2283472793661516,0,0,,0,0.0
05.07.2004 16:00:00.000,1.22772,1.22863,1.22721,1.22833,295500000.0,1.2283459501841398,0,0,,0,0.0
05.07.2004 17:00:00.000,1.22816,1.2287,1.22703,1.22805,136672203.125,1.22832318478536,0,0,,0,0.0
05.07.2004 18:00:00.000,1.22831,1.22917,1.22654,1.22865,145047703.125,1.2283483244172555,0,2,1.22554,0,0.0
05.07.2004 19:00:00.000,1.22828,1.22918,1.22705,1.22806,106797000.0,1.2283261456159282,0,0,,0,0.0
05.07.2004 20:00:00.000,1.22817,1.22888,1.22728,1.22879,66316000.0,1.2283618267223952,0,0,,0,0.0
05.07.2004 21:00:00.000,1.22832,1.22908,1.2277,1.22832,30676500.0,1.2283586092822112,0,0,,0,0.0
05.07.2004 22:00:00.000,1.2283,1.22983,1.22785,1.22934,33135898.4375,1.2284341008758872,0,0,,0,0.0
05.07.2004 23:00:00.000,1.22904,1.23087,1.22902,1.23033,32013000.0,1.2285799392700498,0,0,,0,0.0
06.07.2004 00:00:00.000,1.23027,1.23066,1.22882,1.22942,32334699.2188,1.2286445593262,0,0,,0,0.0
06.07.2004 01:00:00.000,1.2292,1.23027,1.22825,1.22871,33168398.4375,1.2286495932241848,0,0,,0,0.0
06.07.2004 02:00:00.000,1.2287,1.22997,1.22827,1.22875,30055699.2188,1.2286573168223245,0,0,,0,0.0
06.07.2004 03:00:00.000,1.22855,1.23007,1.22855,1.22984,30876199.2188,1.2287482924513766,0,0,,0,0.0
06.07.2004 04:00:00.000,1.22995,1.23149,1.22963,1.23091,33375398.4375,1.2289145776474246,0,0,,0,0.0
06.07.2004 05:00:00.000,1.23071,1.23183,1.23071,1.23138,31338199.2188,1.2291042255206999,0,0,,0,0.0
06.07.2004 06:00:00.000,1.23149,1.23181,1.22948,1.2301,31853599.6094,1.2291808235575692,0,0,,0,0.0
06.07.2004 07:00:00.000,1.23013,1.23144,1.22986,1.23064,30957500.0,1.2292930678992946,0,0,,0,0.0
06.07.2004 08:00:00.000,1.23047,1.23082,1.22781,1.22908,29715699.2188,1.2292766780608875,0,0,,0,0.0
06.07.2004 09:00:00.000,1.22927,1.22947,1.22737,1.22737,30685900.3906,1.2291300105177423,0,0,,0,0.0
06.07.2004 10:00:00.000,1.22732,1.2286,1.22688,1.22843,28770699.2188,1.229076163554839,0,0,,0,0.0
06.07.2004 11:00:00.000,1.22867,1.23127,1.22732,1.23115,32534000.0,1.229235689435236,0,0,,0,0.0
06.07.2004 12:00:00.000,1.23103,1.23276,1.2301,1.2327,32772199.2188,1.2295021748632948,0,0,,0,0.0
06.07.2004 13:00:00.000,1.23259,1.2329,1.22995,1.23115,33215500.0,1.2296289306430415,0,1,1.2339,0,0.0
06.07.2004 14:00:00.000,1.23099,1.23242,1.22662,1.22785,32489900.3906,1.229492089824346,0,0,,0,0.0
06.07.2004 15:00:00.000,1.22748,1.22908,1.22638,1.22875,32032000.0,1.229435005991704,0,2,1.2253800000000001,0,0.0
06.07.2004 16:00:00.000,1.22874,1.23115,1.2286,1.23027,295607406.25,1.2294992363000345,0,0,,0,0.0
06.07.2004 17:00:00.000,1.2303,1.23066,1.22866,1.22903,135990593.75,1.2294631412000319,0,0,,0,0.0
06.07.2004 18:00:00.000,1.2294,1.23084,1.22878,1.23027,146791703.125,1.2295252072615679,0,0,,0,0.0
06.07.2004 19:00:00.000,1.23061,1.23061,1.22847,1.2289,106048398.4375,1.2294771143952936,0,0,,0,0.0
06.07.2004 20:00:00.000,1.22898,1.22959,1.22778,1.22793,64241300.7813,1.2293581055956557,0,0,,0,0.0
06.07.2004 21:00:00.000,1.22757,1.22902,1.22757,1.2285,30338500.0,1.2292920974729131,0,0,,0,0.0
06.07.2004 22:00:00.000,1.22844,1.22878,1.22763,1.22802,29799599.6094,1.2291942438211507,0,0,,0,0.0
06.07.2004 23:00:00.000,1.22804,1.23023,1.2277,1.22956,31335400.3906,1.2292223789118315,0,0,,0,0.0
07.07.2004 00:00:00.000,1.22934,1.23054,1.22715,1.22816,32140400.3906,1.2291406574570753,0,0,,0,0.0
07.07.2004 01:00:00.000,1.22831,1.23011,1.22772,1.22885,32324400.3906,1.2291182991911465,0,0,,0,0.0
07.07.2004 02:00:00.000,1.22894,1.23004,1.22848,1.22962,31673500.0,1.2291568915610585,0,0,,0,0.0
07.07.2004 03:00:00.000,1.22922,1.23204,1.22913,1.23126,31716199.2188,1.229318669133285,0,0,,0,0.0
07.07.2004 04:00:00.000,1.23115,1.23277,1.23057,1.23246,32697800.7813,1.229560309969186,0,0,,0,0.0
07.07.2004 05:00:00.000,1.23215,1.23647,1.23179,1.23624,32320500.0,1.2300741322792488,0,0,,0,0.0
07.07.2004 06:00:00.000,1.23665,1.23702,1.23435,1.23465,30662599.6094,1.230426122103922,0,0,,0,0.0
07.07.2004 07:00:00.000,1.23443,1.23485,1.23321,1.23439,33823398.4375,1.2307310357882357,0,0,,0,0.0
07.07.2004 08:00:00.000,1.23449,1.23681,1.23431,1.23493,30966300.7813,1.2310540330352948,0,0,,0,0.0
07.07.2004 09:00:00.000,1.2352,1.23769,1.2351,1.23665,32102000.0,1.23148449203258,0,0,,0,0.0
07.07.2004 10:00:00.000,1.2369,1.23695,1.23571,1.23622,30220000.0,1.231848761876228,0,0,,0,0.0
07.07.2004 11:00:00.000,1.23656,1.23747,1.23547,1.23613,32229699.2188,1.232178087885749,0,0,,0,0.0
07.07.2004 12:00:00.000,1.23642,1.23757,1.23493,1.23633,32493300.7813,1.2324974657406913,0,0,,0,0.0
07.07.2004 13:00:00.000,1.23633,1.23687,1.23542,1.2363,32108099.6094,1.2327899683760228,0,0,,0,0.0
07.07.2004 14:00:00.000,1.23638,1.23829,1.2351,1.23603,32983500.0,1.2330392015778673,0,0,,0,0.0
07.07.2004 15:00:00.000,1.23611,1.23879,1.23608,1.23822,32376699.2188,1.233437724533416,0,1,1.23979,0,0.0
07.07.2004 16:00:00.000,1.23808,1.23843,1.23668,1.23744,288129812.5,1.2337455918769995,0,0,,0,0.0
07.07.2004 17:00:00.000,1.23734,1.23755,1.23632,1.23719,133595703.125,1.2340105463479996,0,0,,0,0.0
07.07.2004 18:00:00.000,1.23735,1.23777,1.23622,1.23658,147496796.875,1.2342081966289227,0,0,,0,0.0
07.07.2004 19:00:00.000,1.23656,1.23697,1.23585,1.23619,105836601.5625,1.2343606430420826,2,0,,0,0.0
07.07.2004 20:00:00.000,1.23652,1.23733,1.23615,1.23693,64720300.7813,1.2345582858849993,2,0,,0,0.0
07.07.2004 21:00:00.000,1.23659,1.23748,1.23624,1.23633,31150699.2188,1.2346945715861533,2,0,,0,0.0
07.07.2004 22:00:00.000,1.23647,1.2368,1.23605,1.23646,33133398.4375,1.2348303737718338,2,0,,0,0.0
07.07.2004 23:00:00.000,1.23648,1.23817,1.23616,1.23749,31942199.2188,1.2350349604047697,2,0,,0,0.0
08.07.2004 00:00:00.000,1.23742,1.23823,1.2359,1.23658,32198699.2188,1.2351538096044028,2,0,,0,0.0
08.07.2004 01:00:00.000,1.2365,1.23668,1.23511,1.23548,31621199.2188,1.235178901173295,2,0,,0,0.0
08.07.2004 02:00:00.000,1.23552,1.23629,1.23466,1.23524,32589300.7813,1.2351836010830415,2,0,,0,0.0
08.07.2004 03:00:00.000,1.23538,1.23576,1.23464,1.23541,31981099.6094,1.235201016384346,2,0,,0,0.0
08.07.2004 04:00:00.000,1.2355,1.2357,1.23502,1.23548,32151599.6094,1.2352224766624733,2,0,,0,0.0
08.07.2004 05:00:00.000,1.23546,1.23809,1.2354,1.23692,33169398.4375,1.2353530553807448,2,0,,0,0.0
08.07.2004 06:00:00.000,1.2368,1.23719,1.23495,1.23561,30746599.6094,1.235372820351457,2,0,,0,0.0
08.07.2004 07:00:00.000,1.23585,1.23723,1.23451,1.23634,32455500.0,1.2354472187859604,2,0,,0,0.0
08.07.2004 08:00:00.000,1.23637,1.23715,1.23499,1.23515,29823199.2188,1.235424355802425,0,0,,0,0.0
08.07.2004 09:00:00.000,1.2352,1.23595,1.23386,1.23473,29876300.7813,1.235370943817623,0,2,1.23286,0,0.0
08.07.2004 10:00:00.000,1.23489,1.23656,1.23454,1.23562,30594800.7813,1.2353901019854983,0,0,,0,0.0
08.07.2004 11:00:00.000,1.23553,1.23653,1.2341,1.23473,31056000.0,1.2353393249096907,0,0,,0,0.0
08.07.2004 12:00:00.000,1.2346,1.2365,1.2343,1.23635,33233500.0,1.235417069147407,0,0,,0,0.0
08.07.2004 13:00:00.000,1.23626,1.23858,1.23507,1.23799,31622099.6094,1.2356149869052986,0,0,,0,0.0
08.07.2004 14:00:00.000,1.23794,1.24042,1.23758,1.23992,31262900.3906,1.2359461417587374,0,1,1.24142,0,0.0
08.07.2004 15:00:00.000,1.24003,1.24021,1.23766,1.23887,31416800.7813,1.2361710539311421,0,0,,0,0.0
08.07.2004 16:00:00.000,1.23875,1.23955,1.23827,1.23941,295778406.25,1.2364202036287466,0,0,,0,0.0
08.07.2004 17:00:00.000,1.2394,1.23979,1.23861,1.23892,136986296.875,1.2366124956573048,0,0,,0,0.0
08.07.2004 18:00:00.000,1.23873,1.2398,1.23819,1.23925,145258296.875,1.236815380606743,0,0,,0,0.0
08.07.2004 19:00:00.000,1.23914,1.2394,1.23821,1.23894,102256703.125,1.2369788128677628,0,0,,0,0.0
08.07.2004 20:00:00.000,1.23906,1.23916,1.23788,1.23806,64099300.7813,1.2370619811087042,0,0,,0,0.0
08.07.2004 21:00:00.000,1.23782,1.23929,1.23782,1.2389,32400000.0,1.2372033671772655,0,0,,0,0.0
08.07.2004 22:00:00.000,1.23907,1.23945,1.23852,1.23921,32452000.0,1.2373577235482451,0,0,,0,0.0
08.07.2004 23:00:00.000,1.23895,1.24009,1.23869,1.23893,30612800.7813,1.2374786678906877,0,0,,0,0.0
09.07.2004 00:00:00.000,1.23877,1.23969,1.23843,1.23949,30472900.3906,1.2376333857452504,0,0,,0,0.0
09.07.2004 01:00:00.000,1.23945,1.24195,1.23907,1.24121,33024699.2188,1.2379085099186928,0,0,,0,0.0
09.07.2004 02:00:00.000,1.24108,1.24196,1.24007,1.24009,32315900.3906,1.2380763168480242,0,0,,0,0.0
09.07.2004 03:00:00.000,1.24021,1.24111,1.23984,1.24028,31673900.3906,1.238245830936638,0,0,,0,0.0
09.07.2004 04:00:00.000,1.24027,1.24199,1.24015,1.24163,30620800.7813,1.2385061516338198,2,0,,0,0.0
09.07.2004 05:00:00.000,1.24142,1.2422,1.24039,1.24118,32227099.6094,1.2387118322773722,2,1,1.2431999999999999,0,0.0
09.07.2004 06:00:00.000,1.2414,1.24157,1.23979,1.24091,31695400.3906,1.23888092210219,2,0,,0,0.0
09.07.2004 07:00:00.000,1.24086,1.24103,1.23762,1.23834,32377199.2188,1.238839312709714,0,0,,0,0.0
09.07.2004 08:00:00.000,1.23845,1.23889,1.23732,1.23837,31363699.2188,1.2388032117320438,0,0,,0,0.0
09.07.2004 09:00:00.000,1.2385,1.23931,1.23777,1.23799,30087800.7813,1.238740656983425,0,0,,0,0.0
09.07.2004 10:00:00.000,1.23815,1.23943,1.23767,1.23932,31030800.7813,1.2387852218308537,0,0,,0,0.0
09.07.2004 11:00:00.000,1.23926,1.2395,1.23789,1.23801,31360099.6094,1.2387255893823266,0,0,,0,0.0
09.07.2004 12:00:00.000,1.2381,1.23922,1.23677,1.23824,31266500.0,1.2386882363529168,0,2,1.23577,0,0.0
09.07.2004 13:00:00.000,1.23857,1.23967,1.23789,1.23827,32482400.3906,1.2386560643257694,0,0,,0,0.0
09.07.2004 14:00:00.000,1.2383,1.23897,1.23706,1.23881,32971101.5625,1.2386679055314793,0,0,,0,0.0
09.07.2004 15:00:00.000,1.23878,1.23926,1.23791,1.23863,32426599.6094,1.2386649897213655,0,0,,0,0.0
09.07.2004 16:00:00.000,1.23879,1.24034,1.23829,1.23903,293523812.5,1.2386930674351067,0,0,,0,0.0
09.07.2004 17:00:00.000,1.23908,1.24096,1.23869,1.24042,133513093.75,1.2388259084016369,0,0,,0,0.0
09.07.2004 18:00:00.000,1.24035,1.24129,1.23998,1.24035,149493203.125,1.2389431462168956,0,0,,0,0.0
09.07.2004 19:00:00.000,1.24039,1.24112,1.23999,1.24112,103318796.875,1.2391105965079037,0,0,,0,0.0
09.07.2004 20:00:00.000,1.24081,1.24167,1.2407,1.24104,64169699.2188,1.239259012161142,0,0,,0,0.0
11.07.2004 21:00:00.000,1.2406,1.24162,1.24058,1.24073,33556300.7813,1.2393721650718235,0,0,,0,0.0
11.07.2004 22:00:00.000,1.24072,1.24162,1.24016,1.2413,31087099.6094,1.2395204600662986,0,0,,0,0.0
11.07.2004 23:00:00.000,1.24103,1.2418,1.24029,1.24151,34263898.4375,1.2396735015996603,0,0,,0,0.0
12.07.2004 00:00:00.000,1.24146,1.24155,1.23926,1.23943,31110099.6094,1.2396547707073788,0,0,,0,0.0
12.07.2004 01:00:00.000,1.23955,1.23969,1.23795,1.23885,34644300.7813,1.2395928652683499,0,0,,0,0.0
12.07.2004 02:00:00.000,1.23828,1.23977,1.23822,1.23963,31694900.3906,1.239595721786169,0,0,,0,0.0
12.07.2004 03:00:00.000,1.23938,1.23964,1.23888,1.2395,30612199.2188,1.2395883585718486,0,0,,0,0.0
12.07.2004 04:00:00.000,1.23918,1.24037,1.23915,1.23977,31659099.6094,1.2396023309893989,0,0,,0,0.0
12.07.2004 05:00:00.000,1.23961,1.23997,1.23882,1.2395,29775400.3906,1.2395944593748296,0,0,,0,0.0
12.07.2004 06:00:00.000,1.23935,1.24145,1.23935,1.24028,31479699.2188,1.2396471932690736,0,0,,0,0.0
12.07.2004 07:00:00.000,1.24018,1.24258,1.23988,1.24173,31313400.3906,1.2398074091714526,0,0,,0,0.0
12.07.2004 08:00:00.000,1.24187,1.24346,1.2415,1.24197,32494400.3906,1.23997376231211,0,0,,0,0.0
12.07.2004 09:00:00.000,1.24176,1.2435,1.2417,1.24213,32309099.6094,1.2401396267496403,0,1,1.2445,0,0.0
12.07.2004 10:00:00.000,1.24209,1.24288,1.24125,1.24137,32283800.7813,1.240234270845822,0,0,,0,0.0
12.07.2004 11:00:00.000,1.24158,1.24168,1.23875,1.23926,32589099.6094,1.240159326934605,0,0,,0,0.0
12.07.2004 12:00:00.000,1.23928,1.24112,1.23897,1.24085,31702099.6094,1.2402124556319432,0,0,,0,0.0
12.07.2004 13:00:00.000,1.24082,1.24112,1.23851,1.23911,31271000.0,1.240127651352563,0,2,1.23751,0,0.0
12.07.2004 14:00:00.000,1.23917,1.2406,1.23904,1.24038,32031199.2188,1.2401470627869813,0,0,,0,0.0
12.07.2004 15:00:00.000,1.24072,1.2418,1.23937,1.24097,32969898.4375,1.2402103656495214,0,0,,0,0.0
12.07.2004 16:00:00.000,1.24087,1.24129,1.23918,1.24079,292804000.0,1.2402549529072506,0,0,,0,0.0
12.07.2004 17:00:00.000,1.2409,1.24125,1.23989,1.24063,133188203.125,1.240283802683616,0,0,,0,0.0
12.07.2004 18:00:00.000,1.24043,1.24107,1.23942,1.24005,148203796.875,1.2402658178617993,0,0,,0,0.0
12.07.2004 19:00:00.000,1.24023,1.24128,1.23989,1.2409,107870796.875,1.2403146011031994,0,0,,0,0.0
12.07.2004 20:00:00.000,1.2406,1.24138,1.2396,1.24053,63315398.4375,1.240331170249107,0,0,,0,0.0
12.07.2004 21:00:00.000,1.24039,1.24143,1.24014,1.24075,32596199.2188,1.2403633879222526,0,0,,0,0.0
12.07.2004 22:00:00.000,1.2406,1.2411,1.23968,1.24033,32656599.6094,1.240360819620541,0,0,,0,0.0
12.07.2004 23:00:00.000,1.24028,1.24108,1.23901,1.23943,32682900.3906,1.2402892181112686,0,0,,0,0.0
13.07.2004 00:00:00.000,1.23934,1.23958,1.23662,1.23669,33219699.2188,1.2400123551796325,0,0,,0,0.0
13.07.2004 01:00:00.000,1.23675,1.23914,1.23664,1.23746,34123601.5625,1.2398160201658146,0,0,,0,0.0
13.07.2004 02:00:00.000,1.23734,1.23803,1.23539,1.23581,32693400.3906,1.2395078647684443,0,0,,0,0.0
13.07.2004 03:00:00.000,1.23611,1.23733,1.23604,1.23724,31367199.2188,1.2393334136324101,0,0,,0,0.0
13.07.2004 04:00:00.000,1.23702,1.23755,1.23517,1.23531,34654800.7813,1.239023920276071,0,0,,0,0.0
13.07.2004 05:00:00.000,1.23515,1.23677,1.23465,1.23605,31831800.7813,1.2387951571779117,0,0,,0,0.0
13.07.2004 06:00:00.000,1.23619,1.23682,1.23471,1.23527,32738199.2188,1.2385239912411492,0,0,,0,0.0
13.07.2004 07:00:00.000,1.23518,1.23735,1.23449,1.23725,33200699.2188,1.238425991914907,0,0,,0,0.0
13.07.2004 08:00:00.000,1.23747,1.23849,1.23601,1.23767,31279599.6094,1.2383678386906836,0,0,,0,0.0
13.07.2004 09:00:00.000,1.23751,1.23775,1.23694,1.23735,30970199.2188,1.2382895434067849,0,0,,0,0.0
13.07.2004 10:00:00.000,1.23717,1.23757,1.23589,1.23626,30116900.3906,1.2381334246831863,0,0,,0,0.0
13.07.2004 11:00:00.000,1.23625,1.23756,1.23582,1.23722,30827000.0,1.2380631612460182,0,0,,0,0.0
13.07.2004 12:00:00.000,1.23724,1.23789,1.231,1.23203,34252398.4375,1.2375990719194014,0,0,,0,0.0
13.07.2004 13:00:00.000,1.23208,1.23298,1.23064,1.23139,32682699.2188,1.2371214510025244,0,0,,0,0.0
13.07.2004 14:00:00.000,1.23111,1.23292,1.23094,1.23236,31871400.3906,1.2367551855407917,1,0,,0,0.0
13.07.2004 15:00:00.000,1.23223,1.23238,1.22979,1.23026,33686101.5625,1.2362555558838078,1,2,1.22879,0,0.0
13.07.2004 16:00:00.000,1.22998,1.23177,1.22986,1.23169,294933000.0,1.2359043592773609,1,0,,0,0.0
13.07.2004 17:00:00.000,1.23155,1.23173,1.23022,1.23095,136973093.75,1.2355232547175639,1,0,,0,0.0
13.07.2004 18:00:00.000,1.23103,1.23336,1.23064,1.23278,148384406.25,1.2353122351239052,1,0,,0,0.0
13.07.2004 19:00:00.000,1.23275,1.23307,1.23177,1.2324,105481703.125,1.235088217037451,1,0,,0,0.0
13.07.2004 20:00:00.000,1.23248,1.23336,1.23213,1.23244,62803601.5625,1.2348845080345703,1,0,,0,0.0
13.07.2004 21:00:00.000,1.23193,1.23411,1.23193,1.23324,30155000.0,1.2347580074165265,1,0,,0,0.0
13.07.2004 22:00:00.000,1.23332,1.23426,1.23258,1.23289,32481099.6094,1.2346143145383324,1,0,,0,0.0
13.07.2004 23:00:00.000,1.23284,1.23323,1.232,1.23247,34126898.4375,1.2344493672661532,1,0,,0,0.0
14.07.2004 00:00:00.000,1.23235,1.23333,1.23173,1.23262,33137101.5625,1.2343086467072184,1,0,,0,0.0
14.07.2004 01:00:00.000,1.2326,1.23469,1.23251,1.23435,34716199.2188,1.2343118277297402,0,0,,0,0.0
14.07.2004 02:00:00.000,1.23433,1.23465,1.23313,1.23347,34077699.2188,1.2342470717505296,0,0,,0,0.0
14.07.2004 03:00:00.000,1.23323,1.2347,1.23282,1.23375,31569300.7813,1.2342088354620273,0,0,,0,0.0
14.07.2004 04:00:00.000,1.23391,1.23452,1.23268,1.2329,32510900.3906,1.2341081558111022,0,0,,0,0.0
14.07.2004 05:00:00.000,1.23275,1.23382,1.23217,1.23363,32001900.3906,1.2340713745948635,0,0,,0,0.0
14.07.2004 06:00:00.000,1.23352,1.23493,1.23216,1.23386,32697300.7813,1.2340551150106434,0,0,,0,0.0
14.07.2004 07:00:00.000,1.23408,1.23753,1.23381,1.23658,32420099.6094,1.2342493369329017,0,0,,0,0.0
14.07.2004 08:00:00.000,1.23647,1.23789,1.23621,1.2366,30711599.6094,1.2344301571688323,0,0,,0,0.0
14.07.2004 09:00:00.000,1.23663,1.23706,1.23605,1.23644,31662099.6094,1.2345847604635376,0,0,,0,0.0
14.07.2004 10:00:00.000,1.23632,1.23754,1.23593,1.23691,31225599.6094,1.2347636250432656,0,0,,0,0.0
14.07.2004 11:00:00.000,1.23682,1.23879,1.23648,1.23821,31114800.7813,1.2350287308091683,0,0,,0,0.0
14.07.2004 12:00:00.000,1.23832,1.24102,1.23757,1.24011,31815599.6094,1.2354195976700015,0,0,,0,0.0
14.07.2004 13:00:00.000,1.24007,1.24201,1.23949,1.24072,33487500.0,1.2358273209261552,0,1,1.24301,0,0.0
14.07.2004 14:00:00.000,1.24082,1.2417,1.23772,1.23906,31782500.0,1.2360759885472203,0,0,,0,0.0
14.07.2004 15:00:00.000,1.23884,1.23914,1.23707,1.23847,33221199.2188,1.2362601432743574,0,0,,0,0.0
14.07.2004 16:00:00.000,1.23818,1.23973,1.23787,1.23932,300726093.75,1.2364955168686376,0,0,,0,0.0
14.07.2004 17:00:00.000,1.23928,1.2403,1.23903,1.23953,135447593.75,1.2367289386479734,0,0,,0,0.0
14.07.2004 18:00:00.000,1.23934,1.23995,1.2388,1.23935,144804406.25,1.2369305587519754,0,0,,0,0.0
14.07.2004 19:00:00.000,1.23925,1.23951,1.23827,1.23858,104791796.875,1.2370574388479774,0,0,,0,0.0
14.07.2004 20:00:00.000,1.2385,1.2388,1.23761,1.23778,62625898.4375,1.237113020475056,0,0,,0,0.0
14.07.2004 21:00:00.000,1.2376,1.23852,1.23726,1.23834,31796699.2188,1.2372074035154363,0,0,,0,0.0
14.07.2004 22:00:00.000,1.23817,1.23868,1.23778,1.23826,32604400.3906,1.2372883724757873,0,0,,0,0.0
14.07.2004 23:00:00.000,1.23794,1.23879,1.23761,1.23857,32254699.2188,1.237386959208419,2,0,,0,0.0
15.07.2004 00:00:00.000,1.23855,1.23861,1.23736,1.23757,33353898.4375,1.2374010392693098,2,0,,0,0.0
15.07.2004 01:00:00.000,1.23727,1.23829,1.23693,1.23746,33143500.0,1.2374055747101322,0,0,,0,0.0
15.07.2004 02:00:00.000,1.23741,1.23801,1.23702,1.23772,30532099.6094,1.2374297612708913,0,0,,0,0.0
15.07.2004 03:00:00.000,1.2375,1.238,1.23709,1.23729,33296898.4375,1.2374190104038996,0,0,,0,0.0
15.07.2004 04:00:00.000,1.23739,1.23758,1.23575,1.23606,32538400.3906,1.2373144711420612,0,0,,0,0.0
15.07.2004 05:00:00.000,1.23607,1.23695,1.23576,1.23677,32708199.2188,1.2372725887465181,0,0,,0,0.0
15.07.2004 06:00:00.000,1.23637,1.23682,1.23444,1.23507,31598500.0,1.23710315884294,0,0,,0,0.0
15.07.2004 07:00:00.000,1.23515,1.23524,1.23284,1.23327,31585800.7813,1.2368083004704062,0,0,,0,0.0
15.07.2004 08:00:00.000,1.2334,1.23515,1.23312,1.2344,29998400.3906,1.2366230465880674,0,0,,0,0.0
15.07.2004 09:00:00.000,1.23442,1.23612,1.23399,1.23607,30538199.2188,1.2365805045428315,0,0,,0,0.0
15.07.2004 10:00:00.000,1.23592,1.23638,1.23533,1.23563,31486400.3906,1.2365073888087676,0,0,,0,0.0
15.07.2004 11:00:00.000,1.23563,1.23758,1.23537,1.2374,31131199.2188,1.2365760512080932,0,0,,0,0.0
15.07.2004 12:00:00.000,1.2375,1.23832,1.23522,1.23555,31679400.3906,1.2364971241920861,0,1,1.23932,0,0.0
15.07.2004 13:00:00.000,1.23548,1.23745,1.23521,1.23716,32294400.3906,1.2365481146388488,0,0,,0,0.0
15.07.2004 14:00:00.000,1.2372,1.23773,1.23616,1.2373,30964800.7813,1.236605951974322,0,0,,0,0.0
15.07.2004 15:00:00.000,1.23728,1.23771,1.23621,1.23766,32329699.2188,1.236687032591682,0,0,,0,0.0
15.07.2004 16:00:00.000,1.23646,1.23668,1.23328,1.23509,298837000.0,1.2365641839307833,0,0,,0,0.0
15.07.2004 17:00:00.000,1.23478,1.23511,1.23255,1.23409,137116796.875,1.2363738620899538,0,2,1.2315500000000001,0,0.0
15.07.2004 18:00:00.000,1.23412,1.23491,1.23332,1.23391,145534796.875,1.2361843342368806,0,0,,0,0.0
15.07.2004 19:00:00.000,1.23377,1.23488,1.23356,1.23455,107044101.5625,1.236058616218659,0,0,,0,0.0
15.07.2004 20:00:00.000,1.2345,1.23556,1.23408,1.23512,64452898.4375,1.23598641497107,0,0,,0,0.0
15.07.2004 21:00:00.000,1.23505,1.23589,1.23481,1.23535,30703900.3906,1.2359374599732955,0,0,,0,0.0
15.07.2004 22:00:00.000,1.23539,1.23592,1.23482,1.23522,29942099.6094,1.2358822707445807,0,0,,0,0.0
15.07.2004 23:00:00.000,1.23532,1.23569,1.23473,1.23518,32305900.3906,1.2358282499180746,0,0,,0,0.0
16.07.2004 00:00:00.000,1.23505,1.23537,1.23304,1.23321,30600000.0,1.2356268460782227,0,0,,0,0.0
16.07.2004 01:00:00.000,1.23318,1.23683,1.23269,1.23598,31668000.0,1.2356540117645134,0,0,,0,0.0
16.07.2004 02:00:00.000,1.23592,1.23696,1.23592,1.23648,30793900.3906,1.2357175493210892,0,0,,0,0.0
16.07.2004 03:00:00.000,1.23668,1.23709,1.23606,1.23682,29449500.0,1.235802353219467,0,0,,0,0.0
16.07.2004 04:00:00.000,1.23692,1.23727,1.23592,1.23675,30528300.7813,1.235875249125662,0,0,,0,0.0
16.07.2004 05:00:00.000,1.23658,1.23711,1.23622,1.23651,28969099.6094,1.2359240761159958,0,0,,0,0.0
16.07.2004 06:00:00.000,1.23647,1.23678,1.23478,1.23557,30817099.6094,1.2358968394916885,0,0,,0,0.0
16.07.2004 07:00:00.000,1.2358,1.23736,1.23525,1.2373,31093400.3906,1.2360047749154048,0,0,,0,0.0
16.07.2004 08:00:00.000,1.23725,1.23773,1.23643,1.23702,31825400.3906,1.2360828691526813,0,0,,0,0.0
16.07.2004 09:00:00.000,1.237,1.23711,1.23552,1.2357,32742000.0,1.2360534176793982,0,0,,0,0.0
16.07.2004 10:00:00.000,1.23588,1.23614,1.23394,1.23402,33394398.4375,1.2358970009348291,0,0,,0,0.0
16.07.2004 11:00:00.000,1.23447,1.23528,1.23399,1.23483,30901300.7813,1.2358149239398424,0,0,,0,0.0
16.07.2004 12:00:00.000,1.235,1.23922,1.23472,1.23847,30180900.3906,1.2360191605598545,0,0,,0,0.0
16.07.2004 13:00:00.000,1.2388,1.24579,1.2388,1.24543,32582500.0,1.2367430712860197,0,0,,0,0.0
16.07.2004 14:00:00.000,1.2455,1.24553,1.24399,1.2442,30595800.7813,1.237316681187095,0,0,,0,0.0
16.07.2004 15:00:00.000,1.24429,1.24496,1.2435,1.24371,31578099.6094,1.2378084749419338,0,0,,0,0.0
16.07.2004 16:00:00.000,1.24341,1.24456,1.24292,1.24395,294177000.0,1.2382808999464003,0,0,,0,0.0
16.07.2004 17:00:00.000,1.24398,1.24461,1.24362,1.2439,135349203.125,1.238713138412062,0,0,,0,0.0
16.07.2004 18:00:00.000,1.24391,1.24555,1.2438,1.24484,146593593.75,1.239184435457288,0,0,,0,0.0
16.07.2004 19:00:00.000,1.24484,1.24539,1.24408,1.24476,103771500.0,1.2396133250374968,0,0,,0,0.0
16.07.2004 20:00:00.000,1.24475,1.2457,1.2445,1.24518,64895500.0,1.2400415308038433,0,0,,0,0.0
18.07.2004 21:00:00.000,1.24412,1.24485,1.24355,1.24459,32062300.7813,1.2403914130497016,0,0,,0,0.0
18.07.2004 22:00:00.000,1.24472,1.24552,1.24447,1.24546,32485900.3906,1.240781304353571,0,0,,0,0.0
18.07.2004 23:00:00.000,1.24515,1.24602,1.24504,1.24521,32480900.3906,1.2411219732494503,0,0,,0,0.0
19.07.2004 00:00:00.000,1.24509,1.246,1.24493,1.24541,31765099.6094,1.241451821461031,0,0,,0,0.0
19.07.2004 01:00:00.000,1.24518,1.24561,1.24417,1.24469,34288101.5625,1.2417009121178748,0,0,,0,0.0
19.07.2004 02:00:00.000,1.24444,1.24585,1.24427,1.2455,33846199.2188,1.2419931496472691,0,0,,0,0.0
19.07.2004 03:00:00.000,1.24565,1.24593,1.24481,1.24543,28652000.0,1.2422575227513255,0,0,,0,0.0
19.07.2004 04:00:00.000,1.24535,1.246,1.24422,1.24545,31069300.7813,1.2425030979243006,2,0,,0,0.0
19.07.2004 05:00:00.000,1.24557,1.24609,1.24423,1.24521,30403800.7813,1.242711321160893,2,1,1.2470899999999998,0,0.0
19.07.2004 06:00:00.000,1.24518,1.24528,1.24347,1.24379,31667599.6094,1.2427942964562089,2,0,,0,0.0
19.07.2004 07:00:00.000,1.24386,1.24479,1.24324,1.24425,32268199.2188,1.2429062736518852,2,0,,0,0.0
19.07.2004 08:00:00.000,1.24407,1.24456,1.24234,1.24262,32047599.6094,1.2428842526017403,0,0,,0,0.0
19.07.2004 09:00:00.000,1.24257,1.24288,1.24091,1.24166,29410000.0,1.2427900793246833,0,0,,0,0.0
19.07.2004 10:00:00.000,1.24166,1.24267,1.24092,1.24103,30807199.2188,1.2426546886074001,0,0,,0,0.0
19.07.2004 11:00:00.000,1.24082,1.24302,1.24075,1.24203,30929500.0,1.2426066356376002,0,0,,0,0.0
19.07.2004 12:00:00.000,1.24201,1.24218,1.23975,1.24072,31897199.2188,1.2424615098193232,0,2,1.23875,0,0.0
19.07.2004 13:00:00.000,1.24064,1.24275,1.24015,1.2424,29066800.7813,1.24245677829476,0,0,,0,0.0
19.07.2004 14:00:00.000,1.2421,1.24261,1.24151,1.24202,32855000.0,1.2424231799643939,0,0,,0,0.0
19.07.2004 15:00:00.000,1.24203,1.24343,1.241,1.24317,31897699.2188,1.2424806276594405,0,0,,0,0.0
19.07.2004 16:00:00.000,1.24278,1.24338,1.24158,1.2424,298688000.0,1.2424744255317914,0,0,,0,0.0
19.07.2004 17:00:00.000,1.2422,1.24449,1.24203,1.24407,133403906.25,1.242597162029346,0,0,,0,0.0
19.07.2004 18:00:00.000,1.2441,1.24424,1.24297,1.24325,151805000.0,1.242647380334781,0,0,,0,0.0
19.07.2004 19:00:00.000,1.24323,1.24387,1.2426,1.24355,105676898.4375,1.2427168126167212,0,0,,0,0.0
19.07.2004 20:00:00.000,1.24361,1.24418,1.24313,1.24412,65578898.4375,1.2428247501077427,0,0,,0,0.0
19.07.2004 21:00:00.000,1.24353,1.24445,1.24353,1.24403,32634099.6094,1.2429174616379164,0,0,,0,0.0
19.07.2004 22:00:00.000,1.24402,1.24435,1.24323,1.24337,30926300.7813,1.2429522722811537,0,0,,0,0.0
19.07.2004 23:00:00.000,1.24335,1.24376,1.24231,1.24271,32944500.0,1.2429336359518341,0,0,,0,0.0
20.07.2004 00:00:00.000,1.24256,1.24346,1.24203,1.24313,31631099.6094,1.2429487408786164,0,0,,0,0.0
20.07.2004 01:00:00.000,1.2428,1.24309,1.24198,1.24241,33843699.2188,1.242907299272569,0,0,,0,0.0
20.07.2004 02:00:00.000,1.24252,1.24385,1.24221,1.24324,31505099.6094,1.2429328916362177,0,0,,0,0.0
20.07.2004 03:00:00.000,1.24318,1.24351,1.24263,1.24275,30490599.6094,1.2429188230488164,0,0,,0,0.0
20.07.2004 04:00:00.000,1.24289,1.2439,1.24259,1.2435,31525199.2188,1.2429635289681382,0,0,,0,0.0
20.07.2004 05:00:00.000,1.24357,1.24525,1.24282,1.24425,32145099.6094,1.2430624882782817,0,0,,0,0.0
20.07.2004 06:00:00.000,1.24427,1.24536,1.24356,1.24402,31945800.7813,1.2431361430261063,0,1,1.24636,0,0.0
20.07.2004 07:00:00.000,1.2439,1.24499,1.24367,1.24478,31148300.7813,1.2432625935625596,0,0,,0,0.0
20.07.2004 08:00:00.000,1.24471,1.24509,1.24354,1.24382,31569400.3906,1.2433054709808244,0,0,,0,0.0
20.07.2004 09:00:00.000,1.24367,1.24463,1.24108,1.24155,31040199.2188,1.2431704347515304,0,0,,0,0.0
20.07.2004 10:00:00.000,1.24132,1.24163,1.23992,1.24048,30528000.0,1.242963478232182,0,0,,0,0.0
20.07.2004 11:00:00.000,1.2405,1.24052,1.23778,1.23826,31264300.7813,1.2426016722143218,0,0,,0,0.0
20.07.2004 12:00:00.000,1.23795,1.23871,1.23596,1.23701,31779699.2188,1.242171543582451,0,0,,0,0.0
20.07.2004 13:00:00.000,1.23698,1.23737,1.23521,1.23557,31218500.0,1.241663732537647,0,0,,0,0.0
20.07.2004 14:00:00.000,1.23548,1.23842,1.23548,1.23744,32223000.0,1.2413388300347512,0,0,,0,0.0
20.07.2004 15:00:00.000,1.2375,1.23867,1.23708,1.23762,30054900.3906,1.2410527661859243,0,0,,0,0.0
20.07.2004 16:00:00.000,1.2376,1.23802,1.23672,1.23771,291863593.75,1.2407956303254688,0,0,,0,0.0
20.07.2004 17:00:00.000,1.23768,1.23828,1.23696,1.23761,132938906.25,1.2405505818388944,0,0,,0,0.0
20.07.2004 18:00:00.000,1.23746,1.23779,1.23143,1.23289,148432406.25,1.2399613063128256,0,0,,0,0.0
20.07.2004 19:00:00.000,1.23325,1.23343,1.22981,1.23245,105946000.0,1.2393835135195312,0,0,,0,0.0
20.07.2004 20:00:00.000,1.23231,1.23373,1.2323,1.233,65710500.0,1.238892474018029,0,0,,0,0.0
20.07.2004 21:00:00.000,1.23224,1.23328,1.23197,1.23257,32117400.3906,1.238406129862796,0,0,,0,0.0
20.07.2004 22:00:00.000,1.23269,1.23327,1.2323,1.23297,32612900.3906,1.2379879660271964,0,0,,0,0.0
20.07.2004 23:00:00.000,1.23303,1.23351,1.23168,1.23184,29759000.0,1.2375150455635662,0,0,,0,0.0
21.07.2004 00:00:00.000,1.23171,1.2324,1.23079,1.23132,34446500.0,1.237038503597138,0,0,,0,0.0
21.07.2004 01:00:00.000,1.23112,1.23287,1.23066,1.23235,33592500.0,1.2366778494742814,1,0,,0,0.0
21.07.2004 02:00:00.000,1.23228,1.2325,1.22978,1.23052,35690601.5625,1.2362041687454906,1,0,,0,0.0
21.07.2004 03:00:00.000,1.23034,1.23163,1.23022,1.23136,31622900.3906,1.2358315403804527,1,0,,0,0.0
21.07.2004 04:00:00.000,1.23118,1.23143,1.23057,1.23125,34258898.4375,1.2354791141973411,1,0,,0,0.0
21.07.2004 05:00:00.000,1.23096,1.23257,1.23095,1.23202,31299000.0,1.2352130284898535,1,0,,0,0.0
21.07.2004 06:00:00.000,1.23185,1.23278,1.2308,1.23254,32434400.3906,1.2350074109137108,1,0,,0,0.0
21.07.2004 07:00:00.000,1.23243,1.23443,1.23232,1.23429,31978400.3906,1.2349522254588101,1,0,,0,0.0
21.07.2004 08:00:00.000,1.23424,1.2348,1.23318,1.23362,31900300.7813,1.2348497465773633,1,1,1.2357999999999998,0,0.0
21.07.2004 09:00:00.000,1.23369,1.23454,1.23038,1.2304,33248500.0,1.2345074583791047,1,0,,0,0.0
21.07.2004 10:00:00.000,1.23029,1.23081,1.22768,1.22834,31832599.6094,1.234033038503789,1,0,,0,0.0
21.07.2004 11:00:00.000,1.22815,1.23004,1.22758,1.2294,32142199.2188,1.2336766509265744,1,0,,0,0.0
21.07.2004 12:00:00.000,1.2293,1.23059,1.2265,1.22654,33043500.0,1.2331276777783766,1,0,,0,0.0
21.07.2004 13:00:00.000,1.22662,1.22947,1.22635,1.22808,33992601.5625,1.2327393948723477,1,0,,0,0.0
21.07.2004 14:00:00.000,1.22827,1.22839,1.22218,1.22225,31673300.7813,1.2319325183437055,1,0,,0,0.0
21.07.2004 15:00:00.000,1.22245,1.22291,1.22089,1.22243,33200601.5625,1.2312015553941897,1,2,1.2198900000000001,0,0.0
21.07.2004 16:00:00.000,1.22227,1.22475,1.22195,1.223,301137406.25,1.2305706665177139,1,0,,0,0.0
21.07.2004 17:00:00.000,1.22282,1.22358,1.22206,1.22348,137072296.875,1.230025230631736,1,0,,0,0.0
21.07.2004 18:00:00.000,1.22332,1.224,1.22247,1.22382,148072796.875,1.2295479051985256,1,0,,0,0.0
21.07.2004 19:00:00.000,1.22364,1.22577,1.22352,1.22538,108104000.0,1.2292272971063314,1,0,,0,0.0
21.07.2004 20:00:00.000,1.22512,1.22632,1.22507,1.22584,62463101.5625,1.22896673579046,1,0,,0,0.0
21.07.2004 21:00:00.000,1.22507,1.22779,1.22495,1.22739,31879800.7813,1.228845448421963,1,0,,0,0.0
21.07.2004 22:00:00.000,1.22777,1.22781,1.22512,1.22606,32040900.3906,1.2286311831587353,1,0,,0,0.0
21.07.2004 23:00:00.000,1.22576,1.22619,1.22502,1.22572,33369898.4375,1.228407245992679,1,0,,0,0.0
22.07.2004 00:00:00.000,1.22556,1.22633,1.22407,1.22495,32702400.3906,1.228141303993242,1,0,,0,0.0
22.07.2004 01:00:00.000,1.22492,1.227,1.2244,1.22638,34311601.5625,1.228005819070685,1,0,,0,0.0
22.07.2004 02:00:00.000,1.22629,1.22694,1.22499,1.226,32522800.7813,1.2278515252960172,1,0,,0,0.0
22.07.2004 03:00:00.000,1.22583,1.22694,1.22505,1.22655,31519199.2188,1.2277514079655543,1,0,,0,0.0
22.07.2004 04:00:00.000,1.2268,1.22715,1.22561,1.22594,32755000.0,1.2276120688912808,1,0,,0,0.0
22.07.2004 05:00:00.000,1.22583,1.22693,1.22455,1.22546,31212199.2188,1.227446525130413,1,0,,0,0.0
22.07.2004 06:00:00.000,1.22549,1.226,1.22448,1.22515,31712699.2188,1.2272698693511506,1,0,,0,0.0
22.07.2004 07:00:00.000,1.22561,1.22683,1.22497,1.22615,32236199.2188,1.2271837255549083,1,0,,0,0.0
22.07.2004 08:00:00.000,1.22586,1.22666,1.22279,1.22465,32557900.3906,1.2269888235891462,1,2,1.2217900000000002,0,0.0
22.07.2004 09:00:00.000,1.22467,1.22716,1.22412,1.22648,29663400.3906,1.2269496833130582,1,0,,0,0.0
22.07.2004 10:00:00.000,1.2266,1.2269,1.22508,1.22613,32011599.6094,1.2268866307505153,1,0,,0,0.0
22.07.2004 11:00:00.000,1.22573,1.22791,1.22551,1.22632,32128800.7813,1.2268430437697064,1,0,,0,0.0
22.07.2004 12:00:00.000,1.22657,1.22756,1.22381,1.22628,33577800.7813,1.2267997327104982,1,0,,0,0.0
22.07.2004 13:00:00.000,1.22608,1.2289,1.226,1.22672,33000101.5625,1.2267935994250754,1,0,,0,0.0
22.07.2004 14:00:00.000,1.22668,1.22911,1.22642,1.22692,32236199.2188,1.2268033225462234,0,1,1.2301099999999998,0,0.0
22.07.2004 15:00:00.000,1.22687,1.22783,1.22576,1.22713,33233199.2188,1.2268284515811294,0,0,,0,0.0
22.07.2004 16:00:00.000,1.22708,1.22758,1.22519,1.22685,293122312.5,1.2268301091518117,0,0,,0,0.0
22.07.2004 17:00:00.000,1.22652,1.22733,1.22546,1.227,136575000.0,1.2268431776785955,0,0,,0,0.0
22.07.2004 18:00:00.000,1.22699,1.2272,1.2237,1.22416,145969593.75,1.2266367793956265,0,0,,0,0.0
22.07.2004 19:00:00.000,1.2242,1.22544,1.22368,1.22499,106881398.4375,1.2265101040575015,0,0,,0,0.0
22.07.2004 20:00:00.000,1.22486,1.22591,1.22446,1.22537,65628796.875,1.226422403745386,0,0,,0,0.0
22.07.2004 21:00:00.000,1.22483,1.22603,1.22444,1.22522,31918000.0,1.2263299111495871,0,0,,0,0.0
22.07.2004 22:00:00.000,1.22527,1.22581,1.22465,1.22535,31263599.6094,1.2262545333688497,0,0,,0,0.0
22.07.2004 23:00:00.000,1.22518,1.22595,1.22479,1.22566,32836101.5625,1.2262088000327844,0,0,,0,0.0
23.07.2004 00:00:00.000,1.2254,1.22673,1.22421,1.22421,35254101.5625,1.2260550461841089,0,0,,0,0.0
23.07.2004 01:00:00.000,1.22442,1.22533,1.22417,1.22487,33117699.2188,1.2259638887853315,0,0,,0,0.0
23.07.2004 02:00:00.000,1.22448,1.22487,1.22364,1.22421,33742398.4375,1.225828974263383,0,0,,0,0.0
23.07.2004 03:00:00.000,1.22384,1.22458,1.22344,1.22404,33109300.7813,1.2256913608585074,0,0,,0,0.0
23.07.2004 04:00:00.000,1.22393,1.22457,1.22323,1.22378,33880601.5625,1.2255443331001608,0,0,,0,0.0
23.07.2004 05:00:00.000,1.22328,1.22474,1.22304,1.22398,32786000.0,1.2254239997847638,0,0,,0,0.0
23.07.2004 06:00:00.000,1.22355,1.22385,1.22164,1.22321,33370601.5625,1.225253692109013,0,0,,0,0.0
23.07.2004 07:00:00.000,1.22335,1.22373,1.22121,1.22224,31727500.0,1.2250218696390889,0,0,,0,0.0
23.07.2004 08:00:00.000,1.22259,1.22306,1.221,1.22225,32267400.3906,1.2248086488976204,0,0,,0,0.0
23.07.2004 09:00:00.000,1.22215,1.2224,1.21799,1.21809,30202900.3906,1.2242918297516496,0,0,,0,0.0
23.07.2004 10:00:00.000,1.21816,1.21898,1.21712,1.21747,32200800.7813,1.2237670736169073,1,0,,0,0.0
23.07.2004 11:00:00.000,1.21743,1.21859,1.21714,1.21791,32476500.0,1.22331652949253,1,0,,0,0.0
23.07.2004 12:00:00.000,1.21796,1.21954,1.2153,1.21532,32671300.7813,1.2227014118392583,1,0,,0,0.0
23.07.2004 13:00:00.000,1.21518,1.21791,1.21501,1.21703,33061398.4375,1.2222651493900847,1,0,,0,0.0
23.07.2004 14:00:00.000,1.21725,1.21837,1.21136,1.21136,32143099.6094,1.2214262917446936,1,0,,0,0.0
23.07.2004 15:00:00.000,1.21145,1.21326,1.21103,1.2121,33888500.0,1.2207088846874097,1,0,,0,0.0
23.07.2004 16:00:00.000,1.21213,1.21315,1.21128,1.21288,292537687.5,1.2201066627883783,1,0,,0,0.0
23.07.2004 17:00:00.000,1.21287,1.21306,1.21121,1.21174,132574203.125,1.2194630733431187,1,0,,0,0.0
23.07.2004 18:00:00.000,1.21192,1.21239,1.20859,1.20968,146675500.0,1.218710529239802,1,0,,0,0.0
23.07.2004 19:00:00.000,1.20965,1.21083,1.20939,1.21015,100848500.0,1.2180520269905863,1,0,,0,0.0
23.07.2004 20:00:00.000,1.20998,1.21047,1.20872,1.20897,60713898.4375,1.217353409529772,1,0,,0,0.0
25.07.2004 21:00:00.000,1.20932,1.21157,1.20895,1.20979,31103400.3906,1.2167716087967126,1,0,,0,0.0
25.07.2004 22:00:00.000,1.20986,1.21097,1.20954,1.21051,32630099.6094,1.2162899465815808,1,0,,0,0.0
25.07.2004 23:00:00.000,1.21067,1.21138,1.20995,1.21046,33781000.0,1.2158414891522287,1,0,,0,0.0
26.07.2004 00:00:00.000,1.21067,1.21185,1.20853,1.21126,33956800.7813,1.2154890669097496,1,2,1.2075300000000002,0,0.0
26.07.2004 01:00:00.000,1.21132,1.21291,1.21099,1.21246,33085500.0,1.2152560617628458,1,0,,0,0.0
26.07.2004 02:00:00.000,1.21265,1.21309,1.21179,1.21225,32716400.3906,1.215024826242627,1,0,,0,0.0
26.07.2004 03:00:00.000,1.21218,1.21339,1.21185,1.21282,31036800.7813,1.2148552242239636,1,0,,0,0.0
26.07.2004 04:00:00.000,1.21295,1.21398,1.2126,1.21369,30818099.6094,1.2147655915913511,1,0,,0,0.0
26.07.2004 05:00:00.000,1.21357,1.21448,1.21291,1.21337,30502199.2188,1.2146582383920166,1,0,,0,0.0
26.07.2004 06:00:00.000,1.21332,1.21383,1.2106,1.21313,32420000.0,1.2145406815926307,1,0,,0,0.0
26.07.2004 07:00:00.000,1.2132,1.21675,1.21276,1.21604,30268000.0,1.214656013777813,0,0,,0,0.0
26.07.2004 08:00:00.000,1.21634,1.21655,1.21432,1.21605,30586400.3906,1.214763243487212,0,0,,0,0.0
26.07.2004 09:00:00.000,1.21658,1.21699,1.21465,1.21552,31202099.6094,1.2148214555266574,0,1,1.21799,0,0.0
26.07.2004 10:00:00.000,1.21552,1.21656,1.21383,1.21507,31087099.6094,1.2148405743322994,0,0,,0,0.0
26.07.2004 11:00:00.000,1.21503,1.21686,1.21445,1.21605,32923898.4375,1.2149336070759686,0,0,,0,0.0
26.07.2004 12:00:00.000,1.21594,1.21663,1.2145,1.21584,32392099.6094,1.2150033296085865,0,0,,0,0.0
26.07.2004 13:00:00.000,1.21577,1.21631,1.21438,1.21442,30838500.0,1.2149584581002337,0,0,,0,0.0
26.07.2004 14:00:00.000,1.21435,1.2159,1.21362,1.21523,30875599.6094,1.2149793459386773,0,0,,0,0.0
26.07.2004 15:00:00.000,1.2149,1.21545,1.21252,1.21354,29902599.6094,1.2148686270203175,0,0,,0,0.0
26.07.2004 16:00:00.000,1.21332,1.21532,1.21329,1.2149,289232906.25,1.2148710403264469,0,0,,0,0.0
26.07.2004 17:00:00.000,1.21475,1.21505,1.21328,1.21392,130989296.875,1.214797883378259,0,0,,0,0.0
26.07.2004 18:00:00.000,1.21366,1.21471,1.21312,1.21424,149433000.0,1.214754969272239,0,0,,0,0.0
26.07.2004 19:00:00.000,1.21423,1.21549,1.21364,1.21493,106719500.0,1.2147684331743744,0,0,,0,0.0
26.07.2004 20:00:00.000,1.21494,1.21517,1.21362,1.21402,62701398.4375,1.2147108613917303,0,0,,0,0.0
26.07.2004 21:00:00.000,1.21363,1.21479,1.21342,1.21419,33166199.2188,1.2146707951308282,0,0,,0,0.0
26.07.2004 22:00:00.000,1.2145,1.21472,1.21306,1.21377,32115400.3906,1.2146015031976878,0,0,,0,0.0
26.07.2004 23:00:00.000,1.21357,1.21376,1.21256,1.21321,32151699.2188,1.2144944644901734,0,0,,0,0.0
27.07.2004 00:00:00.000,1.21327,1.21523,1.21235,1.21462,30717800.7813,1.2145041210678524,0,0,,0,0.0
27.07.2004 01:00:00.000,1.21456,1.21532,1.21391,1.21453,33219000.0,1.214506111754941,0,0,,0,0.0
27.07.2004 02:00:00.000,1.21482,1.21504,1.21335,1.21411,31919500.0,1.2144756416199456,0,0,,0,0.0
27.07.2004 03:00:00.000,1.21398,1.21459,1.21322,1.21412,29671300.7813,1.2144482845722575,0,0,,0,0.0
27.07.2004 04:00:00.000,1.21417,1.21425,1.21299,1.21379,33617699.2188,1.2143976472974685,0,0,,0,0.0
27.07.2004 05:00:00.000,1.21357,1.2138,1.21234,1.2132,32498599.6094,1.2143055205822786,0,0,,0,0.0
27.07.2004 06:00:00.000,1.21297,1.21433,1.21199,1.21316,32666500.0,1.214217403614411,0,0,,0,0.0
27.07.2004 07:00:00.000,1.21339,1.21502,1.21274,1.21478,32554500.0,1.2142606802594564,0,0,,0,0.0
27.07.2004 08:00:00.000,1.21484,1.21789,1.21371,1.21675,31674000.0,1.2144521663933445,0,0,,0,0.0
27.07.2004 09:00:00.000,1.21675,1.2189,1.21665,1.21863,30487599.6094,1.2147735382092413,0,1,1.2199,0,0.0
27.07.2004 10:00:00.000,1.2186,1.21878,1.21677,1.21737,31102300.7813,1.2149732660392998,0,0,,0,0.0
27.07.2004 11:00:00.000,1.21717,1.21751,1.21625,1.21653,31275199.2188,1.2150930148055075,0,0,,0,0.0
27.07.2004 12:00:00.000,1.2166,1.21736,1.21527,1.21571,31514300.7813,1.215140475205084,0,0,,0,0.0
27.07.2004 13:00:00.000,1.21539,1.2161,1.21388,1.21501,30839699.2188,1.215130438650847,0,0,,0,0.0
27.07.2004 14:00:00.000,1.21351,1.21375,1.20506,1.2066,31922400.3906,1.2144742510623203,0,0,,0,0.0
27.07.2004 15:00:00.000,1.20655,1.20737,1.20338,1.2057,30902500.0,1.213799308672911,0,2,1.20238,0,0.0
27.07.2004 16:00:00.000,1.20565,1.20739,1.20481,1.20701,294366312.5,1.2132770541596103,0,0,,0,0.0
27.07.2004 17:00:00.000,1.20662,1.20694,1.20421,1.20509,136046000.0,1.212647280762717,0,0,,0,0.0
27.07.2004 18:00:00.000,1.20503,1.20521,1.20356,1.20418,146229000.0,1.2119959514732772,0,0,,0,0.0
27.07.2004 19:00:00.000,1.20417,1.20561,1.20391,1.20473,104807898.4375,1.211437032129179,0,0,,0,0.0
27.07.2004 20:00:00.000,1.20493,1.20632,1.20452,1.2056,66273000.0,1.2109880296577038,0,0,,0,0.0
27.07.2004 21:00:00.000,1.20513,1.20607,1.20496,1.20538,30628699.2188,1.2105566427609575,0,0,,0,0.0
27.07.2004 22:00:00.000,1.20562,1.2065,1.20521,1.2058,30047900.3906,1.2101907471639608,0,0,,0,0.0
27.07.2004 23:00:00.000,1.20581,1.20638,1.2052,1.2063,31534500.0,1.2098914589205791,0,0,,0,0.0
28.07.2004 00:00:00.000,1.20629,1.20673,1.20528,1.2055,34227000.0,1.209553654388227,0,0,,0,0.0
28.07.2004 01:00:00.000,1.20558,1.20649,1.20503,1.20589,31812500.0,1.209271834819902,0,0,,0,0.0
28.07.2004 02:00:00.000,1.20568,1.20693,1.20533,1.2067,33730199.2188,1.2090740013722174,0,0,,0,0.0
28.07.2004 03:00:00.000,1.20663,1.2072,1.20624,1.20684,32105400.3906,1.208902155112816,0,0,,0,0.0
28.07.2004 04:00:00.000,1.20677,1.20751,1.20644,1.20686,32566099.6094,1.2087450662579842,0,0,,0,0.0
28.07.2004 05:00:00.000,1.20713,1.20775,1.20645,1.20665,31751199.2188,1.2085839073150624,1,0,,0,0.0
28.07.2004 06:00:00.000,1.20656,1.20727,1.20519,1.20565,31555699.2188,1.2083582221369809,1,0,,0,0.0
28.07.2004 07:00:00.000,1.2057,1.2078,1.20485,1.20723,31837099.6094,1.2082714358187516,1,1,1.2087999999999999,0,0.0
28.07.2004 08:00:00.000,1.20737,1.2078,1.20287,1.2031,31539300.7813,1.2078736330634632,1,1,1.2087999999999999,0,0.0
28.07.2004 09:00:00.000,1.20327,1.20394,1.20086,1.20253,33026101.5625,1.2074625843662739,1,0,,0,0.0
28.07.2004 10:00:00.000,1.20267,1.20338,1.20177,1.20191,31578699.2188,1.207035462491945,1,0,,0,0.0
28.07.2004 11:00:00.000,1.202,1.20444,1.20082,1.20424,33391000.0,1.2068204269156415,1,0,,0,0.0
28.07.2004 12:00:00.000,1.20416,1.20674,1.20133,1.2052,32504400.3906,1.2066957786913615,1,0,,0,0.0
28.07.2004 13:00:00.000,1.20537,1.20674,1.19972,1.19972,32411099.6094,1.2061591803304876,1,2,1.19872,0,0.0
28.07.2004 14:00:00.000,1.20023,1.20504,1.20001,1.20396,32252199.2188,1.205990012612758,1,0,,0,0.0
28.07.2004 15:00:00.000,1.2041,1.20479,1.20135,1.20466,31837300.7813,1.2058877039502385,1,0,,0,0.0
28.07.2004 16:00:00.000,1.20447,1.20675,1.20428,1.20557,292657500.0,1.2058632651848358,1,0,,0,0.0
28.07.2004 17:00:00.000,1.20533,1.20678,1.20498,1.20644,136989406.25,1.205907629401387,0,0,,0,0.0
28.07.2004 18:00:00.000,1.20653,1.20751,1.20548,1.20597,150023093.75,1.205912427139742,0,0,,0,0.0
28.07.2004 19:00:00.000,1.20575,1.20607,1.20342,1.20453,102972398.4375,1.2058060865905311,0,0,,0,0.0
28.07.2004 20:00:00.000,1.20442,1.20573,1.20433,1.20517,63084398.4375,1.205757156852798,0,0,,0,0.0
28.07.2004 21:00:00.000,1.20508,1.206,1.20427,1.20516,32818300.7813,1.2057112217102752,0,0,,0,0.0
28.07.2004 22:00:00.000,1.20537,1.20551,1.20408,1.20413,34290398.4375,1.2055895892710233,0,0,,0,0.0
28.07.2004 23:00:00.000,1.20423,1.20521,1.2036,1.20484,31423800.7813,1.2055319285578678,0,0,,0,0.0
29.07.2004 00:00:00.000,1.20509,1.20691,1.20479,1.20607,31145199.2188,1.2055733186688011,0,0,,0,0.0
29.07.2004 01:00:00.000,1.20617,1.20701,1.20526,1.20618,34956898.4375,1.2056199864635087,0,0,,0,0.0
29.07.2004 02:00:00.000,1.20595,1.20697,1.20493,1.20568,32618000.0,1.2056246028893927,0,0,,0,0.0
29.07.2004 03:00:00.000,1.20573,1.20662,1.20513,1.2059,30589300.7813,1.2056457872825164,0,0,,0,0.0
29.07.2004 04:00:00.000,1.20585,1.20606,1.2046,1.20511,31832000.0,1.205604572876169,0,0,,0,0.0
29.07.2004 05:00:00.000,1.2051,1.20647,1.20496,1.20611,30512900.3906,1.2056434518856947,0,0,,0,0.0
29.07.2004 06:00:00.000,1.20617,1.20837,1.20599,1.20689,30154000.0,1.2057393402021799,0,0,,0,0.0
29.07.2004 07:00:00.000,1.20678,1.207,1.20468,1.20623,31727699.2188,1.2057770832635508,0,0,,0,0.0
29.07.2004 08:00:00.000,1.20608,1.20634,1.20149,1.202,31507699.2188,1.2054865383971238,0,0,,0,0.0
29.07.2004 09:00:00.000,1.20205,1.20364,1.20098,1.20229,31566699.2188,1.2052406508281144,0,0,,0,0.0
29.07.2004 10:00:00.000,1.20236,1.20383,1.20197,1.20282,30667800.7813,1.2050544469182594,0,0,,0,0.0
29.07.2004 11:00:00.000,1.20286,1.20356,1.20107,1.20287,34156199.2188,1.204886412539932,0,0,,0,0.0
29.07.2004 12:00:00.000,1.20278,1.20438,1.20142,1.20315,33115699.2188,1.2047528423445526,0,0,,0,0.0
29.07.2004 13:00:00.000,1.20318,1.20382,1.19912,1.20272,30615000.0,1.2045964698565101,0,2,1.19812,0,0.0
29.07.2004 14:00:00.000,1.2028,1.20884,1.20215,1.20675,32836699.2188,1.2047621260213939,0,0,,0,0.0
29.07.2004 15:00:00.000,1.20695,1.20932,1.20608,1.20691,33705601.5625,1.2049273470966713,0,1,1.2103199999999998,0,0.0
29.07.2004 16:00:00.000,1.20672,1.20757,1.2041,1.2046,293212500.0,1.2049021665507738,0,0,,0,0.0
29.07.2004 17:00:00.000,1.20469,1.20509,1.20295,1.20382,134253000.0,1.204818922969945,0,0,,0,0.0
29.07.2004 18:00:00.000,1.20364,1.20429,1.20293,1.20344,142084406.25,1.2047128519722572,0,0,,0,0.0
29.07.2004 19:00:00.000,1.20345,1.20387,1.20209,1.20301,103628296.875,1.2045818633590066,0,0,,0,0.0
29.07.2004 20:00:00.000,1.203,1.20452,1.20245,1.20434,65610398.4375,1.204563258485237,0,0,,0,0.0
29.07.2004 21:00:00.000,1.20373,1.20515,1.20322,1.20397,30901099.6094,1.204517623217142,0,0,,0,0.0
29.07.2004 22:00:00.000,1.20397,1.20427,1.20294,1.2035,33001601.5625,1.2044393445081312,0,0,,0,0.0
29.07.2004 23:00:00.000,1.20353,1.20472,1.20286,1.20361,31577199.2188,1.2043755487767365,0,0,,0,0.0
30.07.2004 00:00:00.000,1.20349,1.20474,1.20245,1.20323,31391900.3906,1.2042874296400645,0,0,,0,0.0
30.07.2004 01:00:00.000,1.20336,1.20416,1.20285,1.20367,34717199.2188,1.2042399350523674,0,0,,0,0.0
30.07.2004 02:00:00.000,1.20341,1.20469,1.2031,1.20392,33514800.7813,1.2042153246637237,0,0,,0,0.0
30.07.2004 03:00:00.000,1.20413,1.20474,1.20372,1.2044,30748300.7813,1.204229530458822,0,0,,0,0.0
30.07.2004 04:00:00.000,1.2045,1.20486,1.20397,1.20439,32303099.6094,1.204241874269682,0,0,,0,0.0
30.07.2004 05:00:00.000,1.2041,1.20515,1.20355,1.20364,31232800.7813,1.2041955762489374,0,0,,0,0.0
30.07.2004 06:00:00.000,1.20369,1.20479,1.20323,1.20429,30697800.7813,1.2042028396144038,0,0,,0,0.0
30.07.2004 07:00:00.000,1.20434,1.20535,1.20372,1.20465,31838099.6094,1.204237236567142,0,0,,0,0.0
30.07.2004 08:00:00.000,1.2047,1.20667,1.20411,1.2051,32416400.3906,1.2043036029850542,0,0,,0,0.0
30.07.2004 09:00:00.000,1.20514,1.20558,1.20427,1.205,31817699.2188,1.2043571719862038,0,0,,0,0.0
30.07.2004 10:00:00.000,1.20513,1.20647,1.20458,1.20555,29550300.7813,1.2044489279872652,0,0,,0,0.0
30.07.2004 11:00:00.000,1.20542,1.20579,1.20387,1.20422,32884300.7813,1.204431318142091,0,0,,0,0.0
30.07.2004 12:00:00.000,1.2043,1.21183,1.20298,1.2095,32965500.0,1.2048212167465455,0,1,1.2128299999999999,0,0.0
30.07.2004 13:00:00.000,1.20942,1.21088,1.20914,1.20929,32328599.6094,1.2051649693045037,0,0,,0,0.0
30.07.2004 14:00:00.000,1.20967,1.21116,1.20334,1.20406,34105300.7813,1.2050799716656957,0,0,,0,0.0
30.07.2004 15:00:00.000,1.20393,1.20578,1.20266,1.20303,32436599.6094,1.2049222815375653,0,0,,0,0.0
30.07.2004 16:00:00.000,1.20262,1.20347,1.2,1.20025,289614906.25,1.204562875265445,0,0,,0,0.0
30.07.2004 17:00:00.000,1.19997,1.20246,1.19997,1.20233,134704296.875,1.2043911156296416,0,2,1.19897,0,0.0
30.07.2004 18:00:00.000,1.20218,1.20288,1.20116,1.20154,146542703.125,1.2041717990427463,0,0,,0,0.0
30.07.2004 19:00:00.000,1.20146,1.20288,1.20126,1.20241,103451398.4375,1.2040362760394583,0,0,,0,0.0
30.07.2004 20:00:00.000,1.20236,1.20255,1.20052,1.20165,63842500.0,1.2038527163441155,0,0,,0,0.0
01.08.2004 21:00:00.000,1.20169,1.20706,1.20167,1.20667,32046500.0,1.2040694304714912,0,0,,0,0.0
01.08.2004 22:00:00.000,1.20655,1.20757,1.20399,1.20441,32438000.0,1.2040956281275303,0,0,,0,0.0
01.08.2004 23:00:00.000,1.20409,1.20608,1.20375,1.20565,32113699.2188,1.2042151951946436,0,0,,0,0.0
02.08.2004 00:00:00.000,1.20563,1.20594,1.20353,1.20361,32369500.0,1.2041686417181325,0,0,,0,0.0
02.08.2004 01:00:00.000,1.20345,1.20487,1.20283,1.20385,34340898.4375,1.2041441308167378,0,0,,0,0.0
02.08.2004 02:00:00.000,1.20357,1.20631,1.20357,1.206,32747099.6094,1.204286889984681,0,0,,0,0.0
02.08.2004 03:00:00.000,1.2058,1.20657,1.20509,1.20573,31921699.2188,1.204397898447398,0,0,,0,0.0
02.08.2004 04:00:00.000,1.20587,1.20667,1.20542,1.20607,31878900.3906,1.204526521643752,0,0,,0,0.0
02.08.2004 05:00:00.000,1.20638,1.20638,1.20486,1.20554,30935300.7813,1.2046044815173094,0,0,,0,0.0
02.08.2004 06:00:00.000,1.2052,1.20683,1.20455,1.20532,32421099.6094,1.2046595214005933,0,0,,0,0.0
02.08.2004 07:00:00.000,1.20526,1.20721,1.20423,1.20704,31578000.0,1.2048426351390094,0,0,,0,0.0
02.08.2004 08:00:00.000,1.20739,1.2085,1.20627,1.20802,33083199.2188,1.2050870478206241,0,0,,0,0.0
02.08.2004 09:00:00.000,1.2083,1.20928,1.20705,1.20763,30764400.3906,1.2052826595267299,0,1,1.2102799999999998,0,0.0
02.08.2004 10:00:00.000,1.2076,1.20874,1.20736,1.20769,31537500.0,1.2054678395631353,0,0,,0,0.0
02.08.2004 11:00:00.000,1.20758,1.20803,1.20585,1.20623,33238199.2188,1.2055264672890482,0,0,,0,0.0
02.08.2004 12:00:00.000,1.20622,1.2068,1.20506,1.20552,33593800.7813,1.2055259698052754,0,0,,0,0.0
02.08.2004 13:00:00.000,1.20579,1.20666,1.20435,1.20471,31946400.3906,1.2054632028971775,0,0,,0,0.0
02.08.2004 14:00:00.000,1.2048,1.20609,1.20279,1.20318,33950101.5625,1.2052875719050868,0,0,,0,0.0
02.08.2004 15:00:00.000,1.20333,1.20467,1.20243,1.20322,34514601.5625,1.205128527912388,0,0,,0,0.0
02.08.2004 16:00:00.000,1.20326,1.20449,1.20281,1.20365,293343406.25,1.2050147949960506,0,0,,0,0.0
02.08.2004 17:00:00.000,1.20353,1.20384,1.20233,1.20275,134383593.75,1.2048405799963546,0,0,,0,0.0
02.08.2004 18:00:00.000,1.2026,1.20387,1.20245,1.20345,148504796.875,1.2047336123043273,0,0,,0,0.0
02.08.2004 19:00:00.000,1.20344,1.20356,1.20251,1.20284,105825398.4375,1.2045879498193792,0,0,,0,0.0
02.08.2004 20:00:00.000,1.20287,1.20332,1.20176,1.20217,65855500.0,1.204401953679427,0,0,,0,0.0
02.08.2004 21:00:00.000,1.20188,1.20269,1.20167,1.20198,33000601.5625,1.2042156495502403,0,0,,0,0.0
02.08.2004 22:00:00.000,1.20213,1.20235,1.20128,1.2018,32108400.3906,1.204029830354068,0,0,,0,0.0
02.08.2004 23:00:00.000,1.20183,1.20291,1.20135,1.202,33851601.5625,1.2038736895576012,0,0,,0,0.0
03.08.2004 00:00:00.000,1.20207,1.20397,1.20184,1.20304,34223800.7813,1.203809559591632,0,0,,0,0.0
03.08.2004 01:00:00.000,1.2032,1.20337,1.20092,1.20197,35026300.7813,1.2036680550076604,0,0,,0,0.0
03.08.2004 02:00:00.000,1.2022,1.20379,1.20188,1.20268,31134300.7813,1.203592050776302,0,0,,0,0.0
03.08.2004 03:00:00.000,1.20248,1.20301,1.20189,1.20251,31080400.3906,1.203508816101202,0,0,,0,0.0
03.08.2004 04:00:00.000,1.20267,1.20344,1.20171,1.20233,31281400.3906,1.203418137939571,0,0,,0,0.0
03.08.2004 05:00:00.000,1.20198,1.20229,1.20038,1.2013,32557099.6094,1.2032552042519118,1,0,,0,0.0
03.08.2004 06:00:00.000,1.20115,1.20186,1.19941,1.20121,32311099.6094,1.2030978808479187,1,2,1.1984100000000002,0,0.0
03.08.2004 07:00:00.000,1.20123,1.20279,1.20065,1.2018,32977398.4375,1.2029980438596173,1,0,,0,0.0
03.08.2004 08:00:00.000,1.20156,1.20279,1.20117,1.2016,29896599.6094,1.2028905020242622,1,0,,0,0.0
03.08.2004 09:00:00.000,1.20158,1.20251,1.20137,1.20213,30753500.0,1.2028320018685497,1,0,,0,0.0
03.08.2004 10:00:00.000,1.2022,1.2025,1.2014,1.2018,30162500.0,1.2027526171094305,1,0,,0,0.0
03.08.2004 11:00:00.000,1.2017,1.20224,1.20087,1.20196,33818300.7813,1.2026916465625515,1,0,,0,0.0
03.08.2004 12:00:00.000,1.20181,1.20441,1.20146,1.20294,31367099.6094,1.2027107506731245,0,0,,0,0.0
03.08.2004 13:00:00.000,1.20302,1.20674,1.2026,1.20625,32722099.6094,1.2029830006213458,0,0,,0,0.0
03.08.2004 14:00:00.000,1.20632,1.20751,1.20582,1.20594,31575500.0,1.2032104621120114,0,1,1.20851,0,0.0
03.08.2004 15:00:00.000,1.206,1.20655,1.20442,1.20512,33629500.0,1.2033573496418568,0,0,,0,0.0
03.08.2004 16:00:00.000,1.20493,1.20597,1.20448,1.20534,300039687.5,1.2035098612078678,0,0,,0,0.0
03.08.2004 17:00:00.000,1.20542,1.20613,1.20473,1.20549,136624796.875,1.2036621795764935,0,0,,0,0.0
03.08.2004 18:00:00.000,1.2055,1.20582,1.20438,1.20521,148264406.25,1.203781242685994,0,0,,0,0.0
03.08.2004 19:00:00.000,1.20492,1.20589,1.20454,1.20514,102644101.5625,1.2038857624793793,0,0,,0,0.0
03.08.2004 20:00:00.000,1.20519,1.20603,1.20453,1.20593,64910699.2188,1.2040430115194272,0,0,,0,0.0
03.08.2004 21:00:00.000,1.20526,1.20597,1.20436,1.20491,30283599.6094,1.2041097029410097,0,0,,0,0.0
03.08.2004 22:00:00.000,1.20474,1.20563,1.20414,1.20515,33248699.2188,1.2041897257917014,0,0,,0,0.0
03.08.2004 23:00:00.000,1.20513,1.20579,1.20462,1.20522,31297500.0,1.2042689776538782,0,0,,0,0.0
04.08.2004 00:00:00.000,1.20547,1.206,1.20492,1.20514,31021000.0,1.2043359793728108,0,0,,0,0.0
04.08.2004 01:00:00.000,1.20526,1.206,1.20429,1.2047,33427800.7813,1.2043639809595177,0,0,,0,0.0
04.08.2004 02:00:00.000,1.20442,1.20503,1.20252,1.20292,33983199.2188,1.2042529055010933,0,0,,0,0.0
04.08.2004 03:00:00.000,1.20313,1.20323,1.20202,1.20298,31635300.7813,1.204154989693317,0,0,,0,0.0
04.08.2004 04:00:00.000,1.2032,1.20339,1.20237,1.20292,29958000.0,1.2040599904861389,0,0,,0,0.0
04.08.2004 05:00:00.000,1.20262,1.20317,1.20209,1.20261,29405000.0,1.203948452756436,0,0,,0,0.0
04.08.2004 06:00:00.000,1.20238,1.20335,1.20136,1.20247,33034500.0,1.2038347256213255,0,0,,0,0.0
04.08.2004 07:00:00.000,1.20257,1.20263,1.2013,1.20194,33846000.0,1.2036889774966082,0,0,,0,0.0
04.08.2004 08:00:00.000,1.20193,1.20225,1.19997,1.20155,30686400.3906,1.2035244407660999,0,0,,0,0.0
04.08.2004 09:00:00.000,1.20151,1.20264,1.20024,1.20146,30824800.7813,1.203365637630246,0,0,,0,0.0
04.08.2004 10:00:00.000,1.2014,1.20164,1.20035,1.20076,30448400.3906,1.203165203966381,0,0,,0,0.0
04.08.2004 11:00:00.000,1.20086,1.20185,1.19988,1.20002,31708900.3906,1.2029232651997364,0,0,,0,0.0
04.08.2004 12:00:00.000,1.2001,1.20129,1.19695,1.19794,34301101.5625,1.2025399371074492,0,2,1.19595,0,0.0
04.08.2004 13:00:00.000,1.19813,1.19949,1.19782,1.19892,32898800.7813,1.2022614804068763,0,0,,0,0.0
04.08.2004 14:00:00.000,1.1986,1.20553,1.19755,1.20532,32012900.3906,1.202496751144809,0,0,,0,0.0
04.08.2004 15:00:00.000,1.20534,1.20659,1.20424,1.2055,32967300.7813,1.202727770287516,0,1,1.20759,0,0.0
04.08.2004 16:00:00.000,1.20543,1.20569,1.20358,1.2041,296912093.75,1.2028333264192457,0,0,,0,0.0
04.08.2004 17:00:00.000,1.20434,1.20537,1.2033,1.2038,136782906.25,1.2029076859254577,0,0,,0,0.0
04.08.2004 18:00:00.000,1.20372,1.20459,1.20304,1.20378,148317500.0,1.2029747870081149,0,0,,0,0.0
04.08.2004 19:00:00.000,1.2039,1.20439,1.20356,1.20418,105317101.5625,1.2030674956997984,0,0,,0,0.0
04.08.2004 20:00:00.000,1.20426,1.2051,1.20409,1.20502,62840199.2188,1.2032176883382757,0,0,,0,0.0
04.08.2004 21:00:00.000,1.2047,1.20552,1.2042,1.20481,31983800.7813,1.2033401738507161,0,0,,0,0.0
04.08.2004 22:00:00.000,1.2049,1.2058,1.20472,1.20539,32787500.0,1.2034978527852764,0,0,,0,0.0
04.08.2004 23:00:00.000,1.2055,1.20591,1.20505,1.20559,29624199.2188,1.203658787186409,0,0,,0,0.0
05.08.2004 00:00:00.000,1.20546,1.20579,1.20401,1.2046,31635000.0,1.2037311881720698,0,0,,0,0.0
05.08.2004 01:00:00.000,1.20483,1.20539,1.20439,1.20508,32806500.0,1.2038349429280646,0,0,,0,0.0
05.08.2004 02:00:00.000,1.2051,1.20556,1.20481,1.20527,32371599.6094,1.203945331933598,0,0,,0,0.0
05.08.2004 03:00:00.000,1.20543,1.20566,1.20465,1.20524,28927900.3906,1.2040449217848597,0,0,,0,0.0
05.08.2004 04:00:00.000,1.20494,1.20554,1.20458,1.20491,33568699.2188,1.2041114662629473,0,0,,0,0.0
05.08.2004 05:00:00.000,1.20488,1.2058,1.20477,1.20554,32419599.6094,1.20422135347349,0,0,,0,0.0
05.08.2004 06:00:00.000,1.20559,1.20694,1.20485,1.20647,32204800.7813,1.2043943262832217,2,0,,0,0.0
05.08.2004 07:00:00.000,1.20651,1.20727,1.2054,1.20589,31317800.7813,1.2045093781075893,2,1,1.20827,0,0.0
05.08.2004 08:00:00.000,1.20576,1.20638,1.20524,1.20581,30350400.3906,1.2046094259454672,2,0,,0,0.0
05.08.2004 09:00:00.000,1.20595,1.2067,1.2053,1.20555,31198800.7813,1.2046817777958159,2,0,,0,0.0
05.08.2004 10:00:00.000,1.20553,1.20648,1.20533,1.20577,31021000.0,1.2047654871961377,2,0,,0,0.0
05.08.2004 11:00:00.000,1.20583,1.2061,1.20355,1.20419,31358699.2188,1.204721218950281,0,0,,0,0.0
05.08.2004 12:00:00.000,1.20442,1.20535,1.20189,1.20271,34085601.5625,1.2045665098002594,0,2,1.20089,0,0.0
05.08.2004 13:00:00.000,1.20263,1.20394,1.20248,1.20303,31578699.2188,1.204448316738701,0,0,,0,0.0
05.08.2004 14:00:00.000,1.2032,1.20507,1.20283,1.20477,32771101.5625,1.2044730616049548,0,0,,0,0.0
05.08.2004 15:00:00.000,1.20443,1.20564,1.20417,1.2049,33378101.5625,1.2045059030199585,0,0,,0,0.0
05.08.2004 16:00:00.000,1.20478,1.20607,1.20441,1.20554,290892500.0,1.2045854489415002,0,0,,0,0.0
05.08.2004 17:00:00.000,1.20567,1.20712,1.20525,1.2059,134243203.125,1.2046865682536927,0,0,,0,0.0
05.08.2004 18:00:00.000,1.20599,1.2072,1.20571,1.20614,145921703.125,1.2047983706957164,0,1,1.2082,0,0.0
05.08.2004 19:00:00.000,1.2063,1.20632,1.20515,1.20603,106551601.5625,1.2048931114114305,0,0,,0,0.0
05.08.2004 20:00:00.000,1.2058,1.20692,1.20502,1.2051,63209101.5625,1.2049090259182436,0,0,,0,0.0
05.08.2004 21:00:00.000,1.2052,1.206,1.20488,1.20544,30754599.6094,1.2049498700783787,0,0,,0,0.0
05.08.2004 22:00:00.000,1.20541,1.20561,1.20431,1.20499,33625398.4375,1.2049529569954267,0,0,,0,0.0
05.08.2004 23:00:00.000,1.20521,1.20575,1.20468,1.20554,32288000.0,1.2049981141496247,0,0,,0,0.0
06.08.2004 00:00:00.000,1.20525,1.20592,1.2051,1.20539,32300199.2188,1.205028259215038,0,0,,0,0.0
06.08.2004 01:00:00.000,1.20539,1.20669,1.20529,1.20631,32624099.6094,1.2051268546600353,0,0,,0,0.0
06.08.2004 02:00:00.000,1.20615,1.20685,1.20595,1.20639,34102101.5625,1.2052240196861865,0,0,,0,0.0
06.08.2004 03:00:00.000,1.20642,1.2069,1.20607,1.20647,31794900.3906,1.2053198643257108,0,0,,0,0.0
06.08.2004 04:00:00.000,1.20657,1.20719,1.20637,1.20704,31819599.6094,1.2054521824545024,0,0,,0,0.0
06.08.2004 05:00:00.000,1.20672,1.20886,1.20652,1.20811,31869500.0,1.2056566299580023,0,0,,0,0.0
06.08.2004 06:00:00.000,1.20825,1.20849,1.20661,1.20699,33077898.4375,1.20575919688431,0,0,,0,0.0
06.08.2004 07:00:00.000,1.20696,1.20719,1.20536,1.20578,32986300.7813,1.2057607971239785,2,0,,0,0.0
06.08.2004 08:00:00.000,1.20575,1.20618,1.20523,1.20562,31133500.0,1.2057499665759803,0,0,,0,0.0
06.08.2004 09:00:00.000,1.20578,1.20652,1.20526,1.20545,30672699.2188,1.2057268922239819,0,0,,0,0.0
06.08.2004 10:00:00.000,1.20545,1.20609,1.20477,1.20482,31753400.3906,1.2056571312836757,0,0,,0,0.0
06.08.2004 11:00:00.000,1.20501,1.2057,1.20431,1.20557,31402000.0,1.2056504288772394,0,2,1.20331,0,0.0
06.08.2004 12:00:00.000,1.20573,1.22591,1.20502,1.22521,32154000.0,1.207155011271298,0,0,,2,1.23521
06.08.2004 13:00:00.000,1.22531,1.2268,1.22296,1.22398,31526099.6094,1.208449241173506,0,0,,2,1.23398
06.08.2004 14:00:00.000,1.2242,1.2261,1.2238,1.22578,34172300.7813,1.2097823764678517,0,0,,2,1.23578
06.08.2004 15:00:00.000,1.22559,1.22754,1.22545,1.22714,32946101.5625,1.211117578278017,0,0,,2,1.23714
06.08.2004 16:00:00.000,1.22715,1.22795,1.2256,1.22762,295230906.25,1.2123869953335542,0,0,,2,1.23762
06.08.2004 17:00:00.000,1.22768,1.228,1.22667,1.2271,134533906.25,1.2135187649232808,0,0,,2,1.2371
06.08.2004 18:00:00.000,1.22716,1.22835,1.22668,1.22737,146938593.75,1.214584244544567,0,0,,2,1.23737
06.08.2004 19:00:00.000,1.22738,1.22898,1.22716,1.22875,104752296.875,1.215673918041139,0,0,,2,1.23875
06.08.2004 20:00:00.000,1.22864,1.229,1.22725,1.22784,63708699.2188,1.216609770499513,0,1,1.23,2,1.23784
08.08.2004 21:00:00.000,1.22805,1.22883,1.22774,1.22805,31182199.2188,1.2174897881533966,0,0,,2,1.23805
08.08.2004 22:00:00.000,1.22817,1.22861,1.22695,1.227,32506599.6094,1.2182213429108275,0,0,,2,1.237
08.08.2004 23:00:00.000,1.22715,1.22751,1.22622,1.22725,32993000.0,1.21891585499461,0,0,,2,1.23725
09.08.2004 00:00:00.000,1.22697,1.2285,1.2267,1.22738,33323601.5625,1.2195669430719478,0,0,,2,1.23738
09.08.2004 01:00:00.000,1.22743,1.22752,1.2262,1.22722,32307800.7813,1.220155639758721,0,0,,2,1.23722
09.08.2004 02:00:00.000,1.22714,1.22833,1.22702,1.22786,32515199.2188,1.220748282854204,0,0,,2,1.23786
09.08.2004 03:00:00.000,1.22788,1.22849,1.22765,1.22774,32140000.0,1.2212861072500345,0,0,,2,1.23774
09.08.2004 04:00:00.000,1.22787,1.22885,1.2276,1.22862,30895099.6094,1.2218502528461859,2,0,,2,1.23862
09.08.2004 05:00:00.000,1.22852,1.2286,1.22728,1.22776,32108300.7813,1.2223048487810946,2,0,,2,1.23776
09.08.2004 06:00:00.000,1.22767,1.22878,1.22651,1.22675,32231400.3906,1.2226467834902413,2,0,,2,1.23675
09.08.2004 07:00:00.000,1.22678,1.22696,1.22503,1.22612,32604000.0,1.2229139539909921,2,0,,2,1.23612
09.08.2004 08:00:00.000,1.22597,1.22727,1.22539,1.2266,30034300.7813,1.2231974959916851,2,0,,0,0.0
09.08.2004 09:00:00.000,1.2267,1.22746,1.22607,1.22645,29637000.0,1.2234476886077095,2,0,,0,0.0
09.08.2004 10:00:00.000,1.22648,1.22679,1.22544,1.2258,30533900.3906,1.2236286356378858,2,0,,0,0.0
09.08.2004 11:00:00.000,1.22561,1.22659,1.22474,1.22579,33239800.7813,1.2237948944349715,2,0,,0,0.0
09.08.2004 12:00:00.000,1.22589,1.22663,1.22444,1.22653,32487300.7813,1.224005287170743,2,2,1.22344,0,0.0
09.08.2004 13:00:00.000,1.22639,1.22793,1.22607,1.2264,32063300.7813,1.2241894958499167,2,0,,0,0.0
09.08.2004 14:00:00.000,1.22635,1.22677,1.22472,1.2255,30907199.2188,1.2242903038614616,2,0,,0,0.0
09.08.2004 15:00:00.000,1.22537,1.22674,1.22525,1.22616,32505599.6094,1.2244341266413492,2,0,,0,0.0
09.08.2004 16:00:00.000,1.22579,1.22641,1.22521,1.22582,293727687.5,1.2245407322843223,2,0,,0,0.0
09.08.2004 17:00:00.000,1.22591,1.22683,1.22556,1.22622,133397796.875,1.22466990672399,2,0,,0,0.0
09.08.2004 18:00:00.000,1.2263,1.22789,1.22611,1.22773,145222906.25,1.2249052985144522,2,0,,0,0.0
09.08.2004 19:00:00.000,1.22762,1.22794,1.22654,1.22675,105115398.4375,1.2250471986287252,2,0,,0,0.0
09.08.2004 20:00:00.000,1.2268,1.22749,1.22662,1.22675,63064898.4375,1.2251781833495927,2,0,,0,0.0
09.08.2004 21:00:00.000,1.22652,1.22733,1.22637,1.22655,29733599.6094,1.2252837077073164,2,0,,0,0.0
09.08.2004 22:00:00.000,1.22661,1.22732,1.22642,1.22703,31444400.3906,1.225418037883677,2,0,,0,0.0
09.08.2004 23:00:00.000,1.22715,1.22734,1.22625,1.22642,32671400.3906,1.2254951118926252,2,0,,0,0.0
10.08.2004 00:00:00.000,1.2264,1.22719,1.22597,1.22698,31276699.2188,1.225609334054731,2,0,,0,0.0
10.08.2004 01:00:00.000,1.22673,1.22799,1.22668,1.22737,34153000.0,1.2257447698966748,2,0,,0,0.0
10.08.2004 02:00:00.000,1.22737,1.22808,1.22683,1.22689,32352400.3906,1.2258328645200076,2,0,,0,0.0
10.08.2004 03:00:00.000,1.2271,1.22754,1.22666,1.22711,32164099.6094,1.2259311057107765,2,0,,0,0.0
10.08.2004 04:00:00.000,1.22726,1.22767,1.22663,1.22687,30892500.0,1.226003328348409,2,0,,0,0.0
10.08.2004 05:00:00.000,1.22705,1.2273,1.22638,1.22666,30434699.2188,1.2260538415523778,2,0,,0,0.0
10.08.2004 06:00:00.000,1.22684,1.22799,1.22644,1.22723,32919398.4375,1.226144315279118,2,0,,0,0.0
10.08.2004 07:00:00.000,1.22709,1.22865,1.22687,1.22749,31738800.7813,1.2262478294884167,2,0,,0,0.0
10.08.2004 08:00:00.000,1.22767,1.22791,1.22665,1.2271,32623500.0,1.2263133810662308,2,0,,0,0.0
10.08.2004 09:00:00.000,1.22712,1.22829,1.2267,1.22774,31619199.2188,1.2264231209842131,2,0,,0,0.0
10.08.2004 10:00:00.000,1.22763,1.22809,1.22684,1.22802,30553199.2188,1.2265459578315814,2,0,,0,0.0
10.08.2004 11:00:00.000,1.2281,1.22846,1.22721,1.2274,32459800.7813,1.2266116533829983,2,0,,0,0.0
10.08.2004 12:00:00.000,1.22766,1.22808,1.22711,1.22731,33226398.4375,1.2266653723535368,2,0,,0,0.0
10.08.2004 13:00:00.000,1.22742,1.23007,1.22708,1.22965,30469300.7813,1.2268949590955724,2,0,,0,0.0
10.08.2004 14:00:00.000,1.22987,1.23179,1.22955,1.23105,31601599.6094,1.2272145776266825,2,1,1.2327899999999998,0,0.0
10.08.2004 15:00:00.000,1.23106,1.23147,1.23007,1.23034,32677900.3906,1.2274549947323223,2,0,,0,0.0
10.08.2004 16:00:00.000,1.23044,1.23097,1.22859,1.22943,296441187.5,1.2276069182144513,2,0,,0,0.0
10.08.2004 17:00:00.000,1.22934,1.23072,1.22889,1.23002,138204093.75,1.227792539890263,2,0,,0,0.0
10.08.2004 18:00:00.000,1.22988,1.23089,1.22276,1.22299,144321000.0,1.2274231137448581,0,0,,0,0.0
10.08.2004 19:00:00.000,1.22327,1.2246,1.22275,1.22366,104495398.4375,1.2271336434567923,0,0,,0,0.0
10.08.2004 20:00:00.000,1.22357,1.22386,1.22237,1.22338,65218398.4375,1.2268449016524237,0,0,,0,0.0
10.08.2004 21:00:00.000,1.22305,1.22379,1.22191,1.22245,31037500.0,1.226506832294545,0,2,1.2209100000000002,0,0.0
10.08.2004 22:00:00.000,1.22267,1.22336,1.22222,1.22302,33371601.5625,1.2262386144257338,0,0,,0,0.0
10.08.2004 23:00:00.000,1.22308,1.22358,1.22274,1.22334,32104699.2188,1.2260156440852927,0,0,,0,0.0
11.08.2004 00:00:00.000,1.22339,1.22372,1.2228,1.22301,32707000.0,1.2257844406941163,0,0,,0,0.0
11.08.2004 01:00:00.000,1.22288,1.22349,1.22276,1.22296,33370898.4375,1.2255671760253382,0,0,,0,0.0
11.08.2004 02:00:00.000,1.22315,1.22366,1.22275,1.22317,32403300.7813,1.225382777869543,0,0,,0,0.0
11.08.2004 03:00:00.000,1.22333,1.22391,1.22298,1.22319,29373599.6094,1.2252141026488088,0,0,,0,0.0
11.08.2004 04:00:00.000,1.22311,1.2237,1.22274,1.22307,30507800.7813,1.2250491716758236,0,0,,0,0.0
11.08.2004 05:00:00.000,1.22296,1.22438,1.22278,1.22422,33608699.2188,1.2249853892392217,0,0,,0,0.0
11.08.2004 06:00:00.000,1.22413,1.22442,1.22309,1.22402,33153398.4375,1.2249111285285124,0,0,,0,0.0
11.08.2004 07:00:00.000,1.22436,1.22497,1.22274,1.2233,33188398.4375,1.2247871955647809,0,1,1.2259699999999998,0,0.0
11.08.2004 08:00:00.000,1.2232,1.22353,1.22052,1.22087,30907400.3906,1.2244858728290287,0,0,,0,0.0
11.08.2004 09:00:00.000,1.22122,1.22296,1.22113,1.22206,30651900.3906,1.2242992672267958,0,0,,0,0.0
11.08.2004 10:00:00.000,1.22229,1.22324,1.22149,1.22299,28494500.0,1.2241985543631961,1,0,,0,0.0
11.08.2004 11:00:00.000,1.22295,1.22371,1.22191,1.22331,31535099.6094,1.2241302040275657,1,0,,0,0.0
11.08.2004 12:00:00.000,1.2235,1.22406,1.22163,1.22163,31180500.0,1.2239378806408299,1,0,,0,0.0
11.08.2004 13:00:00.000,1.22196,1.22214,1.21958,1.22053,31992099.6094,1.2236757359761508,1,0,,0,0.0
11.08.2004 14:00:00.000,1.2205,1.22156,1.21937,1.22011,30914800.7813,1.22340144859337,1,2,1.2183700000000002,0,0.0
11.08.2004 15:00:00.000,1.22024,1.22236,1.21952,1.22224,33672199.2188,1.22331210639388,1,0,,0,0.0
11.08.2004 16:00:00.000,1.22209,1.22265,1.22124,1.2218,292988593.75,1.2231957905174278,1,0,,0,0.0
11.08.2004 17:00:00.000,1.22165,1.22344,1.22131,1.22154,131574703.125,1.2230684220160872,1,0,,0,0.0
11.08.2004 18:00:00.000,1.22162,1.22202,1.22079,1.22128,145584906.25,1.222930851091773,1,0,,0,0.0
11.08.2004 19:00:00.000,1.2213,1.22174,1.22065,1.22154,105580601.5625,1.222823862546252,1,0,,0,0.0
11.08.2004 20:00:00.000,1.22132,1.22201,1.22123,1.22153,66524796.875,1.2227243346580787,1,0,,0,0.0
11.08.2004 21:00:00.000,1.22102,1.2225,1.22102,1.22209,31173000.0,1.2226755396843805,1,0,,0,0.0
11.08.2004 22:00:00.000,1.22229,1.22254,1.22139,1.22174,32934699.2188,1.2226035750932742,1,0,,0,0.0
11.08.2004 23:00:00.000,1.22149,1.22278,1.22128,1.22271,31887000.0,1.2226117616245609,0,0,,0,0.0
12.08.2004 00:00:00.000,1.22234,1.22317,1.22218,1.22277,31857000.0,1.222623933807287,0,0,,0,0.0
12.08.2004 01:00:00.000,1.22262,1.22333,1.22243,1.2231,33097601.5625,1.2226605542836495,0,0,,0,0.0
12.08.2004 02:00:00.000,1.2229,1.2235,1.22247,1.22298,33267101.5625,1.222685127031061,0,0,,0,0.0
12.08.2004 03:00:00.000,1.22288,1.22366,1.22248,1.22327,30214099.6094,1.2227301172594411,0,0,,0,0.0
12.08.2004 04:00:00.000,1.22332,1.22364,1.22285,1.22336,30657300.7813,1.2227785697779459,0,0,,0,0.0
12.08.2004 05:00:00.000,1.22332,1.22398,1.22291,1.2236,31307699.2188,1.222841756718104,0,0,,0,0.0
12.08.2004 06:00:00.000,1.22346,1.22452,1.22298,1.2237,31802800.7813,1.222907775432096,0,0,,0,0.0
12.08.2004 07:00:00.000,1.2236,1.22548,1.22345,1.22491,32230099.6094,1.2230617927065501,0,0,,0,0.0
12.08.2004 08:00:00.000,1.22487,1.22737,1.22462,1.22675,29950199.2188,1.2233455009598926,0,0,,0,0.0
12.08.2004 09:00:00.000,1.22662,1.22699,1.22565,1.22622,29789699.2188,1.2235666162706702,0,0,,0,0.0
12.08.2004 10:00:00.000,1.22628,1.22707,1.22565,1.22617,30036900.3906,1.2237668765575418,0,0,,0,0.0
12.08.2004 11:00:00.000,1.22617,1.22707,1.22559,1.22608,32427599.6094,1.2239448091300387,0,0,,0,0.0
12.08.2004 12:00:00.000,1.22597,1.22948,1.22524,1.22553,34136500.0,1.2240667468892665,0,1,1.2304799999999998,0,0.0
12.08.2004 13:00:00.000,1.22563,1.22589,1.22224,1.22323,29761400.3906,1.2240023817439385,0,0,,0,0.0
12.08.2004 14:00:00.000,1.22338,1.2238,1.22186,1.22265,32818500.0,1.2238983523790201,0,2,1.22086,0,0.0
12.08.2004 15:00:00.000,1.22285,1.22357,1.22229,1.22234,32787699.2188,1.2237784791190955,0,0,,0,0.0
12.08.2004 16:00:00.000,1.22227,1.22413,1.22188,1.22381,291971406.25,1.2237809038022422,0,0,,0,0.0
12.08.2004 17:00:00.000,1.22372,1.22519,1.22352,1.22431,136841500.0,1.223821603509762,0,0,,0,0.0
12.08.2004 18:00:00.000,1.22432,1.22608,1.22337,1.22583,145814593.75,1.2239760955474726,0,0,,0,0.0
12.08.2004 19:00:00.000,1.22575,1.22622,1.22529,1.22602,110279000.0,1.224133318966898,0,0,,0,0.0
12.08.2004 20:00:00.000,1.22611,1.22618,1.22462,1.22489,64835601.5625,1.2241915252002136,0,0,,0,0.0
12.08.2004 21:00:00.000,1.22478,1.22546,1.22448,1.22495,32176800.7813,1.224249869415582,0,0,,0,0.0
12.08.2004 22:00:00.000,1.22465,1.22489,1.22263,1.22342,33489101.5625,1.2241860333066912,0,0,,0,0.0
12.08.2004 23:00:00.000,1.22327,1.22469,1.22319,1.22354,30703800.7813,1.224136338436946,0,0,,0,0.0
13.08.2004 00:00:00.000,1.22347,1.22509,1.22265,1.22397,31872400.3906,1.2241235431725657,0,0,,0,0.0
13.08.2004 01:00:00.000,1.22414,1.22486,1.22327,1.22333,32315300.7813,1.2240625013900608,0,0,,0,0.0
13.08.2004 02:00:00.000,1.22337,1.22374,1.22264,1.22336,32300400.3906,1.2240084628215948,0,0,,0,0.0
13.08.2004 03:00:00.000,1.22329,1.22346,1.22236,1.22279,31806000.0,1.2239147349122415,0,0,,0,0.0
13.08.2004 04:00:00.000,1.2227,1.22352,1.22225,1.22312,32741199.2188,1.2238536014574537,0,0,,0,0.0
13.08.2004 05:00:00.000,1.22313,1.22323,1.22173,1.22196,32426699.2188,1.2237079398068804,0,0,,0,0.0
13.08.2004 06:00:00.000,1.222,1.2223,1.2175,1.21933,34915500.0,1.2233711752063512,0,2,1.2165000000000001,0,0.0
13.08.2004 07:00:00.000,1.21933,1.22081,1.21821,1.2186,32595500.0,1.2230041617289396,0,0,,0,0.0
13.08.2004 08:00:00.000,1.21867,1.22022,1.21818,1.2191,31252800.7813,1.2227038415959441,0,0,,0,0.0
13.08.2004 09:00:00.000,1.2194,1.2204,1.2184,1.22033,32347599.6094,1.2225212383962563,0,0,,0,0.0
13.08.2004 10:00:00.000,1.22011,1.22107,1.21974,1.22016,31640800.7813,1.2223396046734674,0,0,,0,0.0
13.08.2004 11:00:00.000,1.21993,1.22116,1.21961,1.22041,31933400.3906,1.222191173544739,0,0,,0,0.0
13.08.2004 12:00:00.000,1.22045,1.23217,1.22035,1.23053,33750500.0,1.2228326217336054,0,0,,0,0.0
13.08.2004 13:00:00.000,1.2308,1.23395,1.23063,1.23199,33857300.7813,1.2235370354464052,0,0,,0,0.0
13.08.2004 14:00:00.000,1.23222,1.23605,1.2318,1.23493,31857400.3906,1.2244134173351435,0,0,,0,0.0
13.08.2004 15:00:00.000,1.23532,1.2356,1.23393,1.2356,34606500.0,1.2252739236939787,0,0,,0,0.0
13.08.2004 16:00:00.000,1.23552,1.23716,1.23502,1.23619,289264000.0,1.226113621871365,0,0,,0,0.0
13.08.2004 17:00:00.000,1.23613,1.23684,1.23513,1.23558,135481500.0,1.226841804804337,0,0,,0,0.0
13.08.2004 18:00:00.000,1.23553,1.23741,1.23538,1.2372,146428906.25,1.2276385890501573,0,0,,0,0.0
13.08.2004 19:00:00.000,1.23721,1.23751,1.2365,1.23713,106467796.875,1.2283686975847607,0,0,,0,0.0
13.08.2004 20:00:00.000,1.23705,1.23754,1.23666,1.23704,62647300.7813,1.2290357208474716,0,0,,0,0.0
15.08.2004 21:00:00.000,1.23668,1.23826,1.23668,1.23753,32425800.7813,1.2296891269361279,0,1,1.2392599999999998,0,0.0
15.08.2004 22:00:00.000,1.23779,1.23815,1.2371,1.23749,34071000.0,1.2302891940948875,0,0,,0,0.0
15.08.2004 23:00:00.000,1.23731,1.23795,1.23675,1.23707,32122900.3906,1.2308107945491271,0,0,,0,0.0
16.08.2004 00:00:00.000,1.23717,1.2378,1.23608,1.23625,31211900.3906,1.231229194968425,0,0,,0,0.0
16.08.2004 01:00:00.000,1.23624,1.23739,1.23614,1.23702,34807601.5625,1.2316746415093154,0,0,,0,0.0
16.08.2004 02:00:00.000,1.23663,1.23766,1.23663,1.23733,34971601.5625,1.232109669085522,0,0,,0,0.0
16.08.2004 03:00:00.000,1.23723,1.23756,1.23666,1.23721,30447199.2188,1.2325020022327895,0,0,,0,0.0
16.08.2004 04:00:00.000,1.23732,1.23759,1.23653,1.23702,29906400.3906,1.232849540522575,2,0,,0,0.0
16.08.2004 05:00:00.000,1.2371,1.2372,1.23502,1.23512,31947800.7813,1.2330241912516078,2,0,,0,0.0
16.08.2004 06:00:00.000,1.23521,1.23663,1.23457,1.23598,31011800.7813,1.2332515611553303,2,0,,0,0.0
16.08.2004 07:00:00.000,1.23596,1.23623,1.23433,1.2347,31419000.0,1.2333629795279972,2,0,,0,0.0
16.08.2004 08:00:00.000,1.23425,1.2355,1.23343,1.235,31180199.2188,1.2334889041796897,2,0,,0,0.0
16.08.2004 09:00:00.000,1.23546,1.23546,1.23347,1.23392,31884400.3906,1.2335220653966368,2,0,,0,0.0
16.08.2004 10:00:00.000,1.23397,1.23457,1.23336,1.23383,31197599.6094,1.2335457526738187,2,0,,0,0.0
16.08.2004 11:00:00.000,1.2336,1.23461,1.23289,1.23348,32429699.2188,1.2335406947758327,0,0,,0,0.0
16.08.2004 12:00:00.000,1.23338,1.2368,1.23326,1.23603,31636900.3906,1.2337321797930765,0,0,,0,0.0
16.08.2004 13:00:00.000,1.23492,1.23609,1.23371,1.23449,30631099.6094,1.2337904736551475,0,0,,0,0.0
16.08.2004 14:00:00.000,1.2344,1.23501,1.23322,1.23423,32681199.2188,1.2338242833739825,0,0,,0,0.0
16.08.2004 15:00:00.000,1.2341,1.23438,1.23158,1.23311,32841101.5625,1.233769338499061,0,2,1.23058,0,0.0
16.08.2004 16:00:00.000,1.23313,1.23477,1.23296,1.23421,289461593.75,1.2338032355375947,0,0,,0,0.0
16.08.2004 17:00:00.000,1.23414,1.23507,1.23378,1.23433,132035906.25,1.2338437558808566,0,0,,0,0.0
16.08.2004 18:00:00.000,1.23453,1.23549,1.23377,1.23528,148149000.0,1.2339542361977138,0,0,,0,0.0
16.08.2004 19:00:00.000,1.23546,1.23641,1.23502,1.23607,106207703.125,1.2341169872594282,0,0,,0,0.0
16.08.2004 20:00:00.000,1.23613,1.23639,1.23551,1.23591,63617500.0,1.2342549113163954,0,0,,0,0.0
16.08.2004 21:00:00.000,1.23564,1.23624,1.235,1.235,32536599.6094,1.2343122258305188,0,0,,0,0.0
16.08.2004 22:00:00.000,1.23552,1.23613,1.23528,1.23569,31879400.3906,1.2344182084589403,0,0,,0,0.0
16.08.2004 23:00:00.000,1.23557,1.23591,1.23497,1.23555,30808500.0,1.2345052693467142,0,0,,0,0.0
17.08.2004 00:00:00.000,1.23554,1.23622,1.23517,1.23608,33028300.7813,1.2346264024738902,0,0,,0,0.0
17.08.2004 01:00:00.000,1.23579,1.2361,1.23468,1.23539,31708099.6094,1.2346851407451294,0,0,,0,0.0
17.08.2004 02:00:00.000,1.23523,1.23629,1.23497,1.23629,32098900.3906,1.2348085914570426,0,0,,0,0.0
17.08.2004 03:00:00.000,1.23615,1.23695,1.23562,1.23597,30035300.7813,1.2348979305757317,0,0,,0,0.0
17.08.2004 04:00:00.000,1.23607,1.23646,1.23534,1.23575,32481599.6094,1.2349634743775986,0,0,,0,0.0
17.08.2004 05:00:00.000,1.2355,1.23627,1.23512,1.23559,31007099.6094,1.235011668656245,0,0,,0,0.0
17.08.2004 06:00:00.000,1.23562,1.23687,1.23484,1.23665,30880099.6094,1.2351376941442263,0,0,,0,0.0
17.08.2004 07:00:00.000,1.23671,1.23785,1.23494,1.2351,32502500.0,1.2351347945946705,0,0,,0,0.0
17.08.2004 08:00:00.000,1.23499,1.23568,1.2341,1.2343,31039300.7813,1.2350705796258497,0,0,,0,0.0
17.08.2004 09:00:00.000,1.23424,1.23487,1.23358,1.23417,30693099.6094,1.2350013042700152,0,0,,0,0.0
17.08.2004 10:00:00.000,1.23412,1.23461,1.23299,1.23358,32807000.0,1.2348919731723218,0,0,,0,0.0
17.08.2004 11:00:00.000,1.2334,1.23406,1.23273,1.23365,32001300.7813,1.234796436774451,0,0,,0,0.0
17.08.2004 12:00:00.000,1.23348,1.23845,1.23251,1.23307,31403400.3906,1.2346636339456472,0,1,1.23945,0,0.0
17.08.2004 13:00:00.000,1.23278,1.23432,1.23096,1.23358,32015300.7813,1.2345802774882897,0,2,1.2299600000000002,0,0.0
17.08.2004 14:00:00.000,1.23368,1.23477,1.23247,1.23278,31260300.7813,1.2344417946045754,0,0,,0,0.0
17.08.2004 15:00:00.000,1.23278,1.23376,1.23209,1.23268,34047800.7813,1.2343062719426852,0,0,,0,0.0
17.08.2004 16:00:00.000,1.23263,1.23447,1.23235,1.23363,295931812.5,1.234254251024017,0,0,,0,0.0
17.08.2004 17:00:00.000,1.2337,1.23422,1.23321,1.23402,137481703.125,1.2342362317144775,0,0,,0,0.0
17.08.2004 18:00:00.000,1.23403,1.23443,1.23306,1.23414,147690203.125,1.2342288292749024,0,0,,0,0.0
17.08.2004 19:00:00.000,1.23409,1.23529,1.23371,1.23491,105463101.5625,1.2342812270229868,0,0,,0,0.0
17.08.2004 20:00:00.000,1.23486,1.23559,1.23452,1.23538,64459699.2188,1.2343657480212187,0,0,,0,0.0
17.08.2004 21:00:00.000,1.2352,1.23569,1.23453,1.23471,31813599.6094,1.2343922289426634,0,0,,0,0.0
17.08.2004 22:00:00.000,1.23479,1.23539,1.2338,1.23418,33595699.2188,1.2343759036393815,0,0,,0,0.0
17.08.2004 23:00:00.000,1.23415,1.23495,1.23371,1.23485,32093699.2188,1.2344123725901983,0,0,,0,0.0
18.08.2004 00:00:00.000,1.23482,1.23492,1.23303,1.2333,31905199.2188,1.2343268054678753,0,0,,0,0.0
18.08.2004 01:00:00.000,1.23313,1.23416,1.233,1.23362,33668898.4375,1.2342724358165005,0,0,,0,0.0
18.08.2004 02:00:00.000,1.23334,1.23406,1.23326,1.23395,31934000.0,1.2342476330613852,0,0,,0,0.0
18.08.2004 03:00:00.000,1.2337,1.2349,1.23348,1.2345,32151599.6094,1.2342670459028173,0,0,,0,0.0
18.08.2004 04:00:00.000,1.23465,1.23495,1.23413,1.23481,32704400.3906,1.2343088116026006,0,0,,0,0.0
18.08.2004 05:00:00.000,1.23459,1.2356,1.2344,1.23506,31772199.2188,1.2343665953254777,0,0,,0,0.0
18.08.2004 06:00:00.000,1.2349,1.23642,1.23355,1.23363,32400599.6094,1.2343099341465948,0,1,1.23742,0,0.0
18.08.2004 07:00:00.000,1.23365,1.23393,1.2317,1.23238,32725300.7813,1.23416147767378,0,0,,0,0.0
18.08.2004 08:00:00.000,1.23224,1.23293,1.23122,1.23267,30045199.2188,1.2340467486219509,0,0,,0,0.0
18.08.2004 09:00:00.000,1.23261,1.23351,1.23193,1.23304,30796699.2188,1.2339693064202624,0,0,,0,0.0
18.08.2004 10:00:00.000,1.23298,1.23373,1.23229,1.23234,30104099.6094,1.2338439751571653,0,0,,0,0.0
18.08.2004 11:00:00.000,1.23265,1.23307,1.232,1.23212,31016300.7813,1.2337113616835371,0,0,,0,0.0
18.08.2004 12:00:00.000,1.23218,1.23323,1.23024,1.23067,31505599.6094,1.2334774107848034,0,0,,0,0.0
18.08.2004 13:00:00.000,1.2308,1.23201,1.2299,1.23117,32579300.7813,1.233299917647511,0,0,,0,0.0
18.08.2004 14:00:00.000,1.23122,1.23157,1.22894,1.22913,30058400.3906,1.2329791547515487,0,0,,0,0.0
18.08.2004 15:00:00.000,1.22925,1.23062,1.22847,1.22981,32173300.7813,1.2327353736168143,0,2,1.22747,0,0.0
18.08.2004 16:00:00.000,1.22993,1.23254,1.22962,1.23211,296084687.5,1.2326872679539826,0,0,,0,0.0
18.08.2004 17:00:00.000,1.23218,1.23329,1.23152,1.23243,135048500.0,1.2326674781113687,0,0,,0,0.0
18.08.2004 18:00:00.000,1.23215,1.23277,1.23141,1.23234,149198296.875,1.2326422874874172,0,0,,0,0.0
18.08.2004 19:00:00.000,1.2323,1.2348,1.23229,1.23372,108240601.5625,1.2327251884499235,0,0,,0,0.0
18.08.2004 20:00:00.000,1.23361,1.23426,1.23317,1.23332,64509800.7813,1.2327709431845448,0,0,,0,0.0
18.08.2004 21:00:00.000,1.23281,1.23402,1.23247,1.2334,32325300.7813,1.2328193321703491,0,0,,0,0.0
18.08.2004 22:00:00.000,1.23337,1.23411,1.23305,1.23337,29965699.2188,1.2328616912341686,0,0,,0,0.0
18.08.2004 23:00:00.000,1.2336,1.23417,1.23294,1.23376,31888400.3906,1.2329307919084633,0,0,,0,0.0
19.08.2004 00:00:00.000,1.23347,1.23485,1.23332,1.23411,32175199.2188,1.233021500223197,0,0,,0,0.0
19.08.2004 01:00:00.000,1.23415,1.23439,1.23327,1.23373,32347199.2188,1.2330760002060281,0,0,,0,0.0
19.08.2004 02:00:00.000,1.23377,1.23444,1.23305,1.23339,32962300.7813,1.2331001540363338,0,0,,0,0.0
19.08.2004 03:00:00.000,1.2334,1.23397,1.23313,1.2334,30623599.6094,1.233123219110462,0,0,,0,0.0
19.08.2004 04:00:00.000,1.23333,1.23468,1.23329,1.23403,32693000.0,1.2331929714865804,0,0,,0,0.0
19.08.2004 05:00:00.000,1.23383,1.23447,1.23343,1.23365,30897400.3906,1.2332281275260744,0,0,,0,0.0
19.08.2004 06:00:00.000,1.23339,1.2347,1.23327,1.23455,31470000.0,1.2333298100240686,0,0,,0,0.0
19.08.2004 07:00:00.000,1.23438,1.2358,1.23428,1.23528,30950699.2188,1.233479824637602,0,0,,0,0.0
19.08.2004 08:00:00.000,1.23514,1.23557,1.23349,1.23436,32465099.6094,1.2335475304347094,0,0,,0,0.0
19.08.2004 09:00:00.000,1.2347,1.23736,1.23428,1.23671,33038101.5625,1.2337907973243474,0,0,,0,0.0
19.08.2004 10:00:00.000,1.23675,1.23749,1.23552,1.23566,31209099.6094,1.2339345821455514,0,0,,0,0.0
19.08.2004 11:00:00.000,1.23568,1.23704,1.23568,1.23681,30723699.2188,1.2341557681343551,0,0,,0,0.0
19.08.2004 12:00:00.000,1.23668,1.23781,1.23471,1.23491,33047300.7813,1.234213785970174,0,1,1.23881,0,0.0
19.08.2004 13:00:00.000,1.23516,1.23597,1.23384,1.23509,32444500.0,1.2342811870493915,2,0,,0,0.0
19.08.2004 14:00:00.000,1.23537,1.23686,1.23451,1.23581,33250398.4375,1.2343987880455922,2,0,,0,0.0
19.08.2004 15:00:00.000,1.23575,1.23727,1.23546,1.23694,32030000.0,1.234594265888239,2,0,,0,0.0
19.08.2004 16:00:00.000,1.23652,1.23685,1.2346,1.23512,296329906.25,1.234634706973759,2,0,,0,0.0
19.08.2004 17:00:00.000,1.23502,1.2375,1.23498,1.23678,132733296.875,1.2347997295142392,2,0,,0,0.0
19.08.2004 18:00:00.000,1.23678,1.237,1.23588,1.2364,148739203.125,1.2349228272439132,2,0,,0,0.0
19.08.2004 19:00:00.000,1.23639,1.23719,1.23583,1.23683,107390398.4375,1.2350695328405354,2,0,,0,0.0
19.08.2004 20:00:00.000,1.23665,1.23751,1.2358,1.23614,64401898.4375,1.2351518764681866,2,0,,0,0.0
19.08.2004 21:00:00.000,1.23592,1.23712,1.23566,1.2366,31438900.3906,1.2352632705860185,2,0,,0,0.0
19.08.2004 22:00:00.000,1.23667,1.23747,1.23618,1.23692,33910601.5625,1.235390711310171,2,0,,0,0.0
19.08.2004 23:00:00.000,1.23683,1.23707,1.23595,1.23624,30848900.3906,1.2354560412093887,2,0,,0,0.0
20.08.2004 00:00:00.000,1.23639,1.23711,1.23606,1.23675,32716099.6094,1.2355555765009743,2,0,,0,0.0
20.08.2004 01:00:00.000,1.23657,1.2372,1.23628,1.23673,33264398.4375,1.2356459167701301,2,0,,0,0.0
20.08.2004 02:00:00.000,1.23668,1.23758,1.23644,1.2367,32356699.2188,1.2357270000955047,2,0,,0,0.0
20.08.2004 03:00:00.000,1.2367,1.23772,1.23634,1.23755,30694599.6094,1.235867230857389,2,0,,0,0.0
20.08.2004 04:00:00.000,1.2379,1.238,1.23715,1.23739,32855398.4375,1.2359843669452821,2,0,,0,0.0
20.08.2004 05:00:00.000,1.23726,1.23804,1.23703,1.23759,32205599.6094,1.2361078771802605,2,1,1.23904,0,0.0
20.08.2004 06:00:00.000,1.23736,1.23783,1.23596,1.23685,30162500.0,1.2361649635510097,2,0,,0,0.0
20.08.2004 07:00:00.000,1.23705,1.23741,1.23618,1.2371,31243400.3906,1.2362368894317013,2,0,,0,0.0
20.08.2004 08:00:00.000,1.23705,1.23769,1.23601,1.23632,31153500.0,1.2362432825523397,2,0,,0,0.0
20.08.2004 09:00:00.000,1.23615,1.23646,1.23357,1.2339,32898398.4375,1.2360630300483137,0,0,,0,0.0
20.08.2004 10:00:00.000,1.2337,1.23417,1.23149,1.23218,31657800.7813,1.2357643354292127,0,0,,0,0.0
20.08.2004 11:00:00.000,1.2321,1.23256,1.2289,1.22997,32005900.3906,1.2353186173192732,0,0,,0,0.0
20.08.2004 12:00:00.000,1.22996,1.23066,1.22791,1.23029,32155099.6094,1.2349318006024061,0,2,1.2269100000000002,0,0.0
20.08.2004 13:00:00.000,1.23052,1.23078,1.22846,1.22921,31349800.7813,1.2344916620945288,0,0,,0,0.0
20.08.2004 14:00:00.000,1.22948,1.2329,1.22873,1.23234,31154900.3906,1.234326149625719,0,0,,0,0.0
20.08.2004 15:00:00.000,1.23247,1.23331,1.23196,1.23224,32435000.0,1.2341656765775868,0,0,,0,0.0
20.08.2004 16:00:00.000,1.23215,1.23247,1.23,1.23048,297233812.5,1.2338821629946954,0,0,,0,0.0
20.08.2004 17:00:00.000,1.23039,1.23162,1.22967,1.231,134909906.25,1.2336604581489496,0,0,,0,0.0
20.08.2004 18:00:00.000,1.23091,1.23196,1.23008,1.23064,145954406.25,1.233428115214415,0,0,,0,0.0
20.08.2004 19:00:00.000,1.23074,1.23117,1.22998,1.23104,107560601.5625,1.2332444140440755,0,0,,0,0.0
20.08.2004 20:00:00.000,1.23103,1.23224,1.23071,1.23153,65366699.2188,1.2331125360406852,0,0,,0,0.0
22.08.2004 21:00:00.000,1.23088,1.23231,1.23065,1.23095,32173699.2188,1.2329461871144787,0,0,,0,0.0
22.08.2004 22:00:00.000,1.23084,1.23141,1.22957,1.22986,31159199.2188,1.2327087881056726,0,0,,0,0.0
22.08.2004 23:00:00.000,1.22955,1.23158,1.22955,1.23099,30175099.6094,1.2325765736360057,0,0,,0,0.0
23.08.2004 00:00:00.000,1.23124,1.2314,1.22914,1.22975,31105400.3906,1.2323591448947746,0,0,,0,0.0
23.08.2004 01:00:00.000,1.22967,1.23033,1.22886,1.2299,33437101.5625,1.232169979902869,1,0,,0,0.0
23.08.2004 02:00:00.000,1.22941,1.23017,1.22874,1.22905,33809699.2188,1.2319299814488023,1,0,,0,0.0
23.08.2004 03:00:00.000,1.22941,1.23008,1.22888,1.22915,31299099.6094,1.2317161367219713,1,0,,0,0.0
23.08.2004 04:00:00.000,1.22933,1.22981,1.22869,1.22918,31970800.7813,1.2315210492818196,1,0,,0,0.0
23.08.2004 05:00:00.000,1.22915,1.23027,1.22892,1.23021,29345699.2188,1.2314201993370641,1,0,,0,0.0
23.08.2004 06:00:00.000,1.22997,1.23056,1.22878,1.22921,33136000.0,1.2312501840034438,1,0,,0,0.0
23.08.2004 07:00:00.000,1.22968,1.22991,1.22851,1.22942,31747400.3906,1.2311094006185637,1,0,,0,0.0
23.08.2004 08:00:00.000,1.22929,1.22972,1.22622,1.2264,30183400.3906,1.2307471390325204,1,0,,0,0.0
23.08.2004 09:00:00.000,1.22638,1.22688,1.22546,1.22628,30745699.2188,1.2304035129530957,1,0,,0,0.0
23.08.2004 10:00:00.000,1.22633,1.22693,1.22528,1.22561,31511000.0,1.230034781187473,1,0,,0,0.0
23.08.2004 11:00:00.000,1.22562,1.22587,1.2242,1.22553,32577800.7813,1.2296882595576675,1,0,,0,0.0
23.08.2004 12:00:00.000,1.22542,1.22601,1.2228,1.22362,31470300.7813,1.2292214703609239,1,0,,0,0.0
23.08.2004 13:00:00.000,1.22375,1.22385,1.22195,1.22346,30978800.7813,1.2287782803331604,1,0,,0,0.0
23.08.2004 14:00:00.000,1.22369,1.22377,1.22037,1.22061,31300599.6094,1.2281499510767635,1,0,,0,0.0
23.08.2004 15:00:00.000,1.22047,1.22084,1.21787,1.21959,32326800.7813,1.2274914933016279,1,0,,0,0.0
23.08.2004 16:00:00.000,1.21945,1.22026,1.21789,1.21819,293713093.75,1.2267759938168874,1,0,,0,0.0
23.08.2004 17:00:00.000,1.21786,1.2196,1.21772,1.21786,136682296.875,1.2260901481386652,1,0,,0,0.0
23.08.2004 18:00:00.000,1.21788,1.21816,1.2138,1.21426,147437593.75,1.2251801367433832,1,0,,0,0.0
23.08.2004 19:00:00.000,1.21465,1.21514,1.21306,1.21355,106302000.0,1.224285510840046,1,0,,0,0.0
23.08.2004 20:00:00.000,1.2135,1.21472,1.21338,1.21399,64311898.4375,1.223493548467735,1,0,,0,0.0
23.08.2004 21:00:00.000,1.2138,1.21423,1.21298,1.21358,31341199.2188,1.222730967816371,1,0,,0,0.0
23.08.2004 22:00:00.000,1.21385,1.21482,1.21341,1.21451,30809099.6094,1.2220985856766502,1,0,,0,0.0
23.08.2004 23:00:00.000,1.21475,1.215,1.21385,1.21486,30594199.2188,1.221541771393831,1,0,,0,0.0
24.08.2004 00:00:00.000,1.21479,1.2149,1.2134,1.21414,30867300.7813,1.2209724043635364,1,0,,0,0.0
24.08.2004 01:00:00.000,1.21407,1.21502,1.21379,1.21404,33059000.0,1.2204391424894183,1,0,,0,0.0
24.08.2004 02:00:00.000,1.21406,1.21467,1.21346,1.21391,32866601.5625,1.2199369007594631,1,0,,0,0.0
24.08.2004 03:00:00.000,1.21391,1.21425,1.21159,1.21338,30511400.3906,1.219432523777966,1,0,,0,0.0
24.08.2004 04:00:00.000,1.21346,1.21523,1.21332,1.21516,32786000.0,1.219103868102738,1,0,,0,0.0
24.08.2004 05:00:00.000,1.21484,1.21544,1.21426,1.21541,30450300.7813,1.2188197244025274,1,0,,0,0.0
24.08.2004 06:00:00.000,1.21539,1.21562,1.21326,1.21339,32825300.7813,1.2184020532946407,1,0,,0,0.0
24.08.2004 07:00:00.000,1.21349,1.2153,1.21342,1.21453,30272300.7813,1.2181042030412068,1,0,,0,0.0
24.08.2004 08:00:00.000,1.21435,1.21612,1.21431,1.2155,31069300.7813,1.2179038797303448,1,0,,0,0.0
24.08.2004 09:00:00.000,1.21558,1.21656,1.21532,1.21534,30388500.0,1.2177066582126261,1,1,1.21756,0,0.0
24.08.2004 10:00:00.000,1.2155,1.21558,1.21259,1.21303,30085500.0,1.2173469152731935,1,0,,0,0.0
24.08.2004 11:00:00.000,1.21298,1.21481,1.21227,1.21461,31989300.7813,1.2171363833291018,1,0,,0,0.0
24.08.2004 12:00:00.000,1.21463,1.21477,1.20942,1.21075,33031000.0,1.216645123073017,1,0,,0,0.0
24.08.2004 13:00:00.000,1.2105,1.21237,1.21032,1.21182,31428099.6094,1.216273959759708,1,0,,0,0.0
24.08.2004 14:00:00.000,1.21171,1.21296,1.21,1.21192,31808300.7813,1.2159390397781922,1,0,,0,0.0
24.08.2004 15:00:00.000,1.21183,1.21355,1.20994,1.20995,31614800.7813,1.215478344410639,1,0,,0,0.0
24.08.2004 16:00:00.000,1.20982,1.21003,1.20653,1.20717,295003000.0,1.2148392409944362,1,0,,0,0.0
24.08.2004 17:00:00.000,1.20667,1.20922,1.20583,1.20893,138651500.0,1.2143846839948642,1,0,,0,0.0
24.08.2004 18:00:00.000,1.20885,1.20903,1.20616,1.20736,145134796.875,1.213844323687567,1,0,,0,0.0
24.08.2004 19:00:00.000,1.2074,1.20838,1.20717,1.20807,104453398.4375,1.2134001449423695,1,0,,0,0.0
24.08.2004 20:00:00.000,1.20813,1.20859,1.20737,1.20766,62128101.5625,1.212958595331418,1,0,,0,0.0
24.08.2004 21:00:00.000,1.20742,1.20847,1.2072,1.20772,29795500.0,1.2125556264597703,1,0,,0,0.0
24.08.2004 22:00:00.000,1.20749,1.20792,1.20706,1.20792,32475699.2188,1.2121990398090188,1,0,,0,0.0
24.08.2004 23:00:00.000,1.20768,1.2082,1.20682,1.20701,31519000.0,1.211799882900633,1,0,,0,0.0
25.08.2004 00:00:00.000,1.20702,1.20707,1.20504,1.20619,32417199.2188,1.211368353446738,1,2,1.20404,0,0.0
25.08.2004 01:00:00.000,1.20617,1.20694,1.20546,1.20635,33823699.2188,1.2109823262585275,1,0,,0,0.0
25.08.2004 02:00:00.000,1.20618,1.20693,1.20585,1.20672,32541800.7813,1.2106544550078717,1,0,,0,0.0
25.08.2004 03:00:00.000,1.20669,1.2074,1.20642,1.20663,31310900.3906,1.2103448815457276,1,0,,0,0.0
25.08.2004 04:00:00.000,1.2066,1.20713,1.20612,1.20687,32275900.3906,1.2100775829652872,1,0,,0,0.0
25.08.2004 05:00:00.000,1.20665,1.20781,1.20646,1.20781,32884101.5625,1.2099031535064189,1,0,,0,0.0
25.08.2004 06:00:00.000,1.20758,1.20875,1.20744,1.20825,31846500.0,1.209775987852079,1,0,,0,0.0
25.08.2004 07:00:00.000,1.20821,1.20975,1.20778,1.20956,30463500.0,1.2097593734019192,1,0,,0,0.0
25.08.2004 08:00:00.000,1.20977,1.21088,1.20948,1.20975,30133400.3906,1.2097586523710022,0,0,,0,0.0
25.08.2004 09:00:00.000,1.20982,1.21057,1.20886,1.20932,31038199.2188,1.2097249098809253,0,0,,0,0.0
25.08.2004 10:00:00.000,1.20925,1.20961,1.20804,1.20883,31035900.3906,1.2096560706593158,0,0,,0,0.0
25.08.2004 11:00:00.000,1.20878,1.2099,1.20716,1.20786,32342500.0,1.20951791137783,0,0,,0,0.0
25.08.2004 12:00:00.000,1.20785,1.21046,1.20668,1.20865,32668900.3906,1.2094511489641508,0,0,,0,0.0
25.08.2004 13:00:00.000,1.20855,1.21065,1.2077,1.20947,32897800.7813,1.2094525990438316,0,0,,0,0.0
25.08.2004 14:00:00.000,1.20967,1.21156,1.20791,1.20943,31144400.3906,1.2094508606558447,0,1,1.2125599999999999,0,0.0
25.08.2004 15:00:00.000,1.20945,1.21071,1.20897,1.2092,32189199.2188,1.2094315636823183,0,0,,0,0.0
25.08.2004 16:00:00.000,1.20887,1.21017,1.20766,1.20814,298909000.0,1.2093322126298325,0,0,,0,0.0
25.08.2004 17:00:00.000,1.20806,1.20966,1.20733,1.20917,133818796.875,1.2093197347352302,0,0,,0,0.0
25.08.2004 18:00:00.000,1.20925,1.20974,1.2081,1.20872,144965093.75,1.2092736012940586,0,0,,0,0.0
25.08.2004 19:00:00.000,1.20882,1.20905,1.20791,1.20847,107930703.125,1.2092117858099003,0,0,,0,0.0
25.08.2004 20:00:00.000,1.2084,1.20917,1.20764,1.20789,63927101.5625,1.2091101099783697,0,0,,0,0.0
25.08.2004 21:00:00.000,1.20767,1.20882,1.20753,1.20816,30575699.2188,1.2090370245954183,0,0,,0,0.0
25.08.2004 22:00:00.000,1.20807,1.20901,1.20783,1.20835,32400400.3906,1.208984176549617,0,0,,0,0.0
25.08.2004 23:00:00.000,1.20832,1.20847,1.20737,1.20784,32286699.2188,1.2088961629688773,0,0,,0,0.0
26.08.2004 00:00:00.000,1.20764,1.20817,1.20654,1.20715,34629699.2188,1.208761842740502,0,0,,0,0.0
26.08.2004 01:00:00.000,1.20714,1.20791,1.20634,1.20787,31723199.2188,1.2086932394527712,0,0,,0,0.0
26.08.2004 02:00:00.000,1.20738,1.20807,1.20711,1.20747,30482900.3906,1.2085991441102504,0,0,,0,0.0
26.08.2004 03:00:00.000,1.2074,1.20802,1.2068,1.20763,29593099.6094,1.208524594563308,0,0,,0,0.0
26.08.2004 04:00:00.000,1.20759,1.20771,1.20651,1.207,31888400.3906,1.2084073180584383,0,0,,0,0.0
26.08.2004 05:00:00.000,1.20695,1.20699,1.2045,1.20547,32067500.0,1.2081813705154816,0,2,1.2035,0,0.0
26.08.2004 06:00:00.000,1.20527,1.20865,1.20525,1.20822,29863800.7813,1.2081843420142908,0,0,,0,0.0
26.08.2004 07:00:00.000,1.20854,1.20887,1.20726,1.20769,31366800.7813,1.2081463157054992,0,0,,0,0.0
26.08.2004 08:00:00.000,1.20781,1.20814,1.20507,1.20593,30739699.2188,1.2079758298819994,0,0,,0,0.0
26.08.2004 09:00:00.000,1.20604,1.20737,1.20532,1.20684,31940699.2188,1.207888458352615,0,0,,0,0.0
26.08.2004 10:00:00.000,1.20648,1.20802,1.20642,1.20699,30766400.3906,1.2078193461716449,0,0,,0,0.0
26.08.2004 11:00:00.000,1.20687,1.21135,1.20671,1.21014,32776500.0,1.2079978580045951,0,0,,0,0.0
26.08.2004 12:00:00.000,1.20993,1.21157,1.20806,1.20851,31164900.3906,1.2080372535427033,0,1,1.21257,0,0.0
26.08.2004 13:00:00.000,1.20845,1.2091,1.20592,1.20616,32683800.7813,1.207892849424034,0,0,,0,0.0
26.08.2004 14:00:00.000,1.20621,1.20967,1.20602,1.20866,32684500.0,1.2079518610068005,0,0,,0,0.0
26.08.2004 15:00:00.000,1.209,1.2092,1.20724,1.20816,32102500.0,1.207967871698585,0,0,,0,0.0
26.08.2004 16:00:00.000,1.20803,1.20925,1.20765,1.20893,293316906.25,1.2080418815679246,0,0,,0,0.0
26.08.2004 17:00:00.000,1.2087,1.21068,1.20845,1.21019,135482500.0,1.2082071214473151,0,0,,0,0.0
26.08.2004 18:00:00.000,1.21013,1.21106,1.20929,1.21026,146985500.0,1.208365035182137,0,0,,0,0.0
26.08.2004 19:00:00.000,1.21,1.21135,1.20971,1.21,104217703.125,1.2084908017065878,0,0,,0,0.0
26.08.2004 20:00:00.000,1.21008,1.21056,1.20947,1.20994,64688500.0,1.2086022784983887,0,0,,0,0.0
26.08.2004 21:00:00.000,1.20953,1.21074,1.20913,1.20997,32565699.2188,1.2087074878446666,0,0,,0,0.0
26.08.2004 22:00:00.000,1.2101,1.21063,1.20922,1.20927,29133500.0,1.2087507580104615,0,0,,0,0.0
26.08.2004 23:00:00.000,1.20973,1.21089,1.20873,1.21069,32996000.0,1.2088999304711951,0,0,,0,0.0
27.08.2004 00:00:00.000,1.21047,1.21091,1.20977,1.2103,32461099.6094,1.209007628127257,0,0,,0,0.0
27.08.2004 01:00:00.000,1.2105,1.21141,1.20981,1.21107,35185199.2188,1.209166272117468,0,0,,0,0.0
27.08.2004 02:00:00.000,1.21083,1.21172,1.21059,1.21118,33680398.4375,1.2093211742622783,0,0,,0,0.0
27.08.2004 03:00:00.000,1.21122,1.21208,1.21087,1.21119,32219199.2188,1.209464930088257,0,0,,0,0.0
27.08.2004 04:00:00.000,1.2112,1.21194,1.21089,1.21146,31998199.2188,1.2096183970045449,0,0,,0,0.0
27.08.2004 05:00:00.000,1.21122,1.21265,1.21053,1.21229,30309699.2188,1.2098239049272723,0,0,,0,0.0
27.08.2004 06:00:00.000,1.21219,1.21343,1.21104,1.21209,31275699.2188,1.2099982199328667,0,1,1.21443,0,0.0
27.08.2004 07:00:00.000,1.2124,1.2124,1.20969,1.21004,32360500.0,1.2100014337841847,0,0,,0,0.0
27.08.2004 08:00:00.000,1.21002,1.21013,1.20786,1.20797,32825101.5625,1.2098451696469397,0,0,,0,0.0
27.08.2004 09:00:00.000,1.20818,1.21022,1.20784,1.20957,30745699.2188,1.2098240027510212,0,0,,0,0.0
27.08.2004 10:00:00.000,1.20959,1.21034,1.20891,1.20947,31774800.7813,1.2097967717701736,0,0,,0,0.0
27.08.2004 11:00:00.000,1.20968,1.21002,1.20817,1.20887,31751900.3906,1.2097254816340064,0,0,,0,0.0
27.08.2004 12:00:00.000,1.20859,1.20964,1.20643,1.20693,31406699.2188,1.209510444585237,0,0,,0,0.0
27.08.2004 13:00:00.000,1.20695,1.20867,1.20361,1.20448,32054599.6094,1.2091234873094496,0,0,,0,0.0
27.08.2004 14:00:00.000,1.20449,1.20535,1.20247,1.20358,33332800.7813,1.2086970652087228,0,0,,0,0.0
27.08.2004 15:00:00.000,1.20372,1.2045,1.20204,1.20257,33305000.0,1.2082257525003597,0,0,,0,0.0
27.08.2004 16:00:00.000,1.20223,1.20356,1.20028,1.20125,292587593.75,1.2076891561541783,0,0,,0,0.0
27.08.2004 17:00:00.000,1.20076,1.20303,1.20074,1.20172,136286203.125,1.2072299902961647,0,0,,0,0.0
27.08.2004 18:00:00.000,1.20189,1.20256,1.2008,1.20206,146018000.0,1.2068322987349214,0,0,,0,0.0
27.08.2004 19:00:00.000,1.20215,1.2022,1.20033,1.20063,106544703.125,1.2063551988322352,0,0,,0,0.0
27.08.2004 20:00:00.000,1.20096,1.20146,1.20009,1.20074,64340101.5625,1.2059232604605248,0,0,,0,0.0
29.08.2004 21:00:00.000,1.20061,1.20174,1.2006,1.20107,31816900.3906,1.205549932732792,0,0,,0,0.0
29.08.2004 22:00:00.000,1.20091,1.20147,1.20007,1.20117,29985199.2188,1.2052130148302698,0,0,,0,0.0
29.08.2004 23:00:00.000,1.20117,1.20146,1.20015,1.20086,33391199.2188,1.2048781675356337,0,0,,0,0.0
30.08.2004 00:00:00.000,1.20071,1.20093,1.19958,1.20001,32495699.2188,1.2045036931098159,1,0,,0,0.0
30.08.2004 01:00:00.000,1.20003,1.20081,1.19983,1.2,33617101.5625,1.2041572551782918,1,0,,0,0.0
30.08.2004 02:00:00.000,1.19983,1.20039,1.19907,1.19992,33491199.2188,1.2038313124722693,1,0,,0,0.0
30.08.2004 03:00:00.000,1.19963,1.20061,1.19962,1.2004,30340500.0,1.2035673653590178,1,0,,0,0.0
30.08.2004 04:00:00.000,1.20002,1.20039,1.19877,1.19949,32489099.6094,1.2032537218698625,1,0,,0,0.0
30.08.2004 05:00:00.000,1.19933,1.20047,1.19849,1.20022,30821500.0,1.2030203586491037,1,2,1.1974900000000002,0,0.0
30.08.2004 06:00:00.000,1.20045,1.20176,1.20002,1.20147,32537699.2188,1.2029011002914805,1,0,,0,0.0
30.08.2004 07:00:00.000,1.20161,1.20304,1.20129,1.20244,32478300.7813,1.2028656310382897,1,0,,0,0.0
30.08.2004 08:00:00.000,1.20231,1.2033,1.20171,1.20296,31930500.0,1.2028728901891905,0,0,,0,0.0
30.08.2004 09:00:00.000,1.2031,1.20486,1.2027,1.20452,30113699.2188,1.2029995909438682,0,0,,0,0.0
30.08.2004 10:00:00.000,1.20435,1.20501,1.20336,1.20402,32916398.4375,1.2030780839481863,0,0,,0,0.0
30.08.2004 11:00:00.000,1.20397,1.20484,1.20377,1.20459,30712099.6094,1.2031943851829412,0,0,,0,0.0
30.08.2004 12:00:00.000,1.20467,1.20571,1.2016,1.20168,31737900.3906,1.2030778940150226,0,0,,0,0.0
30.08.2004 13:00:00.000,1.20194,1.20327,1.20181,1.20268,33342800.7813,1.203047286783098,0,0,,0,0.0
30.08.2004 14:00:00.000,1.2026,1.20437,1.20214,1.20403,31742599.6094,1.203122880107475,0,0,,0,0.0
30.08.2004 15:00:00.000,1.20407,1.20519,1.20253,1.20463,32131599.6094,1.2032388124069,0,0,,0,0.0
30.08.2004 16:00:00.000,1.20448,1.2067,1.2038,1.20608,298249187.5,1.203457365298677,0,0,,0,0.0
30.08.2004 17:00:00.000,1.20586,1.20628,1.20498,1.20545,137770406.25,1.2036106448910866,0,0,,0,0.0
30.08.2004 18:00:00.000,1.20542,1.20612,1.20435,1.20441,144796500.0,1.2036721337456184,0,0,,0,0.0
30.08.2004 19:00:00.000,1.20477,1.20547,1.20442,1.20496,105434296.875,1.203771200380571,0,0,,0,0.0
30.08.2004 20:00:00.000,1.20498,1.20555,1.20421,1.20445,63612601.5625,1.2038234157359118,0,0,,0,0.0
30.08.2004 21:00:00.000,1.2042,1.20563,1.20397,1.20465,30587400.3906,1.2038869991408419,0,0,,0,0.0
30.08.2004 22:00:00.000,1.2046,1.20512,1.20395,1.20409,30817500.0,1.2039026145915463,0,0,,0,0.0
30.08.2004 23:00:00.000,1.20415,1.20487,1.20383,1.20458,30041300.7813,1.2039547211614274,0,0,,0,0.0
31.08.2004 00:00:00.000,1.20439,1.20649,1.2043,1.20601,31892699.2188,1.2041128195336255,0,0,,0,0.0
31.08.2004 01:00:00.000,1.20622,1.20751,1.20531,1.20728,34531898.4375,1.2043564488002698,0,0,,0,0.0
31.08.2004 02:00:00.000,1.20687,1.20803,1.20658,1.20742,34053398.4375,1.2045921065848644,0,0,,0,0.0
31.08.2004 03:00:00.000,1.20751,1.20855,1.20711,1.20815,29982099.6094,1.204865790693721,0,0,,0,0.0
31.08.2004 04:00:00.000,1.20836,1.20906,1.2076,1.20804,29951800.7813,1.205109960640358,0,0,,0,0.0
31.08.2004 05:00:00.000,1.20776,1.20899,1.20701,1.20725,33359898.4375,1.2052745790526382,0,0,,0,0.0
31.08.2004 06:00:00.000,1.20718,1.2088,1.20657,1.20723,33370699.2188,1.2054249960485892,2,0,,0,0.0
31.08.2004 07:00:00.000,1.20723,1.20822,1.2065,1.20782,32840101.5625,1.2056092271217747,2,0,,0,0.0
31.08.2004 08:00:00.000,1.20807,1.20829,1.2067,1.20746,29961300.7813,1.2057515942662536,2,0,,0,0.0
31.08.2004 09:00:00.000,1.20727,1.20912,1.20703,1.20864,31681699.2188,1.2059737793226957,2,0,,0,0.0
31.08.2004 10:00:00.000,1.20867,1.21189,1.20829,1.21142,30855099.6094,1.206392719374796,2,0,,0,0.0
31.08.2004 11:00:00.000,1.2115,1.21229,1.21011,1.2108,31874000.0,1.2067317409613503,2,0,,0,0.0
31.08.2004 12:00:00.000,1.2108,1.21131,1.20962,1.21015,33082601.5625,1.2069946839643233,2,0,,0,0.0
31.08.2004 13:00:00.000,1.21036,1.21139,1.20985,1.2109,31151400.3906,1.2072950928901445,2,0,,0,0.0
31.08.2004 14:00:00.000,1.21172,1.21629,1.21159,1.21506,34008101.5625,1.2078923934370565,2,0,,0,0.0
31.08.2004 15:00:00.000,1.21503,1.21819,1.21502,1.21798,31115599.6094,1.2086683631726678,2,0,,0,0.0
31.08.2004 16:00:00.000,1.21805,1.21934,1.2176,1.21833,296653593.75,1.2094115660055396,2,1,1.22034,0,0.0
31.08.2004 17:00:00.000,1.2184,1.21863,1.21729,1.21818,129026500.0,1.2100860609281905,2,0,,0,0.0
31.08.2004 18:00:00.000,1.21813,1.21919,1.2167,1.21696,150565703.125,1.2106148254721758,2,0,,0,0.0
31.08.2004 19:00:00.000,1.21705,1.21809,1.21675,1.21744,107310796.875,1.211139838897393,2,0,,0,0.0
31.08.2004 20:00:00.000,1.21757,1.21835,1.2172,1.21804,63718699.2188,1.2116706205206706,2,0,,0,0.0
31.08.2004 21:00:00.000,1.21785,1.2187,1.21743,1.21773,30041099.6094,1.2121367266344654,2,0,,0,0.0
31.08.2004 22:00:00.000,1.21782,1.2181,1.217,1.21736,29922000.0,1.2125385168933527,2,0,,0,0.0
31.08.2004 23:00:00.000,1.21725,1.21852,1.21714,1.21768,30334599.6094,1.212934015593864,2,0,,0,0.0
01.09.2004 00:00:00.000,1.21738,1.21917,1.21715,1.21842,32417900.3906,1.213356014394336,2,0,,0,0.0
01.09.2004 01:00:00.000,1.21849,1.21903,1.21801,1.2188,31761099.6094,1.2137747825178486,2,0,,0,0.0
01.09.2004 02:00:00.000,1.21873,1.21916,1.21809,1.21835,34143500.0,1.214126722324168,2,0,,0,0.0
01.09.2004 03:00:00.000,1.2184,1.2191,1.2181,1.21861,28576099.6094,1.2144715898376937,2,0,,0,0.0
01.09.2004 04:00:00.000,1.21863,1.21892,1.21781,1.21828,31952400.3906,1.2147645444655635,2,0,,0,0.0
01.09.2004 05:00:00.000,1.21824,1.21871,1.21739,1.21795,32553400.3906,1.215009579506674,2,0,,0,0.0
01.09.2004 06:00:00.000,1.2181,1.21818,1.21631,1.21649,31965099.6094,1.2151234580061607,2,0,,0,0.0
01.09.2004 07:00:00.000,1.21648,1.21673,1.21533,1.21581,32367599.6094,1.2151762689287637,2,0,,0,0.0
01.09.2004 08:00:00.000,1.21579,1.21704,1.21539,1.21658,30959500.0,1.215284248241936,2,0,,0,0.0
01.09.2004 09:00:00.000,1.21656,1.21701,1.21594,1.21616,31159000.0,1.2153516137617872,2,0,,0,0.0
01.09.2004 10:00:00.000,1.2162,1.21855,1.21576,1.21823,30688300.7813,1.2155730280878037,2,0,,0,0.0
01.09.2004 11:00:00.000,1.2183,1.21858,1.21732,1.21762,32401400.3906,1.215730487465665,2,0,,0,0.0
01.09.2004 12:00:00.000,1.21748,1.21886,1.21633,1.21819,30102300.7813,1.215919680737537,2,0,,0,0.0
01.09.2004 13:00:00.000,1.2183,1.21937,1.21784,1.21883,30709199.2188,1.216143551450034,2,0,,0,0.0
01.09.2004 14:00:00.000,1.21895,1.2197,1.21461,1.21695,32488500.0,1.2162055859538778,2,2,1.21361,0,0.0
01.09.2004 15:00:00.000,1.21684,1.21852,1.2168,1.21771,33030101.5625,1.2163213101112718,2,0,,0,0.0
01.09.2004 16:00:00.000,1.2176,1.2193,1.21685,1.2189,297478406.25,1.2165196708719432,2,0,,0,0.0
01.09.2004 17:00:00.000,1.21862,1.22198,1.21827,1.2189,138451796.875,1.216702773112563,2,1,1.22298,0,0.0
01.09.2004 18:00:00.000,1.2187,1.2199,1.21839,1.21866,148565406.25,1.2168533290269814,2,0,,0,0.0
01.09.2004 19:00:00.000,1.21865,1.21898,1.21792,1.21845,106131101.5625,1.2169761498710598,2,0,,0,0.0
01.09.2004 20:00:00.000,1.21835,1.21894,1.21777,1.21848,63376199.2188,1.2170918306502092,2,0,,0,0.0
01.09.2004 21:00:00.000,1.21822,1.21999,1.21822,1.21922,32122900.3906,1.2172555359848087,2,0,,0,0.0
01.09.2004 22:00:00.000,1.21907,1.21941,1.2182,1.21858,30492699.2188,1.2173574178321314,2,0,,0,0.0
01.09.2004 23:00:00.000,1.21856,1.21931,1.21835,1.21879,32108699.2188,1.217467616460429,2,0,,0,0.0
02.09.2004 00:00:00.000,1.21883,1.21933,1.21818,1.21844,30510900.3906,1.2175424151942422,2,0,,0,0.0
02.09.2004 01:00:00.000,1.21829,1.21976,1.21826,1.21939,33123500.0,1.2176845371023775,2,0,,0,0.0
02.09.2004 02:00:00.000,1.21924,1.21975,1.21812,1.21836,32082099.6094,1.21773649578681,2,0,,0,0.0
02.09.2004 03:00:00.000,1.2184,1.21852,1.21779,1.21804,30239599.6094,1.2177598422647478,2,0,,0,0.0
02.09.2004 04:00:00.000,1.21809,1.21902,1.21794,1.2186,32835101.5625,1.2178244697828442,2,0,,0,0.0
02.09.2004 05:00:00.000,1.21857,1.2188,1.21715,1.21751,31746400.3906,1.2178002797995486,0,0,,0,0.0
02.09.2004 06:00:00.000,1.21742,1.21819,1.21705,1.21783,32687400.3906,1.217802565968814,0,0,,0,0.0
02.09.2004 07:00:00.000,1.21782,1.2199,1.21749,1.21896,32530699.2188,1.2178915993558284,0,0,,0,0.0
02.09.2004 08:00:00.000,1.2191,1.21985,1.21798,1.21831,30813900.3906,1.2179237840207648,0,0,,0,0.0
02.09.2004 09:00:00.000,1.21843,1.21857,1.21648,1.21696,30540500.0,1.2178496467883984,0,0,,0,0.0
02.09.2004 10:00:00.000,1.21706,1.21767,1.21562,1.21693,32968601.5625,1.2177789047277523,0,0,,0,0.0
02.09.2004 11:00:00.000,1.21691,1.218,1.21649,1.21789,31800800.7813,1.2177874505179251,0,0,,0,0.0
02.09.2004 12:00:00.000,1.21777,1.21843,1.21564,1.21605,31643699.2188,1.2176538004780848,0,0,,0,0.0
02.09.2004 13:00:00.000,1.21615,1.21749,1.21572,1.21609,32812101.5625,1.217533508133617,0,0,,0,0.0
02.09.2004 14:00:00.000,1.21615,1.21646,1.21455,1.2153,31496900.3906,1.2173616998156465,0,0,,0,0.0
02.09.2004 15:00:00.000,1.2156,1.21694,1.21527,1.21612,32238300.7813,1.2172661844452122,0,0,,0,0.0
02.09.2004 16:00:00.000,1.21627,1.21687,1.21503,1.21553,285085687.5,1.2171326317955804,0,0,,0,0.0
02.09.2004 17:00:00.000,1.21514,1.21613,1.21469,1.21475,137840093.75,1.2169493524266897,0,0,,0,0.0
02.09.2004 18:00:00.000,1.21492,1.21596,1.21392,1.21569,146506296.875,1.2168524791630981,0,2,1.2129200000000002,0,0.0
02.09.2004 19:00:00.000,1.21587,1.21687,1.21573,1.21636,103124500.0,1.216814596150552,0,0,,0,0.0
02.09.2004 20:00:00.000,1.21631,1.21736,1.21557,1.21712,61930800.7813,1.216838088754356,0,0,,0,0.0
02.09.2004 21:00:00.000,1.21702,1.21759,1.21627,1.2164,31242099.6094,1.2168043896194056,0,0,,0,0.0
02.09.2004 22:00:00.000,1.21642,1.21773,1.21628,1.21697,32720000.0,1.2168171288794514,0,0,,0,0.0
02.09.2004 23:00:00.000,1.21684,1.21733,1.21573,1.21656,32037500.0,1.216797349734878,0,0,,0,0.0
03.09.2004 00:00:00.000,1.21647,1.21696,1.21523,1.21548,30692300.7813,1.2166960151398876,0,0,,0,0.0
03.09.2004 01:00:00.000,1.2153,1.21591,1.21498,1.2151,33180300.7813,1.2165732447445117,0,0,,0,0.0
03.09.2004 02:00:00.000,1.21494,1.21709,1.21489,1.21668,30342199.2188,1.2165814566872415,0,0,,0,0.0
03.09.2004 03:00:00.000,1.2167,1.21727,1.21634,1.21707,32100000.0,1.2166190369420693,0,0,,0,0.0
03.09.2004 04:00:00.000,1.21698,1.21766,1.21669,1.21711,30396800.7813,1.216656803331141,0,0,,0,0.0
03.09.2004 05:00:00.000,1.21688,1.21745,1.21629,1.21677,30929699.2188,1.2166655107672069,0,0,,0,0.0
03.09.2004 06:00:00.000,1.21648,1.21707,1.21568,1.21623,32323199.2188,1.2166320099389603,0,0,,0,0.0
03.09.2004 07:00:00.000,1.21616,1.21744,1.21594,1.21686,31480199.2188,1.2166495476359636,0,0,,0,0.0
03.09.2004 08:00:00.000,1.21686,1.2177,1.21639,1.21743,31824000.0,1.2167095824331973,0,0,,0,0.0
03.09.2004 09:00:00.000,1.21736,1.21779,1.21611,1.21656,31927900.3906,1.2166980760921822,0,0,,0,0.0
03.09.2004 10:00:00.000,1.2165,1.21809,1.21632,1.21717,31059199.2188,1.2167343779312452,0,0,,0,0.0
03.09.2004 11:00:00.000,1.21705,1.21791,1.21654,1.21724,29676800.7813,1.216773271936534,0,0,,0,0.0
03.09.2004 12:00:00.000,1.21702,1.21917,1.20975,1.20989,31094500.0,1.2162437894798777,0,1,1.22017,0,0.0
03.09.2004 13:00:00.000,1.20964,1.2112,1.20793,1.20975,30597599.6094,1.2157442672121948,0,0,,0,0.0
03.09.2004 14:00:00.000,1.21029,1.21062,1.20522,1.20522,31292099.6094,1.2149347081958721,0,0,,0,0.0
03.09.2004 15:00:00.000,1.20537,1.20615,1.20399,1.20541,32345000.0,1.2142020383346512,0,2,1.20299,0,0.0
03.09.2004 16:00:00.000,1.20517,1.20673,1.20471,1.20663,293482812.5,1.2136195738473705,0,0,,0,0.0
03.09.2004 17:00:00.000,1.20653,1.20674,1.20496,1.20602,134569796.875,1.2130349912437268,0,0,,0,0.0
03.09.2004 18:00:00.000,1.20577,1.20729,1.20545,1.2068,144435296.875,1.212555376532671,0,0,,0,0.0
03.09.2004 19:00:00.000,1.20685,1.20716,1.20588,1.20605,105077000.0,1.2120549629532351,0,0,,0,0.0
03.09.2004 20:00:00.000,1.20599,1.20679,1.20532,1.20558,61335000.0,1.2115568888799093,0,0,,0,0.0
05.09.2004 21:00:00.000,1.20558,1.20641,1.20534,1.20603,30997400.3906,1.2111317435814548,0,0,,0,0.0
05.09.2004 22:00:00.000,1.20609,1.2062,1.20501,1.20594,30710800.7813,1.2107323786905737,0,0,,0,0.0
05.09.2004 23:00:00.000,1.2057,1.20688,1.20548,1.20652,28655099.6094,1.2104083495605296,0,0,,0,0.0
06.09.2004 00:00:00.000,1.20641,1.20687,1.2057,1.20589,29789500.0,1.2100607842097197,0,0,,0,0.0
06.09.2004 01:00:00.000,1.20602,1.20611,1.20474,1.20531,32894199.2188,1.2096953392705105,0,0,,0,0.0
06.09.2004 02:00:00.000,1.2049,1.20634,1.2049,1.20615,31422000.0,1.2094226208650867,0,0,,0,0.0
06.09.2004 03:00:00.000,1.20597,1.20656,1.20563,1.20594,32842601.5625,1.2091547269523877,0,0,,0,0.0
06.09.2004 04:00:00.000,1.20627,1.20636,1.20477,1.20522,31906900.3906,1.208852055648358,1,0,,0,0.0
06.09.2004 05:00:00.000,1.2053,1.20539,1.20449,1.20508,31002500.0,1.2085618975215613,1,2,1.2034900000000002,0,0.0
06.09.2004 06:00:00.000,1.20502,1.20654,1.20495,1.20589,31690099.6094,1.2083563669429798,1,0,,0,0.0
06.09.2004 07:00:00.000,1.20571,1.20655,1.20501,1.20634,31082199.2188,1.2082012617935198,1,0,,0,0.0
06.09.2004 08:00:00.000,1.20612,1.20647,1.20511,1.20545,32552000.0,1.2079896262709413,1,0,,0,0.0
06.09.2004 09:00:00.000,1.20547,1.20674,1.20531,1.20624,31262199.2188,1.207855039634715,1,0,,0,0.0
06.09.2004 10:00:00.000,1.20615,1.20701,1.20568,1.20701,28908199.2188,1.207790036585891,1,0,,0,0.0
06.09.2004 11:00:00.000,1.20695,1.20732,1.20587,1.20704,32784898.4375,1.2077323414638994,1,0,,0,0.0
06.09.2004 12:00:00.000,1.20708,1.20742,1.20658,1.20693,30020099.6094,1.2076706228897536,1,0,,0,0.0
06.09.2004 13:00:00.000,1.20688,1.20776,1.20654,1.20734,32804199.2188,1.2076451903597727,1,0,,0,0.0
06.09.2004 14:00:00.000,1.20723,1.20765,1.2067,1.20765,29536099.6094,1.207645560332098,0,0,,0,0.0
06.09.2004 15:00:00.000,1.20751,1.20783,1.20697,1.20741,30935699.2188,1.2076274403065521,0,1,1.2088299999999998,0,0.0
06.09.2004 16:00:00.000,1.20733,1.20759,1.20611,1.20653,293335406.25,1.207543021821433,0,0,,0,0.0
06.09.2004 17:00:00.000,1.20651,1.20754,1.20611,1.20715,138410093.75,1.2075127893736304,0,0,,0,0.0
06.09.2004 18:00:00.000,1.20705,1.20761,1.20643,1.20733,149330406.25,1.2074987286525818,0,0,,0,0.0
06.09.2004 19:00:00.000,1.20704,1.20734,1.20612,1.20653,106064101.5625,1.2074242110639217,0,0,,0,0.0
06.09.2004 20:00:00.000,1.20649,1.20718,1.20597,1.20608,66264796.875,1.207320810212851,0,0,,0,0.0
06.09.2004 21:00:00.000,1.20588,1.20649,1.20563,1.20631,31899500.0,1.2072430555810933,0,0,,0,0.0
06.09.2004 22:00:00.000,1.20619,1.20656,1.20568,1.20615,29620599.6094,1.2071589743825477,0,0,,0,0.0
06.09.2004 23:00:00.000,1.2062,1.20671,1.2057,1.2064,30408300.7813,1.2071005917377364,0,0,,0,0.0
07.09.2004 00:00:00.000,1.20624,1.20686,1.20544,1.20598,29226699.2188,1.2070143923732952,0,0,,0,0.0
07.09.2004 01:00:00.000,1.20579,1.20602,1.20525,1.20567,34427101.5625,1.2069109775753495,0,0,,0,0.0
07.09.2004 02:00:00.000,1.20551,1.20609,1.20508,1.20554,30244199.2188,1.206805517761861,0,2,1.20408,0,0.0
07.09.2004 03:00:00.000,1.20549,1.20606,1.20517,1.20553,30154199.2188,1.2067074010109489,0,0,,0,0.0
07.09.2004 04:00:00.000,1.20571,1.20696,1.20528,1.20696,32080500.0,1.2067268317024145,0,0,,0,0.0
07.09.2004 05:00:00.000,1.20687,1.20781,1.20655,1.20761,29463099.6094,1.2067947677253057,0,0,,0,0.0
07.09.2004 06:00:00.000,1.20747,1.20887,1.20718,1.20829,32032900.3906,1.20690978559259,0,0,,0,0.0
07.09.2004 07:00:00.000,1.20838,1.20879,1.20716,1.20833,31351099.6094,1.2070190328546986,0,0,,0,0.0
07.09.2004 08:00:00.000,1.20829,1.21026,1.20801,1.2097,32208699.2188,1.207225261096645,0,0,,0,0.0
07.09.2004 09:00:00.000,1.20982,1.21075,1.20962,1.20974,30875099.6094,1.2074187025507492,0,0,,0,0.0
07.09.2004 10:00:00.000,1.20993,1.21047,1.20895,1.20939,31535699.2188,1.2075703408160763,0,0,,0,0.0
07.09.2004 11:00:00.000,1.20918,1.20952,1.20766,1.20814,32052400.3906,1.2076141607533013,0,0,,0,0.0
07.09.2004 12:00:00.000,1.20808,1.20846,1.20624,1.20743,31434300.7813,1.207599994541509,0,0,,0,0.0
07.09.2004 13:00:00.000,1.20727,1.20772,1.20579,1.20659,31189800.7813,1.2075223026537008,0,0,,0,0.0
07.09.2004 14:00:00.000,1.20659,1.20844,1.20651,1.20765,30916400.3906,1.207532125526493,0,0,,0,0.0
07.09.2004 15:00:00.000,1.20747,1.2099,1.20742,1.20913,31982699.2188,1.2076550389475322,0,0,,0,0.0
07.09.2004 16:00:00.000,1.20863,1.20981,1.20758,1.20873,293477093.75,1.2077377282592605,0,0,,0,0.0
07.09.2004 17:00:00.000,1.20875,1.20903,1.20755,1.20859,136350296.875,1.2078032876239329,0,0,,0,0.0
07.09.2004 18:00:00.000,1.20847,1.21109,1.20818,1.21062,147200093.75,1.2080199578067075,0,0,,0,0.0
07.09.2004 19:00:00.000,1.21063,1.21087,1.20971,1.21031,104593000.0,1.2081961148984992,0,0,,0,0.0
07.09.2004 20:00:00.000,1.21036,1.21079,1.20968,1.2104,65232398.4375,1.2083656445216917,0,0,,0,0.0
07.09.2004 21:00:00.000,1.21062,1.21112,1.20995,1.21011,31442500.0,1.2084998257123307,0,1,1.2121199999999999,0,0.0
07.09.2004 22:00:00.000,1.21011,1.21079,1.20918,1.20941,32057099.6094,1.2085698391190747,0,0,,0,0.0
07.09.2004 23:00:00.000,1.2094,1.20964,1.20832,1.2085,32905898.4375,1.208564466879146,0,0,,0,0.0
08.09.2004 00:00:00.000,1.20835,1.20959,1.20804,1.20938,29492000.0,1.208627200196135,0,0,,0,0.0
08.09.2004 01:00:00.000,1.2094,1.2103,1.20893,1.21017,32738300.7813,1.2087458771041244,0,0,,0,0.0
08.09.2004 02:00:00.000,1.21007,1.21038,1.2092,1.20959,31972800.7813,1.2088108096345764,0,0,,0,0.0
08.09.2004 03:00:00.000,1.20936,1.21088,1.20922,1.21021,29507599.6094,1.208918439662686,0,0,,0,0.0
08.09.2004 04:00:00.000,1.21032,1.21089,1.20915,1.20917,34485101.5625,1.2089377904578642,0,0,,0,0.0
08.09.2004 05:00:00.000,1.20892,1.20945,1.2068,1.20691,30328699.2188,1.2087818065764901,0,0,,0,0.0
08.09.2004 06:00:00.000,1.20676,1.20749,1.20626,1.20687,31821599.6094,1.208634744532145,0,0,,0,0.0
08.09.2004 07:00:00.000,1.20674,1.20849,1.20669,1.20838,30755500.0,1.2086151487989032,0,0,,0,0.0
08.09.2004 08:00:00.000,1.20814,1.209,1.20791,1.2085,29712199.2188,1.2086062911989877,0,0,,0,0.0
08.09.2004 09:00:00.000,1.20813,1.20835,1.20705,1.2073,30938800.7813,1.208505807260604,0,0,,0,0.0
08.09.2004 10:00:00.000,1.20728,1.20745,1.20451,1.20495,30869800.7813,1.208232283625173,0,0,,0,0.0
08.09.2004 11:00:00.000,1.20491,1.20562,1.20286,1.20369,30504900.3906,1.2078828771924677,0,0,,0,0.0
08.09.2004 12:00:00.000,1.20355,1.20463,1.20242,1.20429,30482000.0,1.2076065020238165,0,2,1.2014200000000002,0,0.0
08.09.2004 13:00:00.000,1.20412,1.20459,1.2028,1.20386,31591599.6094,1.207318309560446,0,0,,0,0.0
08.09.2004 14:00:00.000,1.20383,1.21296,1.20312,1.21267,31434300.7813,1.2077299780557964,0,0,,0,0.0
08.09.2004 15:00:00.000,1.21253,1.21694,1.21137,1.21627,33106398.4375,1.2083869028207352,0,0,,0,0.0
08.09.2004 16:00:00.000,1.21625,1.21796,1.21529,1.21728,292333906.25,1.2090709872191403,0,0,,0,0.0
08.09.2004 17:00:00.000,1.21712,1.21762,1.21613,1.21715,133775406.25,1.209692449740745,0,0,,0,0.0
08.09.2004 18:00:00.000,1.21682,1.21914,1.21674,1.21883,148909296.875,1.2103953382222261,0,0,,0,0.0
08.09.2004 19:00:00.000,1.21877,1.21899,1.21742,1.2183,105319796.875,1.2110033891282088,0,0,,0,0.0
08.09.2004 20:00:00.000,1.21826,1.21847,1.21706,1.21805,63314101.5625,1.2115454361183466,0,0,,0,0.0
08.09.2004 21:00:00.000,1.21739,1.21866,1.21739,1.21745,30280199.2188,1.2119996333400123,0,0,,0,0.0
08.09.2004 22:00:00.000,1.21747,1.21893,1.21699,1.21857,30575300.7813,1.2125050461600113,0,0,,0,0.0
08.09.2004 23:00:00.000,1.21836,1.21881,1.21753,1.21804,31123099.6094,1.2129308118400104,0,0,,0,0.0
09.09.2004 00:00:00.000,1.21792,1.21897,1.21765,1.21843,30969699.2188,1.213353826313856,0,0,,0,0.0
09.09.2004 01:00:00.000,1.21845,1.21946,1.21802,1.21824,31701300.7813,1.2137296858281748,0,0,,0,0.0
09.09.2004 02:00:00.000,1.21823,1.21882,1.21787,1.21862,32464400.3906,1.2141058638413922,0,0,,0,0.0
09.09.2004 03:00:00.000,1.2185,1.21973,1.21778,1.21903,30948000.0,1.2144846435459007,0,0,,0,0.0
09.09.2004 04:00:00.000,1.21918,1.21918,1.21799,1.21848,31651500.0,1.2147919786577546,0,0,,0,0.0
09.09.2004 05:00:00.000,1.21822,1.21876,1.21702,1.21762,29406099.6094,1.2150095187610042,0,0,,0,0.0
09.09.2004 06:00:00.000,1.21793,1.21892,1.2173,1.21872,31725599.6094,1.215294940394773,2,0,,0,0.0
09.09.2004 07:00:00.000,1.21846,1.22044,1.21763,1.21843,29555099.6094,1.2155360988259445,2,1,1.2214399999999999,0,0.0
09.09.2004 08:00:00.000,1.21825,1.21988,1.21796,1.21842,30149800.7813,1.215757937377795,2,0,,0,0.0
09.09.2004 09:00:00.000,1.21817,1.21847,1.21722,1.21795,29625900.3906,1.215926557579503,2,0,,0,0.0
09.09.2004 10:00:00.000,1.21791,1.2193,1.2177,1.21839,31384500.0,1.2161160531503106,2,0,,0,0.0
09.09.2004 11:00:00.000,1.2185,1.21873,1.21754,1.2181,32537199.2188,1.2162686644464404,2,0,,0,0.0
09.09.2004 12:00:00.000,1.21791,1.21924,1.21721,1.21789,32061900.3906,1.216393382565945,2,0,,0,0.0
09.09.2004 13:00:00.000,1.21792,1.21836,1.21581,1.21596,31677099.6094,1.2163600454454877,0,0,,0,0.0
09.09.2004 14:00:00.000,1.21585,1.21773,1.21575,1.21627,30861699.2188,1.2163531188727579,0,2,1.2147500000000002,0,0.0
09.09.2004 15:00:00.000,1.21625,1.21954,1.21598,1.21902,31082199.2188,1.2165582635748535,0,0,,0,0.0
09.09.2004 16:00:00.000,1.21868,1.21997,1.21826,1.21869,294857406.25,1.2167222432998648,0,0,,0,0.0
09.09.2004 17:00:00.000,1.21836,1.21964,1.21708,1.21927,137333906.25,1.2169182245844907,0,0,,0,0.0
09.09.2004 18:00:00.000,1.21908,1.22013,1.21854,1.21887,147203296.875,1.2170683611549147,0,0,,0,0.0
09.09.2004 19:00:00.000,1.21901,1.2195,1.21834,1.21937,105191601.5625,1.2172454102968444,0,0,,0,0.0
09.09.2004 20:00:00.000,1.21935,1.22113,1.21856,1.22103,64924500.0,1.2175365325817027,0,0,,0,0.0
09.09.2004 21:00:00.000,1.22067,1.22355,1.22067,1.22317,29671099.6094,1.2179698762292641,0,0,,0,0.0
09.09.2004 22:00:00.000,1.22315,1.22436,1.22271,1.22369,30950500.0,1.21840988575009,0,0,,0,0.0
09.09.2004 23:00:00.000,1.22352,1.22481,1.22299,1.22326,32775898.4375,1.2187829714616216,0,0,,0,0.0
10.09.2004 00:00:00.000,1.22317,1.22337,1.22175,1.2221,31829300.7813,1.2190381275030353,0,0,,0,0.0
10.09.2004 01:00:00.000,1.22188,1.22325,1.22185,1.22284,33156500.0,1.2193305792335711,0,0,,0,0.0
10.09.2004 02:00:00.000,1.22284,1.22406,1.22279,1.2235,32154800.7813,1.2196513039079118,0,0,,0,0.0
10.09.2004 03:00:00.000,1.22349,1.22467,1.22347,1.22459,31399099.6094,1.2200312036073033,0,0,,0,0.0
10.09.2004 04:00:00.000,1.22461,1.22545,1.22348,1.22495,30966099.6094,1.2204095725605877,0,0,,0,0.0
10.09.2004 05:00:00.000,1.22507,1.22507,1.22286,1.22308,33869199.2188,1.220614990055927,0,0,,0,0.0
10.09.2004 06:00:00.000,1.22314,1.22375,1.22193,1.22356,31568500.0,1.2208415292823942,0,0,,0,0.0
10.09.2004 07:00:00.000,1.22364,1.22371,1.22129,1.22251,30982199.2188,1.2209698731837486,2,0,,0,0.0
10.09.2004 08:00:00.000,1.22229,1.22324,1.22182,1.22239,29507500.0,1.2210791137080759,2,0,,0,0.0
10.09.2004 09:00:00.000,1.22228,1.22247,1.22081,1.22126,30710099.6094,1.221093028038224,2,0,,0,0.0
10.09.2004 10:00:00.000,1.22126,1.22201,1.22023,1.22114,29734099.6094,1.2210966412660529,2,0,,0,0.0
10.09.2004 11:00:00.000,1.22098,1.22239,1.22082,1.22219,30217500.0,1.221180745784049,0,0,,0,0.0
10.09.2004 12:00:00.000,1.22192,1.22975,1.21974,1.22925,32363900.3906,1.2218014576468144,0,2,1.2187400000000002,0,0.0
10.09.2004 13:00:00.000,1.22915,1.22985,1.22761,1.22837,31987300.7813,1.222306730135521,0,0,,0,0.0
10.09.2004 14:00:00.000,1.22834,1.23069,1.22732,1.22927,31550900.3906,1.2228423662789427,0,1,1.23169,0,0.0
10.09.2004 15:00:00.000,1.22938,1.22979,1.22746,1.22802,33260601.5625,1.2232406457959473,0,0,,0,0.0
10.09.2004 16:00:00.000,1.22799,1.22933,1.22777,1.2281,292053312.5,1.223614442273182,0,0,,0,0.0
10.09.2004 17:00:00.000,1.22794,1.2293,1.22788,1.22852,136622906.25,1.2239917928675528,0,0,,0,0.0
10.09.2004 18:00:00.000,1.22835,1.22881,1.22632,1.22675,146482296.875,1.2242039626469718,0,0,,0,0.0
10.09.2004 19:00:00.000,1.22674,1.2269,1.22581,1.22645,104157101.5625,1.224376734751051,0,0,,0,0.0
10.09.2004 20:00:00.000,1.22649,1.2269,1.22545,1.22572,61670398.4375,1.2244800628471242,0,0,,0,0.0
12.09.2004 21:00:00.000,1.2257,1.22697,1.22568,1.22672,32779000.0,1.2246523657050379,0,0,,0,0.0
12.09.2004 22:00:00.000,1.22675,1.2284,1.22663,1.22776,31562300.7813,1.224891414496958,0,0,,0,0.0
12.09.2004 23:00:00.000,1.22763,1.22842,1.22717,1.22824,30506699.2188,1.225148997997192,0,0,,0,0.0
13.09.2004 00:00:00.000,1.22813,1.22865,1.2267,1.22674,31894300.7813,1.2252713827666388,0,0,,0,0.0
13.09.2004 01:00:00.000,1.22667,1.22707,1.22536,1.22587,32656400.3906,1.2253174302461283,0,0,,0,0.0
13.09.2004 02:00:00.000,1.22594,1.22659,1.22568,1.22635,31703000.0,1.2253968586887338,0,0,,0,0.0
13.09.2004 03:00:00.000,1.22637,1.2274,1.22599,1.22719,29887400.3906,1.2255347926357543,2,0,,0,0.0
13.09.2004 04:00:00.000,1.22714,1.22738,1.22624,1.2269,31399800.7813,1.2256398085868503,2,0,,0,0.0
13.09.2004 05:00:00.000,1.22679,1.22679,1.22576,1.2262,31931900.3906,1.2256829002340157,2,0,,0,0.0
13.09.2004 06:00:00.000,1.22637,1.22774,1.22536,1.22597,31746500.0,1.225704984831399,2,0,,0,0.0
13.09.2004 07:00:00.000,1.22573,1.22596,1.22443,1.22569,32303599.6094,1.2257038321520608,0,0,,0,0.0
13.09.2004 08:00:00.000,1.22564,1.2265,1.22496,1.22514,30736000.0,1.2256604604480563,0,0,,0,0.0
13.09.2004 09:00:00.000,1.22545,1.2259,1.22438,1.22542,29699099.6094,1.2256419634905136,0,0,,0,0.0
13.09.2004 10:00:00.000,1.22563,1.2262,1.22498,1.22538,31255500.0,1.2256218124527818,0,0,,0,0.0
13.09.2004 11:00:00.000,1.22532,1.22541,1.22287,1.22295,32441099.6094,1.2254162884179525,0,0,,0,0.0
13.09.2004 12:00:00.000,1.22296,1.22438,1.2222,1.22339,31457500.0,1.22526042007811,0,0,,0,0.0
13.09.2004 13:00:00.000,1.22347,1.22452,1.22275,1.22395,32501800.7813,1.2251596185336402,0,0,,0,0.0
13.09.2004 14:00:00.000,1.22363,1.2251,1.22215,1.22412,30123300.7813,1.2250796478772066,0,2,1.2211500000000002,0,0.0
13.09.2004 15:00:00.000,1.22417,1.22499,1.22344,1.2248,31019099.6094,1.225058136502037,0,0,,0,0.0
13.09.2004 16:00:00.000,1.22494,1.22639,1.22453,1.2259,295432312.5,1.2251228952326496,0,0,,0,0.0
13.09.2004 17:00:00.000,1.22578,1.2268,1.22555,1.22633,133780593.75,1.225215749445523,0,0,,0,0.0
13.09.2004 18:00:00.000,1.22647,1.22677,1.22505,1.22565,147457703.125,1.2252491533343288,0,0,,0,0.0
13.09.2004 19:00:00.000,1.22568,1.22619,1.22489,1.22494,105410398.4375,1.2252253723086115,0,0,,0,0.0
13.09.2004 20:00:00.000,1.22487,1.22599,1.22473,1.22565,62266000.0,1.2252580359771799,0,0,,0,0.0
13.09.2004 21:00:00.000,1.22568,1.22636,1.22515,1.22573,32811199.2188,1.225294340902012,0,0,,0,0.0
13.09.2004 22:00:00.000,1.22587,1.22602,1.22511,1.22602,30018900.3906,1.2253501608326267,0,0,,0,0.0
13.09.2004 23:00:00.000,1.22586,1.22664,1.22563,1.22643,31903900.3906,1.225433225383963,0,0,,0,0.0
14.09.2004 00:00:00.000,1.22649,1.22691,1.22535,1.22551,31444099.6094,1.2254391311236583,0,0,,0,0.0
14.09.2004 01:00:00.000,1.2255,1.22687,1.22526,1.22652,31897000.0,1.225522274883377,0,0,,0,0.0
14.09.2004 02:00:00.000,1.22652,1.22718,1.22615,1.22641,32464400.3906,1.2255905614308096,0,0,,0,0.0
14.09.2004 03:00:00.000,1.22658,1.22746,1.22613,1.22661,31384800.7813,1.2256689797822857,0,0,,0,0.0
14.09.2004 04:00:00.000,1.22672,1.22705,1.22552,1.22612,30948800.7813,1.225703673645187,0,0,,0,0.0
14.09.2004 05:00:00.000,1.22609,1.2269,1.22592,1.22628,31181500.0,1.225748006441711,0,0,,0,0.0
14.09.2004 06:00:00.000,1.22622,1.2281,1.22606,1.22777,31207099.6094,1.2259035444077333,0,0,,0,0.0
14.09.2004 07:00:00.000,1.22773,1.22798,1.22666,1.22763,31073599.6094,1.2260363486840617,0,0,,0,0.0
14.09.2004 08:00:00.000,1.2274,1.22779,1.22537,1.22541,32309400.3906,1.2259881680160571,0,0,,0,0.0
14.09.2004 09:00:00.000,1.22514,1.22514,1.22304,1.2234,30843900.3906,1.2257890781686682,0,0,,0,0.0
14.09.2004 10:00:00.000,1.22339,1.22381,1.22247,1.22295,29734800.7813,1.2255706875403092,0,0,,0,0.0
14.09.2004 11:00:00.000,1.22311,1.22399,1.22236,1.22368,31848000.0,1.2254252500372085,0,2,1.22136,0,0.0
14.09.2004 12:00:00.000,1.22373,1.22907,1.22331,1.22788,32435000.0,1.2256140769574233,0,0,,0,0.0
14.09.2004 13:00:00.000,1.2279,1.2279,1.22478,1.22607,32251800.7813,1.2256491479606986,0,0,,0,0.0
14.09.2004 14:00:00.000,1.22624,1.22883,1.22624,1.2283,32530800.7813,1.2258530596560293,0,0,,0,0.0
14.09.2004 15:00:00.000,1.22827,1.22938,1.22631,1.22694,32980898.4375,1.2259366704517194,0,1,1.2303799999999998,0,0.0
14.09.2004 16:00:00.000,1.22673,1.22691,1.22502,1.22659,292909906.25,1.2259869265708179,0,0,,0,0.0
14.09.2004 17:00:00.000,1.22648,1.22709,1.2256,1.2262,136228000.0,1.2260033168346012,0,0,,0,0.0
14.09.2004 18:00:00.000,1.22625,1.22644,1.22497,1.22545,148900000.0,1.2259607540011705,0,0,,0,0.0
14.09.2004 19:00:00.000,1.22544,1.22601,1.22478,1.22555,107580000.0,1.2259291575395421,0,0,,0,0.0
14.09.2004 20:00:00.000,1.22546,1.22571,1.22396,1.22492,61461800.7813,1.2258515300365005,0,0,,0,0.0
14.09.2004 21:00:00.000,1.22458,1.22523,1.22413,1.22444,32549199.2188,1.2257429508029236,0,0,,0,0.0
14.09.2004 22:00:00.000,1.2246,1.22579,1.22431,1.22549,31615400.3906,1.2257234930488525,0,0,,0,0.0
14.09.2004 23:00:00.000,1.22532,1.2259,1.22446,1.22481,32706300.7813,1.2256532243527871,0,0,,0,0.0
15.09.2004 00:00:00.000,1.22477,1.22478,1.22361,1.22433,31727400.3906,1.2255514378641112,0,0,,0,0.0
15.09.2004 01:00:00.000,1.22439,1.22532,1.22335,1.22376,32182400.3906,1.2254136349514875,0,0,,0,0.0
15.09.2004 02:00:00.000,1.2239,1.22416,1.22321,1.22363,30458500.0,1.2252764322629117,0,0,,0,0.0
15.09.2004 03:00:00.000,1.22366,1.22407,1.22308,1.2234,30100699.2188,1.2251320913196109,0,0,,0,0.0
15.09.2004 04:00:00.000,1.2235,1.22378,1.22311,1.22376,31424900.3906,1.225026545833487,0,0,,0,0.0
15.09.2004 05:00:00.000,1.22368,1.22431,1.2232,1.22334,31419900.3906,1.2248968115386034,0,0,,0,0.0
15.09.2004 06:00:00.000,1.22316,1.22466,1.22263,1.22355,32160699.2188,1.2247932106510184,0,0,,0,0.0
15.09.2004 07:00:00.000,1.22347,1.2245,1.22199,1.22354,33726800.7813,1.2246968098317095,0,0,,0,0.0
15.09.2004 08:00:00.000,1.22347,1.22593,1.22294,1.22513,30948500.0,1.2247301321523472,0,1,1.2269299999999999,0,0.0
15.09.2004 09:00:00.000,1.22495,1.22562,1.22405,1.22443,31040099.6094,1.224707045063705,0,0,,0,0.0
15.09.2004 10:00:00.000,1.22426,1.22528,1.22309,1.22337,30661800.7813,1.22460419544342,0,0,,0,0.0
15.09.2004 11:00:00.000,1.2235,1.22411,1.22235,1.22332,31537900.3906,1.2245054111785416,0,0,,0,0.0
15.09.2004 12:00:00.000,1.22335,1.22434,1.21974,1.21999,33581199.2188,1.2241580718571154,0,0,,0,0.0
15.09.2004 13:00:00.000,1.21995,1.22146,1.21705,1.2183,31304900.3906,1.2237074509450296,0,0,,0,0.0
15.09.2004 14:00:00.000,1.2181,1.21864,1.21441,1.21474,31552300.7813,1.223017647026181,0,0,,0,0.0
15.09.2004 15:00:00.000,1.2145,1.21554,1.21323,1.21432,32268599.6094,1.2223485972549364,0,2,1.2122300000000001,0,0.0
15.09.2004 16:00:00.000,1.21442,1.21509,1.21337,1.2143,293929906.25,1.221729474389172,0,0,,0,0.0
15.09.2004 17:00:00.000,1.2142,1.21541,1.21398,1.21533,133689406.25,1.2212372071284665,0,0,,0,0.0
15.09.2004 18:00:00.000,1.21525,1.21563,1.21417,1.21527,147930703.125,1.2207781911955076,0,0,,0,0.0
15.09.2004 19:00:00.000,1.21523,1.21557,1.21464,1.21522,104159796.875,1.2203506380266225,0,0,,0,0.0
15.09.2004 20:00:00.000,1.21533,1.21578,1.21467,1.21472,63878800.7813,1.2199175120245747,0,0,,0,0.0
15.09.2004 21:00:00.000,1.2146,1.21528,1.21426,1.21483,31594900.3906,1.2195261649457614,0,0,,0,0.0
15.09.2004 22:00:00.000,1.21465,1.21559,1.21465,1.21518,31475099.6094,1.2191918445653183,0,0,,0,0.0
15.09.2004 23:00:00.000,1.21512,1.21544,1.21439,1.21463,30987500.0,1.2188409334449093,0,0,,0,0.0
16.09.2004 00:00:00.000,1.21455,1.21554,1.21423,1.21538,33350199.2188,1.2185747077953009,0,0,,0,0.0
16.09.2004 01:00:00.000,1.21547,1.21564,1.2141,1.21486,34624000.0,1.2182889610418164,1,0,,0,0.0
16.09.2004 02:00:00.000,1.21487,1.21551,1.21442,1.21474,34356500.0,1.2180159640386,1,0,,0,0.0
16.09.2004 03:00:00.000,1.21489,1.21517,1.21443,1.21476,30648000.0,1.2177655052664,1,0,,0,0.0
16.09.2004 04:00:00.000,1.21482,1.21547,1.2146,1.21521,32123900.3906,1.2175689279382156,1,0,,0,0.0
16.09.2004 05:00:00.000,1.21511,1.21547,1.21451,1.21499,31478000.0,1.2173705488660451,1,0,,0,0.0
16.09.2004 06:00:00.000,1.21496,1.21576,1.21385,1.21465,31855400.3906,1.2171612758763493,1,0,,0,0.0
16.09.2004 07:00:00.000,1.21469,1.21631,1.21435,1.21615,30673800.7813,1.2170834854243224,1,0,,0,0.0
16.09.2004 08:00:00.000,1.21597,1.21647,1.21463,1.21495,30955199.2188,1.2169193711609132,1,0,,0,0.0
16.09.2004 09:00:00.000,1.21471,1.21518,1.21405,1.21441,31671599.6094,1.2167263426100736,1,0,,0,0.0
16.09.2004 10:00:00.000,1.21477,1.21572,1.21435,1.21517,30963699.2188,1.2166066239477602,1,0,,0,0.0
16.09.2004 11:00:00.000,1.21525,1.21616,1.21505,1.216,31838199.2188,1.2165599605671633,1,0,,0,0.0
16.09.2004 12:00:00.000,1.21612,1.21631,1.21392,1.21507,33278601.5625,1.2164453482158433,1,0,,0,0.0
16.09.2004 13:00:00.000,1.21518,1.21532,1.21192,1.2126,30300599.6094,1.21614955219924,1,2,1.2109200000000002,0,0.0
16.09.2004 14:00:00.000,1.2124,1.21426,1.21193,1.21365,31236599.6094,1.2159572789531445,1,0,,0,0.0
16.09.2004 15:00:00.000,1.21369,1.21615,1.21355,1.21536,31461099.6094,1.2159113344182872,1,0,,0,0.0
16.09.2004 16:00:00.000,1.21512,1.21847,1.21497,1.21675,292269406.25,1.2159758471553421,0,0,,0,0.0
16.09.2004 17:00:00.000,1.21651,1.21959,1.21642,1.21787,136414093.75,1.2161215512203158,0,0,,0,0.0
16.09.2004 18:00:00.000,1.21793,1.21947,1.21731,1.21891,150073796.875,1.2163360472802918,0,0,,0,0.0
16.09.2004 19:00:00.000,1.21886,1.21971,1.21813,1.21886,103330101.5625,1.2165301974895,0,1,1.22071,0,0.0
16.09.2004 20:00:00.000,1.21885,1.21911,1.21787,1.21787,61293199.2188,1.216633259221077,0,0,,0,0.0
16.09.2004 21:00:00.000,1.21752,1.21869,1.21752,1.21837,30462099.6094,1.2167668546656096,0,0,,0,0.0
16.09.2004 22:00:00.000,1.21829,1.21926,1.21813,1.21853,32878699.2188,1.2169024812297935,0,0,,0,0.0
16.09.2004 23:00:00.000,1.21841,1.21918,1.21786,1.21835,30916300.7813,1.2170138288275016,0,0,,0,0.0
17.09.2004 00:00:00.000,1.2183,1.21924,1.21805,1.21867,30294400.3906,1.2171412266100017,0,0,,0,0.0
17.09.2004 01:00:00.000,1.21853,1.21963,1.21845,1.2191,33419500.0,1.2172919014861554,0,0,,0,0.0
17.09.2004 02:00:00.000,1.21882,1.2193,1.21859,1.2188,30658699.2188,1.2174079090641434,0,0,,0,0.0
17.09.2004 03:00:00.000,1.21876,1.21931,1.21856,1.21893,32096699.2188,1.2175249929822862,0,0,,0,0.0
17.09.2004 04:00:00.000,1.21892,1.21927,1.21844,1.21867,32377699.2188,1.2176130704451875,0,0,,0,0.0
17.09.2004 05:00:00.000,1.21867,1.21878,1.21808,1.21852,30570900.3906,1.2176828342570962,0,0,,0,0.0
17.09.2004 06:00:00.000,1.21843,1.21991,1.21799,1.21872,32058099.6094,1.2177626162373196,0,0,,0,0.0
17.09.2004 07:00:00.000,1.21872,1.22071,1.2183,1.22025,30633599.6094,1.2179539534498334,0,0,,0,0.0
17.09.2004 08:00:00.000,1.22034,1.22119,1.21935,1.21951,30650300.7813,1.2180736493383078,2,0,,0,0.0
17.09.2004 09:00:00.000,1.21934,1.22059,1.21928,1.22046,29324800.7813,1.2182572147738226,2,0,,0,0.0
17.09.2004 10:00:00.000,1.2203,1.2211,1.22022,1.22059,29442699.2188,1.2184366597912208,2,0,,0,0.0
17.09.2004 11:00:00.000,1.22048,1.22215,1.22042,1.22146,30789900.3906,1.2186692244226656,2,1,1.22315,0,0.0
17.09.2004 12:00:00.000,1.22139,1.22168,1.21973,1.21977,31863300.7813,1.218753899467076,2,0,,0,0.0
17.09.2004 13:00:00.000,1.21963,1.22044,1.2183,1.21904,31535900.3906,1.2187759072003777,2,0,,0,0.0
17.09.2004 14:00:00.000,1.21928,1.21942,1.21598,1.21618,29506400.3906,1.2185762220311178,0,0,,0,0.0
17.09.2004 15:00:00.000,1.21625,1.21814,1.21555,1.21734,32367300.7813,1.2184811280287242,0,0,,0,0.0
17.09.2004 16:00:00.000,1.21714,1.21811,1.21691,1.21711,298112406.25,1.2183756566418993,0,0,,0,0.0
17.09.2004 17:00:00.000,1.21726,1.21831,1.21698,1.21786,135924906.25,1.2183359907463684,0,0,,0,0.0
17.09.2004 18:00:00.000,1.21773,1.21817,1.21702,1.21792,149114296.875,1.2183039914581861,0,0,,0,0.0
17.09.2004 19:00:00.000,1.21799,1.21819,1.21707,1.21804,105140500.0,1.218283684422941,0,0,,0,0.0
17.09.2004 20:00:00.000,1.21791,1.21887,1.21768,1.21846,62058898.4375,1.218297247159638,0,0,,0,0.0
19.09.2004 21:00:00.000,1.21749,1.2184,1.21694,1.2171,31112199.2188,1.2182051512242815,0,0,,0,0.0
19.09.2004 22:00:00.000,1.21724,1.2174,1.21668,1.21692,30370300.7813,1.2181062934377982,0,0,,0,0.0
19.09.2004 23:00:00.000,1.21705,1.21728,1.21576,1.21654,32132500.0,1.2179858093271985,0,0,,0,0.0
20.09.2004 00:00:00.000,1.21647,1.21724,1.21589,1.21609,32153400.3906,1.217839977840491,0,0,,0,0.0
20.09.2004 01:00:00.000,1.21603,1.21621,1.2152,1.21543,33883500.0,1.217654594929684,0,0,,0,0.0
20.09.2004 02:00:00.000,1.21535,1.21582,1.21486,1.21564,31844199.2188,1.2174996260889392,0,0,,0,0.0
20.09.2004 03:00:00.000,1.21583,1.21688,1.21575,1.21661,30108099.6094,1.2174311933128672,0,0,,0,0.0
20.09.2004 04:00:00.000,1.21685,1.21708,1.21628,1.21688,31902500.0,1.217388793827262,0,0,,0,0.0
20.09.2004 05:00:00.000,1.21702,1.21721,1.21648,1.21681,31217099.6094,1.217344271225165,0,0,,0,0.0
20.09.2004 06:00:00.000,1.21678,1.21688,1.21522,1.2153,30574400.3906,1.2171870195924601,0,0,,0,0.0
20.09.2004 07:00:00.000,1.21547,1.21642,1.21525,1.21585,31640599.6094,1.2170841719315018,0,0,,0,0.0
20.09.2004 08:00:00.000,1.21567,1.2159,1.21447,1.21544,30760599.6094,1.21695769716754,0,0,,0,0.0
20.09.2004 09:00:00.000,1.2154,1.2157,1.21459,1.21507,29757800.7813,1.216812489693114,0,0,,0,0.0
20.09.2004 10:00:00.000,1.21512,1.21521,1.21303,1.21321,31486000.0,1.2165353751013361,0,0,,0,0.0
20.09.2004 11:00:00.000,1.21319,1.21409,1.21279,1.21359,30837599.6094,1.2163088077858486,0,0,,0,0.0
20.09.2004 12:00:00.000,1.2137,1.21381,1.21212,1.21345,32292199.2188,1.2160888994946295,1,2,1.2111200000000002,0,0.0
20.09.2004 13:00:00.000,1.21342,1.21394,1.21294,1.21368,31314000.0,1.2159035995335044,1,0,,0,0.0
20.09.2004 14:00:00.000,1.21354,1.21491,1.2127,1.21465,31302099.6094,1.2158071688001582,1,0,,0,0.0
20.09.2004 15:00:00.000,1.21453,1.21716,1.21445,1.21707,30955500.0,1.2159043096616846,0,0,,0,0.0
20.09.2004 16:00:00.000,1.21679,1.21717,1.21583,1.21635,298166593.75,1.2159385935338627,0,0,,0,0.0
20.09.2004 17:00:00.000,1.21609,1.21768,1.21587,1.21693,131649000.0,1.2160148555697194,0,0,,0,0.0
20.09.2004 18:00:00.000,1.21691,1.21711,1.21535,1.21663,145024093.75,1.2160621743720488,0,0,,0,0.0
20.09.2004 19:00:00.000,1.21657,1.21738,1.21623,1.2166,107804296.875,1.2161035455741989,0,0,,0,0.0
20.09.2004 20:00:00.000,1.21657,1.21766,1.21635,1.21747,62722000.0,1.2162086574531066,0,0,,0,0.0
20.09.2004 21:00:00.000,1.21708,1.21784,1.21645,1.21692,29798699.2188,1.2162633761105601,0,0,,0,0.0
20.09.2004 22:00:00.000,1.2169,1.21732,1.21639,1.21694,31395500.0,1.2163154241020555,0,0,,0,0.0
20.09.2004 23:00:00.000,1.21678,1.21783,1.21666,1.2172,29206199.2188,1.2163834684018975,0,0,,0,0.0
21.09.2004 00:00:00.000,1.21699,1.21779,1.2168,1.21772,33573699.2188,1.2164862785248285,0,0,,0,0.0
21.09.2004 01:00:00.000,1.21761,1.21792,1.21663,1.21736,34404898.4375,1.2165534878690725,0,0,,0,0.0
21.09.2004 02:00:00.000,1.21708,1.21797,1.21704,1.21709,32519800.7813,1.21659475803299,0,0,,0,0.0
21.09.2004 03:00:00.000,1.21735,1.21779,1.21695,1.21758,30575300.7813,1.2166705458766065,0,0,,0,0.0
21.09.2004 04:00:00.000,1.2175,1.21786,1.21713,1.21754,32048199.2188,1.2167374269630216,0,0,,0,0.0
21.09.2004 05:00:00.000,1.2174,1.21778,1.21695,1.21751,27399800.7813,1.2167968556581739,0,0,,0,0.0
21.09.2004 06:00:00.000,1.21734,1.21844,1.21689,1.21788,31406699.2188,1.216880174453699,0,0,,0,0.0
21.09.2004 07:00:00.000,1.21783,1.21972,1.21715,1.21971,32340699.2188,1.217097853341876,2,0,,0,0.0
21.09.2004 08:00:00.000,1.21964,1.22078,1.21903,1.22026,30154199.2188,1.2173410953925008,2,0,,0,0.0
21.09.2004 09:00:00.000,1.22033,1.22433,1.22003,1.22373,32063900.3906,1.2178325495930777,2,0,,0,0.0
21.09.2004 10:00:00.000,1.2236,1.22612,1.22332,1.22603,30988000.0,1.2184631227013027,2,0,,0,0.0
21.09.2004 11:00:00.000,1.22558,1.22613,1.22423,1.22551,31452300.7813,1.219005190185818,2,0,,0,0.0
21.09.2004 12:00:00.000,1.22524,1.22778,1.22492,1.22601,32438000.0,1.219544021709986,2,0,,0,0.0
21.09.2004 13:00:00.000,1.22605,1.22679,1.22489,1.22616,32643099.6094,1.2200529431169103,2,0,,0,0.0
21.09.2004 14:00:00.000,1.22607,1.22615,1.22445,1.22519,30871800.7813,1.2204481013386863,2,0,,0,0.0
21.09.2004 15:00:00.000,1.22537,1.22685,1.22505,1.22632,31790900.3906,1.220899785851095,2,0,,0,0.0
21.09.2004 16:00:00.000,1.22614,1.22738,1.22607,1.22676,292770687.5,1.221350571554857,2,0,,0,0.0
21.09.2004 17:00:00.000,1.22679,1.2272,1.22621,1.22707,136066406.25,1.2217905275890988,2,0,,0,0.0
21.09.2004 18:00:00.000,1.22692,1.2335,1.22456,1.23171,147011000.0,1.222553563928399,2,0,,0,0.0
21.09.2004 19:00:00.000,1.23159,1.23459,1.23136,1.23363,106642398.4375,1.2234055974723683,2,1,1.23559,0,0.0
21.09.2004 20:00:00.000,1.23359,1.23396,1.23277,1.23325,65237101.5625,1.2241628592052631,2,0,,0,0.0
21.09.2004 21:00:00.000,1.23318,1.23357,1.23219,1.23247,30743699.2188,1.2248018700356276,2,0,,0,0.0
21.09.2004 22:00:00.000,1.23274,1.23312,1.23223,1.23244,29483000.0,1.2253894184944256,2,0,,0,0.0
21.09.2004 23:00:00.000,1.23234,1.23281,1.23191,1.23235,31804400.3906,1.2259248478410083,2,0,,0,0.0
22.09.2004 00:00:00.000,1.23236,1.23274,1.23131,1.23173,33164699.2188,1.2263713980070847,2,0,,0,0.0
22.09.2004 01:00:00.000,1.23163,1.23293,1.23122,1.23267,33497398.4375,1.2268559058526936,2,0,,0,0.0
22.09.2004 02:00:00.000,1.23248,1.23261,1.23149,1.23201,32876101.5625,1.2272523746332558,2,0,,0,0.0
22.09.2004 03:00:00.000,1.23223,1.23262,1.23191,1.2322,30439400.3906,1.2276329611999286,2,0,,0,0.0
22.09.2004 04:00:00.000,1.23211,1.2324,1.23158,1.23192,31651699.2188,1.2279627334153187,2,0,,0,0.0
22.09.2004 05:00:00.000,1.23194,1.2321,1.23096,1.23144,30383800.7813,1.2282302154602942,2,0,,0,0.0
22.09.2004 06:00:00.000,1.23131,1.23278,1.23073,1.23229,31048900.3906,1.2285425065787332,2,0,,0,0.0
22.09.2004 07:00:00.000,1.23249,1.23297,1.22899,1.22956,31858699.2188,1.2286207753034462,2,0,,0,0.0
22.09.2004 08:00:00.000,1.22957,1.23026,1.2288,1.22957,30565900.3906,1.2286937925877965,2,0,,0,0.0
22.09.2004 09:00:00.000,1.22968,1.2317,1.22894,1.23143,29537800.7813,1.228904270081043,2,0,,0,0.0
22.09.2004 10:00:00.000,1.23147,1.23147,1.22547,1.22565,29203400.3906,1.2286539416132707,0,0,,0,0.0
22.09.2004 11:00:00.000,1.2255,1.22626,1.22298,1.22503,32571699.2188,1.2283751768737885,0,0,,0,0.0
22.09.2004 12:00:00.000,1.22505,1.22506,1.22282,1.22327,33596199.2188,1.2279824709604203,0,0,,0,0.0
22.09.2004 13:00:00.000,1.22304,1.22508,1.22288,1.22475,30814800.7813,1.2277338193480805,0,0,,0,0.0
22.09.2004 14:00:00.000,1.22477,1.2258,1.22277,1.22377,30810199.2188,1.227428910167459,0,2,1.22177,0,0.0
22.09.2004 15:00:00.000,1.2238,1.22597,1.22345,1.22585,32107900.3906,1.2273074555391927,0,0,,0,0.0
22.09.2004 16:00:00.000,1.22577,1.22608,1.22313,1.22468,296923312.5,1.2271053435746395,0,0,,0,0.0
22.09.2004 17:00:00.000,1.22476,1.2259,1.2241,1.22523,137929703.125,1.2269610863765905,0,0,,0,0.0
22.09.2004 18:00:00.000,1.22532,1.22648,1.22478,1.22572,149938000.0,1.226865618193776,0,0,,0,0.0
22.09.2004 19:00:00.000,1.22568,1.22611,1.22498,1.2254,108157000.0,1.2267528783327164,0,0,,0,0.0
22.09.2004 20:00:00.000,1.22552,1.22689,1.22518,1.22637,61598699.2188,1.2267234261532767,0,0,,0,0.0
22.09.2004 21:00:00.000,1.22637,1.22705,1.22593,1.22619,31901199.2188,1.2266823933722555,0,0,,0,0.0
22.09.2004 22:00:00.000,1.22587,1.22657,1.22583,1.22633,31180300.7813,1.2266552861897744,0,0,,0,0.0
22.09.2004 23:00:00.000,1.22634,1.22685,1.22548,1.22657,31059000.0,1.226648725713638,0,0,,0,0.0
23.09.2004 00:00:00.000,1.22664,1.22682,1.22585,1.22622,31449599.6094,1.226615746812589,0,0,,0,0.0
23.09.2004 01:00:00.000,1.22615,1.22689,1.22592,1.2262,33354398.4375,1.2265837662885437,0,0,,0,0.0
23.09.2004 02:00:00.000,1.22622,1.22725,1.22574,1.22711,32679500.0,1.2266242458048098,0,0,,0,0.0
23.09.2004 03:00:00.000,1.22718,1.22767,1.22676,1.22742,29232099.6094,1.2266854576659785,0,0,,0,0.0
23.09.2004 04:00:00.000,1.22738,1.22766,1.22669,1.22725,31708199.2188,1.2267288839993649,0,0,,0,0.0
23.09.2004 05:00:00.000,1.22708,1.22755,1.22661,1.22665,30672800.7813,1.2267228159994137,0,0,,0,0.0
23.09.2004 06:00:00.000,1.22664,1.22775,1.22531,1.22763,29319099.6094,1.2267925993840743,0,0,,0,0.0
23.09.2004 07:00:00.000,1.22746,1.22883,1.22724,1.2283,31063900.3906,1.2269085532776072,0,0,,0,0.0
23.09.2004 08:00:00.000,1.22826,1.23025,1.22743,1.22953,34064800.7813,1.2271102030254837,0,0,,0,0.0
23.09.2004 09:00:00.000,1.22956,1.23169,1.22855,1.23093,33142898.4375,1.2274040335619851,0,0,,0,0.0
23.09.2004 10:00:00.000,1.23142,1.23278,1.23055,1.23218,31878000.0,1.2277714155956785,0,0,,0,0.0
23.09.2004 11:00:00.000,1.23207,1.2332,1.23053,1.23076,33143000.0,1.2280013067037032,0,1,1.2342,0,0.0
23.09.2004 12:00:00.000,1.2307,1.23246,1.23051,1.23176,31925699.2188,1.2282904369572645,0,0,,0,0.0
23.09.2004 13:00:00.000,1.23158,1.23235,1.23031,1.23074,32179300.7813,1.228478864883629,0,0,,0,0.0
23.09.2004 14:00:00.000,1.23088,1.23274,1.22875,1.22933,31029199.2188,1.2285443368156574,0,0,,0,0.0
23.09.2004 15:00:00.000,1.2296,1.23024,1.22846,1.22946,32611000.0,1.2286147724452223,0,0,,0,0.0
23.09.2004 16:00:00.000,1.22945,1.23228,1.22913,1.23216,295030312.5,1.2288874822571283,0,0,,0,0.0
23.09.2004 17:00:00.000,1.23173,1.23266,1.23091,1.23229,133706703.125,1.2291492143911955,0,0,,0,0.0
23.09.2004 18:00:00.000,1.23233,1.23233,1.2263,1.22654,144168296.875,1.228948505591873,0,0,,0,0.0
23.09.2004 19:00:00.000,1.22641,1.22771,1.22514,1.22705,105078296.875,1.2288024667001904,0,2,1.22414,0,0.0
23.09.2004 20:00:00.000,1.22689,1.22763,1.22609,1.22683,64002101.5625,1.2286507384924836,0,0,,0,0.0
23.09.2004 21:00:00.000,1.22643,1.22734,1.22614,1.22632,30907300.7813,1.2284714509161387,0,0,,0,0.0
23.09.2004 22:00:00.000,1.22634,1.22689,1.22515,1.22659,29809500.0,1.2283267239225897,0,0,,0,0.0
23.09.2004 23:00:00.000,1.22688,1.22765,1.22646,1.22756,30117000.0,1.2282677451593136,0,0,,0,0.0
24.09.2004 00:00:00.000,1.22745,1.22811,1.22684,1.22709,33442398.4375,1.228177149377828,0,0,,0,0.0
24.09.2004 01:00:00.000,1.22703,1.22735,1.2253,1.22601,32613900.3906,1.2280104455795335,0,0,,0,0.0
24.09.2004 02:00:00.000,1.22605,1.22758,1.22579,1.22738,32134400.3906,1.2279619497657233,0,0,,0,0.0
24.09.2004 03:00:00.000,1.2274,1.22831,1.22718,1.22813,29775500.0,1.2279748767068215,0,0,,0,0.0
24.09.2004 04:00:00.000,1.22818,1.22852,1.22768,1.22805,32645800.7813,1.2279806554216814,0,0,,0,0.0
24.09.2004 05:00:00.000,1.2282,1.22842,1.22722,1.22754,31549300.7813,1.227946758850783,0,0,,0,0.0
24.09.2004 06:00:00.000,1.22764,1.22781,1.22638,1.22719,29782000.0,1.2278885466314922,0,0,,0,0.0
24.09.2004 07:00:00.000,1.22723,1.2275,1.22616,1.22745,29522900.3906,1.2278548122752238,0,0,,0,0.0
24.09.2004 08:00:00.000,1.22747,1.22776,1.22648,1.22712,30167000.0,1.2277982882540526,0,0,,0,0.0
24.09.2004 09:00:00.000,1.22713,1.231,1.22672,1.23009,30503699.2188,1.2279745737729717,0,0,,0,0.0
24.09.2004 10:00:00.000,1.2301,1.23084,1.22937,1.22943,29564199.2188,1.2280865296365893,0,0,,0,0.0
24.09.2004 11:00:00.000,1.22939,1.23136,1.22919,1.23015,31474599.6094,1.2282452581260823,0,0,,0,0.0
24.09.2004 12:00:00.000,1.23016,1.23595,1.22926,1.23249,31311800.7813,1.2285717767317683,0,1,1.23695,0,0.0
24.09.2004 13:00:00.000,1.23292,1.23334,1.22967,1.23024,31930199.2188,1.2287001015985552,0,0,,0,0.0
24.09.2004 14:00:00.000,1.23037,1.23138,1.22641,1.22655,33079101.5625,1.228534709167897,0,0,,0,0.0
24.09.2004 15:00:00.000,1.22654,1.22742,1.22363,1.22558,30418400.3906,1.2283074238472895,0,2,1.22263,0,0.0
24.09.2004 16:00:00.000,1.22545,1.22649,1.22462,1.22568,294088312.5,1.228105314320575,0,0,,0,0.0
24.09.2004 17:00:00.000,1.22567,1.22684,1.22519,1.22666,136404296.875,1.2279941362959155,0,0,,0,0.0
24.09.2004 18:00:00.000,1.22667,1.22721,1.22578,1.22621,147468796.875,1.2278568950423836,0,0,,0,0.0
24.09.2004 19:00:00.000,1.22604,1.22633,1.22561,1.226,106041796.875,1.2277140569622005,0,0,,0,0.0
24.09.2004 20:00:00.000,1.22608,1.22738,1.22588,1.22723,62844699.2188,1.2276768218112621,0,0,,0,0.0
26.09.2004 21:00:00.000,1.22742,1.22855,1.22724,1.22802,30420900.3906,1.2277032201334728,0,0,,0,0.0
26.09.2004 22:00:00.000,1.22769,1.2284,1.22751,1.22809,33261398.4375,1.2277329724308979,0,0,,0,0.0
26.09.2004 23:00:00.000,1.22796,1.22839,1.22647,1.22751,35181000.0,1.2277158207054444,0,0,,0,0.0
27.09.2004 00:00:00.000,1.22725,1.22884,1.22721,1.22788,31630000.0,1.2277284498819487,0,0,,0,0.0
27.09.2004 01:00:00.000,1.2278,1.229,1.22736,1.22851,34863601.5625,1.227788569121799,0,0,,0,0.0
27.09.2004 02:00:00.000,1.22839,1.22904,1.22773,1.22788,33974500.0,1.227795602266276,0,1,1.2300399999999998,0,0.0
27.09.2004 03:00:00.000,1.22788,1.22835,1.22729,1.22778,32283500.0,1.2277944020919471,0,0,,0,0.0
27.09.2004 04:00:00.000,1.22785,1.22821,1.22751,1.2279,32089599.6094,1.2278025250079514,0,0,,0,0.0
27.09.2004 05:00:00.000,1.22794,1.22829,1.22691,1.22759,30163699.2188,1.2277861769304168,0,0,,0,0.0
27.09.2004 06:00:00.000,1.22752,1.22767,1.22526,1.22536,32004599.6094,1.2275995479357695,0,0,,0,0.0
27.09.2004 07:00:00.000,1.22571,1.22622,1.22449,1.22551,31937000.0,1.227438813479172,0,2,1.2234900000000002,0,0.0
27.09.2004 08:00:00.000,1.2253,1.22663,1.2252,1.22613,32039900.3906,1.2273381355192359,0,0,,0,0.0
27.09.2004 09:00:00.000,1.22593,1.22783,1.22584,1.22643,31337900.3906,1.2272682789408331,0,0,,0,0.0
27.09.2004 10:00:00.000,1.22638,1.22686,1.22502,1.2253,28862900.3906,1.2271168728684616,0,0,,0,0.0
27.09.2004 11:00:00.000,1.2255,1.22632,1.2247,1.22564,33045101.5625,1.2270032672631954,0,0,,0,0.0
27.09.2004 12:00:00.000,1.22552,1.22758,1.22506,1.22721,32121599.6094,1.227019169781411,0,0,,0,0.0
27.09.2004 13:00:00.000,1.22732,1.2286,1.22675,1.22833,34119898.4375,1.2271200028751488,0,0,,0,0.0
27.09.2004 14:00:00.000,1.22847,1.23065,1.22727,1.22968,34172101.5625,1.2273169257309067,0,0,,0,0.0
27.09.2004 15:00:00.000,1.22965,1.23074,1.22935,1.23052,32035099.6094,1.2275633160592985,0,0,,0,0.0
27.09.2004 16:00:00.000,1.23047,1.2314,1.22969,1.22994,295493500.0,1.227746137900891,0,1,1.2324,0,0.0
27.09.2004 17:00:00.000,1.22997,1.23082,1.22873,1.22877,133821906.25,1.2278248965238994,0,0,,0,0.0
27.09.2004 18:00:00.000,1.22886,1.23002,1.22858,1.22903,148104796.875,1.2279175967912916,0,0,,0,0.0
27.09.2004 19:00:00.000,1.22911,1.22927,1.22755,1.22885,105757500.0,1.2279893201150385,0,0,,0,0.0
27.09.2004 20:00:00.000,1.22883,1.22959,1.22854,1.22895,59754699.2188,1.2280632185677278,0,0,,0,0.0
27.09.2004 21:00:00.000,1.2289,1.23057,1.22863,1.22969,31136300.7813,1.2281883556009796,0,0,,0,0.0
27.09.2004 22:00:00.000,1.22957,1.23087,1.22915,1.23025,31597300.7813,1.2283469436316736,0,0,,0,0.0
27.09.2004 23:00:00.000,1.23041,1.23088,1.22983,1.22999,31096300.7813,1.2284733325830834,0,0,,0,0.0
28.09.2004 00:00:00.000,1.22986,1.23071,1.22884,1.22911,30440800.7813,1.2285223069997695,0,0,,0,0.0
28.09.2004 01:00:00.000,1.22908,1.22962,1.22875,1.2293,34240101.5625,1.2285821295382489,0,0,,0,0.0
28.09.2004 02:00:00.000,1.22908,1.23002,1.2288,1.22906,32446900.3906,1.2286188888045373,0,0,,0,0.0
28.09.2004 03:00:00.000,1.22912,1.22961,1.22881,1.2293,29983000.0,1.2286712819734191,0,0,,0,0.0
28.09.2004 04:00:00.000,1.22931,1.22959,1.22786,1.22864,33499300.7813,1.2286688756677715,0,0,,0,0.0
28.09.2004 05:00:00.000,1.22872,1.22895,1.22804,1.22891,30057400.3906,1.2286874236933276,0,0,,0,0.0
28.09.2004 06:00:00.000,1.22886,1.23026,1.22766,1.22952,32380099.6094,1.22875146802461,0,2,1.22666,0,0.0
28.09.2004 07:00:00.000,1.22955,1.23062,1.2291,1.22978,32078400.3906,1.228830585868871,0,0,,0,0.0
28.09.2004 08:00:00.000,1.22966,1.23059,1.22924,1.22943,31818699.2188,1.2288766946481886,0,0,,0,0.0
28.09.2004 09:00:00.000,1.22952,1.23109,1.22928,1.23033,31202800.7813,1.2289884873675587,0,0,,0,0.0
28.09.2004 10:00:00.000,1.23023,1.23093,1.22983,1.23024,30447500.0,1.229084757570054,0,0,,0,0.0
28.09.2004 11:00:00.000,1.23048,1.23376,1.22993,1.23221,32314400.3906,1.229325160833896,0,0,,0,0.0
28.09.2004 12:00:00.000,1.23245,1.23447,1.2322,1.23324,32268599.6094,1.2296263023082117,0,0,,0,0.0
28.09.2004 13:00:00.000,1.23335,1.23462,1.23288,1.2332,33836398.4375,1.229901202130657,0,1,1.23562,0,0.0
28.09.2004 14:00:00.000,1.2331,1.23457,1.23051,1.23112,32598300.7813,1.2299949558129142,0,0,,0,0.0
28.09.2004 15:00:00.000,1.23096,1.23187,1.22942,1.23029,30413599.6094,1.2300176515196133,0,0,,0,0.0
28.09.2004 16:00:00.000,1.23032,1.23171,1.22947,1.23137,296186687.5,1.2301216783257969,0,0,,0,0.0
28.09.2004 17:00:00.000,1.23139,1.23349,1.23091,1.23127,131351906.25,1.230210010762274,0,0,,0,0.0
28.09.2004 18:00:00.000,1.23123,1.23236,1.23095,1.23219,150473406.25,1.2303623176267144,0,0,,0,0.0
28.09.2004 19:00:00.000,1.23253,1.23259,1.23083,1.23158,106833601.5625,1.2304559855015826,0,0,,0,0.0
28.09.2004 20:00:00.000,1.23163,1.23274,1.23145,1.2324,64422699.2188,1.230605525078384,2,0,,0,0.0
28.09.2004 21:00:00.000,1.23188,1.23258,1.23137,1.23197,33396300.7813,1.2307104846877392,2,0,,0,0.0
28.09.2004 22:00:00.000,1.23235,1.2326,1.23121,1.2318,30540699.2188,1.2307942935579133,2,0,,0,0.0
28.09.2004 23:00:00.000,1.2318,1.23207,1.23092,1.23128,32205199.2188,1.23083165559192,2,0,,0,0.0
29.09.2004 00:00:00.000,1.23118,1.23198,1.23082,1.23095,29723800.7813,1.2308407590079262,2,0,,0,0.0
29.09.2004 01:00:00.000,1.23095,1.2318,1.23075,1.23148,31757300.7813,1.230889931391932,2,0,,0,0.0
29.09.2004 02:00:00.000,1.23144,1.23287,1.23079,1.23266,32273300.7813,1.2310260905156296,2,0,,0,0.0
29.09.2004 03:00:00.000,1.23261,1.23311,1.23198,1.23281,31347000.0,1.23116331432212,2,0,,0,0.0
29.09.2004 04:00:00.000,1.23283,1.23295,1.23137,1.23203,31110000.0,1.2312299824511876,2,0,,0,0.0
29.09.2004 05:00:00.000,1.23207,1.23279,1.23145,1.23261,30298500.0,1.2313361376472503,2,0,,0,0.0
29.09.2004 06:00:00.000,1.23267,1.23291,1.23105,1.23157,32150000.0,1.2313541270590003,2,0,,0,0.0
29.09.2004 07:00:00.000,1.23161,1.23234,1.23068,1.23155,32748800.7813,1.231369194208308,2,0,,0,0.0
29.09.2004 08:00:00.000,1.23145,1.23258,1.23117,1.23202,31189900.3906,1.2314192561922845,2,0,,0,0.0
29.09.2004 09:00:00.000,1.23221,1.23283,1.23151,1.23151,28285699.2188,1.231426236485186,2,0,,0,0.0
29.09.2004 10:00:00.000,1.23152,1.23188,1.22999,1.23061,30494500.0,1.2313634490632486,0,0,,0,0.0
29.09.2004 11:00:00.000,1.23092,1.23231,1.23074,1.23197,29786699.2188,1.231410106827614,0,0,,0,0.0
29.09.2004 12:00:00.000,1.23185,1.23381,1.23054,1.23294,31178900.3906,1.2315277909177975,0,0,,0,0.0
29.09.2004 13:00:00.000,1.23282,1.23323,1.23165,1.23196,30805500.0,1.2315610377702748,0,0,,0,0.0
29.09.2004 14:00:00.000,1.23174,1.23269,1.23103,1.23138,32437300.7813,1.2315471117879462,0,0,,0,0.0
29.09.2004 15:00:00.000,1.2313,1.23159,1.22874,1.2308,33843898.4375,1.231489641650412,0,2,1.22774,0,0.0
29.09.2004 16:00:00.000,1.23082,1.23259,1.23037,1.23223,291381687.5,1.231546592292688,0,0,,0,0.0
29.09.2004 17:00:00.000,1.23242,1.2326,1.23158,1.23225,134082406.25,1.231600700577866,0,0,,0,0.0
29.09.2004 18:00:00.000,1.23225,1.23321,1.23182,1.23257,148016703.125,1.2316752620718763,0,0,,0,0.0
29.09.2004 19:00:00.000,1.23254,1.23309,1.2322,1.23258,105772296.875,1.2317448572971166,0,0,,0,0.0
29.09.2004 20:00:00.000,1.23249,1.2336,1.23235,1.23274,64038601.5625,1.2318214067358,0,0,,0,0.0
29.09.2004 21:00:00.000,1.23285,1.23339,1.23228,1.23281,30797500.0,1.2318974523715078,0,0,,0,0.0
29.09.2004 22:00:00.000,1.23279,1.23383,1.23264,1.23334,31823300.7813,1.2320084175736996,0,1,1.2348299999999999,0,0.0
29.09.2004 23:00:00.000,1.23328,1.23373,1.23254,1.23271,32682599.6094,1.232062385452646,0,0,,0,0.0
30.09.2004 00:00:00.000,1.23277,1.2337,1.23236,1.23335,33387800.7813,1.2321614327255195,0,0,,0,0.0
30.09.2004 01:00:00.000,1.23337,1.2335,1.2318,1.23214,32821101.5625,1.232159784054326,0,0,,0,0.0
30.09.2004 02:00:00.000,1.23201,1.23298,1.23149,1.23246,33279000.0,1.2321828775886086,0,0,,0,0.0
30.09.2004 03:00:00.000,1.23262,1.2327,1.23161,1.23201,30975800.7813,1.2321695793125618,0,0,,0,0.0
30.09.2004 04:00:00.000,1.23217,1.23306,1.23169,1.23229,31680300.7813,1.2321788424423648,0,0,,0,0.0
30.09.2004 05:00:00.000,1.23206,1.23374,1.23185,1.23346,33634398.4375,1.2322773930237214,0,0,,0,0.0
30.09.2004 06:00:00.000,1.23347,1.23356,1.2322,1.23295,33761800.7813,1.2323291320218968,0,0,,0,0.0
30.09.2004 07:00:00.000,1.23287,1.23341,1.23162,1.23201,32526300.7813,1.2323045834048278,0,0,,0,0.0
30.09.2004 08:00:00.000,1.23212,1.23257,1.23126,1.23149,30590400.3906,1.232241923142918,0,2,1.2302600000000001,0,0.0
30.09.2004 09:00:00.000,1.23188,1.2339,1.23153,1.23379,31332699.2188,1.2323610059780783,0,0,,0,0.0
30.09.2004 10:00:00.000,1.23366,1.23374,1.23238,1.23312,30693900.3906,1.2324193901336107,0,0,,0,0.0
30.09.2004 11:00:00.000,1.2331,1.24204,1.233,1.24115,31299199.2188,1.2330909755079484,0,0,,0,0.0
30.09.2004 12:00:00.000,1.24091,1.24224,1.23986,1.24032,34779800.7813,1.2336470543150293,0,0,,0,0.0
30.09.2004 13:00:00.000,1.24004,1.24088,1.23893,1.24025,32129300.7813,1.2341549732138732,0,0,,0,0.0
30.09.2004 14:00:00.000,1.23994,1.24293,1.23915,1.24173,31014900.3906,1.234737667582037,0,0,,0,0.0
30.09.2004 15:00:00.000,1.24168,1.24315,1.24107,1.24159,30790800.7813,1.2352647700757264,0,0,,0,0.0
30.09.2004 16:00:00.000,1.24142,1.24358,1.24142,1.2426,298059687.5,1.2358290185314398,0,0,,0,0.0
30.09.2004 17:00:00.000,1.24235,1.24329,1.24209,1.24262,133485593.75,1.236351401721329,0,0,,0,0.0
30.09.2004 18:00:00.000,1.24272,1.24381,1.24208,1.24381,148347796.875,1.2369251400504577,0,0,,0,0.0
30.09.2004 19:00:00.000,1.24373,1.24414,1.24271,1.24353,106349601.5625,1.2374332062004225,0,0,,0,0.0
30.09.2004 20:00:00.000,1.24356,1.24427,1.24287,1.2432,63548101.5625,1.237876805723467,0,1,1.2452699999999999,0,0.0
30.09.2004 21:00:00.000,1.2433,1.24374,1.24232,1.24259,30620500.0,1.2382393591293541,0,0,,0,0.0
30.09.2004 22:00:00.000,1.2425,1.24326,1.24208,1.24301,31661500.0,1.2386063315040192,0,0,,0,0.0
30.09.2004 23:00:00.000,1.24278,1.24369,1.24216,1.24261,30649800.7813,1.2389143060037102,0,0,,0,0.0
01.10.2004 00:00:00.000,1.24233,1.24328,1.24194,1.24231,32419500.0,1.2391755132341942,0,0,,0,0.0
01.10.2004 01:00:00.000,1.24233,1.24282,1.24182,1.24229,32255699.2188,1.2394150891392561,2,0,,0,0.0
01.10.2004 02:00:00.000,1.24227,1.24257,1.2414,1.24191,32750000.0,1.2396070053593136,2,0,,0,0.0
01.10.2004 03:00:00.000,1.24195,1.24235,1.24146,1.24231,32762900.3906,1.2398149280239819,2,0,,0,0.0
01.10.2004 04:00:00.000,1.24242,1.2427,1.24169,1.24205,31890300.7813,1.2399868566375218,2,0,,0,0.0
01.10.2004 05:00:00.000,1.2421,1.24288,1.24178,1.24226,29526699.2188,1.2401617138192509,2,0,,0,0.0
01.10.2004 06:00:00.000,1.24204,1.24324,1.24117,1.24132,31752800.7813,1.2402508127562315,2,0,,0,0.0
01.10.2004 07:00:00.000,1.24122,1.24211,1.24005,1.24046,33053398.4375,1.2402669040826753,2,0,,0,0.0
01.10.2004 08:00:00.000,1.24034,1.24231,1.23978,1.242,30497300.7813,1.2404002191532388,0,0,,0,0.0
01.10.2004 09:00:00.000,1.24206,1.2422,1.23961,1.23981,32063699.2188,1.2403548176799128,0,0,,0,0.0
01.10.2004 10:00:00.000,1.23981,1.24026,1.23874,1.23889,29906900.3906,1.2402421393968428,0,0,,0,0.0
01.10.2004 11:00:00.000,1.23899,1.241,1.23822,1.24033,30293300.7813,1.240248897904778,0,0,,0,0.0
01.10.2004 12:00:00.000,1.24015,1.24165,1.23959,1.23991,32855800.7813,1.24022282883518,0,0,,0,0.0
01.10.2004 13:00:00.000,1.23996,1.24119,1.23977,1.24002,32522099.6094,1.2402072266170892,0,0,,0,0.0
01.10.2004 14:00:00.000,1.24008,1.24093,1.23887,1.2394,31286199.2188,1.2401451322619286,0,0,,0,0.0
01.10.2004 15:00:00.000,1.2393,1.24011,1.23881,1.23971,32002000.0,1.2401116605494726,0,0,,0,0.0
01.10.2004 16:00:00.000,1.23975,1.24053,1.239,1.23956,292068093.75,1.24006922512259,0,0,,0,0.0
01.10.2004 17:00:00.000,1.23934,1.24005,1.23908,1.23974,133091093.75,1.2400439001131602,0,0,,0,0.0
01.10.2004 18:00:00.000,1.23965,1.2408,1.23928,1.2408,143269203.125,1.2401020616429173,0,0,,0,0.0
01.10.2004 19:00:00.000,1.24072,1.24147,1.2401,1.24042,107898398.4375,1.240126518439616,0,0,,0,0.0
01.10.2004 20:00:00.000,1.24072,1.24135,1.23958,1.24135,64638199.2188,1.2402206324057994,0,0,,0,0.0
03.10.2004 21:00:00.000,1.23879,1.23992,1.23789,1.23938,33363199.2188,1.240155968374584,0,0,,0,0.0
03.10.2004 22:00:00.000,1.23926,1.23978,1.23882,1.23934,30423300.7813,1.2400932015765391,0,0,,0,0.0
03.10.2004 23:00:00.000,1.2392,1.23964,1.23858,1.23871,31315699.2188,1.239986801455267,0,0,,0,0.0
04.10.2004 00:00:00.000,1.2387,1.23907,1.23647,1.23711,32810898.4375,1.2397655090356312,0,0,,0,0.0
04.10.2004 01:00:00.000,1.23719,1.2373,1.23607,1.23614,32336300.7813,1.239486623725198,0,0,,0,0.0
04.10.2004 02:00:00.000,1.23569,1.23674,1.2353,1.23625,33520800.7813,1.2392376526694138,0,0,,0,0.0
04.10.2004 03:00:00.000,1.2362,1.23646,1.23532,1.23564,31860699.2188,1.238960910156382,0,0,,0,0.0
04.10.2004 04:00:00.000,1.23565,1.23625,1.23511,1.23558,31363099.6094,1.2387008401443529,0,0,,0,0.0
04.10.2004 05:00:00.000,1.23538,1.23633,1.23497,1.2361,30709300.7813,1.2385007755178643,0,0,,0,0.0
04.10.2004 06:00:00.000,1.23621,1.23682,1.2351,1.23558,32913500.0,1.2382761004780287,0,0,,0,0.0
04.10.2004 07:00:00.000,1.23583,1.2376,1.23548,1.23712,31439199.2188,1.2381871696720266,0,0,,0,0.0
04.10.2004 08:00:00.000,1.23708,1.23779,1.23618,1.2364,31231000.0,1.2380496950818707,0,0,,0,0.0
04.10.2004 09:00:00.000,1.23644,1.23763,1.23579,1.23612,30105099.6094,1.2379012569986498,0,0,,0,0.0
04.10.2004 10:00:00.000,1.23617,1.23619,1.23136,1.23139,32140800.7813,1.2374003910756768,0,0,,0,0.0
04.10.2004 11:00:00.000,1.23164,1.23199,1.22884,1.2301,32328000.0,1.236838822531394,0,0,,0,0.0
04.10.2004 12:00:00.000,1.2301,1.23054,1.22802,1.2286,31353000.0,1.2362050669520561,1,0,,0,0.0
04.10.2004 13:00:00.000,1.22863,1.22939,1.22773,1.22827,33220000.0,1.2355946771865134,1,0,,0,0.0
04.10.2004 14:00:00.000,1.2283,1.22873,1.22561,1.22594,31275699.2188,1.234852009710628,1,2,1.2246100000000002,0,0.0
04.10.2004 15:00:00.000,1.226,1.22769,1.22586,1.22722,31510199.2188,1.2342649320405796,1,0,,0,0.0
04.10.2004 16:00:00.000,1.22711,1.22817,1.22617,1.22748,293911500.0,1.2337430141913044,1,0,,0,0.0
04.10.2004 17:00:00.000,1.22744,1.22765,1.22651,1.22727,136262406.25,1.2332450900227427,1,0,,0,0.0
04.10.2004 18:00:00.000,1.22739,1.22902,1.22656,1.22885,147683093.75,1.2329070061748395,1,0,,0,0.0
04.10.2004 19:00:00.000,1.22887,1.22901,1.2277,1.22832,104090296.875,1.232554159546006,1,0,,0,0.0
04.10.2004 20:00:00.000,1.22818,1.2287,1.22765,1.22841,64137300.7813,1.232235378042467,1,0,,0,0.0
04.10.2004 21:00:00.000,1.22847,1.22909,1.22801,1.22834,30950900.3906,1.231935733577662,1,0,,0,0.0
04.10.2004 22:00:00.000,1.2283,1.22871,1.22774,1.22864,31143000.0,1.2316822156101495,1,0,,0,0.0
04.10.2004 23:00:00.000,1.22835,1.22885,1.22765,1.22801,32455800.7813,1.231399737486292,1,0,,0,0.0
05.10.2004 00:00:00.000,1.22827,1.22834,1.22607,1.22733,33169199.2188,1.2310866807565775,1,0,,0,0.0
05.10.2004 01:00:00.000,1.22734,1.22774,1.22678,1.22746,32598300.7813,1.2308077053137638,1,0,,0,0.0
05.10.2004 02:00:00.000,1.22745,1.22757,1.22645,1.22679,33344500.0,1.230498651058859,1,0,,0,0.0
05.10.2004 03:00:00.000,1.22681,1.22726,1.22625,1.22667,31383300.7813,1.2302041394389467,1,0,,0,0.0
05.10.2004 04:00:00.000,1.22668,1.22742,1.22634,1.2267,32307500.0,1.2299345902513354,1,0,,0,0.0
05.10.2004 05:00:00.000,1.22653,1.22787,1.2264,1.2277,29302000.0,1.2297626986935404,1,0,,0,0.0
05.10.2004 06:00:00.000,1.22746,1.22849,1.22708,1.22787,32124199.2188,1.229617106486345,1,0,,0,0.0
05.10.2004 07:00:00.000,1.22811,1.22939,1.22706,1.22749,30872400.3906,1.2294534829104724,1,0,,0,0.0
05.10.2004 08:00:00.000,1.22722,1.22839,1.22627,1.22822,31749599.6094,1.229358599609667,1,0,,0,0.0
05.10.2004 09:00:00.000,1.22812,1.22912,1.22781,1.22852,32591000.0,1.229294091947385,1,0,,0,0.0
05.10.2004 10:00:00.000,1.22844,1.22913,1.22728,1.22748,30661900.3906,1.229154546412971,1,0,,0,0.0
05.10.2004 11:00:00.000,1.22723,1.22983,1.22723,1.22983,31820900.3906,1.229206504381204,0,0,,0,0.0
05.10.2004 12:00:00.000,1.22972,1.23141,1.22964,1.23095,30425199.2188,1.2293406194288037,0,0,,0,0.0
05.10.2004 13:00:00.000,1.23095,1.23147,1.23006,1.23006,31683400.3906,1.2293959563958188,0,0,,0,0.0
05.10.2004 14:00:00.000,1.2299,1.23192,1.22925,1.23042,32255900.3906,1.229474728980756,0,0,,0,0.0
05.10.2004 15:00:00.000,1.23032,1.2316,1.22978,1.23128,32848500.0,1.2296135959822363,0,0,,0,0.0
05.10.2004 16:00:00.000,1.23139,1.2323,1.23091,1.23162,294050687.5,1.2297679347528336,0,0,,0,0.0
05.10.2004 17:00:00.000,1.23176,1.23222,1.23083,1.23201,134152500.0,1.2299404013103081,0,0,,0,0.0
05.10.2004 18:00:00.000,1.23204,1.23281,1.23144,1.23217,147214593.75,1.230111908901823,0,1,1.2338099999999999,0,0.0
05.10.2004 19:00:00.000,1.23252,1.23266,1.23119,1.23168,104984101.5625,1.2302325312939906,0,0,,0,0.0
05.10.2004 20:00:00.000,1.23173,1.23207,1.2306,1.23078,65898898.4375,1.2302746442713761,0,0,,0,0.0
05.10.2004 21:00:00.000,1.23051,1.23143,1.23039,1.23068,29988400.3906,1.2303058254812704,0,0,,0,0.0
05.10.2004 22:00:00.000,1.23085,1.23162,1.2305,1.23111,29844800.7813,1.2303676850596343,0,0,,0,0.0
05.10.2004 23:00:00.000,1.23108,1.23179,1.23083,1.2315,32999898.4375,1.2304547862088933,0,0,,0,0.0
06.10.2004 00:00:00.000,1.23145,1.23179,1.23062,1.23146,29702500.0,1.2305321103466706,0,0,,0,0.0
06.10.2004 01:00:00.000,1.23167,1.232,1.231,1.23125,33911500.0,1.2305873326276962,0,0,,0,0.0
06.10.2004 02:00:00.000,1.2314,1.23219,1.23102,1.23192,31733000.0,1.2306898455024888,0,0,,0,0.0
06.10.2004 03:00:00.000,1.23178,1.23202,1.23108,1.23144,32775398.4375,1.2307475496946052,2,0,,0,0.0
06.10.2004 04:00:00.000,1.23163,1.23163,1.23025,1.23075,31462699.2188,1.2307477381796357,2,0,,0,0.0
06.10.2004 05:00:00.000,1.23082,1.23212,1.23037,1.23203,30175800.7813,1.2308463737042792,0,0,,0,0.0
06.10.2004 06:00:00.000,1.23198,1.23211,1.22967,1.23007,31119699.2188,1.230786652650104,0,0,,0,0.0
06.10.2004 07:00:00.000,1.23011,1.23023,1.22767,1.22825,30798800.7813,1.230591525523173,0,0,,0,0.0
06.10.2004 08:00:00.000,1.2282,1.22953,1.2272,1.22765,30503699.2188,1.2303652543290828,0,0,,0,0.0
06.10.2004 09:00:00.000,1.22764,1.22779,1.22643,1.22697,32005400.3906,1.2301040809191535,0,0,,0,0.0
06.10.2004 10:00:00.000,1.22702,1.22868,1.22676,1.22824,30779900.3906,1.2299606900792188,0,0,,0,0.0
06.10.2004 11:00:00.000,1.22821,1.22857,1.22753,1.22816,32639000.0,1.2298221754577405,0,0,,0,0.0
06.10.2004 12:00:00.000,1.22838,1.22878,1.22572,1.2263,30991300.7813,1.2295512388840684,0,0,,0,0.0
06.10.2004 13:00:00.000,1.22638,1.22861,1.22455,1.22778,31354099.6094,1.2294149897391402,0,2,1.2235500000000001,0,0.0
06.10.2004 14:00:00.000,1.22777,1.23063,1.22731,1.23025,32205099.6094,1.229479221297668,0,0,,0,0.0
06.10.2004 15:00:00.000,1.23028,1.2307,1.22846,1.22978,30785900.3906,1.2295023581209243,0,0,,0,0.0
06.10.2004 16:00:00.000,1.22974,1.23029,1.22805,1.22846,294010687.5,1.229422176727007,0,0,,0,0.0
06.10.2004 17:00:00.000,1.22855,1.22996,1.22804,1.22877,134930500.0,1.2293720092864682,0,0,,0,0.0
06.10.2004 18:00:00.000,1.22881,1.22921,1.22612,1.22736,147444500.0,1.2292172393413554,0,0,,0,0.0
06.10.2004 19:00:00.000,1.22755,1.22792,1.22673,1.22761,105168296.875,1.2290936055458666,0,0,,0,0.0
06.10.2004 20:00:00.000,1.22765,1.22906,1.22714,1.22835,65844398.4375,1.2290364051192615,0,0,,0,0.0
06.10.2004 21:00:00.000,1.22785,1.22892,1.22777,1.22801,28960500.0,1.2289574508793184,0,0,,0,0.0
06.10.2004 22:00:00.000,1.22779,1.2282,1.227,1.22765,31181199.2188,1.2288568777347555,0,0,,0,0.0
06.10.2004 23:00:00.000,1.22759,1.22866,1.2274,1.22841,30645900.3906,1.2288225025243897,0,0,,0,0.0
07.10.2004 00:00:00.000,1.22847,1.22877,1.22698,1.22787,30468300.7813,1.2287492330994367,0,0,,0,0.0
07.10.2004 01:00:00.000,1.22786,1.2285,1.22744,1.22809,33211101.5625,1.2286985228610185,0,0,,0,0.0
07.10.2004 02:00:00.000,1.22769,1.22887,1.2275,1.22848,33623398.4375,1.228681713410171,0,0,,0,0.0
07.10.2004 03:00:00.000,1.22841,1.22906,1.22834,1.2286,31101000.0,1.228675427763235,0,0,,0,0.0
07.10.2004 04:00:00.000,1.22887,1.22898,1.22829,1.22876,31008800.7813,1.2286819333199093,0,0,,0,0.0
07.10.2004 05:00:00.000,1.22871,1.23004,1.22843,1.22971,31258800.7813,1.228761015372224,0,0,,0,0.0
07.10.2004 06:00:00.000,1.22994,1.23047,1.2287,1.23017,29810199.2188,1.22886939880513,0,0,,0,0.0
07.10.2004 07:00:00.000,1.23033,1.23125,1.2289,1.229,32881699.2188,1.2288794450508893,0,1,1.2322499999999998,0,0.0
07.10.2004 08:00:00.000,1.22903,1.22942,1.22724,1.22819,30595599.6094,1.2288264108162055,0,0,,0,0.0
07.10.2004 09:00:00.000,1.22798,1.22854,1.22727,1.22801,31239199.2188,1.2287636099841897,0,0,,0,0.0
07.10.2004 10:00:00.000,1.22794,1.22974,1.22784,1.22921,30386699.2188,1.2287979476777136,0,0,,0,0.0
07.10.2004 11:00:00.000,1.22912,1.22935,1.22831,1.2293,30781900.3906,1.2288365670871202,0,0,,0,0.0
07.10.2004 12:00:00.000,1.22917,1.23076,1.22857,1.22891,33932300.7813,1.2288422157727263,0,0,,0,0.0
07.10.2004 13:00:00.000,1.22873,1.23023,1.22844,1.22955,32156800.7813,1.2288966607132858,0,0,,0,0.0
07.10.2004 14:00:00.000,1.22955,1.23014,1.22787,1.22843,33051601.5625,1.2288607637353408,0,0,,0,0.0
07.10.2004 15:00:00.000,1.22829,1.22952,1.22792,1.2284,31966800.7813,1.228825320371084,0,0,,0,0.0
07.10.2004 16:00:00.000,1.22823,1.22951,1.22804,1.22907,291530312.5,1.2288441418810006,0,0,,0,0.0
07.10.2004 17:00:00.000,1.22888,1.23,1.2281,1.22928,135194093.75,1.2288776694286159,0,0,,0,0.0
07.10.2004 18:00:00.000,1.22936,1.22983,1.22872,1.22923,149986593.75,1.228904771780261,0,0,,0,0.0
07.10.2004 19:00:00.000,1.22921,1.22921,1.2281,1.2286,109375500.0,1.2288813277971642,0,0,,0,0.0
07.10.2004 20:00:00.000,1.2288,1.22909,1.22791,1.22834,65338398.4375,1.2288396871973823,0,0,,0,0.0
07.10.2004 21:00:00.000,1.22797,1.22884,1.22771,1.22826,31432099.6094,1.2287950958745069,0,2,1.2267100000000002,0,0.0
07.10.2004 22:00:00.000,1.22823,1.22989,1.22798,1.22936,32931500.0,1.2288385500380063,0,0,,0,0.0
07.10.2004 23:00:00.000,1.22928,1.23025,1.22899,1.2295,30794500.0,1.2288894308043137,0,0,,0,0.0
08.10.2004 00:00:00.000,1.22954,1.22954,1.22812,1.22851,30606900.3906,1.2288602438193665,0,0,,0,0.0
08.10.2004 01:00:00.000,1.2288,1.22937,1.22836,1.22886,32963199.2188,1.2288602250640308,0,0,,0,0.0
08.10.2004 02:00:00.000,1.22851,1.2296,1.22841,1.22933,33087000.0,1.2288963615975668,0,0,,0,0.0
08.10.2004 03:00:00.000,1.22938,1.23102,1.22906,1.23091,30101400.3906,1.2290512568592924,0,0,,0,0.0
08.10.2004 04:00:00.000,1.23078,1.23175,1.22987,1.23114,33051800.7813,1.2292119294085777,0,0,,0,0.0
08.10.2004 05:00:00.000,1.23105,1.23239,1.23049,1.23183,32154300.7813,1.2294133194540717,0,0,,0,0.0
08.10.2004 06:00:00.000,1.23211,1.234,1.23141,1.23293,32076800.7813,1.2296838333422202,0,0,,0,0.0
08.10.2004 07:00:00.000,1.23331,1.23423,1.23296,1.23385,33296300.7813,1.230004307700511,0,0,,0,0.0
08.10.2004 08:00:00.000,1.23338,1.23455,1.23304,1.23339,29640099.6094,1.2302647455697024,0,0,,0,0.0
08.10.2004 09:00:00.000,1.23345,1.23359,1.23166,1.23201,29883199.2188,1.2303989959104946,0,0,,0,0.0
08.10.2004 10:00:00.000,1.23199,1.23226,1.23118,1.23132,29662599.6094,1.2304698423789182,0,0,,0,0.0
08.10.2004 11:00:00.000,1.23126,1.23196,1.23049,1.23146,32321599.6094,1.2305460083497708,0,0,,0,0.0
08.10.2004 12:00:00.000,1.23148,1.23945,1.22857,1.2394,33092398.4375,1.2312270846305577,0,0,,0,0.0
08.10.2004 13:00:00.000,1.23936,1.24101,1.23798,1.23984,31573000.0,1.2318896165820534,0,0,,0,0.0
08.10.2004 14:00:00.000,1.23998,1.24179,1.23913,1.24123,31598400.3906,1.2326081076142033,0,0,,0,0.0
08.10.2004 15:00:00.000,1.24116,1.24225,1.24064,1.24177,30411800.7813,1.2333128685669568,0,0,,0,0.0
08.10.2004 16:00:00.000,1.24167,1.24317,1.24117,1.24144,289684906.25,1.2339380325233447,0,1,1.24417,0,0.0
08.10.2004 17:00:00.000,1.24114,1.24234,1.24109,1.24165,136501500.0,1.2345312607907797,0,0,,0,0.0
08.10.2004 18:00:00.000,1.2418,1.24219,1.24081,1.24139,144160500.0,1.235058856114566,2,0,,0,0.0
08.10.2004 19:00:00.000,1.24116,1.2415,1.24041,1.24075,107616398.4375,1.2354966364134454,2,0,,0,0.0
08.10.2004 20:00:00.000,1.24036,1.24111,1.23991,1.24062,64697000.0,1.2358907413047189,2,0,,0,0.0
10.10.2004 21:00:00.000,1.24112,1.24209,1.24093,1.24158,28641400.3906,1.2363283765889714,2,0,,0,0.0
10.10.2004 22:00:00.000,1.24154,1.24192,1.24022,1.2405,30817000.0,1.236649270697512,2,0,,0,0.0
10.10.2004 23:00:00.000,1.24065,1.24111,1.24021,1.24077,30306300.7813,1.2369662498746266,2,0,,0,0.0
11.10.2004 00:00:00.000,1.24085,1.24157,1.23975,1.24009,32335000.0,1.2372065383458093,2,0,,0,0.0
11.10.2004 01:00:00.000,1.24035,1.2408,1.23964,1.23991,33777300.7813,1.2374144969345933,2,0,,0,0.0
11.10.2004 02:00:00.000,1.23977,1.24069,1.2394,1.23962,32110000.0,1.2375841510165477,2,0,,0,0.0
11.10.2004 03:00:00.000,1.23948,1.23976,1.23905,1.2394,30802599.6094,1.2377238317075827,2,0,,0,0.0
11.10.2004 04:00:00.000,1.23933,1.24034,1.23911,1.24034,31887699.2188,1.2379250754223843,2,0,,0,0.0
11.10.2004 05:00:00.000,1.24027,1.24058,1.2391,1.24042,29930699.2188,1.2381169926975855,2,0,,0,0.0
11.10.2004 06:00:00.000,1.24025,1.24128,1.23955,1.24108,31333400.3906,1.2383449163362328,2,0,,0,0.0
11.10.2004 07:00:00.000,1.24112,1.24136,1.2398,1.24039,34219699.2188,1.238502230464215,2,0,,0,0.0
11.10.2004 08:00:00.000,1.24045,1.24076,1.23953,1.23997,30796900.3906,1.2386151358131217,2,0,,0,0.0
11.10.2004 09:00:00.000,1.24019,1.2407,1.2398,1.23999,31971800.7813,1.2387208945967276,2,0,,0,0.0
11.10.2004 10:00:00.000,1.2399,1.24015,1.23923,1.23925,32088099.6094,1.238761595012364,2,0,,0,0.0
11.10.2004 11:00:00.000,1.2394,1.23986,1.23887,1.23919,31852099.6094,1.2387945492421824,2,0,,0,0.0
11.10.2004 12:00:00.000,1.23918,1.23935,1.23807,1.23871,32659900.3906,1.2387880454543223,0,0,,0,0.0
11.10.2004 13:00:00.000,1.23867,1.23976,1.2385,1.23867,30736000.0,1.2387789650347591,0,0,,0,0.0
11.10.2004 14:00:00.000,1.2385,1.23913,1.23762,1.23781,32306300.7813,1.2387044292628546,0,0,,0,0.0
11.10.2004 15:00:00.000,1.23783,1.23851,1.23738,1.2384,31701699.2188,1.2386810116272506,0,0,,0,0.0
11.10.2004 16:00:00.000,1.23818,1.23865,1.23731,1.23766,294205312.5,1.2386024722713083,0,0,,0,0.0
11.10.2004 17:00:00.000,1.23759,1.23805,1.23689,1.23724,137051500.0,1.238497666711977,0,0,,0,0.0
11.10.2004 18:00:00.000,1.23743,1.23809,1.23671,1.23735,146711796.875,1.2384093846572095,0,0,,0,0.0
11.10.2004 19:00:00.000,1.23738,1.23812,1.23701,1.23786,105431703.125,1.2383671242989627,0,0,,0,0.0
11.10.2004 20:00:00.000,1.2381,1.23854,1.23722,1.23835,65736398.4375,1.2383658070451964,0,0,,0,0.0
11.10.2004 21:00:00.000,1.23803,1.23856,1.2374,1.23806,30388699.2188,1.2383422834263351,0,0,,0,0.0
11.10.2004 22:00:00.000,1.23827,1.23897,1.23745,1.23784,32261599.6094,1.238303646239694,0,0,,0,0.0
11.10.2004 23:00:00.000,1.23769,1.23842,1.23697,1.23736,30894000.0,1.2382310580674099,0,0,,0,0.0
12.10.2004 00:00:00.000,1.23704,1.23726,1.23574,1.23596,30373800.7813,1.2380563612929938,0,0,,0,0.0
12.10.2004 01:00:00.000,1.236,1.2364,1.23537,1.23618,33254500.0,1.2379120258089173,0,0,,0,0.0
12.10.2004 02:00:00.000,1.23614,1.23675,1.23577,1.23608,31522500.0,1.2377711007466932,0,0,,0,0.0
12.10.2004 03:00:00.000,1.23594,1.23679,1.23592,1.23618,30482199.2188,1.237648708381563,0,0,,0,0.0
12.10.2004 04:00:00.000,1.23648,1.23656,1.23552,1.23579,30978599.6094,1.2375057308137505,1,0,,0,0.0
12.10.2004 05:00:00.000,1.23593,1.23647,1.23486,1.23533,30270000.0,1.2373383669050004,1,0,,0,0.0
12.10.2004 06:00:00.000,1.23526,1.23553,1.23245,1.23303,32093500.0,1.2370069540661544,1,0,,0,0.0
12.10.2004 07:00:00.000,1.23314,1.23321,1.23074,1.23175,31338000.0,1.2366025729841423,1,0,,0,0.0
12.10.2004 08:00:00.000,1.23179,1.23227,1.23107,1.23163,31038500.0,1.2362200673699775,1,0,,0,0.0
12.10.2004 09:00:00.000,1.23141,1.23184,1.22991,1.22998,31805699.2188,1.2357400621876715,1,0,,0,0.0
12.10.2004 10:00:00.000,1.23,1.23026,1.2286,1.22943,31315599.6094,1.23525467278862,1,2,1.2276,0,0.0
12.10.2004 11:00:00.000,1.2292,1.23157,1.22908,1.23129,32191000.0,1.2349496979587262,1,0,,0,0.0
12.10.2004 12:00:00.000,1.2313,1.23176,1.23008,1.23035,32830101.5625,1.2345958750388244,1,0,,0,0.0
12.10.2004 13:00:00.000,1.23037,1.23067,1.22885,1.23065,32038400.3906,1.2342923461896842,1,0,,0,0.0
12.10.2004 14:00:00.000,1.23074,1.23158,1.23008,1.23054,31928199.2188,1.2340037041750933,1,0,,0,0.0
12.10.2004 15:00:00.000,1.23058,1.23216,1.22986,1.23182,30632099.6094,1.2338357269308553,1,0,,0,0.0
12.10.2004 16:00:00.000,1.23175,1.23201,1.23056,1.23138,296754000.0,1.2336468248592511,1,0,,0,0.0
12.10.2004 17:00:00.000,1.23106,1.23229,1.23092,1.23175,133002796.875,1.2335009152546936,1,0,,0,0.0
12.10.2004 18:00:00.000,1.23176,1.23256,1.23122,1.23186,147091406.25,1.2333746910043326,1,0,,0,0.0
12.10.2004 19:00:00.000,1.23189,1.23286,1.23165,1.23264,106760500.0,1.2333181763116916,1,0,,0,0.0
12.10.2004 20:00:00.000,1.23264,1.23283,1.23195,1.23224,63554101.5625,1.2332352396723307,1,0,,0,0.0
12.10.2004 21:00:00.000,1.23203,1.23307,1.23201,1.23221,30449099.6094,1.2331563750821515,1,0,,0,0.0
12.10.2004 22:00:00.000,1.23239,1.23239,1.23134,1.23171,32127699.2188,1.2330451154604476,1,0,,0,0.0
12.10.2004 23:00:00.000,1.23165,1.23212,1.23118,1.23155,29300599.6094,1.2329301065788747,1,0,,0,0.0
13.10.2004 00:00:00.000,1.23144,1.23172,1.23081,1.23107,29663099.6094,1.2327870214574228,1,0,,0,0.0
13.10.2004 01:00:00.000,1.23098,1.23145,1.23055,1.23133,32107599.6094,1.2326749428837749,1,0,,0,0.0
13.10.2004 02:00:00.000,1.23098,1.23178,1.23087,1.23151,32566599.6094,1.2325853318927154,1,0,,0,0.0
13.10.2004 03:00:00.000,1.23156,1.23167,1.23053,1.23092,30762000.0,1.2324572294394296,1,0,,0,0.0
13.10.2004 04:00:00.000,1.23084,1.23143,1.23061,1.23116,29482500.0,1.2323574425594734,1,0,,0,0.0
13.10.2004 05:00:00.000,1.23102,1.23129,1.23042,1.23064,30586500.0,1.2322253315933602,1,0,,0,0.0
13.10.2004 06:00:00.000,1.23062,1.23275,1.2305,1.23249,32943500.0,1.2322456907015633,0,0,,0,0.0
13.10.2004 07:00:00.000,1.23261,1.23364,1.23196,1.23328,30676500.0,1.2323252529552893,0,0,,0,0.0
13.10.2004 08:00:00.000,1.23299,1.23325,1.2313,1.23165,32094599.6094,1.2322733104202672,0,0,,0,0.0
13.10.2004 09:00:00.000,1.23178,1.23229,1.23117,1.23151,31771400.3906,1.232214594234093,0,0,,0,0.0
13.10.2004 10:00:00.000,1.23155,1.23155,1.22848,1.22928,31775500.0,1.231988856216086,0,0,,0,0.0
13.10.2004 11:00:00.000,1.22925,1.22982,1.22592,1.22667,29722400.3906,1.231579713430233,0,0,,0,0.0
13.10.2004 12:00:00.000,1.22667,1.22733,1.22257,1.22368,31144000.0,1.230972043166369,0,2,1.22157,0,0.0
13.10.2004 13:00:00.000,1.22379,1.22512,1.22301,1.22489,33208699.2188,1.2305041936920331,0,0,,0,0.0
13.10.2004 14:00:00.000,1.22512,1.22684,1.22451,1.22657,34017500.0,1.2302015634080308,0,0,,0,0.0
13.10.2004 15:00:00.000,1.22649,1.22743,1.22604,1.22696,30638699.2188,1.229952212376644,0,0,,0,0.0
13.10.2004 16:00:00.000,1.22703,1.22728,1.2258,1.22685,296022500.0,1.2297135806553636,0,0,,0,0.0
13.10.2004 17:00:00.000,1.22674,1.23549,1.22639,1.23363,135234000.0,1.230014843681874,0,1,1.2364899999999999,0,0.0
13.10.2004 18:00:00.000,1.23387,1.23469,1.23306,1.23348,148731906.25,1.2302813941678838,0,0,,0,0.0
13.10.2004 19:00:00.000,1.23344,1.23472,1.23299,1.23433,106346500.0,1.230592825385739,0,0,,0,0.0
13.10.2004 20:00:00.000,1.23427,1.23503,1.23385,1.2346,63096601.5625,1.230901069586836,0,0,,0,0.0
13.10.2004 21:00:00.000,1.23437,1.23484,1.23329,1.23336,31234800.7813,1.2310902180801564,0,0,,0,0.0
13.10.2004 22:00:00.000,1.23342,1.23448,1.23313,1.2342,30861599.6094,1.2313294320739907,0,0,,0,0.0
13.10.2004 23:00:00.000,1.23409,1.23439,1.23323,1.23392,32530800.7813,1.2315287065298377,0,0,,0,0.0
14.10.2004 00:00:00.000,1.2339,1.23445,1.23196,1.23229,30745300.7813,1.2315872675660042,0,0,,0,0.0
14.10.2004 01:00:00.000,1.23234,1.23335,1.23204,1.23312,33674601.5625,1.231705170060927,0,0,,0,0.0
14.10.2004 02:00:00.000,1.23301,1.23435,1.23288,1.23388,32286800.7813,1.2318724646716248,0,0,,0,0.0
14.10.2004 03:00:00.000,1.23391,1.23527,1.23344,1.23499,29884900.3906,1.2321122750815001,0,0,,0,0.0
14.10.2004 04:00:00.000,1.23516,1.23643,1.23497,1.23541,32727000.0,1.2323659462290772,0,0,,0,0.0
14.10.2004 05:00:00.000,1.23542,1.23657,1.23468,1.2348,31032699.2188,1.232553181134533,0,0,,0,0.0
14.10.2004 06:00:00.000,1.23464,1.23631,1.23408,1.23617,31258000.0,1.232831397970338,0,0,,0,0.0
14.10.2004 07:00:00.000,1.23632,1.23702,1.23514,1.23556,32881898.4375,1.2330412904341583,0,0,,0,0.0
14.10.2004 08:00:00.000,1.23565,1.23662,1.23433,1.23572,29549000.0,1.233247345016146,0,0,,0,0.0
14.10.2004 09:00:00.000,1.23602,1.23634,1.23521,1.23604,30066599.6094,1.2334621646302888,2,0,,0,0.0
14.10.2004 10:00:00.000,1.23593,1.23713,1.23571,1.23628,30202199.2188,1.2336789211971897,2,0,,0,0.0
14.10.2004 11:00:00.000,1.23623,1.23715,1.23559,1.23685,33107898.4375,1.2339228503358675,2,0,,0,0.0
14.10.2004 12:00:00.000,1.2368,1.24178,1.23647,1.23838,35005898.4375,1.2342657080023391,2,1,1.24278,0,0.0
14.10.2004 13:00:00.000,1.2383,1.23851,1.23594,1.23672,32684400.3906,1.2344544996944669,2,0,,0,0.0
14.10.2004 14:00:00.000,1.23667,1.23948,1.23642,1.23918,30071500.0,1.2348179997179696,2,0,,0,0.0
14.10.2004 15:00:00.000,1.23927,1.23954,1.23813,1.23933,32163199.2188,1.2351650766627411,2,0,,0,0.0
14.10.2004 16:00:00.000,1.23905,1.24026,1.23757,1.23816,290799593.75,1.2353954553809918,2,0,,0,0.0
14.10.2004 17:00:00.000,1.23835,1.23937,1.23789,1.2384,134543796.875,1.2356265741978387,2,0,,0,0.0
14.10.2004 18:00:00.000,1.23819,1.24016,1.23782,1.23963,147457406.25,1.2359345300287743,2,0,,0,0.0
14.10.2004 19:00:00.000,1.23964,1.2401,1.2386,1.23905,102369703.125,1.2361741815650225,2,0,,0,0.0
14.10.2004 20:00:00.000,1.23903,1.23923,1.23796,1.2382,65815296.875,1.2363300137523283,2,0,,0,0.0
14.10.2004 21:00:00.000,1.2379,1.23866,1.23636,1.23787,31000599.6094,1.2364484742329185,2,0,,0,0.0
14.10.2004 22:00:00.000,1.23809,1.23924,1.23659,1.23879,31973000.0,1.2366285915996171,2,0,,0,0.0
14.10.2004 23:00:00.000,1.23868,1.23895,1.23771,1.2385,29653000.0,1.2367725460919545,2,0,,0,0.0
15.10.2004 00:00:00.000,1.23804,1.23914,1.23788,1.23862,31767900.3906,1.236914657931035,2,0,,0,0.0
15.10.2004 01:00:00.000,1.2387,1.23976,1.2384,1.23923,33079398.4375,1.2370927611671092,2,0,,0,0.0
15.10.2004 02:00:00.000,1.23917,1.23959,1.23885,1.23932,32843601.5625,1.2372640872311778,2,0,,0,0.0
15.10.2004 03:00:00.000,1.23922,1.23958,1.23837,1.23882,32699800.7813,1.2373837728287795,2,0,,0,0.0
15.10.2004 04:00:00.000,1.23891,1.23939,1.23852,1.2393,30726000.0,1.2375311749188735,2,0,,0,0.0
15.10.2004 05:00:00.000,1.2392,1.23985,1.23887,1.23929,30512400.3906,1.2376664691558832,2,0,,0,0.0
15.10.2004 06:00:00.000,1.23935,1.24011,1.23843,1.23847,30464400.3906,1.2377282792208155,2,0,,0,0.0
15.10.2004 07:00:00.000,1.23869,1.23989,1.23801,1.23903,30279699.2188,1.2378284115884453,2,0,,0,0.0
15.10.2004 08:00:00.000,1.2387,1.23935,1.23821,1.23893,29679500.0,1.2379131491585649,2,0,,0,0.0
15.10.2004 09:00:00.000,1.23888,1.23933,1.23823,1.23874,31657400.3906,1.2379767530694448,2,0,,0,0.0
15.10.2004 10:00:00.000,1.23906,1.2402,1.23862,1.23951,30542300.7813,1.2380946951410259,2,0,,0,0.0
15.10.2004 11:00:00.000,1.23955,1.24137,1.23925,1.24094,31571199.2188,1.2383135647455625,2,0,,0,0.0
15.10.2004 12:00:00.000,1.24078,1.2478,1.23797,1.24426,31732599.6094,1.2387709828420577,2,2,1.2369700000000001,0,0.0
15.10.2004 13:00:00.000,1.24443,1.24883,1.24432,1.2479,31916599.6094,1.2394732149311303,2,0,,0,0.0
15.10.2004 14:00:00.000,1.24746,1.24987,1.24681,1.24782,32041099.6094,1.2401152753210436,2,1,1.25087,0,0.0
15.10.2004 15:00:00.000,1.248,1.24916,1.24721,1.24758,31265900.3906,1.2406894849117327,2,0,,0,0.0
15.10.2004 16:00:00.000,1.24791,1.2484,1.24453,1.24605,291884687.5,1.2411018322262148,2,0,,0,0.0
15.10.2004 17:00:00.000,1.24617,1.2472,1.24558,1.24597,135270703.125,1.2414763066703522,2,0,,0,0.0
15.10.2004 18:00:00.000,1.24598,1.24813,1.24584,1.24745,142712500.0,1.2419358215418637,2,0,,0,0.0
15.10.2004 19:00:00.000,1.24772,1.24783,1.24693,1.24717,101330796.875,1.242338450654028,2,0,,0,0.0
15.10.2004 20:00:00.000,1.24723,1.24758,1.24618,1.24655,63575300.7813,1.2426624159883337,2,0,,0,0.0
17.10.2004 21:00:00.000,1.24713,1.24797,1.24678,1.24722,29697300.7813,1.2430129993738466,2,0,,0,0.0
17.10.2004 22:00:00.000,1.24739,1.24834,1.24712,1.24776,31663599.6094,1.2433781532681663,2,0,,0,0.0
17.10.2004 23:00:00.000,1.24752,1.24846,1.24736,1.24819,33894800.7813,1.2437482953244612,2,0,,0,0.0
18.10.2004 00:00:00.000,1.24795,1.24842,1.24725,1.24772,32117099.6094,1.2440538110687336,2,0,,0,0.0
18.10.2004 01:00:00.000,1.24748,1.24781,1.24703,1.2474,33870398.4375,1.2443112102172926,2,0,,0,0.0
18.10.2004 02:00:00.000,1.24737,1.24827,1.24728,1.24766,32184900.3906,1.2445688094313472,2,0,,0,0.0
18.10.2004 03:00:00.000,1.2478,1.24828,1.24742,1.24777,30324900.3906,1.244815054859705,2,0,,0,0.0
18.10.2004 04:00:00.000,1.24798,1.24844,1.24729,1.24844,31866800.7813,1.2450938967935739,2,0,,0,0.0
18.10.2004 05:00:00.000,1.24804,1.24882,1.24769,1.24821,31152000.0,1.2453335970402222,2,0,,0,0.0
18.10.2004 06:00:00.000,1.24804,1.24855,1.24717,1.24835,32736699.2188,1.2455656280371281,2,0,,0,0.0
18.10.2004 07:00:00.000,1.24838,1.24857,1.24641,1.24723,29855800.7813,1.2456936566496568,2,0,,0,0.0
18.10.2004 08:00:00.000,1.24712,1.24782,1.24691,1.24766,29081900.3906,1.2458449138304526,2,0,,0,0.0
18.10.2004 09:00:00.000,1.24765,1.24798,1.24668,1.24746,31435900.3906,1.2459691512281101,2,0,,0,0.0
18.10.2004 10:00:00.000,1.2475,1.2485,1.24679,1.24736,31616599.6094,1.2460761395951787,2,0,,0,0.0
18.10.2004 11:00:00.000,1.2479,1.2479,1.24592,1.24651,31935500.0,1.2461095134724727,2,2,1.24492,0,0.0
18.10.2004 12:00:00.000,1.24653,1.24976,1.24627,1.24963,32070800.7813,1.2463803201284365,2,0,,0,0.0
18.10.2004 13:00:00.000,1.24955,1.25328,1.24954,1.25155,32569900.3906,1.2467779878108645,2,1,1.2542799999999998,0,0.0
18.10.2004 14:00:00.000,1.25149,1.25243,1.25018,1.25172,30613000.0,1.2471581425946443,2,0,,0,0.0
18.10.2004 15:00:00.000,1.25164,1.25225,1.25102,1.25186,31393500.0,1.247519823933518,2,0,,0,0.0
18.10.2004 16:00:00.000,1.25166,1.25219,1.24786,1.24925,295248687.5,1.2476529144001705,2,0,,0,0.0
18.10.2004 17:00:00.000,1.24912,1.24975,1.24825,1.2495,137094796.875,1.2477949979078498,2,0,,0,0.0
18.10.2004 18:00:00.000,1.24943,1.25028,1.24907,1.25005,150215500.0,1.247968459607246,2,0,,0,0.0
18.10.2004 19:00:00.000,1.25011,1.25051,1.24948,1.24987,103328203.125,1.2481147319451502,2,0,,0,0.0
18.10.2004 20:00:00.000,1.24958,1.25024,1.24875,1.24892,64282699.2188,1.2481766756416772,2,0,,0,0.0
18.10.2004 21:00:00.000,1.2487,1.24965,1.24839,1.24878,31763500.0,1.248223085207702,2,0,,0,0.0
18.10.2004 22:00:00.000,1.24888,1.249,1.24802,1.24838,31465699.2188,1.2482351555763405,2,0,,0,0.0
18.10.2004 23:00:00.000,1.24819,1.24851,1.24757,1.24808,31751900.3906,1.2482232205320067,0,0,,0,0.0
19.10.2004 00:00:00.000,1.24767,1.24828,1.24643,1.24697,31299000.0,1.2481268189526218,0,0,,0,0.0
19.10.2004 01:00:00.000,1.24675,1.24746,1.24529,1.24605,32480300.7813,1.247967063648574,0,0,,0,0.0
19.10.2004 02:00:00.000,1.24615,1.24643,1.24535,1.24583,34511101.5625,1.2478026741371453,0,0,,0,0.0
19.10.2004 03:00:00.000,1.24586,1.24619,1.24488,1.24576,32060000.0,1.247645545357365,0,2,1.24388,0,0.0
19.10.2004 04:00:00.000,1.24578,1.2468,1.24564,1.24618,32343199.2188,1.2475328110991062,0,0,,0,0.0
19.10.2004 05:00:00.000,1.24617,1.24719,1.24565,1.24696,32060300.7813,1.2474887487068673,0,0,,0,0.0
19.10.2004 06:00:00.000,1.24684,1.24707,1.24509,1.24582,31582300.7813,1.2473603834217237,0,0,,0,0.0
19.10.2004 07:00:00.000,1.24586,1.24675,1.24502,1.24627,30809500.0,1.247276507773899,0,0,,0,0.0
19.10.2004 08:00:00.000,1.24622,1.24825,1.24621,1.24755,28650800.7813,1.247297545637445,0,0,,0,0.0
19.10.2004 09:00:00.000,1.24765,1.2516,1.24765,1.251,30841099.6094,1.2475823498191803,0,0,,0,0.0
19.10.2004 10:00:00.000,1.2508,1.25149,1.24994,1.25066,30318099.6094,1.247819092140782,0,0,,0,0.0
19.10.2004 11:00:00.000,1.25054,1.2513,1.24893,1.24988,33657898.4375,1.247977623514568,0,0,,0,0.0
19.10.2004 12:00:00.000,1.2502,1.25214,1.24856,1.24975,31193800.7813,1.2481139601672937,0,0,,0,0.0
19.10.2004 13:00:00.000,1.2496,1.2521,1.24943,1.25076,31084699.2188,1.2483175016928865,0,0,,0,0.0
19.10.2004 14:00:00.000,1.25085,1.25218,1.24901,1.25166,31402300.7813,1.24857461694728,0,0,,0,0.0
19.10.2004 15:00:00.000,1.25142,1.25249,1.2506,1.25137,31767800.7813,1.2487896464128738,0,1,1.25349,0,0.0
19.10.2004 16:00:00.000,1.25162,1.25185,1.25012,1.25136,294736187.5,1.248987365919576,0,0,,0,0.0
19.10.2004 17:00:00.000,1.25132,1.25187,1.25065,1.25153,133961796.875,1.2491829531565317,0,0,,0,0.0
19.10.2004 18:00:00.000,1.25128,1.25187,1.25079,1.25171,145201906.25,1.24937734137526,0,0,,0,0.0
19.10.2004 19:00:00.000,1.25166,1.25242,1.25128,1.25182,105074203.125,1.2495652381925477,0,0,,0,0.0
19.10.2004 20:00:00.000,1.2519,1.25216,1.25066,1.25089,63068800.7813,1.2496671429469672,0,0,,0,0.0
19.10.2004 21:00:00.000,1.25048,1.25167,1.25048,1.25131,31530800.7813,1.2497935165664313,0,0,,0,0.0
19.10.2004 22:00:00.000,1.25139,1.25203,1.2509,1.25139,31248699.2188,1.2499163229843984,0,0,,0,0.0
19.10.2004 23:00:00.000,1.2514,1.25175,1.25066,1.2511,31859000.0,1.2500073750625216,0,0,,0,0.0
20.10.2004 00:00:00.000,1.25077,1.25177,1.25062,1.25108,31970500.0,1.250089884673097,2,0,,0,0.0
20.10.2004 01:00:00.000,1.25119,1.25129,1.24997,1.25039,32729199.2188,1.2501129704674743,2,0,,0,0.0
20.10.2004 02:00:00.000,1.25032,1.25099,1.24962,1.25071,30294699.2188,1.25015889581613,2,0,,0,0.0
20.10.2004 03:00:00.000,1.25051,1.25087,1.24855,1.24988,29854800.7813,1.2501374422918126,0,2,1.2475500000000002,0,0.0
20.10.2004 04:00:00.000,1.24989,1.25079,1.24957,1.25061,30754199.2188,1.25017379288475,0,0,,0,0.0
20.10.2004 05:00:00.000,1.25045,1.25085,1.24969,1.24992,31080800.7813,1.250154270355154,0,0,,0,0.0
20.10.2004 06:00:00.000,1.24957,1.25266,1.24955,1.25157,32194300.7813,1.2502631726355269,0,0,,0,0.0
20.10.2004 07:00:00.000,1.25173,1.25671,1.25115,1.25563,31786500.0,1.2506760055097172,0,0,,0,0.0
20.10.2004 08:00:00.000,1.25565,1.25903,1.2555,1.25767,30722199.2188,1.2512140050858929,0,0,,0,0.0
20.10.2004 09:00:00.000,1.2579,1.25846,1.25671,1.258,30929599.6094,1.2517360046946704,0,0,,0,0.0
20.10.2004 10:00:00.000,1.25802,1.25886,1.25726,1.25824,31947199.2188,1.2522363120258495,0,0,,0,0.0
20.10.2004 11:00:00.000,1.25813,1.2601,1.25745,1.25784,33281601.5625,1.2526673649469382,0,0,,0,0.0
20.10.2004 12:00:00.000,1.25788,1.26067,1.25778,1.26022,32524000.0,1.253248336874097,0,0,,0,0.0
20.10.2004 13:00:00.000,1.26025,1.26134,1.25844,1.25907,31128400.3906,1.253696157114551,0,0,,0,0.0
20.10.2004 14:00:00.000,1.25881,1.26106,1.25881,1.26024,31833199.2188,1.254199529644201,0,0,,0,0.0
20.10.2004 15:00:00.000,1.2601,1.26267,1.25994,1.2622,31897599.6094,1.2548149504408008,0,0,,0,0.0
20.10.2004 16:00:00.000,1.26252,1.2627,1.25881,1.25974,295236687.5,1.2551938004068932,0,1,1.2636999999999998,0,0.0
20.10.2004 17:00:00.000,1.25974,1.26049,1.2579,1.25837,134515796.875,1.255438123452517,0,0,,0,0.0
20.10.2004 18:00:00.000,1.25843,1.25919,1.258,1.25868,149369000.0,1.2556874985715543,0,0,,0,0.0
20.10.2004 19:00:00.000,1.25864,1.2589,1.25697,1.25795,101614796.875,1.2558615371429733,0,0,,0,0.0
20.10.2004 20:00:00.000,1.25798,1.25906,1.25733,1.25872,63172800.7813,1.2560814189012062,0,0,,0,0.0
20.10.2004 21:00:00.000,1.25821,1.25898,1.25736,1.25781,33028898.4375,1.2562143866780366,0,0,,0,0.0
20.10.2004 22:00:00.000,1.25781,1.25823,1.25687,1.25742,31232900.3906,1.2563071261643415,2,0,,0,0.0
20.10.2004 23:00:00.000,1.25715,1.25801,1.2568,1.25788,31030300.7813,1.2564281164593922,2,2,1.2558,0,0.0
21.10.2004 00:00:00.000,1.25782,1.25874,1.25754,1.25816,31143400.3906,1.2565613382702083,2,0,,0,0.0
21.10.2004 01:00:00.000,1.25828,1.25943,1.25771,1.25888,33260398.4375,1.2567396968648077,2,0,,0,0.0
21.10.2004 02:00:00.000,1.25883,1.25908,1.25791,1.25829,33787000.0,1.2568589509521304,2,0,,0,0.0
21.10.2004 03:00:00.000,1.25833,1.25866,1.25755,1.2582,30298900.3906,1.2569621085711975,2,0,,0,0.0
21.10.2004 04:00:00.000,1.25813,1.25871,1.25729,1.25828,31476599.6094,1.2570634848349516,2,0,,0,0.0
21.10.2004 05:00:00.000,1.25815,1.26066,1.25808,1.25842,32875300.7813,1.25716783215534,2,0,,0,0.0
21.10.2004 06:00:00.000,1.25847,1.25986,1.25765,1.25896,30536500.0,1.257305691220314,2,0,,0,0.0
21.10.2004 07:00:00.000,1.25898,1.26195,1.25754,1.26187,33323398.4375,1.2576567918956745,2,0,,0,0.0
21.10.2004 08:00:00.000,1.26183,1.2648,1.26148,1.26257,33061601.5625,1.2580347309806226,2,1,1.2657999999999998,0,0.0
21.10.2004 09:00:00.000,1.26255,1.2632,1.26099,1.26167,32006199.2188,1.2583143670590362,2,0,,0,0.0
21.10.2004 10:00:00.000,1.26172,1.26252,1.26125,1.26212,30596300.7813,1.258607108054495,2,0,,0,0.0
21.10.2004 11:00:00.000,1.26194,1.2628,1.26019,1.26023,33031199.2188,1.258731945896457,2,0,,0,0.0
21.10.2004 12:00:00.000,1.26029,1.26163,1.25868,1.25917,33038898.4375,1.2587656423659606,2,0,,0,0.0
21.10.2004 13:00:00.000,1.25902,1.2611,1.25861,1.26053,31694500.0,1.2589013621839638,2,0,,0,0.0
21.10.2004 14:00:00.000,1.26072,1.26341,1.25972,1.26037,30219800.7813,1.2590143343236588,2,0,,0,0.0
21.10.2004 15:00:00.000,1.26058,1.2623,1.26056,1.26199,31271300.7813,1.2592432316833773,2,0,,0,0.0
21.10.2004 16:00:00.000,1.26185,1.2635,1.25998,1.26248,295694500.0,1.259492213861579,2,0,,0,0.0
21.10.2004 17:00:00.000,1.2626,1.26332,1.26208,1.26276,134810593.75,1.259743582026073,2,0,,0,0.0
21.10.2004 18:00:00.000,1.26266,1.2629,1.2612,1.26215,146817796.875,1.2599286911009904,2,0,,0,0.0
21.10.2004 19:00:00.000,1.26206,1.2623,1.26046,1.26156,105563203.125,1.2600541764009143,2,0,,0,0.0
21.10.2004 20:00:00.000,1.26142,1.26193,1.26074,1.26132,65410601.5625,1.260151547446998,2,0,,0,0.0
21.10.2004 21:00:00.000,1.26122,1.26159,1.26037,1.26104,32198000.0,1.2602198899510753,2,0,,0,0.0
21.10.2004 22:00:00.000,1.261,1.26185,1.26057,1.26155,30363699.2188,1.260322206108685,2,0,,0,0.0
21.10.2004 23:00:00.000,1.2614,1.26185,1.26059,1.26108,31143599.6094,1.2603804979464783,2,0,,0,0.0
22.10.2004 00:00:00.000,1.26107,1.26148,1.26009,1.26066,32651800.7813,1.2604019981044414,2,0,,0,0.0
22.10.2004 01:00:00.000,1.26077,1.26259,1.25981,1.26235,32179800.7813,1.2605518444041,2,2,1.2588100000000002,0,0.0
22.10.2004 02:00:00.000,1.26195,1.26269,1.26099,1.26107,31545199.2188,1.2605917025268616,2,0,,0,0.0
22.10.2004 03:00:00.000,1.26125,1.26142,1.26032,1.26087,31341099.6094,1.2606131100247953,2,0,,0,0.0
22.10.2004 04:00:00.000,1.26056,1.26217,1.26053,1.26146,32793300.7813,1.2606782554075033,0,0,,0,0.0
22.10.2004 05:00:00.000,1.26135,1.26168,1.25996,1.26075,29691099.6094,1.2606837742223107,0,0,,0,0.0
22.10.2004 06:00:00.000,1.26049,1.26363,1.26037,1.26307,32308599.6094,1.2608673300513638,0,0,,0,0.0
22.10.2004 07:00:00.000,1.26318,1.2634,1.26119,1.26277,34224101.5625,1.261013689278182,0,0,,0,0.0
22.10.2004 08:00:00.000,1.26287,1.2633,1.26165,1.26197,31020699.2188,1.261087251641399,0,0,,0,0.0
22.10.2004 09:00:00.000,1.26217,1.26267,1.26113,1.26163,32084199.2188,1.2611290015151375,0,0,,0,0.0
22.10.2004 10:00:00.000,1.26165,1.26336,1.26146,1.26305,30908900.3906,1.2612767706293577,0,0,,0,0.0
22.10.2004 11:00:00.000,1.2631,1.26556,1.26228,1.2635,31460800.7813,1.2614477882732535,0,0,,0,0.0
22.10.2004 12:00:00.000,1.2632,1.26343,1.25991,1.26045,31857000.0,1.2613710353291572,0,2,1.2589100000000002,0,0.0
22.10.2004 13:00:00.000,1.26043,1.26199,1.26031,1.26145,29794500.0,1.2613771095346067,0,0,,0,0.0
22.10.2004 14:00:00.000,1.26131,1.26335,1.26121,1.26309,31877000.0,1.261508870339637,0,0,,0,0.0
22.10.2004 15:00:00.000,1.26298,1.26387,1.26217,1.2637,31625900.3906,1.2616774187750497,0,0,,0,0.0
22.10.2004 16:00:00.000,1.26361,1.26411,1.26213,1.2626,293034406.25,1.2617483865615844,0,0,,0,0.0
22.10.2004 17:00:00.000,1.26267,1.26468,1.26196,1.26373,135392000.0,1.2619008183645395,0,0,,0,0.0
22.10.2004 18:00:00.000,1.26371,1.26501,1.26297,1.2646,146645906.25,1.2621084477211133,0,0,,0,0.0
22.10.2004 19:00:00.000,1.26471,1.26784,1.26413,1.26703,107446398.4375,1.262487028665643,0,0,,0,0.0
22.10.2004 20:00:00.000,1.26708,1.2685,1.26638,1.26812,64160699.2188,1.2629203341529014,0,0,,0,0.0
24.10.2004 21:00:00.000,1.26911,1.27228,1.26911,1.27153,32705199.2188,1.2635826161411399,0,0,,0,0.0
24.10.2004 22:00:00.000,1.27164,1.27298,1.27076,1.27238,31883099.6094,1.2642593379764369,0,0,,0,0.0
24.10.2004 23:00:00.000,1.27225,1.27407,1.27204,1.27366,33791800.7813,1.2649824658244033,0,0,,0,0.0
25.10.2004 00:00:00.000,1.2734,1.27744,1.27318,1.27684,31829900.3906,1.265894583837911,0,0,,0,0.0
25.10.2004 01:00:00.000,1.27667,1.27897,1.27587,1.27594,35053199.2188,1.266667308158072,0,0,,0,0.0
25.10.2004 02:00:00.000,1.27587,1.27681,1.27567,1.27625,31600000.0,1.2674044382997587,0,0,,0,0.0
25.10.2004 03:00:00.000,1.27634,1.27829,1.27624,1.27728,30366099.6094,1.2681640968920849,0,0,,0,0.0
25.10.2004 04:00:00.000,1.27713,1.27782,1.27548,1.27588,32306300.7813,1.2687576279003863,0,0,,0,0.0
25.10.2004 05:00:00.000,1.27585,1.27641,1.27491,1.27517,32274599.6094,1.2692508872926642,0,0,,0,0.0
25.10.2004 06:00:00.000,1.27518,1.27748,1.27512,1.27556,29403000.0,1.269736203654767,2,0,,0,0.0
25.10.2004 07:00:00.000,1.27574,1.2785,1.27499,1.27791,31312599.6094,1.270364957219785,2,0,,0,0.0
25.10.2004 08:00:00.000,1.27797,1.2796,1.27766,1.27948,29664099.6094,1.2710661143567248,2,0,,0,0.0
25.10.2004 09:00:00.000,1.27935,1.28186,1.27852,1.28116,29715400.3906,1.2718425670985152,2,0,,0,0.0
25.10.2004 10:00:00.000,1.28083,1.28276,1.28015,1.28067,28897300.7813,1.2725216003986295,2,1,1.2837599999999998,0,0.0
25.10.2004 11:00:00.000,1.2804,1.28063,1.27833,1.27891,32054199.2188,1.273013015752581,2,0,,0,0.0
25.10.2004 12:00:00.000,1.27875,1.2794,1.27772,1.27817,31637199.2188,1.2734097068485364,2,0,,0,0.0
25.10.2004 13:00:00.000,1.27854,1.27879,1.27689,1.27842,30933099.6094,1.2737951140140338,2,0,,0,0.0
25.10.2004 14:00:00.000,1.2782,1.27871,1.27667,1.27743,29952800.7813,1.274074720628339,2,0,,0,0.0
25.10.2004 15:00:00.000,1.27765,1.27859,1.27709,1.27809,32779898.4375,1.274383588272313,2,0,,0,0.0
25.10.2004 16:00:00.000,1.27841,1.28147,1.27793,1.28089,293843093.75,1.2748840814821352,2,0,,0,0.0
25.10.2004 17:00:00.000,1.28103,1.28241,1.28,1.28023,132300796.875,1.2752953059835095,2,0,,0,0.0
25.10.2004 18:00:00.000,1.28014,1.28158,1.27902,1.27945,147330703.125,1.275614897830932,2,0,,0,0.0
25.10.2004 19:00:00.000,1.27927,1.28019,1.27879,1.27994,105114796.875,1.2759475979977835,2,0,,0,0.0
25.10.2004 20:00:00.000,1.28005,1.28101,1.27944,1.28032,63561500.0,1.2762839366133387,2,0,,0,0.0
25.10.2004 21:00:00.000,1.28011,1.28187,1.28004,1.28026,32158699.2188,1.276589787643082,2,0,,0,0.0
25.10.2004 22:00:00.000,1.28011,1.28117,1.27992,1.28037,33295898.4375,1.276880573208999,2,0,,0,0.0
25.10.2004 23:00:00.000,1.28035,1.28109,1.27845,1.27845,30143800.7813,1.2770012983467685,2,0,,0,0.0
26.10.2004 00:00:00.000,1.27846,1.27914,1.27695,1.2784,31099599.6094,1.2771088907816324,2,0,,0,0.0
26.10.2004 01:00:00.000,1.27867,1.28201,1.27842,1.28155,32674900.3906,1.2774505145676607,2,0,,0,0.0
26.10.2004 02:00:00.000,1.28121,1.28396,1.28098,1.28328,31010800.7813,1.2778989365239946,2,0,,0,0.0
26.10.2004 03:00:00.000,1.28352,1.284,1.28227,1.28267,31036000.0,1.2782659414067643,2,1,1.285,0,0.0
26.10.2004 04:00:00.000,1.28242,1.28296,1.28187,1.28235,32024199.2188,1.2785800997600902,2,0,,0,0.0
26.10.2004 05:00:00.000,1.28228,1.28249,1.28057,1.28088,31309000.0,1.2787570151631602,2,0,,0,0.0
26.10.2004 06:00:00.000,1.2805,1.28159,1.27865,1.28117,30334599.6094,1.2789426293813788,2,0,,0,0.0
26.10.2004 07:00:00.000,1.28113,1.28137,1.27871,1.28015,30278599.6094,1.2790355040443497,2,0,,0,0.0
26.10.2004 08:00:00.000,1.27995,1.28038,1.27846,1.27963,31590599.6094,1.279081234502477,2,0,,0,0.0
26.10.2004 09:00:00.000,1.27997,1.28009,1.2782,1.27926,30414800.7813,1.2790949856945941,2,0,,0,0.0
26.10.2004 10:00:00.000,1.2789,1.28038,1.27855,1.2795,30633599.6094,1.2791261406411638,0,0,,0,0.0
26.10.2004 11:00:00.000,1.27968,1.28017,1.27866,1.27947,32786898.4375,1.2791525913610744,0,0,,0,0.0
26.10.2004 12:00:00.000,1.27937,1.27968,1.27756,1.27902,31163199.2188,1.2791423920256073,0,0,,0,0.0
26.10.2004 13:00:00.000,1.27914,1.28099,1.27881,1.28073,30491000.0,1.2792645157159452,0,0,,0,0.0
26.10.2004 14:00:00.000,1.28042,1.28094,1.27688,1.27705,31344900.3906,1.2790941683531802,0,0,,0,0.0
26.10.2004 15:00:00.000,1.27711,1.27758,1.27328,1.27554,30481800.7813,1.2788207707875512,0,0,,0,0.0
26.10.2004 16:00:00.000,1.27535,1.27573,1.27244,1.27375,295071906.25,1.2784307114962012,0,2,1.2714400000000001,0,0.0
26.10.2004 17:00:00.000,1.27367,1.27582,1.27294,1.27484,132711906.25,1.2781545029195704,0,0,,0,0.0
26.10.2004 18:00:00.000,1.27501,1.27594,1.27432,1.2751,149809500.0,1.2779195411565265,0,0,,0,0.0
26.10.2004 19:00:00.000,1.27484,1.27688,1.27483,1.27615,105577898.4375,1.2777834226060247,0,0,,0,0.0
26.10.2004 20:00:00.000,1.27604,1.27654,1.27544,1.27609,65176699.2188,1.2776531593286384,0,0,,0,0.0
26.10.2004 21:00:00.000,1.27599,1.27669,1.27433,1.27453,29480000.0,1.2774129163033585,0,0,,0,0.0
26.10.2004 22:00:00.000,1.27489,1.27627,1.27448,1.27592,30701800.7813,1.2772980765877155,0,0,,0,0.0
26.10.2004 23:00:00.000,1.27603,1.27642,1.27456,1.27487,31710500.0,1.2771113014655837,0,0,,0,0.0
27.10.2004 00:00:00.000,1.27462,1.27546,1.27398,1.27512,30706900.3906,1.2769581244297696,0,0,,0,0.0
27.10.2004 01:00:00.000,1.27514,1.27525,1.27291,1.27307,32280800.7813,1.2766590379351719,0,0,,0,0.0
27.10.2004 02:00:00.000,1.2728,1.27402,1.27272,1.27324,34160101.5625,1.2763960350170818,0,0,,0,0.0
27.10.2004 03:00:00.000,1.27322,1.27369,1.27288,1.27301,30606099.6094,1.2761355707849986,0,0,,0,0.0
27.10.2004 04:00:00.000,1.2732,1.27558,1.27312,1.27558,31622599.6094,1.2760928345707678,0,0,,0,0.0
27.10.2004 05:00:00.000,1.2755,1.27617,1.27447,1.27484,31265300.7813,1.2759964626807088,0,0,,0,0.0
27.10.2004 06:00:00.000,1.27461,1.27626,1.27461,1.27583,31198199.2188,1.2759836578591157,1,0,,0,0.0
27.10.2004 07:00:00.000,1.27564,1.27657,1.27503,1.27586,31894000.0,1.275974145716107,1,0,,0,0.0
27.10.2004 08:00:00.000,1.27581,1.2762,1.27491,1.27527,30360699.2188,1.275919980661022,1,0,,0,0.0
27.10.2004 09:00:00.000,1.27518,1.27609,1.27496,1.27551,29365900.3906,1.2758884436870974,1,0,,0,0.0
27.10.2004 10:00:00.000,1.27542,1.27895,1.2752,1.27844,28539199.2188,1.2760847172496286,0,0,,0,0.0
27.10.2004 11:00:00.000,1.27852,1.27937,1.27804,1.27911,32026400.3906,1.2763174313073495,0,0,,0,0.0
27.10.2004 12:00:00.000,1.27888,1.28071,1.27773,1.2807,29635199.2188,1.276654551976015,0,0,,0,0.0
27.10.2004 13:00:00.000,1.28057,1.28108,1.27806,1.27862,30062300.7813,1.2768057402855524,0,1,1.2820799999999999,0,0.0
27.10.2004 14:00:00.000,1.27872,1.27938,1.27697,1.27864,30836099.6094,1.2769468371866637,0,0,,0,0.0
27.10.2004 15:00:00.000,1.27767,1.27813,1.27052,1.27238,29824400.3906,1.276595542018459,0,0,,0,0.0
27.10.2004 16:00:00.000,1.27232,1.27269,1.26978,1.27165,291979500.0,1.2762151157093466,0,0,,0,0.0
27.10.2004 17:00:00.000,1.27175,1.27196,1.27004,1.27121,138590093.75,1.2758301068086277,0,0,,0,0.0
27.10.2004 18:00:00.000,1.27108,1.27172,1.26961,1.27019,147047296.875,1.2753962524387332,0,0,,0,0.0
27.10.2004 19:00:00.000,1.27018,1.2706,1.26923,1.27008,103718796.875,1.2749873099434461,0,0,,0,0.0
27.10.2004 20:00:00.000,1.27015,1.2713,1.26984,1.27088,66913000.0,1.2746713630247197,0,0,,0,0.0
27.10.2004 21:00:00.000,1.27054,1.2712,1.26937,1.2695,30526699.2188,1.2742735658689721,0,0,,0,0.0
27.10.2004 22:00:00.000,1.26965,1.27069,1.2695,1.27025,32460699.2188,1.2739640608021283,0,0,,0,0.0
27.10.2004 23:00:00.000,1.27015,1.27061,1.2691,1.2692,32753199.2188,1.27359759458658,0,0,,0,0.0
28.10.2004 00:00:00.000,1.26927,1.27003,1.26804,1.26992,31078300.7813,1.2733147026953047,0,0,,0,0.0
28.10.2004 01:00:00.000,1.2694,1.27221,1.26882,1.27153,32763599.6094,1.273177417872589,0,0,,0,0.0
28.10.2004 02:00:00.000,1.27162,1.27228,1.27131,1.27184,32501500.0,1.2730745395746976,0,0,,0,0.0
28.10.2004 03:00:00.000,1.2721,1.2721,1.27124,1.27178,30494400.3906,1.2729749596074134,0,0,,0,0.0
28.10.2004 04:00:00.000,1.27182,1.27217,1.27087,1.27178,31646900.3906,1.2728830396376125,0,0,,0,0.0
28.10.2004 05:00:00.000,1.27153,1.27276,1.2709,1.2713,31865500.0,1.2727612673577964,0,0,,0,0.0
28.10.2004 06:00:00.000,1.27141,1.2738,1.27101,1.2735,31444400.3906,1.2728180929456583,0,0,,0,0.0
28.10.2004 07:00:00.000,1.27352,1.27458,1.27116,1.27155,31589099.6094,1.272720547334454,0,0,,0,0.0
28.10.2004 08:00:00.000,1.27153,1.27306,1.27091,1.27176,29721000.0,1.2726466590779577,0,0,,0,0.0
28.10.2004 09:00:00.000,1.27194,1.27254,1.27119,1.2718,31197500.0,1.2725815314565763,0,0,,0,0.0
28.10.2004 10:00:00.000,1.2717,1.27233,1.26405,1.26815,28620199.2188,1.2722406444214551,0,2,1.26305,0,0.0
28.10.2004 11:00:00.000,1.2682,1.27007,1.26563,1.26944,33314000.0,1.2720252102351894,0,0,,0,0.0
28.10.2004 12:00:00.000,1.26942,1.27211,1.26939,1.27069,30916699.2188,1.2719225017555595,0,0,,0,0.0
28.10.2004 13:00:00.000,1.27074,1.2759,1.27005,1.27435,33187601.5625,1.2721092323897474,0,0,,0,0.0
28.10.2004 14:00:00.000,1.2743,1.275,1.27298,1.27369,30923000.0,1.2722308298982286,0,0,,0,0.0
28.10.2004 15:00:00.000,1.27339,1.27574,1.2731,1.27492,30194300.7813,1.2724376891368263,0,0,,0,0.0
28.10.2004 16:00:00.000,1.27545,1.27649,1.27469,1.27493,293724812.5,1.2726294053570706,0,1,1.2774899999999998,0,0.0
28.10.2004 17:00:00.000,1.27446,1.27548,1.2727,1.27324,136088500.0,1.2726763741757576,0,0,,0,0.0
28.10.2004 18:00:00.000,1.27347,1.27366,1.27183,1.27295,144214500.0,1.272697422316084,0,0,,0,0.0
28.10.2004 19:00:00.000,1.27278,1.27474,1.27259,1.27383,107181203.125,1.2727845436763854,0,0,,0,0.0
28.10.2004 20:00:00.000,1.27358,1.2745,1.27307,1.27395,62188101.5625,1.2728741941628172,0,0,,0,0.0
28.10.2004 21:00:00.000,1.27395,1.27463,1.27358,1.2737,29112000.0,1.2729377176887546,0,0,,0,0.0
28.10.2004 22:00:00.000,1.27404,1.27474,1.27376,1.2743,29292900.3906,1.2730425086357737,0,0,,0,0.0
28.10.2004 23:00:00.000,1.27434,1.27453,1.27335,1.27447,31133900.3906,1.2731523156637912,0,0,,0,0.0
29.10.2004 00:00:00.000,1.27436,1.27551,1.27403,1.27411,31372000.0,1.2732259836896536,0,0,,0,0.0
29.10.2004 01:00:00.000,1.27506,1.27507,1.273,1.27433,32142099.6094,1.2733109080212188,0,0,,0,0.0
29.10.2004 02:00:00.000,1.27405,1.27447,1.27358,1.27394,30719400.3906,1.2733592997118945,0,0,,0,0.0
29.10.2004 03:00:00.000,1.27393,1.2749,1.2733,1.27426,30517800.7813,1.2734285843494413,0,0,,0,0.0
29.10.2004 04:00:00.000,1.27407,1.27492,1.274,1.27415,29728199.2188,1.2734840778610228,0,0,,0,0.0
29.10.2004 05:00:00.000,1.27408,1.27475,1.27332,1.27345,31941900.3906,1.273481456487098,0,0,,0,0.0
29.10.2004 06:00:00.000,1.27341,1.27591,1.27315,1.27535,30424099.6094,1.2736251906034752,0,0,,0,0.0
29.10.2004 07:00:00.000,1.27561,1.27692,1.27516,1.27662,31189500.0,1.273855560557054,0,0,,0,0.0
29.10.2004 08:00:00.000,1.27621,1.27701,1.27501,1.27557,30358500.0,1.273987440514204,0,0,,0,0.0
29.10.2004 09:00:00.000,1.27546,1.27579,1.27418,1.27499,30213000.0,1.2740645604746499,0,0,,0,0.0
29.10.2004 10:00:00.000,1.27522,1.27554,1.2742,1.27508,31130500.0,1.2741426712073691,0,0,,0,0.0
29.10.2004 11:00:00.000,1.27525,1.27599,1.27407,1.27428,30538000.0,1.2741532349606484,0,0,,0,0.0
29.10.2004 12:00:00.000,1.27432,1.27673,1.27195,1.27538,30437400.3906,1.2742476015021371,0,0,,0,0.0
29.10.2004 13:00:00.000,1.27525,1.27619,1.27197,1.27332,31660500.0,1.2741762475404343,0,0,,0,0.0
29.10.2004 14:00:00.000,1.27372,1.27446,1.27079,1.27212,31635000.0,1.2740180746527088,0,2,1.2697900000000002,0,0.0
29.10.2004 15:00:00.000,1.27183,1.27565,1.27158,1.27472,31653400.3906,1.2740720689101928,0,0,,0,0.0
29.10.2004 16:00:00.000,1.2744,1.27608,1.27402,1.27525,296775093.75,1.2741626789940241,0,0,,0,0.0
29.10.2004 17:00:00.000,1.2753,1.27892,1.27484,1.27847,130771101.5625,1.2744940113790992,0,0,,0,0.0
29.10.2004 18:00:00.000,1.27844,1.27916,1.27777,1.27863,145890593.75,1.274812164349938,0,0,,0,0.0
29.10.2004 19:00:00.000,1.27872,1.27957,1.27821,1.27941,105016000.0,1.2751658440153275,0,0,,0,0.0
29.10.2004 20:00:00.000,1.27915,1.27957,1.27844,1.27942,63691000.0,1.2754930867833794,0,0,,0,0.0
31.10.2004 22:00:00.000,1.27997,1.28176,1.27982,1.28139,30807599.6094,1.2759466954923502,0,0,,0,0.0
31.10.2004 23:00:00.000,1.28129,1.28298,1.28107,1.28243,32440000.0,1.2764454112237078,0,1,1.28398,0,0.0
01.11.2004 00:00:00.000,1.2822,1.28253,1.28052,1.28053,30745800.7813,1.2767596103603458,0,0,,0,0.0
01.11.2004 01:00:00.000,1.28065,1.28079,1.27788,1.27796,31812099.6094,1.2768519480249347,0,0,,0,0.0
01.11.2004 02:00:00.000,1.27812,1.27849,1.27717,1.27796,33457699.2188,1.2769371827922475,0,0,,0,0.0
01.11.2004 03:00:00.000,1.27808,1.27887,1.27749,1.2775,28503300.7813,1.2769804764236132,0,0,,0,0.0
01.11.2004 04:00:00.000,1.27785,1.27847,1.27705,1.27749,31817000.0,1.2770196705448738,0,0,,0,0.0
01.11.2004 05:00:00.000,1.2774,1.27867,1.27728,1.27766,30673699.2188,1.2770689266568067,0,0,,0,0.0
01.11.2004 06:00:00.000,1.27722,1.27865,1.27669,1.27824,32202300.7813,1.2771590092216678,0,0,,0,0.0
01.11.2004 07:00:00.000,1.27819,1.27926,1.2773,1.27755,32903500.0,1.2771890854353856,0,0,,0,0.0
01.11.2004 08:00:00.000,1.27745,1.27838,1.27708,1.2773,30796599.6094,1.2771976173249715,2,0,,0,0.0
01.11.2004 09:00:00.000,1.27748,1.27756,1.27323,1.27429,32648599.6094,1.27697395445382,0,0,,0,0.0
01.11.2004 10:00:00.000,1.27418,1.27546,1.27366,1.27395,31498300.7813,1.2767413425727567,0,0,,0,0.0
01.11.2004 11:00:00.000,1.27469,1.2752,1.27383,1.27496,30905099.6094,1.2766043162210063,0,0,,0,0.0
01.11.2004 12:00:00.000,1.27464,1.27609,1.27432,1.27457,31554699.2188,1.2764478303578521,0,0,,0,0.0
01.11.2004 13:00:00.000,1.27483,1.27518,1.27356,1.2739,31628400.3906,1.2762518434072483,0,0,,0,0.0
01.11.2004 14:00:00.000,1.27415,1.27532,1.27326,1.27501,29247800.7813,1.2761563169913062,0,0,,0,0.0
01.11.2004 15:00:00.000,1.27522,1.27711,1.27414,1.27443,32054300.7813,1.2760235233765902,0,0,,0,0.0
01.11.2004 16:00:00.000,1.27425,1.27471,1.27164,1.27369,293978687.5,1.275844021578391,0,2,1.2706400000000002,0,0.0
01.11.2004 17:00:00.000,1.27365,1.2758,1.27349,1.27431,137504703.125,1.2757260199185148,0,0,,0,0.0
01.11.2004 18:00:00.000,1.27432,1.27528,1.27381,1.27415,146243000.0,1.2756047876170906,0,0,,0,0.0
01.11.2004 19:00:00.000,1.27415,1.27473,1.27388,1.27458,106459000.0,1.2755259578003915,0,0,,0,0.0
01.11.2004 20:00:00.000,1.27422,1.27519,1.27355,1.27511,64024699.2188,1.2754939610465152,0,0,,0,0.0
01.11.2004 21:00:00.000,1.27429,1.27531,1.27429,1.2749,32051300.7813,1.2754482717352449,0,0,,0,0.0
01.11.2004 22:00:00.000,1.27494,1.27556,1.27456,1.27508,30273300.7813,1.2754199431402262,0,0,,0,0.0
01.11.2004 23:00:00.000,1.2751,1.27543,1.27346,1.27411,31162500.0,1.2753191782832858,0,0,,0,0.0
02.11.2004 00:00:00.000,1.274,1.27471,1.27305,1.27337,33539398.4375,1.2751692414922637,0,0,,0,0.0
02.11.2004 01:00:00.000,1.27336,1.27412,1.27307,1.27336,31408900.3906,1.275030069069782,1,0,,0,0.0
02.11.2004 02:00:00.000,1.2733,1.27373,1.27306,1.27322,32288300.7813,1.274890832987491,1,0,,0,0.0
02.11.2004 03:00:00.000,1.27343,1.27359,1.27269,1.27355,28174400.3906,1.2747876919884535,1,0,,0,0.0
02.11.2004 04:00:00.000,1.27357,1.27438,1.27314,1.27405,32358900.3906,1.2747309464508803,1,0,,0,0.0
02.11.2004 05:00:00.000,1.27383,1.27423,1.27239,1.27257,30492900.3906,1.2745647198008125,1,0,,0,0.0
02.11.2004 06:00:00.000,1.27277,1.27312,1.27193,1.27194,30201599.6094,1.2743628182776732,1,0,,0,0.0
02.11.2004 07:00:00.000,1.27196,1.27242,1.26942,1.26982,31589400.3906,1.2740133707178523,1,0,,0,0.0
02.11.2004 08:00:00.000,1.26979,1.27169,1.26908,1.27143,30588000.0,1.2738146498934022,1,0,,0,0.0
02.11.2004 09:00:00.000,1.27135,1.27188,1.27007,1.27051,29229699.2188,1.2735604460554484,1,0,,0,0.0
02.11.2004 10:00:00.000,1.2706,1.2706,1.26978,1.27008,29869099.6094,1.2732927194357986,1,0,,0,0.0
02.11.2004 11:00:00.000,1.27003,1.2705,1.26966,1.27021,31657099.6094,1.2730555871715066,1,0,,0,0.0
02.11.2004 12:00:00.000,1.27021,1.271,1.26985,1.27054,31078300.7813,1.2728620804660062,1,0,,0,0.0
02.11.2004 13:00:00.000,1.27063,1.27149,1.27006,1.27075,30611900.3906,1.272699612737852,1,0,,0,0.0
02.11.2004 14:00:00.000,1.27036,1.2711,1.26997,1.2705,31010099.6094,1.2725304117580172,1,0,,0,0.0
02.11.2004 15:00:00.000,1.27023,1.27056,1.26937,1.26971,30908500.0,1.2723134570074004,1,0,,0,0.0
02.11.2004 16:00:00.000,1.26977,1.27021,1.26781,1.27003,292288687.5,1.2721378064683697,1,0,,0,0.0
02.11.2004 17:00:00.000,1.26966,1.27047,1.269,1.26958,133788796.875,1.271941052124649,1,0,,0,0.0
02.11.2004 18:00:00.000,1.26967,1.26994,1.26831,1.26881,145139906.25,1.2717002019612145,1,0,,0,0.0
02.11.2004 19:00:00.000,1.26883,1.26908,1.26634,1.26768,105968601.5625,1.2713909556565057,1,2,1.2653400000000001,0,0.0
02.11.2004 20:00:00.000,1.26867,1.27283,1.26723,1.2725,65003101.5625,1.2714762667598514,0,0,,0,0.0
02.11.2004 21:00:00.000,1.2719,1.27436,1.27176,1.27413,34437398.4375,1.2716804000860167,0,0,,0,0.0
02.11.2004 22:00:00.000,1.27407,1.27468,1.27352,1.27396,30824900.3906,1.271855753925554,0,1,1.27568,0,0.0
02.11.2004 23:00:00.000,1.27398,1.27437,1.27074,1.27134,32081599.6094,1.2718160805466652,0,0,,0,0.0
03.11.2004 00:00:00.000,1.27157,1.27296,1.27057,1.27211,32001400.3906,1.2718386897353833,0,0,,0,0.0
03.11.2004 01:00:00.000,1.27281,1.27281,1.27027,1.27047,33685500.0,1.2717334059095846,0,0,,0,0.0
03.11.2004 02:00:00.000,1.27022,1.27067,1.2667,1.26797,32977800.7813,1.271443913147309,0,0,,0,0.0
03.11.2004 03:00:00.000,1.26809,1.27032,1.26771,1.27005,31094900.3906,1.2713366890590545,0,0,,0,0.0
03.11.2004 04:00:00.000,1.27006,1.2705,1.26705,1.26729,31288900.3906,1.2710254052852812,0,0,,0,0.0
03.11.2004 05:00:00.000,1.26718,1.26995,1.26705,1.26725,32315199.2188,1.2707349894941058,0,0,,0,0.0
03.11.2004 06:00:00.000,1.26715,1.26961,1.26575,1.26961,32107500.0,1.2706484518407133,0,2,1.26475,0,0.0
03.11.2004 07:00:00.000,1.26874,1.27248,1.2687,1.27077,32122099.6094,1.27065780169912,0,0,,0,0.0
03.11.2004 08:00:00.000,1.27034,1.27129,1.26852,1.26856,30512000.0,1.270496432337649,0,0,,0,0.0
03.11.2004 09:00:00.000,1.26863,1.2703,1.26775,1.27002,31028400.3906,1.2704597836962914,0,0,,0,0.0
03.11.2004 10:00:00.000,1.27008,1.27229,1.26971,1.27035,31485099.6094,1.2704513387965768,0,0,,0,0.0
03.11.2004 11:00:00.000,1.27039,1.27209,1.27016,1.27103,32038800.7813,1.2704958511968403,0,0,,0,0.0
03.11.2004 12:00:00.000,1.27105,1.276,1.27088,1.27492,31674500.0,1.2708361703355449,0,0,,0,0.0
03.11.2004 13:00:00.000,1.27508,1.28005,1.27488,1.2796,31407800.7813,1.2715103110789647,0,0,,0,0.0
03.11.2004 14:00:00.000,1.27985,1.28065,1.27822,1.27866,30320099.6094,1.2720602871498137,0,0,,0,0.0
03.11.2004 15:00:00.000,1.27865,1.28075,1.27772,1.27956,30619000.0,1.2726371881382896,0,0,,0,0.0
03.11.2004 16:00:00.000,1.27961,1.2805,1.27763,1.27849,298071687.5,1.2730874044353442,0,0,,0,0.0
03.11.2004 17:00:00.000,1.27847,1.27887,1.27756,1.27812,130364703.125,1.273474527171087,0,0,,0,0.0
03.11.2004 18:00:00.000,1.27825,1.28106,1.27787,1.28081,144847593.75,1.2740387943117728,0,0,,0,0.0
03.11.2004 19:00:00.000,1.2798,1.28281,1.2798,1.28163,108328796.875,1.2746227332108673,0,0,,0,0.0
03.11.2004 20:00:00.000,1.28181,1.28242,1.28132,1.28153,63137699.2188,1.275154061425416,0,0,,0,0.0
03.11.2004 21:00:00.000,1.28174,1.2823,1.28113,1.28187,31224099.6094,1.2756706720849995,0,0,,0,0.0
03.11.2004 22:00:00.000,1.28187,1.28229,1.28081,1.28209,32610400.3906,1.2761644665399996,0,0,,0,0.0
03.11.2004 23:00:00.000,1.28226,1.28294,1.28157,1.28209,30902599.6094,1.2766202768061534,0,0,,0,0.0
04.11.2004 00:00:00.000,1.28205,1.28286,1.28133,1.28178,29124900.3906,1.2770171785902957,0,0,,0,0.0
04.11.2004 01:00:00.000,1.2818,1.28222,1.28118,1.28175,32274099.6094,1.2773812417756578,0,0,,0,0.0
04.11.2004 02:00:00.000,1.28161,1.28293,1.28144,1.28184,33140699.2188,1.2777242231775305,0,0,,0,0.0
04.11.2004 03:00:00.000,1.28195,1.28237,1.28138,1.28171,31613800.7813,1.2780308213946436,2,0,,0,0.0
04.11.2004 04:00:00.000,1.28173,1.28237,1.28128,1.28217,31809900.3906,1.278349219748902,2,0,,0,0.0
04.11.2004 05:00:00.000,1.2822,1.28234,1.2815,1.28205,28756099.6094,1.2786338951528327,2,0,,0,0.0
04.11.2004 06:00:00.000,1.28179,1.2844,1.28138,1.28316,32828601.5625,1.2789820570641532,2,0,,0,0.0
04.11.2004 07:00:00.000,1.28319,1.28334,1.28135,1.2823,30060699.2188,1.2792372834438337,2,0,,0,0.0
04.11.2004 08:00:00.000,1.28202,1.28241,1.27977,1.27994,30692699.2188,1.2792913385635387,2,0,,0,0.0
04.11.2004 09:00:00.000,1.28,1.28157,1.27898,1.28116,29514699.2188,1.2794350817509588,2,2,1.2779800000000001,0,0.0
04.11.2004 10:00:00.000,1.2815,1.28496,1.28105,1.28442,29976500.0,1.279818537000885,2,0,,0,0.0
04.11.2004 11:00:00.000,1.28425,1.28685,1.28425,1.28542,31684599.6094,1.2802494187700477,2,0,,0,0.0
04.11.2004 12:00:00.000,1.28556,1.28725,1.28516,1.28647,31095599.6094,1.2807279250185057,2,0,,0,0.0
04.11.2004 13:00:00.000,1.28628,1.28837,1.28553,1.28816,31323599.6094,1.2812996230940055,2,0,,0,0.0
04.11.2004 14:00:00.000,1.28803,1.2894,1.28724,1.28785,30741400.3906,1.2818034982406206,2,0,,0,0.0
04.11.2004 15:00:00.000,1.28773,1.28831,1.2867,1.28804,29221099.6094,1.2822832291451884,2,0,,0,0.0
04.11.2004 16:00:00.000,1.288,1.28954,1.28736,1.28759,298288187.5,1.2826914422878664,2,1,1.2905399999999998,0,0.0
04.11.2004 17:00:00.000,1.28743,1.28806,1.28609,1.28733,135573406.25,1.283048254419569,2,0,,0,0.0
04.11.2004 18:00:00.000,1.28726,1.2881,1.28556,1.2859,149631203.125,1.2832676194642176,2,0,,0,0.0
04.11.2004 19:00:00.000,1.286,1.28688,1.28513,1.28593,106688703.125,1.28347241796697,2,0,,0,0.0
04.11.2004 20:00:00.000,1.28587,1.28739,1.2855,1.28665,63320699.2188,1.2837168473541263,2,0,,0,0.0
04.11.2004 21:00:00.000,1.28632,1.28729,1.28632,1.28654,30358400.3906,1.2839340129422705,2,0,,0,0.0
04.11.2004 22:00:00.000,1.28688,1.28745,1.28645,1.28674,30227000.0,1.2841498581005575,2,0,,0,0.0
04.11.2004 23:00:00.000,1.28685,1.28729,1.28635,1.28693,30411400.3906,1.2843637151697453,2,0,,0,0.0
05.11.2004 00:00:00.000,1.28685,1.28842,1.28631,1.2879,32926699.2188,1.284635737079765,2,0,,0,0.0
05.11.2004 01:00:00.000,1.28807,1.28861,1.2871,1.28741,32405000.0,1.2848491419197832,2,0,,0,0.0
05.11.2004 02:00:00.000,1.2874,1.28822,1.28703,1.28795,33709699.2188,1.2850876694644153,2,0,,0,0.0
05.11.2004 03:00:00.000,1.28816,1.2888,1.28761,1.28852,27878900.3906,1.2853516948902297,2,1,1.2897999999999998,0,0.0
05.11.2004 04:00:00.000,1.28847,1.28871,1.28799,1.28838,31607900.3906,1.2855846414371352,2,0,,0,0.0
05.11.2004 05:00:00.000,1.28842,1.28872,1.28756,1.28782,28137699.2188,1.2857565920958172,2,0,,0,0.0
05.11.2004 06:00:00.000,1.28785,1.28869,1.28701,1.28832,32355000.0,1.2859537773192158,2,0,,0,0.0
05.11.2004 07:00:00.000,1.28844,1.28879,1.28726,1.28766,31784599.6094,1.2860850252177376,2,0,,0,0.0
05.11.2004 08:00:00.000,1.28774,1.28795,1.28581,1.28604,28595599.6094,1.28608156173945,0,0,,0,0.0
05.11.2004 09:00:00.000,1.28618,1.28643,1.28523,1.28537,29226699.2188,1.286026826221031,0,0,,0,0.0
05.11.2004 10:00:00.000,1.28532,1.28667,1.28446,1.28651,30353699.2188,1.286063993434798,0,0,,0,0.0
05.11.2004 11:00:00.000,1.2862,1.28843,1.28604,1.28766,29142400.3906,1.2861867631705828,0,0,,0,0.0
05.11.2004 12:00:00.000,1.28761,1.28796,1.28569,1.28569,30136599.6094,1.2861485506189996,0,0,,0,0.0
05.11.2004 13:00:00.000,1.28575,1.28704,1.27545,1.28232,32134699.2188,1.2858540467252304,0,2,1.27445,0,0.0
05.11.2004 14:00:00.000,1.28064,1.28945,1.28019,1.28803,31938500.0,1.2860214277463666,0,0,,0,0.0
05.11.2004 15:00:00.000,1.28815,1.29186,1.28802,1.29073,33225000.0,1.286383625612031,0,0,,0,0.0
05.11.2004 16:00:00.000,1.29073,1.29482,1.29004,1.29354,292863687.5,1.286934115949567,0,0,,0,0.0
05.11.2004 17:00:00.000,1.29362,1.2945,1.29194,1.29208,133858000.0,1.2873299531842157,0,0,,0,0.0
05.11.2004 18:00:00.000,1.29203,1.29337,1.2918,1.29272,144678000.0,1.2877445721700453,0,0,,0,0.0
05.11.2004 19:00:00.000,1.29277,1.29462,1.29252,1.29438,105389101.5625,1.2882549896954265,0,0,,0,0.0
05.11.2004 20:00:00.000,1.29431,1.29676,1.29404,1.29647,62307699.2188,1.2888869135650092,0,0,,0,0.0
05.11.2004 21:00:00.000,1.29625,1.29709,1.29532,1.29607,30834099.6094,1.289439458675393,0,0,,0,0.0
07.11.2004 22:00:00.000,1.29681,1.29706,1.296,1.29649,32333699.2188,1.2899818080080552,0,0,,0,0.0
07.11.2004 23:00:00.000,1.29662,1.29725,1.29548,1.29606,31920699.2188,1.2904493612382049,0,0,,0,0.0
08.11.2004 00:00:00.000,1.29601,1.29628,1.29496,1.29504,29620699.2188,1.2908024872968045,0,0,,0,0.0
08.11.2004 01:00:00.000,1.29514,1.29553,1.29393,1.29516,32408599.6094,1.291137680581666,0,0,,0,0.0
08.11.2004 02:00:00.000,1.29478,1.29636,1.29451,1.2961,32296400.3906,1.2915193974599992,0,0,,0,0.0
08.11.2004 03:00:00.000,1.29582,1.29684,1.29527,1.29684,30880000.0,1.2919286745784608,0,0,,0,0.0
08.11.2004 04:00:00.000,1.29692,1.29829,1.29632,1.29723,33232699.2188,1.292336468841656,0,0,,0,0.0
08.11.2004 05:00:00.000,1.29697,1.29828,1.29651,1.29819,30697900.3906,1.292786740469221,0,0,,0,0.0
08.11.2004 06:00:00.000,1.29808,1.29828,1.29675,1.29723,31559000.0,1.2931285296638964,2,0,,0,0.0
08.11.2004 07:00:00.000,1.29748,1.29841,1.29559,1.29594,32128900.3906,1.2933447966128275,2,1,1.29941,0,0.0
08.11.2004 08:00:00.000,1.29606,1.29825,1.29558,1.29702,31812900.3906,1.293627504565687,2,0,,0,0.0
08.11.2004 09:00:00.000,1.29723,1.29753,1.29498,1.29628,30577599.6094,1.293831542676019,2,0,,0,0.0
08.11.2004 10:00:00.000,1.29613,1.29641,1.29475,1.29511,29218099.6094,1.2939298855470944,2,0,,0,0.0
08.11.2004 11:00:00.000,1.29545,1.29641,1.29472,1.29495,31257400.3906,1.2940083558896256,2,0,,0,0.0
08.11.2004 12:00:00.000,1.29495,1.29517,1.29208,1.29401,31223400.3906,1.2940084823596545,2,0,,0,0.0
08.11.2004 13:00:00.000,1.29386,1.29425,1.29062,1.2928,30445599.6094,1.2939155221781427,0,0,,0,0.0
08.11.2004 14:00:00.000,1.29301,1.29336,1.29124,1.29258,30216599.6094,1.293812789702901,0,0,,0,0.0
08.11.2004 15:00:00.000,1.29262,1.29602,1.29226,1.29481,28541000.0,1.2938894981872933,0,0,,0,0.0
08.11.2004 16:00:00.000,1.29492,1.29571,1.29315,1.29367,295019500.0,1.2938726137113477,0,0,,0,0.0
08.11.2004 17:00:00.000,1.2935,1.29382,1.29205,1.2922,134698703.125,1.293743951118167,0,0,,0,0.0
08.11.2004 18:00:00.000,1.29216,1.29276,1.29163,1.29236,147799796.875,1.2936374933398465,0,0,,0,0.0
08.11.2004 19:00:00.000,1.29244,1.29281,1.29052,1.2908,106527601.5625,1.293419224621397,0,0,,0,0.0
08.11.2004 20:00:00.000,1.29076,1.29217,1.2904,1.29108,64499800.7813,1.2932392842659048,0,0,,0,0.0
08.11.2004 21:00:00.000,1.29098,1.29207,1.29098,1.29161,29840599.6094,1.2931139547069892,0,0,,0,0.0
08.11.2004 22:00:00.000,1.29153,1.29195,1.29071,1.2909,31528800.7813,1.2929436504987593,0,0,,0,0.0
08.11.2004 23:00:00.000,1.29079,1.2913,1.29021,1.29076,29351400.3906,1.2927756773834702,0,0,,0,0.0
09.11.2004 00:00:00.000,1.29029,1.29121,1.28987,1.28998,33004699.2188,1.2925606252770496,0,0,,0,0.0
09.11.2004 01:00:00.000,1.28993,1.29212,1.28904,1.29203,33282101.5625,1.292519807948046,0,0,,0,0.0
09.11.2004 02:00:00.000,1.29158,1.29268,1.29115,1.29227,32254900.3906,1.2925005919520425,0,0,,0,0.0
09.11.2004 03:00:00.000,1.29246,1.29269,1.29182,1.29188,29782599.6094,1.2924528541095777,0,0,,0,0.0
09.11.2004 04:00:00.000,1.29228,1.29231,1.29092,1.2914,29410599.6094,1.292371865331918,0,0,,0,0.0
09.11.2004 05:00:00.000,1.29148,1.29162,1.29068,1.2911,29105000.0,1.2922740295371553,0,0,,0,0.0
09.11.2004 06:00:00.000,1.29115,1.29253,1.29097,1.29218,31476300.7813,1.2922667964958356,0,0,,0,0.0
09.11.2004 07:00:00.000,1.29221,1.29372,1.29188,1.29265,29724699.2188,1.2922962736884638,0,1,1.2947199999999999,0,0.0
09.11.2004 08:00:00.000,1.29246,1.29341,1.29216,1.2926,30080500.0,1.2923196372508896,0,0,,0,0.0
09.11.2004 09:00:00.000,1.29283,1.29298,1.29096,1.29123,28760500.0,1.2922358190008212,0,0,,0,0.0
09.11.2004 10:00:00.000,1.29147,1.29147,1.28902,1.2895,30921699.2188,1.2920253713853735,0,0,,0,0.0
09.11.2004 11:00:00.000,1.28935,1.29074,1.28863,1.28956,30676599.6094,1.2918357274326526,0,0,,0,0.0
09.11.2004 12:00:00.000,1.28937,1.29145,1.28924,1.29103,31335300.7813,1.2917737483993716,0,0,,0,0.0
09.11.2004 13:00:00.000,1.2909,1.29131,1.28963,1.28979,33397800.7813,1.291621152368651,0,0,,0,0.0
09.11.2004 14:00:00.000,1.28974,1.2913,1.28842,1.29088,31610599.6094,1.2915641406479856,0,0,,0,0.0
09.11.2004 15:00:00.000,1.29152,1.29227,1.29037,1.29099,30497300.7813,1.291519975982756,0,0,,0,0.0
09.11.2004 16:00:00.000,1.29073,1.29336,1.29047,1.29268,295829593.75,1.2916092085994673,0,0,,0,0.0
09.11.2004 17:00:00.000,1.29234,1.29323,1.28966,1.29055,137262296.875,1.291527731014893,0,0,,0,0.0
09.11.2004 18:00:00.000,1.29056,1.29124,1.28927,1.28993,146361093.75,1.291404828629132,0,0,,0,0.0
09.11.2004 19:00:00.000,1.28985,1.2902,1.28892,1.28932,107668296.875,1.2912444571961217,0,0,,0,0.0
09.11.2004 20:00:00.000,1.28933,1.29043,1.28917,1.28947,64568800.7813,1.291107960488728,0,0,,0,0.0
09.11.2004 21:00:00.000,1.28927,1.29002,1.289,1.28975,30744800.7813,1.291003501989595,0,0,,0,0.0
09.11.2004 22:00:00.000,1.28972,1.29009,1.28912,1.28931,29324300.7813,1.2908732326057801,0,0,,0,0.0
09.11.2004 23:00:00.000,1.28944,1.28975,1.28893,1.28949,29887599.6094,1.2907668300976434,0,0,,0,0.0
10.11.2004 00:00:00.000,1.28921,1.28987,1.28804,1.28932,31622599.6094,1.2906555354747478,0,0,,0,0.0
10.11.2004 01:00:00.000,1.28947,1.2901,1.28896,1.28954,32273599.6094,1.2905697250536134,0,0,,0,0.0
10.11.2004 02:00:00.000,1.28947,1.29009,1.2891,1.28989,31939000.0,1.2905174385110278,0,0,,0,0.0
10.11.2004 03:00:00.000,1.28995,1.2901,1.28908,1.28914,28819599.6094,1.2904114817024872,0,0,,0,0.0
10.11.2004 04:00:00.000,1.28927,1.28966,1.28899,1.28958,31086000.0,1.2903475215715268,0,0,,0,0.0
10.11.2004 05:00:00.000,1.28949,1.28969,1.28887,1.28931,28273000.0,1.290267712219871,0,0,,0,0.0
10.11.2004 06:00:00.000,1.28965,1.29026,1.28902,1.28994,29536199.2188,1.2902425035875733,0,0,,0,0.0
10.11.2004 07:00:00.000,1.28996,1.29031,1.28823,1.28823,30206599.6094,1.2900876956192984,0,0,,0,0.0
10.11.2004 08:00:00.000,1.28812,1.29182,1.28714,1.29126,28940400.3906,1.2901778728793523,0,0,,0,0.0
10.11.2004 09:00:00.000,1.29128,1.29219,1.29066,1.29177,31273800.7813,1.2903003441963254,0,0,,0,0.0
10.11.2004 10:00:00.000,1.29199,1.29642,1.29178,1.29606,30984500.0,1.290743394642762,0,0,,0,0.0
10.11.2004 11:00:00.000,1.29563,1.29711,1.29529,1.29678,30247900.3906,1.2912077489010112,0,0,,0,0.0
10.11.2004 12:00:00.000,1.2961,1.29779,1.29589,1.29666,31057000.0,1.2916271528317027,0,0,,0,0.0
10.11.2004 13:00:00.000,1.29631,1.30014,1.29392,1.29569,30858500.0,1.2919396795369564,0,1,1.30114,0,0.0
10.11.2004 14:00:00.000,1.29592,1.29615,1.29005,1.29078,30574599.6094,1.291850473418729,0,0,,0,0.0
10.11.2004 15:00:00.000,1.2904,1.29164,1.28496,1.29118,32418099.6094,1.2917988985403654,0,2,1.2839600000000002,0,0.0
10.11.2004 16:00:00.000,1.29055,1.29349,1.28998,1.29157,286177687.5,1.2917812909603374,0,0,,0,0.0
10.11.2004 17:00:00.000,1.29205,1.29216,1.28647,1.28782,129860101.5625,1.2914765762710807,0,0,,0,0.0
10.11.2004 18:00:00.000,1.28811,1.28837,1.28655,1.28782,143394500.0,1.2911953011733053,0,0,,0,0.0
10.11.2004 19:00:00.000,1.28777,1.29034,1.28699,1.2875,106914398.4375,1.2909110472368974,0,0,,0,0.0
10.11.2004 20:00:00.000,1.28754,1.29026,1.28713,1.28926,65613296.875,1.2907840436032898,0,0,,0,0.0
10.11.2004 21:00:00.000,1.289,1.28973,1.2884,1.28853,31049599.6094,1.2906106556338062,0,0,,0,0.0
10.11.2004 22:00:00.000,1.2888,1.28954,1.28809,1.2885,31768000.0,1.2904482975081288,0,0,,0,0.0
10.11.2004 23:00:00.000,1.28863,1.28898,1.28741,1.28803,30890900.3906,1.2902622746228882,0,0,,0,0.0
11.11.2004 00:00:00.000,1.28804,1.28884,1.28768,1.28805,32977800.7813,1.2900920996518968,0,0,,0,0.0
11.11.2004 01:00:00.000,1.28785,1.28829,1.28675,1.28745,34580699.2188,1.2898888612171355,0,0,,0,0.0
11.11.2004 02:00:00.000,1.28714,1.28798,1.28707,1.28782,31354400.3906,1.2897297180465868,0,0,,0,0.0
11.11.2004 03:00:00.000,1.28793,1.2885,1.28769,1.28807,30151099.6094,1.2896020474276186,0,0,,0,0.0
11.11.2004 04:00:00.000,1.28828,1.28843,1.28702,1.28755,31366199.2188,1.2894441976254942,0,0,,0,0.0
11.11.2004 05:00:00.000,1.2876,1.28826,1.2872,1.28794,28644099.6094,1.2893284901158408,0,0,,0,0.0
11.11.2004 06:00:00.000,1.28814,1.28926,1.2876,1.28873,32044800.7813,1.2892824524146225,0,0,,0,0.0
11.11.2004 07:00:00.000,1.28886,1.28921,1.28756,1.28883,33021898.4375,1.2892476483827287,0,0,,0,0.0
11.11.2004 08:00:00.000,1.28875,1.28957,1.28823,1.28935,30448199.2188,1.289255521584057,0,0,,0,0.0
11.11.2004 09:00:00.000,1.28922,1.28967,1.28811,1.28823,29045599.6094,1.2891766353083605,0,0,,0,0.0
11.11.2004 10:00:00.000,1.28832,1.28893,1.28681,1.28726,31329599.6094,1.2890292018231022,0,0,,0,0.0
11.11.2004 11:00:00.000,1.28732,1.28749,1.28649,1.28684,30720300.7813,1.2888608016828635,0,0,,0,0.0
11.11.2004 12:00:00.000,1.28687,1.28835,1.28577,1.28774,32099500.0,1.2887745861687974,0,2,1.2847700000000002,0,0.0
11.11.2004 13:00:00.000,1.28766,1.29091,1.28762,1.29061,29975500.0,1.2889157718481208,0,0,,0,0.0
11.11.2004 14:00:00.000,1.29042,1.29057,1.28871,1.28975,30745599.6094,1.2889799432444191,0,0,,0,0.0
11.11.2004 15:00:00.000,1.28987,1.29081,1.28892,1.28907,29524099.6094,1.2889868706871563,0,0,,0,0.0
11.11.2004 16:00:00.000,1.28896,1.29114,1.28896,1.29073,293053000.0,1.2891209575573752,0,0,,0,0.0
11.11.2004 17:00:00.000,1.29058,1.29085,1.28949,1.29056,136777796.875,1.2892316531298849,0,0,,0,0.0
11.11.2004 18:00:00.000,1.2905,1.29181,1.29021,1.29125,147778406.25,1.2893869105814324,0,0,,0,0.0
11.11.2004 19:00:00.000,1.29153,1.29163,1.29047,1.29082,104544398.4375,1.2894971482290145,0,0,,0,0.0
11.11.2004 20:00:00.000,1.29092,1.2913,1.29,1.2905,63732699.2188,1.2895742906729364,0,0,,0,0.0
11.11.2004 21:00:00.000,1.28979,1.29072,1.28938,1.29026,31309599.6094,1.289627037544249,0,0,,0,0.0
11.11.2004 22:00:00.000,1.29047,1.29089,1.28957,1.2904,29890800.7813,1.2896864961946914,0,0,,0,0.0
11.11.2004 23:00:00.000,1.29037,1.29145,1.28983,1.29042,31533199.2188,1.2897429195643306,0,0,,0,0.0
12.11.2004 00:00:00.000,1.2904,1.29129,1.29002,1.29031,30806599.6094,1.2897865411363054,0,0,,0,0.0
12.11.2004 01:00:00.000,1.29036,1.29209,1.29011,1.29192,32880199.2188,1.2899506533565899,0,0,,0,0.0
12.11.2004 02:00:00.000,1.29149,1.29191,1.28988,1.29023,32953199.2188,1.289972141559929,0,0,,0,0.0
12.11.2004 03:00:00.000,1.29021,1.29124,1.28975,1.29103,31072699.2188,1.2900535152860884,0,0,,0,0.0
12.11.2004 04:00:00.000,1.29135,1.29188,1.29101,1.29142,30576599.6094,1.2901586294948508,0,0,,0,0.0
12.11.2004 05:00:00.000,1.29143,1.29251,1.29134,1.29222,30281300.7813,1.2903171964567854,0,0,,0,0.0
12.11.2004 06:00:00.000,1.29214,1.29232,1.29133,1.29185,30000199.2188,1.2904351044216482,0,0,,0,0.0
12.11.2004 07:00:00.000,1.29172,1.29313,1.29095,1.29301,30364000.0,1.2906331733122909,0,0,,0,0.0
12.11.2004 08:00:00.000,1.29289,1.29315,1.29125,1.29137,30141500.0,1.2906898522882686,2,0,,0,0.0
12.11.2004 09:00:00.000,1.29163,1.29232,1.2913,1.29205,30417099.6094,1.290794479035325,2,0,,0,0.0
12.11.2004 10:00:00.000,1.29213,1.29272,1.29155,1.29207,30900900.3906,1.2908925960326079,2,0,,0,0.0
12.11.2004 11:00:00.000,1.29195,1.29235,1.29088,1.29138,30631199.2188,1.2909300886454842,2,0,,0,0.0
12.11.2004 12:00:00.000,1.29141,1.29349,1.2906,1.29197,31413300.7813,1.2910100818266008,2,0,,0,0.0
12.11.2004 13:00:00.000,1.29193,1.29242,1.28997,1.29014,31106199.2188,1.2909431524553239,0,0,,0,0.0
12.11.2004 14:00:00.000,1.29008,1.2906,1.28741,1.29041,31355900.3906,1.2909021407279915,0,2,1.28641,0,0.0
12.11.2004 15:00:00.000,1.2904,1.29307,1.2902,1.29225,29707599.6094,1.291005822210454,0,0,,0,0.0
12.11.2004 16:00:00.000,1.29219,1.29712,1.29217,1.29643,293228500.0,1.2914230666558038,0,0,,0,0.0
12.11.2004 17:00:00.000,1.29664,1.29782,1.29576,1.29639,132837406.25,1.2918051384515112,0,0,,0,0.0
12.11.2004 18:00:00.000,1.29648,1.29808,1.29632,1.29751,150524593.75,1.2922439739552412,0,0,,0,0.0
12.11.2004 19:00:00.000,1.29735,1.2987,1.29733,1.29818,109160898.4375,1.2927005913432996,0,0,,0,0.0
12.11.2004 20:00:00.000,1.29826,1.2984,1.29695,1.29738,65342699.2188,1.2930605458553535,0,0,,0,0.0
12.11.2004 21:00:00.000,1.29709,1.29777,1.29678,1.29712,29304800.7813,1.293372811558788,0,0,,0,0.0
14.11.2004 22:00:00.000,1.29703,1.29757,1.29644,1.29672,29939500.0,1.2936302875927275,0,0,,0,0.0
14.11.2004 23:00:00.000,1.29685,1.29887,1.2968,1.29856,32414300.7813,1.2940094962394408,0,0,,0,0.0
15.11.2004 00:00:00.000,1.29834,1.29969,1.29702,1.29702,31880000.0,1.2942410734517915,0,1,1.30069,0,0.0
15.11.2004 01:00:00.000,1.29755,1.29767,1.2953,1.29579,33493300.7813,1.2943602216478076,0,0,,0,0.0
15.11.2004 02:00:00.000,1.29603,1.29666,1.2957,1.29619,31937300.7813,1.2945009738287454,0,0,,0,0.0
15.11.2004 03:00:00.000,1.29638,1.29666,1.2958,1.29612,30237900.3906,1.2946255143034575,0,0,,0,0.0
15.11.2004 04:00:00.000,1.29647,1.2973,1.29599,1.2972,32089500.0,1.29482355166473,0,0,,0,0.0
15.11.2004 05:00:00.000,1.29714,1.29769,1.29681,1.29709,29179500.0,1.2949978938443663,0,0,,0,0.0
15.11.2004 06:00:00.000,1.297,1.29763,1.29639,1.29707,31144599.6094,1.2951572866255687,0,0,,0,0.0
15.11.2004 07:00:00.000,1.29751,1.29896,1.29707,1.29855,31939400.3906,1.2954182645774481,2,0,,0,0.0
15.11.2004 08:00:00.000,1.29858,1.29915,1.29539,1.29629,31302699.2188,1.2954853211484136,2,0,,0,0.0
15.11.2004 09:00:00.000,1.2965,1.29763,1.29516,1.29574,29892199.2188,1.295504911829305,2,0,,0,0.0
15.11.2004 10:00:00.000,1.29563,1.29623,1.29394,1.29407,29508900.3906,1.2953945339962816,0,0,,0,0.0
15.11.2004 11:00:00.000,1.29423,1.29473,1.29363,1.29421,32086000.0,1.2953034159965677,0,0,,0,0.0
15.11.2004 12:00:00.000,1.29432,1.29543,1.29373,1.29449,29775800.7813,1.2952408455352935,0,0,,0,0.0
15.11.2004 13:00:00.000,1.29497,1.29707,1.29445,1.29707,29582800.7813,1.2953815497248864,0,0,,0,0.0
15.11.2004 14:00:00.000,1.29656,1.29695,1.29494,1.2954,30172099.6094,1.2953829689768184,0,0,,0,0.0
15.11.2004 15:00:00.000,1.2954,1.29601,1.29329,1.29383,33185000.0,1.2952635098247556,0,0,,0,0.0
15.11.2004 16:00:00.000,1.29389,1.29499,1.29321,1.29429,295849687.5,1.2951886244536206,0,0,,0,0.0
15.11.2004 17:00:00.000,1.29426,1.29485,1.29165,1.29172,138381703.125,1.2949218071879576,0,0,,0,0.0
15.11.2004 18:00:00.000,1.29288,1.29331,1.29154,1.29299,149800703.125,1.2947732066350377,0,2,1.29054,0,0.0
15.11.2004 19:00:00.000,1.29323,1.29409,1.29258,1.29378,107017796.875,1.2946968061246502,0,0,,0,0.0
15.11.2004 20:00:00.000,1.29401,1.29444,1.29317,1.29431,63739500.0,1.2946670518073695,0,0,,0,0.0
15.11.2004 21:00:00.000,1.29381,1.29479,1.29381,1.29442,30076000.0,1.2946480478221873,0,0,,0,0.0
15.11.2004 22:00:00.000,1.29457,1.29531,1.29391,1.29474,30271800.7813,1.2946551210666344,0,0,,0,0.0
15.11.2004 23:00:00.000,1.2945,1.29491,1.29315,1.29339,32267199.2188,1.2945578040615087,0,0,,0,0.0
16.11.2004 00:00:00.000,1.29336,1.29375,1.29203,1.29255,30292400.3906,1.294403357595239,0,0,,0,0.0
16.11.2004 01:00:00.000,1.29255,1.29289,1.29163,1.29212,33735800.7813,1.2942277147032977,0,0,,0,0.0
16.11.2004 02:00:00.000,1.29199,1.2933,1.29186,1.29282,32863000.0,1.2941194289568902,0,0,,0,0.0
16.11.2004 03:00:00.000,1.29318,1.29318,1.29209,1.2927,28751199.2188,1.2940102421140527,0,0,,0,0.0
16.11.2004 04:00:00.000,1.29249,1.2938,1.29223,1.29376,31706099.6094,1.293990992720664,0,0,,0,0.0
16.11.2004 05:00:00.000,1.29387,1.29389,1.2927,1.29355,28190800.7813,1.29395707020369,0,0,,0,0.0
16.11.2004 06:00:00.000,1.29348,1.2938,1.29203,1.29353,32200900.3906,1.29392421864956,0,0,,0,0.0
16.11.2004 07:00:00.000,1.29307,1.29568,1.29288,1.29506,31044699.2188,1.294011586445748,0,0,,0,0.0
16.11.2004 08:00:00.000,1.29522,1.29699,1.29501,1.29642,31171099.6094,1.2941968490268443,0,0,,0,0.0
16.11.2004 09:00:00.000,1.29658,1.29815,1.29631,1.29722,31147199.2188,1.2944293991017024,0,0,,0,0.0
16.11.2004 10:00:00.000,1.29742,1.29846,1.29699,1.29756,29618599.6094,1.2946702145554176,0,0,,0,0.0
16.11.2004 11:00:00.000,1.29745,1.29763,1.29601,1.29604,31393099.6094,1.2947755826665395,0,0,,0,0.0
16.11.2004 12:00:00.000,1.29615,1.29773,1.29591,1.29707,32212800.7813,1.2949520763075748,0,0,,0,0.0
16.11.2004 13:00:00.000,1.29713,1.2983,1.29585,1.29761,30732599.6094,1.295156531976223,0,0,,0,0.0
16.11.2004 14:00:00.000,1.29814,1.29915,1.29422,1.29518,31914500.0,1.2951583372088213,0,1,1.30015,0,0.0
16.11.2004 15:00:00.000,1.2949,1.29864,1.29488,1.29724,30078400.3906,1.2953184651158351,0,0,,0,0.0
16.11.2004 16:00:00.000,1.29762,1.29895,1.29657,1.29733,296800500.0,1.2954731985684633,0,0,,0,0.0
16.11.2004 17:00:00.000,1.29716,1.29809,1.29683,1.29765,137375593.75,1.2956406448324278,0,0,,0,0.0
16.11.2004 18:00:00.000,1.29769,1.29792,1.29594,1.29654,142926000.0,1.2957098259991642,0,0,,0,0.0
16.11.2004 19:00:00.000,1.29647,1.29745,1.29609,1.29653,105053500.0,1.2957729163069207,0,0,,0,0.0
16.11.2004 20:00:00.000,1.29643,1.29659,1.29489,1.29528,65429199.2188,1.295734999667927,0,0,,0,0.0
16.11.2004 21:00:00.000,1.29527,1.29575,1.29492,1.29518,30454099.6094,1.295692307385779,0,0,,0,0.0
16.11.2004 22:00:00.000,1.2954,1.29588,1.295,1.29524,31920599.6094,1.2956575145099498,0,0,,0,0.0
16.11.2004 23:00:00.000,1.29555,1.29619,1.29488,1.29567,32273300.7813,1.2956584749322615,0,0,,0,0.0
17.11.2004 00:00:00.000,1.29587,1.29597,1.29487,1.29518,30586900.3906,1.2956216691682414,0,0,,0,0.0
17.11.2004 01:00:00.000,1.29508,1.29646,1.29499,1.29581,32716500.0,1.2956361561552998,0,0,,0,0.0
17.11.2004 02:00:00.000,1.29578,1.2961,1.29506,1.29564,31850699.2188,1.2956364518356616,0,0,,0,0.0
17.11.2004 03:00:00.000,1.2954,1.2961,1.2951,1.29535,29534599.6094,1.2956144170790722,0,0,,0,0.0
17.11.2004 04:00:00.000,1.29554,1.29653,1.29507,1.29653,32819000.0,1.2956848465345283,0,0,,0,0.0
17.11.2004 05:00:00.000,1.29631,1.29706,1.29591,1.29645,28709500.0,1.2957437044934108,0,0,,0,0.0
17.11.2004 06:00:00.000,1.29639,1.2982,1.29609,1.29793,31276599.6094,1.2959118810708408,0,0,,0,0.0
17.11.2004 07:00:00.000,1.29791,1.29884,1.29692,1.29834,30224900.3906,1.2960986594500068,0,0,,0,0.0
17.11.2004 08:00:00.000,1.29876,1.29994,1.29823,1.29919,30173800.7813,1.2963364548769294,0,0,,0,0.0
17.11.2004 09:00:00.000,1.29928,1.30315,1.29883,1.30212,31338699.2188,1.2967813429633197,0,0,,0,0.0
17.11.2004 10:00:00.000,1.30242,1.30448,1.30211,1.30374,31285599.6094,1.2973166242738337,0,1,1.30548,0,0.0
17.11.2004 11:00:00.000,1.3038,1.30403,1.30254,1.30287,31813099.6094,1.2977438070220004,0,0,,0,0.0
17.11.2004 12:00:00.000,1.30288,1.30308,1.30194,1.30274,31853400.3906,1.2981281295587697,0,0,,0,0.0
17.11.2004 13:00:00.000,1.3022,1.30366,1.30206,1.30293,31085800.7813,1.2984975042080953,0,0,,0,0.0
17.11.2004 14:00:00.000,1.3032,1.30354,1.30184,1.30233,32754000.0,1.2987923115767035,0,0,,0,0.0
17.11.2004 15:00:00.000,1.3025,1.30304,1.30079,1.30133,31096500.0,1.2989875183784956,0,0,,0,0.0
17.11.2004 16:00:00.000,1.30233,1.30407,1.30164,1.30296,295730906.25,1.2992930938878422,0,0,,0,0.0
17.11.2004 17:00:00.000,1.30301,1.3039,1.30152,1.30197,137403093.75,1.2994990097426238,0,0,,0,0.0
17.11.2004 18:00:00.000,1.30204,1.30374,1.30198,1.30265,147906406.25,1.2997413936085758,0,0,,0,0.0
17.11.2004 19:00:00.000,1.3027,1.304,1.30258,1.30377,107316296.875,1.3000512864079161,0,0,,0,0.0
17.11.2004 20:00:00.000,1.30365,1.3044,1.30272,1.30315,64299800.7813,1.3002896489919227,2,0,,0,0.0
17.11.2004 21:00:00.000,1.30292,1.30384,1.30267,1.30346,32049199.2188,1.30053352214639,2,0,,0,0.0
17.11.2004 22:00:00.000,1.30315,1.30408,1.30235,1.30408,31070099.6094,1.3008063281351294,2,0,,0,0.0
17.11.2004 23:00:00.000,1.30387,1.30402,1.30265,1.30324,32626900.3906,1.3009935336631966,2,0,,0,0.0
18.11.2004 00:00:00.000,1.30341,1.30384,1.30252,1.30272,32100300.7813,1.3011263387660277,2,0,,0,0.0
18.11.2004 01:00:00.000,1.3027,1.30371,1.30248,1.30335,32882101.5625,1.3012973896301794,2,0,,0,0.0
18.11.2004 02:00:00.000,1.30315,1.30389,1.30291,1.30341,33282898.4375,1.3014598981201657,2,0,,0,0.0
18.11.2004 03:00:00.000,1.30331,1.30388,1.30284,1.30349,28654199.2188,1.3016160598032298,2,0,,0,0.0
18.11.2004 04:00:00.000,1.30339,1.3039,1.30318,1.3036,30330699.2188,1.3017686705875968,2,0,,0,0.0
18.11.2004 05:00:00.000,1.30346,1.30365,1.30316,1.30359,27596599.6094,1.3019087728500895,2,0,,0,0.0
18.11.2004 06:00:00.000,1.30359,1.30661,1.30338,1.30573,32176500.0,1.3022027134000826,2,0,,0,0.0
18.11.2004 07:00:00.000,1.30591,1.30611,1.30485,1.30555,29216500.0,1.3024601969846916,2,0,,0,0.0
18.11.2004 08:00:00.000,1.30575,1.30715,1.30511,1.30665,31069199.2188,1.3027824895243307,2,1,1.30815,0,0.0
18.11.2004 09:00:00.000,1.30687,1.30702,1.30443,1.30506,28773300.7813,1.3029576826378437,2,0,,0,0.0
18.11.2004 10:00:00.000,1.30458,1.30496,1.30375,1.30423,30125599.6094,1.3030555532041634,2,0,,0,0.0
18.11.2004 11:00:00.000,1.3044,1.30507,1.30297,1.30297,30893699.2188,1.3030489721884586,0,0,,0,0.0
18.11.2004 12:00:00.000,1.3031,1.3034,1.30004,1.30208,29674699.2188,1.3029744358662696,0,0,,0,0.0
18.11.2004 13:00:00.000,1.30181,1.30317,1.30028,1.30063,29879900.3906,1.3027940946457874,0,0,,0,0.0
18.11.2004 14:00:00.000,1.3005,1.30167,1.29954,1.30016,29697000.0,1.3025914719807268,0,0,,0,0.0
18.11.2004 15:00:00.000,1.30004,1.30148,1.29828,1.29903,31451400.3906,1.302317512597594,0,0,,0,0.0
18.11.2004 16:00:00.000,1.29962,1.29967,1.29749,1.29783,297127906.25,1.301972319320856,0,0,,0,0.0
18.11.2004 17:00:00.000,1.29757,1.29835,1.29398,1.29499,137006000.0,1.3014352178346364,0,0,,0,0.0
18.11.2004 18:00:00.000,1.29515,1.29683,1.29505,1.29637,145373000.0,1.3010455856935108,0,0,,0,0.0
18.11.2004 19:00:00.000,1.29655,1.29719,1.29611,1.29685,103527703.125,1.3007228483324718,0,0,,0,0.0
18.11.2004 20:00:00.000,1.2969,1.29727,1.29557,1.2957,63378898.4375,1.3003364753838202,0,0,,0,0.0
18.11.2004 21:00:00.000,1.29543,1.29618,1.29505,1.2957,32892300.7813,1.2999798234312188,0,0,,0,0.0
18.11.2004 22:00:00.000,1.29591,1.29597,1.29394,1.29399,28917900.3906,1.2995190677826636,0,0,,0,0.0
18.11.2004 23:00:00.000,1.29381,1.29548,1.29381,1.29456,32691300.7813,1.299137601030151,0,0,,0,0.0
19.11.2004 00:00:00.000,1.2943,1.29482,1.29372,1.29423,31657599.6094,1.298760093258601,0,2,1.29272,0,0.0
19.11.2004 01:00:00.000,1.29425,1.29569,1.29414,1.29543,32670000.0,1.2985039322387089,0,0,,0,0.0
19.11.2004 02:00:00.000,1.29538,1.29613,1.29485,1.29551,32635500.0,1.2982736297588082,0,0,,0,0.0
19.11.2004 03:00:00.000,1.29545,1.29627,1.29529,1.29603,30629000.0,1.2981010428542847,0,0,,0,0.0
19.11.2004 04:00:00.000,1.29622,1.29631,1.2947,1.29573,29882199.2188,1.2979186549424169,1,0,,0,0.0
19.11.2004 05:00:00.000,1.29552,1.29658,1.29449,1.29635,29592500.0,1.2977979891776157,1,0,,0,0.0
19.11.2004 06:00:00.000,1.29647,1.29784,1.29623,1.29653,31867300.7813,1.2977004515485684,1,0,,0,0.0
19.11.2004 07:00:00.000,1.29662,1.29732,1.29513,1.29518,29915099.6094,1.2975065706602171,1,0,,0,0.0
19.11.2004 08:00:00.000,1.29538,1.29918,1.2953,1.29912,29359300.7813,1.2976306806094313,0,0,,0,0.0
19.11.2004 09:00:00.000,1.29898,1.29949,1.29798,1.29908,29570500.0,1.2977421667163982,0,0,,0,0.0
19.11.2004 10:00:00.000,1.29932,1.30165,1.29845,1.30132,30840599.6094,1.2980173846612908,0,0,,0,0.0
19.11.2004 11:00:00.000,1.3016,1.30393,1.30132,1.30203,31751300.7813,1.2983260473796532,0,0,,0,0.0
19.11.2004 12:00:00.000,1.3023,1.30264,1.30107,1.30205,31025000.0,1.298612505273526,0,0,,0,0.0
19.11.2004 13:00:00.000,1.30198,1.30621,1.30148,1.30512,32059500.0,1.299113081790947,0,0,,0,0.0
19.11.2004 14:00:00.000,1.30506,1.30581,1.30215,1.30478,31432199.2188,1.299548998576259,0,0,,0,0.0
19.11.2004 15:00:00.000,1.3046,1.30613,1.30274,1.30543,31630500.0,1.300001383301162,0,0,,0,0.0
19.11.2004 16:00:00.000,1.30468,1.3066,1.30457,1.30558,295740187.5,1.3004305076626113,0,1,1.3075999999999999,0,0.0
19.11.2004 17:00:00.000,1.30539,1.30587,1.30323,1.30388,136003500.0,1.3006958532270259,0,0,,0,0.0
19.11.2004 18:00:00.000,1.30392,1.30405,1.30218,1.30377,145536203.125,1.3009323260557162,0,0,,0,0.0
19.11.2004 19:00:00.000,1.30359,1.30424,1.30037,1.30113,104479203.125,1.300947531743738,0,0,,0,0.0
19.11.2004 20:00:00.000,1.3011,1.30261,1.30034,1.30235,65115699.2188,1.3010554139172967,0,0,,0,0.0
19.11.2004 21:00:00.000,1.30225,1.30269,1.30133,1.30199,31530000.0,1.3011273051544279,0,0,,0,0.0
21.11.2004 22:00:00.000,1.30357,1.30483,1.30344,1.30355,31055699.2188,1.3013136662963949,0,0,,0,0.0
21.11.2004 23:00:00.000,1.30364,1.30379,1.30176,1.30203,32198599.6094,1.3013687688889801,0,0,,0,0.0
22.11.2004 00:00:00.000,1.30193,1.30293,1.30141,1.3027,30939099.6094,1.3014711712821354,2,0,,0,0.0
22.11.2004 01:00:00.000,1.30288,1.30339,1.30228,1.30264,30881000.0,1.3015610811835097,2,0,,0,0.0
22.11.2004 02:00:00.000,1.30282,1.30303,1.30193,1.30222,32150500.0,1.3016117672463166,2,0,,0,0.0
22.11.2004 03:00:00.000,1.30216,1.30289,1.30198,1.30267,30503500.0,1.3016931697658307,2,0,,0,0.0
22.11.2004 04:00:00.000,1.30262,1.30339,1.30201,1.30299,30334599.6094,1.30179292593769,2,0,,0,0.0
22.11.2004 05:00:00.000,1.3031,1.30498,1.30287,1.30403,28915800.7813,1.3019650085578678,2,0,,0,0.0
22.11.2004 06:00:00.000,1.30407,1.30456,1.30279,1.30281,31025500.0,1.3020300078995704,2,0,,0,0.0
22.11.2004 07:00:00.000,1.30336,1.30505,1.3026,1.30362,32814199.2188,1.302152314984219,2,1,1.30605,0,0.0
22.11.2004 08:00:00.000,1.30464,1.30464,1.3012,1.30336,30904800.7813,1.3022452138315868,2,2,1.3002,0,0.0
22.11.2004 09:00:00.000,1.30366,1.30376,1.30186,1.303,30054699.2188,1.3023032743060803,2,0,,0,0.0
22.11.2004 10:00:00.000,1.30346,1.30371,1.30264,1.30291,30917199.2188,1.302349945513305,2,0,,0,0.0
22.11.2004 11:00:00.000,1.30298,1.3038,1.30275,1.30339,30402599.6094,1.3024299497045893,2,0,,0,0.0
22.11.2004 12:00:00.000,1.30338,1.30441,1.30308,1.30308,30729000.0,1.302479953573467,2,0,,0,0.0
22.11.2004 13:00:00.000,1.30325,1.3036,1.30186,1.30195,30986500.0,1.3024391879139696,0,0,,0,0.0
22.11.2004 14:00:00.000,1.30193,1.30414,1.30192,1.304,29872300.7813,1.3025592503821257,0,0,,0,0.0
22.11.2004 15:00:00.000,1.30393,1.30482,1.30326,1.30415,30092000.0,1.302681615737347,0,0,,0,0.0
22.11.2004 16:00:00.000,1.30411,1.30482,1.30329,1.30446,294112312.5,1.302818414526782,0,0,,0,0.0
22.11.2004 17:00:00.000,1.30465,1.30483,1.30329,1.3039,133485500.0,1.3029016134093374,0,0,,0,0.0
22.11.2004 18:00:00.000,1.30396,1.30443,1.30323,1.30364,147190703.125,1.30295841237785,0,0,,0,0.0
22.11.2004 19:00:00.000,1.30376,1.30432,1.30312,1.30337,106413796.875,1.3029900729641692,0,0,,0,0.0
22.11.2004 20:00:00.000,1.30334,1.30417,1.3031,1.30365,63780800.7813,1.30304083658231,0,0,,0,0.0
22.11.2004 21:00:00.000,1.30398,1.30485,1.30341,1.30454,33356300.7813,1.3031561568452095,0,1,1.30585,0,0.0
22.11.2004 22:00:00.000,1.30466,1.30473,1.3033,1.30377,31715400.3906,1.3032033755494241,0,0,,0,0.0
22.11.2004 23:00:00.000,1.30392,1.3041,1.303,1.30356,31940800.7813,1.3032308081994686,0,0,,0,0.0
23.11.2004 00:00:00.000,1.30357,1.30388,1.30103,1.30183,30156599.6094,1.3031230537225864,0,0,,0,0.0
23.11.2004 01:00:00.000,1.30103,1.30168,1.30048,1.30096,32836898.4375,1.3029566649746953,0,0,,0,0.0
23.11.2004 02:00:00.000,1.3008,1.30144,1.29758,1.29811,33526699.2188,1.3025838445920266,0,2,1.29658,0,0.0
23.11.2004 03:00:00.000,1.29821,1.30005,1.2977,1.29997,30562699.2188,1.3023827796234093,0,0,,0,0.0
23.11.2004 04:00:00.000,1.29977,1.30005,1.29876,1.29913,33121699.2188,1.302132565806224,0,0,,0,0.0
23.11.2004 05:00:00.000,1.2991,1.30033,1.2987,1.30012,30235199.2188,1.3019777530518992,0,0,,0,0.0
23.11.2004 06:00:00.000,1.30015,1.30033,1.29851,1.29851,31605199.2188,1.301711002817138,0,0,,0,0.0
23.11.2004 07:00:00.000,1.29937,1.30149,1.29864,1.29983,31508300.7813,1.3015663102927426,0,0,,0,0.0
23.11.2004 08:00:00.000,1.29984,1.30091,1.29898,1.2991,28311099.6094,1.3013765941163777,0,0,,0,0.0
23.11.2004 09:00:00.000,1.29953,1.30013,1.29825,1.2989,30204500.0,1.3011860868766565,0,0,,0,0.0
23.11.2004 10:00:00.000,1.29872,1.30533,1.29863,1.30504,32266500.0,1.3014825417322984,0,0,,0,0.0
23.11.2004 11:00:00.000,1.30494,1.30717,1.30117,1.30642,31779000.0,1.3018623462144294,0,0,,0,0.0
23.11.2004 12:00:00.000,1.30667,1.30904,1.30547,1.30811,30347800.7813,1.3023429349671658,0,0,,0,0.0
23.11.2004 13:00:00.000,1.30829,1.30907,1.3064,1.30662,31302199.2188,1.3026719399696916,0,0,,0,0.0
23.11.2004 14:00:00.000,1.3066,1.30769,1.30608,1.30699,30271500.0,1.3030040984335616,0,0,,0,0.0
23.11.2004 15:00:00.000,1.30728,1.30937,1.307,1.30823,31133800.7813,1.3034060908617493,0,0,,0,0.0
23.11.2004 16:00:00.000,1.30855,1.30977,1.30746,1.3085,299140593.75,1.3037979300262303,0,0,,0,0.0
23.11.2004 17:00:00.000,1.30809,1.3101,1.30809,1.3096,132287703.125,1.3042442431011358,0,1,1.3111,0,0.0
23.11.2004 18:00:00.000,1.30995,1.30995,1.30842,1.30877,144987796.875,1.3045923782472024,0,0,,0,0.0
23.11.2004 19:00:00.000,1.30874,1.30901,1.30765,1.30787,107210296.875,1.3048445029974178,0,0,,0,0.0
23.11.2004 20:00:00.000,1.30785,1.30835,1.30724,1.30748,64468000.0,1.305047233536078,0,0,,0,0.0
23.11.2004 21:00:00.000,1.30751,1.30898,1.30723,1.30863,30665500.0,1.30532283095638,0,0,,0,0.0
23.11.2004 22:00:00.000,1.30854,1.30894,1.30778,1.30813,30759000.0,1.3055387670366585,0,0,,0,0.0
23.11.2004 23:00:00.000,1.30824,1.31,1.30784,1.30973,31814400.3906,1.3058611695723001,0,0,,0,0.0
24.11.2004 00:00:00.000,1.30957,1.31002,1.3088,1.30926,32702699.2188,1.3061226180667387,0,0,,0,0.0
24.11.2004 01:00:00.000,1.30927,1.30934,1.30833,1.30894,34365199.2188,1.3063393397539127,0,0,,0,0.0
24.11.2004 02:00:00.000,1.30888,1.30977,1.30835,1.30945,31221400.3906,1.306578621311304,2,0,,0,0.0
24.11.2004 03:00:00.000,1.30966,1.3098,1.30823,1.30823,31092300.7813,1.3067056504412038,2,0,,0,0.0
24.11.2004 04:00:00.000,1.30847,1.30927,1.30827,1.30896,30620000.0,1.3068790619457267,2,0,,0,0.0
24.11.2004 05:00:00.000,1.30877,1.30969,1.30814,1.309,29708000.0,1.3070422110268247,2,0,,0,0.0
24.11.2004 06:00:00.000,1.3088,1.31125,1.30848,1.31105,31858199.2188,1.3073505024863,2,0,,0,0.0
24.11.2004 07:00:00.000,1.31104,1.3112,1.30931,1.31045,32219300.7813,1.3075889253719692,2,0,,0,0.0
24.11.2004 08:00:00.000,1.31052,1.31346,1.31023,1.31281,29516500.0,1.3079905464972024,2,0,,0,0.0
24.11.2004 09:00:00.000,1.31294,1.31518,1.31226,1.31431,29785099.6094,1.30847665830511,2,0,,0,0.0
24.11.2004 10:00:00.000,1.31456,1.31646,1.31159,1.31571,30333599.6094,1.309033069204717,2,0,,0,0.0
24.11.2004 11:00:00.000,1.31544,1.31657,1.31418,1.31444,31583500.0,1.3094489869582004,2,0,,0,0.0
24.11.2004 12:00:00.000,1.31452,1.31539,1.31396,1.31425,32197300.7813,1.3098182956537237,2,0,,0,0.0
24.11.2004 13:00:00.000,1.31425,1.31596,1.31411,1.3154,30031900.3906,1.3102476575265143,2,0,,0,0.0
24.11.2004 14:00:00.000,1.31528,1.31665,1.31497,1.31609,31241199.2188,1.3106970684860133,2,0,,0,0.0
24.11.2004 15:00:00.000,1.31648,1.31688,1.31417,1.31556,30068699.2188,1.3110711401409356,2,0,,0,0.0
24.11.2004 16:00:00.000,1.31573,1.31648,1.31521,1.31585,288562093.75,1.3114387447454792,2,0,,0,0.0
24.11.2004 17:00:00.000,1.31582,1.31759,1.31556,1.31658,138708000.0,1.311834225918904,2,0,,0,0.0
24.11.2004 18:00:00.000,1.31672,1.3175,1.31625,1.3172,147247000.0,1.312246977771296,2,0,,0,0.0
24.11.2004 19:00:00.000,1.31722,1.31776,1.31669,1.31718,107859703.125,1.312626441019658,2,0,,0,0.0
24.11.2004 20:00:00.000,1.31731,1.31771,1.31685,1.31723,64450199.2188,1.3129805609412228,2,0,,0,0.0
24.11.2004 21:00:00.000,1.31672,1.31879,1.31672,1.31807,32320099.6094,1.3133720562534366,2,0,,0,0.0
24.11.2004 22:00:00.000,1.31854,1.31875,1.31788,1.31835,31818500.0,1.3137549750031723,2,0,,0,0.0
24.11.2004 23:00:00.000,1.31836,1.31849,1.3171,1.31724,29079599.6094,1.3140230538490822,2,0,,0,0.0
25.11.2004 00:00:00.000,1.31743,1.31763,1.31602,1.31664,28641400.3906,1.314224357399153,2,0,,0,0.0
25.11.2004 01:00:00.000,1.31669,1.31732,1.31611,1.31714,31975300.7813,1.3144486375992182,2,0,,0,0.0
25.11.2004 02:00:00.000,1.31681,1.31768,1.31662,1.31735,31362599.6094,1.3146718193223552,2,0,,0,0.0
25.11.2004 03:00:00.000,1.31736,1.31785,1.31685,1.3171,28438699.2188,1.314858602451405,2,0,,0,0.0
25.11.2004 04:00:00.000,1.31698,1.31817,1.31676,1.31786,30845699.2188,1.3150894791859125,2,0,,0,0.0
25.11.2004 05:00:00.000,1.31771,1.3183,1.31711,1.31795,28079500.0,1.3153095192485347,2,0,,0,0.0
25.11.2004 06:00:00.000,1.3179,1.31871,1.31772,1.31823,30152400.3906,1.315534171614032,2,0,,0,0.0
25.11.2004 07:00:00.000,1.31833,1.31907,1.31665,1.3183,29078199.2188,1.315746927643722,2,0,,0,0.0
25.11.2004 08:00:00.000,1.31836,1.31992,1.31785,1.31882,30692900.3906,1.3159833178249742,2,0,,0,0.0
25.11.2004 09:00:00.000,1.31912,1.31984,1.31797,1.31868,29274699.2188,1.316190754915361,2,0,,0,0.0
25.11.2004 10:00:00.000,1.3187,1.31997,1.31832,1.31958,30123400.3906,1.316451466075718,2,0,,0,0.0
25.11.2004 11:00:00.000,1.31962,1.3234,1.31882,1.3218,32928601.5625,1.3168628917622012,2,0,,0,0.0
25.11.2004 12:00:00.000,1.32188,1.32273,1.32103,1.32181,31832099.6094,1.3172434385497243,2,0,,0,0.0
25.11.2004 13:00:00.000,1.32184,1.3223,1.32065,1.3209,31589500.0,1.3175247125074379,2,0,,0,0.0
25.11.2004 14:00:00.000,1.32102,1.32209,1.32059,1.32155,31585000.0,1.3178343500068659,2,0,,0,0.0
25.11.2004 15:00:00.000,1.32158,1.32411,1.32137,1.32367,30389599.6094,1.318283246160184,2,0,,0,0.0
25.11.2004 16:00:00.000,1.32383,1.32439,1.32321,1.32368,294888687.5,1.3186983810709392,2,0,,0,0.0
25.11.2004 17:00:00.000,1.32345,1.32463,1.32343,1.32431,136748406.25,1.3191300440654823,2,0,,0,0.0
25.11.2004 18:00:00.000,1.32417,1.3244,1.32309,1.32333,149659593.75,1.3194531175989068,2,0,,0,0.0
25.11.2004 19:00:00.000,1.32327,1.32433,1.32289,1.32415,105611203.125,1.3198144162451448,2,0,,0,0.0
25.11.2004 20:00:00.000,1.32405,1.32443,1.32362,1.32419,65172101.5625,1.3201509996109029,2,0,,0,0.0
25.11.2004 21:00:00.000,1.32377,1.32794,1.32377,1.32687,31993900.3906,1.3206678457946797,2,0,,0,0.0
25.11.2004 22:00:00.000,1.32604,1.32794,1.32604,1.32739,30990400.3906,1.3211849345797044,2,0,,0,0.0
25.11.2004 23:00:00.000,1.327,1.32736,1.32534,1.32536,30893800.7813,1.3215060934581888,2,0,,0,0.0
26.11.2004 00:00:00.000,1.32551,1.32675,1.32535,1.32626,31473599.6094,1.3218717785767897,2,0,,0,0.0
26.11.2004 01:00:00.000,1.32627,1.32657,1.32487,1.32558,30731699.2188,1.3221570263785751,2,0,,0,0.0
26.11.2004 02:00:00.000,1.32562,1.32659,1.32529,1.32612,30982800.7813,1.3224618705033002,2,0,,0,0.0
26.11.2004 03:00:00.000,1.32607,1.32693,1.32588,1.32684,28167500.0,1.322798649695354,2,0,,0,0.0
26.11.2004 04:00:00.000,1.32668,1.32913,1.32642,1.32848,31847000.0,1.3232356766418654,2,0,,0,0.0
26.11.2004 05:00:00.000,1.32857,1.33216,1.32804,1.33189,29591900.3906,1.3239013938232604,2,0,,0,0.0
26.11.2004 06:00:00.000,1.33177,1.33278,1.329,1.32901,30161599.6094,1.3242943635291635,2,1,1.33378,0,0.0
26.11.2004 07:00:00.000,1.33046,1.33125,1.32779,1.32859,30611400.3906,1.3246247971038434,2,0,,0,0.0
26.11.2004 08:00:00.000,1.32867,1.32929,1.31891,1.32363,29379599.6094,1.3245482742497017,0,0,,0,0.0
26.11.2004 09:00:00.000,1.32387,1.32454,1.31847,1.32326,29020199.2188,1.324449176230494,0,2,1.3174700000000001,0,0.0
26.11.2004 10:00:00.000,1.32317,1.32318,1.3208,1.32256,30116099.6094,1.3243038549819945,0,0,,0,0.0
26.11.2004 11:00:00.000,1.3221,1.32696,1.32192,1.32532,31319599.6094,1.3243820199833796,0,0,,0,0.0
26.11.2004 12:00:00.000,1.32545,1.32625,1.32276,1.32435,32583400.3906,1.324379556907735,0,0,,0,0.0
26.11.2004 13:00:00.000,1.32434,1.3247,1.32163,1.32213,29805599.6094,1.3242065140686785,0,0,,0,0.0
26.11.2004 14:00:00.000,1.32232,1.32544,1.32205,1.32544,31500599.6094,1.3243013976018572,0,0,,0,0.0
26.11.2004 15:00:00.000,1.32582,1.3269,1.32497,1.32552,28572099.6094,1.324395136247868,0,0,,0,0.0
26.11.2004 16:00:00.000,1.32561,1.32907,1.32561,1.32836,292541406.25,1.324700125767263,0,0,,0,0.0
26.11.2004 17:00:00.000,1.3284,1.32941,1.32785,1.32892,115048296.875,1.3250247314774737,0,0,,0,0.0
26.11.2004 18:00:00.000,1.32902,1.32919,1.32788,1.32911,152015000.0,1.3253389829022835,0,0,,0,0.0
26.11.2004 19:00:00.000,1.32869,1.32961,1.32849,1.3293,108017703.125,1.3256436765251849,0,0,,0,0.0
26.11.2004 20:00:00.000,1.32917,1.32975,1.32856,1.32913,64964800.7813,1.3259118552540168,0,1,1.3307499999999999,0,0.0
26.11.2004 21:00:00.000,1.32847,1.32964,1.32847,1.32926,30208699.2188,1.3261694048498618,0,0,,0,0.0
28.11.2004 22:00:00.000,1.32675,1.32795,1.32628,1.32785,30381199.2188,1.3262986813998725,0,0,,0,0.0
28.11.2004 23:00:00.000,1.32775,1.32851,1.32663,1.32669,31004099.6094,1.3263287828306516,0,0,,0,0.0
29.11.2004 00:00:00.000,1.32656,1.3277,1.32594,1.32607,31432900.3906,1.326308876459063,0,0,,0,0.0
29.11.2004 01:00:00.000,1.3263,1.32648,1.32329,1.32562,32292900.3906,1.326255885962212,0,0,,0,0.0
29.11.2004 02:00:00.000,1.32573,1.32625,1.32476,1.32507,32506099.6094,1.3261646639651188,0,0,,0,0.0
29.11.2004 03:00:00.000,1.32499,1.3255,1.32423,1.3249,31118099.6094,1.3260673821216482,0,0,,0,0.0
29.11.2004 04:00:00.000,1.32507,1.32615,1.325,1.3261,30441599.6094,1.3260698911892137,0,0,,0,0.0
29.11.2004 05:00:00.000,1.32599,1.32821,1.32579,1.32724,29276599.6094,1.3261598995592743,0,0,,0,0.0
29.11.2004 06:00:00.000,1.32718,1.3275,1.32517,1.32594,30923099.6094,1.326142984208561,0,0,,0,0.0
29.11.2004 07:00:00.000,1.3261,1.3261,1.32306,1.32452,29217300.7813,1.3260181392694412,0,0,,0,0.0
29.11.2004 08:00:00.000,1.3247,1.32758,1.3238,1.32726,29786800.7813,1.3261136670179459,0,0,,0,0.0
29.11.2004 09:00:00.000,1.32723,1.32723,1.32429,1.3253,30589500.0,1.3260510772473348,0,0,,0,0.0
29.11.2004 10:00:00.000,1.3253,1.32676,1.32484,1.32615,29793199.2188,1.3260586866898476,0,0,,0,0.0
29.11.2004 11:00:00.000,1.32616,1.32651,1.32483,1.32523,29064699.2188,1.3259949415598593,0,0,,0,0.0
29.11.2004 12:00:00.000,1.32522,1.32581,1.32353,1.32424,28898400.3906,1.325859946055255,0,0,,0,0.0
29.11.2004 13:00:00.000,1.32408,1.32554,1.32281,1.32363,29481800.7813,1.3256884117433123,0,2,1.3218100000000002,0,0.0
29.11.2004 14:00:00.000,1.32369,1.32686,1.32346,1.3262,31956500.0,1.3257277646861345,0,0,,0,0.0
29.11.2004 15:00:00.000,1.32628,1.32882,1.32573,1.32828,28288400.3906,1.3259240904795089,0,0,,0,0.0
29.11.2004 16:00:00.000,1.32823,1.32896,1.3273,1.32833,293657187.5,1.3261091604426238,0,0,,0,0.0
29.11.2004 17:00:00.000,1.3282,1.33033,1.32787,1.32948,137267703.125,1.3263684557931914,0,1,1.33133,0,0.0
29.11.2004 18:00:00.000,1.32951,1.32965,1.32729,1.32763,145138593.75,1.3264654976552537,0,0,,0,0.0
29.11.2004 19:00:00.000,1.32752,1.32817,1.32693,1.3274,108534796.875,1.3265373824510034,0,0,,0,0.0
29.11.2004 20:00:00.000,1.32735,1.32768,1.32658,1.32673,63601000.0,1.3265521991855418,0,0,,0,0.0
29.11.2004 21:00:00.000,1.32677,1.32797,1.32651,1.3277,30793199.2188,1.3266404915558847,0,0,,0,0.0
29.11.2004 22:00:00.000,1.32772,1.32775,1.32651,1.32679,29107199.2188,1.326651992205432,0,0,,0,0.0
29.11.2004 23:00:00.000,1.32683,1.32722,1.32545,1.32601,29987800.7813,1.3266026081896296,0,0,,0,0.0
30.11.2004 00:00:00.000,1.32596,1.32662,1.32526,1.32551,29956400.3906,1.3265185614058121,0,0,,0,0.0
30.11.2004 01:00:00.000,1.32522,1.32604,1.32303,1.32415,33844199.2188,1.326336364374596,0,0,,0,0.0
30.11.2004 02:00:00.000,1.32419,1.3258,1.32373,1.32509,31221599.6094,1.326240490191935,0,0,,0,0.0
30.11.2004 03:00:00.000,1.32511,1.32582,1.32473,1.32548,30209500.0,1.3261819909464017,0,0,,0,0.0
30.11.2004 04:00:00.000,1.32553,1.32741,1.32538,1.32713,29860699.2188,1.3262549147197553,0,0,,0,0.0
30.11.2004 05:00:00.000,1.32703,1.32725,1.32524,1.32572,26965699.2188,1.3262137674336203,0,0,,0,0.0
30.11.2004 06:00:00.000,1.3257,1.32666,1.32512,1.32636,30858900.3906,1.3262250160925728,0,0,,0,0.0
30.11.2004 07:00:00.000,1.32666,1.32713,1.32297,1.32364,29958500.0,1.3260261687008366,0,2,1.32197,0,0.0
30.11.2004 08:00:00.000,1.32384,1.32637,1.32352,1.32554,30312800.7813,1.3259887711084646,0,0,,0,0.0
30.11.2004 09:00:00.000,1.32565,1.3268,1.3251,1.32578,29075000.0,1.325972711792429,0,0,,0,0.0
30.11.2004 10:00:00.000,1.32583,1.32794,1.32545,1.32634,28608500.0,1.3260009647314728,0,0,,0,0.0
30.11.2004 11:00:00.000,1.32632,1.33054,1.32559,1.32987,28487699.2188,1.3262985828290519,0,0,,0,0.0
30.11.2004 12:00:00.000,1.33009,1.33021,1.32823,1.32907,31217900.3906,1.3265117687652788,0,0,,0,0.0
30.11.2004 13:00:00.000,1.32905,1.3315,1.32725,1.3296,30334800.7813,1.3267493250141036,0,0,,0,0.0
30.11.2004 14:00:00.000,1.32941,1.33297,1.32917,1.33072,29923900.3906,1.3270547615514803,0,1,1.3339699999999999,0,0.0
30.11.2004 15:00:00.000,1.33102,1.3318,1.32803,1.32904,29254800.7813,1.3272074722013665,0,0,,0,0.0
30.11.2004 16:00:00.000,1.32913,1.32917,1.32479,1.32544,298061406.25,1.3270715128012613,0,0,,0,0.0
30.11.2004 17:00:00.000,1.32554,1.3288,1.32492,1.32757,135232906.25,1.3271098579703953,0,0,,0,0.0
30.11.2004 18:00:00.000,1.32762,1.32849,1.3267,1.32832,145521203.125,1.3272029458188266,0,0,,0,0.0
30.11.2004 19:00:00.000,1.32848,1.33029,1.32829,1.32888,106328898.4375,1.3273319499866094,0,0,,0,0.0
30.11.2004 20:00:00.000,1.32884,1.32927,1.32813,1.32907,61965300.7813,1.3274656461414855,0,0,,0,0.0
30.11.2004 21:00:00.000,1.32903,1.32931,1.32753,1.32755,31633599.6094,1.3274721348998328,0,0,,0,0.0
30.11.2004 22:00:00.000,1.3278,1.32885,1.32761,1.32864,30041800.7813,1.3275619706767687,0,0,,0,0.0
30.11.2004 23:00:00.000,1.32841,1.32999,1.32831,1.32937,29980300.7813,1.3277010498554789,0,0,,0,0.0
01.12.2004 00:00:00.000,1.32909,1.33152,1.32907,1.33121,30751500.0,1.3279709690973651,0,0,,0,0.0
01.12.2004 01:00:00.000,1.3312,1.33174,1.32946,1.3295,32304599.6094,1.3280885868591064,0,0,,0,0.0
01.12.2004 02:00:00.000,1.32935,1.33003,1.32843,1.32941,31723800.7813,1.3281902340237906,0,0,,0,0.0
01.12.2004 03:00:00.000,1.32948,1.33028,1.3288,1.32985,29114400.3906,1.3283179083296528,0,0,,0,0.0
01.12.2004 04:00:00.000,1.33003,1.33092,1.3292,1.33051,32162699.2188,1.3284865307658336,0,0,,0,0.0
01.12.2004 05:00:00.000,1.33047,1.33242,1.33014,1.33112,28538199.2188,1.328689105322308,0,0,,0,0.0
01.12.2004 06:00:00.000,1.33115,1.33249,1.33085,1.33205,30208400.3906,1.3289476356821306,0,0,,0,0.0
01.12.2004 07:00:00.000,1.33205,1.33326,1.33065,1.33209,29791699.2188,1.3291893560142745,0,1,1.3342599999999998,0,0.0
01.12.2004 08:00:00.000,1.33188,1.33206,1.32885,1.32937,30730599.6094,1.3292032517054841,0,0,,0,0.0
01.12.2004 09:00:00.000,1.32935,1.3306,1.32734,1.32967,29401599.6094,1.3292391554204468,2,2,1.32634,0,0.0
01.12.2004 10:00:00.000,1.32955,1.33098,1.32869,1.33074,30645000.0,1.3293546050034895,2,0,,0,0.0
01.12.2004 11:00:00.000,1.3308,1.3316,1.33001,1.33065,30704900.3906,1.3294542507724518,2,0,,0,0.0
01.12.2004 12:00:00.000,1.33062,1.33103,1.32917,1.32953,31000599.6094,1.3294600776361094,2,0,,0,0.0
01.12.2004 13:00:00.000,1.32944,1.33073,1.32852,1.33011,31071000.0,1.329510071664101,0,0,,0,0.0
01.12.2004 14:00:00.000,1.32988,1.33202,1.32987,1.33155,28659800.7813,1.329666989228401,0,0,,0,0.0
01.12.2004 15:00:00.000,1.33158,1.33255,1.32997,1.33045,30874099.6094,1.3297272208262165,0,0,,0,0.0
01.12.2004 16:00:00.000,1.33049,1.33169,1.32893,1.33054,294309687.5,1.3297897423011231,0,0,,0,0.0
01.12.2004 17:00:00.000,1.33049,1.33164,1.33035,1.3311,137400796.875,1.329890531354883,0,0,,0,0.0
01.12.2004 18:00:00.000,1.33109,1.33238,1.33058,1.33168,145510796.875,1.330028182789123,0,0,,0,0.0
01.12.2004 19:00:00.000,1.33172,1.33217,1.33044,1.33194,103766703.125,1.3301752456514981,0,0,,0,0.0
01.12.2004 20:00:00.000,1.33175,1.3323,1.33103,1.332,64629500.0,1.3303156113706136,0,0,,0,0.0
01.12.2004 21:00:00.000,1.3315,1.33544,1.33143,1.33401,31141599.6094,1.3305997951113357,0,0,,0,0.0
01.12.2004 22:00:00.000,1.33405,1.33485,1.33336,1.33364,28605800.7813,1.3308336570258483,0,0,,0,0.0
01.12.2004 23:00:00.000,1.33365,1.33458,1.33288,1.33436,32018900.3906,1.331104914177706,0,0,,0,0.0
02.12.2004 00:00:00.000,1.33435,1.33629,1.33415,1.33548,30869000.0,1.3314414592409594,0,0,,0,0.0
02.12.2004 01:00:00.000,1.33554,1.33699,1.33518,1.33601,30165400.3906,1.3317928854531933,0,0,,0,0.0
02.12.2004 02:00:00.000,1.33601,1.33689,1.33556,1.33674,31334900.3906,1.3321734327260246,0,0,,0,0.0
02.12.2004 03:00:00.000,1.33678,1.3369,1.33571,1.3363,30527099.6094,1.332490860977869,0,0,,0,0.0
02.12.2004 04:00:00.000,1.33614,1.33735,1.33519,1.33596,31525599.6094,1.3327577178257253,0,0,,0,0.0
02.12.2004 05:00:00.000,1.33574,1.33611,1.33473,1.33497,30814599.6094,1.3329278933775925,2,0,,0,0.0
02.12.2004 06:00:00.000,1.33477,1.33653,1.33471,1.33609,33138500.0,1.333171132348547,2,0,,0,0.0
02.12.2004 07:00:00.000,1.33624,1.33806,1.33521,1.33721,30550800.7813,1.3334818144755818,2,1,1.33906,0,0.0
02.12.2004 08:00:00.000,1.33714,1.33777,1.33493,1.33554,28234900.3906,1.3336401364389985,2,0,,0,0.0
02.12.2004 09:00:00.000,1.3357,1.33583,1.33381,1.33394,30130400.3906,1.3336632028667679,2,0,,0,0.0
02.12.2004 10:00:00.000,1.33382,1.33407,1.33059,1.3307,28216900.3906,1.3334352641847087,0,0,,0,0.0
02.12.2004 11:00:00.000,1.33068,1.33337,1.33046,1.33264,30282199.2188,1.3333740900166542,0,0,,0,0.0
02.12.2004 12:00:00.000,1.33282,1.33322,1.33112,1.33119,31700199.2188,1.3332060830922963,0,0,,0,0.0
02.12.2004 13:00:00.000,1.33125,1.33461,1.33079,1.33461,29842300.7813,1.333314076700581,0,0,,0,0.0
02.12.2004 14:00:00.000,1.33461,1.33588,1.33391,1.33433,31242599.6094,1.3333922246466903,0,0,,0,0.0
02.12.2004 15:00:00.000,1.33452,1.33458,1.32685,1.32688,29035099.6094,1.3328912842892526,0,0,,0,0.0
02.12.2004 16:00:00.000,1.32659,1.32776,1.32359,1.32727,292169812.5,1.332458877805464,0,2,1.3225900000000002,0,0.0
02.12.2004 17:00:00.000,1.32718,1.3295,1.32649,1.3265,136435406.25,1.332000502589659,0,0,,0,0.0
02.12.2004 18:00:00.000,1.32662,1.32853,1.32565,1.32754,148901703.125,1.3316573870058392,0,0,,0,0.0
02.12.2004 19:00:00.000,1.32743,1.32754,1.32625,1.32673,105600296.875,1.3312783572361595,0,0,,0,0.0
02.12.2004 20:00:00.000,1.32682,1.32743,1.32599,1.32679,64155699.2188,1.3309330989872241,0,0,,0,0.0
02.12.2004 21:00:00.000,1.32648,1.32755,1.32604,1.32664,30582199.2188,1.3306028606035918,0,0,,0,0.0
02.12.2004 22:00:00.000,1.32666,1.32695,1.32617,1.3265,31379599.6094,1.330287255941777,0,0,,0,0.0
02.12.2004 23:00:00.000,1.32647,1.327,1.32545,1.32566,30989699.2188,1.3299313131770252,0,0,,0,0.0
03.12.2004 00:00:00.000,1.32564,1.3266,1.32501,1.32606,29228099.6094,1.3296335198557157,0,0,,0,0.0
03.12.2004 01:00:00.000,1.32635,1.32869,1.32589,1.32818,33295800.7813,1.3295217106360453,0,0,,0,0.0
03.12.2004 02:00:00.000,1.32823,1.32898,1.32761,1.32794,32071099.6094,1.3294000405871187,0,0,,0,0.0
03.12.2004 03:00:00.000,1.3277,1.32849,1.32754,1.328,30031800.7813,1.3292923451573404,0,0,,0,0.0
03.12.2004 04:00:00.000,1.3283,1.32881,1.32762,1.32828,32354599.6094,1.3292144724529296,0,0,,0,0.0
03.12.2004 05:00:00.000,1.32825,1.32847,1.32707,1.32765,28697800.7813,1.3290941284180888,0,0,,0,0.0
03.12.2004 06:00:00.000,1.32736,1.32832,1.32679,1.3273,30166699.2188,1.3289561185397745,0,0,,0,0.0
03.12.2004 07:00:00.000,1.3275,1.32808,1.32547,1.32625,29820699.2188,1.3287479555751764,1,0,,0,0.0
03.12.2004 08:00:00.000,1.32641,1.32913,1.32612,1.32761,29191800.7813,1.328660420530932,1,0,,0,0.0
03.12.2004 09:00:00.000,1.32785,1.32816,1.32654,1.32811,28933400.3906,1.3286180804900911,1,0,,0,0.0
03.12.2004 10:00:00.000,1.32818,1.3285,1.32724,1.32828,28653199.2188,1.3285920742985458,1,0,,0,0.0
03.12.2004 11:00:00.000,1.32795,1.32877,1.3277,1.32838,30358400.3906,1.3285757608909654,1,0,,0,0.0
03.12.2004 12:00:00.000,1.32851,1.3316,1.32782,1.33106,31291599.6094,1.328766856207045,0,0,,0,0.0
03.12.2004 13:00:00.000,1.33117,1.3378,1.32856,1.33366,31527000.0,1.3291432518834263,0,0,,0,0.0
03.12.2004 14:00:00.000,1.33363,1.33706,1.3325,1.33533,30707000.0,1.3296191555847012,0,0,,0,0.0
03.12.2004 15:00:00.000,1.33504,1.33767,1.33427,1.33675,29795400.3906,1.3301676820781858,0,0,,0,0.0
03.12.2004 16:00:00.000,1.33677,1.33968,1.33614,1.33904,295760500.0,1.3308501680721716,0,0,,0,0.0
03.12.2004 17:00:00.000,1.33921,1.34113,1.33826,1.34084,135480703.125,1.3316186166820045,0,0,,0,0.0
03.12.2004 18:00:00.000,1.34088,1.34556,1.34068,1.34415,148246906.25,1.3325825692449274,0,0,,0,0.0
03.12.2004 19:00:00.000,1.34412,1.34592,1.34338,1.34486,105756898.4375,1.3335269869953175,0,1,1.34692,0,0.0
03.12.2004 20:00:00.000,1.34491,1.34582,1.34464,1.3452,63302898.4375,1.3344249110726008,0,0,,0,0.0
03.12.2004 21:00:00.000,1.34523,1.3459,1.34479,1.34479,30731599.6094,1.3352222256054778,0,0,,0,0.0
05.12.2004 22:00:00.000,1.34406,1.34431,1.34344,1.34423,29707500.0,1.3359151313281332,0,0,,0,0.0
05.12.2004 23:00:00.000,1.34378,1.3452,1.34378,1.34458,29763099.6094,1.3365816596875078,0,0,,0,0.0
06.12.2004 00:00:00.000,1.34433,1.34484,1.34358,1.34403,29837900.3906,1.337154608942315,0,0,,0,0.0
06.12.2004 01:00:00.000,1.34406,1.34463,1.34246,1.34439,33553898.4375,1.337711177485214,0,0,,0,0.0
06.12.2004 02:00:00.000,1.34408,1.34463,1.34319,1.34344,30586199.2188,1.3381518561401975,0,0,,0,0.0
06.12.2004 03:00:00.000,1.34337,1.34498,1.34336,1.34486,28878099.6094,1.3386678672063361,0,0,,0,0.0
06.12.2004 04:00:00.000,1.34487,1.34502,1.34407,1.34453,30282000.0,1.3391188004981565,2,0,,0,0.0
06.12.2004 05:00:00.000,1.3445,1.34473,1.34334,1.34356,28026199.2188,1.3394604312290674,2,0,,0,0.0
06.12.2004 06:00:00.000,1.34337,1.34411,1.34216,1.34293,31469099.6094,1.3397273211345238,2,0,,0,0.0
06.12.2004 07:00:00.000,1.3431,1.3435,1.34206,1.34237,30514400.3906,1.3399306041241759,2,0,,0,0.0
06.12.2004 08:00:00.000,1.34232,1.34416,1.34172,1.3431,30290199.2188,1.3401744038069316,2,0,,0,0.0
06.12.2004 09:00:00.000,1.34323,1.34489,1.34229,1.34463,28225400.3906,1.3405171419756292,2,0,,0,0.0
06.12.2004 10:00:00.000,1.3444,1.34538,1.34383,1.34446,28696500.0,1.3408204387467348,2,1,1.34638,0,0.0
06.12.2004 11:00:00.000,1.34457,1.345,1.34295,1.3432,26416599.6094,1.341003481920063,2,0,,0,0.0
06.12.2004 12:00:00.000,1.34301,1.34532,1.343,1.34332,29632000.0,1.3411816756185195,2,0,,0,0.0
06.12.2004 13:00:00.000,1.34343,1.34446,1.34255,1.34318,29836500.0,1.3413353928786336,2,0,,0,0.0
06.12.2004 14:00:00.000,1.34332,1.34433,1.34214,1.34405,29291099.6094,1.3415442088110463,2,0,,0,0.0
06.12.2004 15:00:00.000,1.3439,1.34391,1.34132,1.34246,28818000.0,1.3416146542871197,2,0,,0,0.0
06.12.2004 16:00:00.000,1.3424,1.34341,1.34142,1.34306,295759406.25,1.3417258347265721,2,0,,0,0.0
06.12.2004 17:00:00.000,1.34321,1.34443,1.34207,1.34407,136025296.875,1.3419061551322207,2,0,,0,0.0
06.12.2004 18:00:00.000,1.34423,1.34445,1.34277,1.34293,150792000.0,1.3419849124297423,2,0,,0,0.0
06.12.2004 19:00:00.000,1.34295,1.34386,1.3416,1.34186,102972101.5625,1.3419753037813007,0,0,,0,0.0
06.12.2004 20:00:00.000,1.34203,1.34231,1.33884,1.33969,61674000.0,1.3417995111827392,0,0,,0,0.0
06.12.2004 21:00:00.000,1.33933,1.3407,1.33933,1.34031,30520300.7813,1.3416849333994516,0,0,,0,0.0
06.12.2004 22:00:00.000,1.34046,1.34089,1.33945,1.33983,29414500.0,1.3415422462148785,0,0,,0,0.0
06.12.2004 23:00:00.000,1.33978,1.33994,1.33862,1.33932,30737099.6094,1.3413713041983495,0,2,1.33762,0,0.0
07.12.2004 00:00:00.000,1.33912,1.34048,1.33891,1.33996,30224699.2188,1.3412627423369379,0,0,,0,0.0
07.12.2004 01:00:00.000,1.34002,1.3408,1.33912,1.34032,33629800.7813,1.341190223695635,0,0,,0,0.0
07.12.2004 02:00:00.000,1.34024,1.34072,1.33995,1.34043,30228300.7813,1.341131744949817,0,0,,0,0.0
07.12.2004 03:00:00.000,1.34058,1.3419,1.34023,1.3416,30263900.3906,1.3411677645690618,0,0,,0,0.0
07.12.2004 04:00:00.000,1.34178,1.34201,1.34136,1.34191,28257300.7813,1.341224859602211,0,0,,0,0.0
07.12.2004 05:00:00.000,1.34197,1.34251,1.34155,1.34193,29312400.3906,1.3412791011712717,0,0,,0,0.0
07.12.2004 06:00:00.000,1.34185,1.34637,1.34182,1.34495,33358300.7813,1.341561478004251,0,0,,0,0.0
07.12.2004 07:00:00.000,1.34512,1.34546,1.34205,1.34292,29268699.2188,1.341665979696232,0,0,,0,0.0
07.12.2004 08:00:00.000,1.34289,1.34523,1.34288,1.3446,29664099.6094,1.3418916735657527,0,0,,0,0.0
07.12.2004 09:00:00.000,1.34424,1.34519,1.3437,1.34455,30597099.6094,1.3420961602145411,0,0,,0,0.0
07.12.2004 10:00:00.000,1.34457,1.34535,1.34393,1.34512,30167300.7813,1.3423287632749612,0,0,,0,0.0
07.12.2004 11:00:00.000,1.34535,1.3468,1.34518,1.34554,29889900.3906,1.3425757814845796,0,0,,0,0.0
07.12.2004 12:00:00.000,1.3455,1.34636,1.34495,1.34636,29743300.7813,1.3428668752165351,0,0,,0,0.0
07.12.2004 13:00:00.000,1.34642,1.34681,1.34538,1.3457,30870400.3906,1.3430848078921864,0,0,,0,0.0
07.12.2004 14:00:00.000,1.34573,1.34602,1.34307,1.34325,30853500.0,1.343097514977403,0,0,,0,0.0
07.12.2004 15:00:00.000,1.34335,1.34347,1.34101,1.34253,31164599.6094,1.343053859979141,0,0,,0,0.0
07.12.2004 16:00:00.000,1.34261,1.34457,1.34135,1.34349,296156406.25,1.343087409211515,0,0,,0,0.0
07.12.2004 17:00:00.000,1.34357,1.34367,1.34151,1.34221,135614000.0,1.3430199161952447,0,0,,0,0.0
07.12.2004 18:00:00.000,1.34233,1.34341,1.34168,1.34227,147381703.125,1.342962230334072,0,0,,0,0.0
07.12.2004 19:00:00.000,1.34215,1.34356,1.34144,1.3426,107883203.125,1.3429343664622204,0,0,,0,0.0
07.12.2004 20:00:00.000,1.34266,1.34308,1.342,1.34249,64389601.5625,1.342900184426665,0,0,,0,0.0
07.12.2004 21:00:00.000,1.34214,1.3429,1.34134,1.34162,30872699.2188,1.3428017087015371,0,0,,0,0.0
