Gmt time,Open,High,Low,Close,Volume,EMA,EMASignal,isPivot,pointpos,pattern_detected,pointBreak
01.09.2022 13:30:00.000,259.337,259.547,257.896,257.927,2.0268,257.927,0,0,,0,0
01.09.2022 13:35:00.000,257.967,258.957,257.926,258.576,2.226,257.97692307692313,0,0,,0,0
01.09.2022 13:40:00.000,258.547,259.377,258.396,258.737,2.2716000000000003,258.03539053254445,0,0,,0,0
01.09.2022 13:45:00.000,258.687,259.277,258.466,258.766,2.7444,258.0915912608103,0,0,,0,0
01.09.2022 13:50:00.000,258.726,259.147,258.496,259.087,2.4504,258.1681611638249,0,0,,0,0
01.09.2022 13:55:00.000,259.086,259.557,258.516,259.396,2.1108,258.26261030506913,0,0,,0,0
01.09.2022 14:00:00.000,259.397,259.797,258.256,258.326,3.0468,258.26748643544846,0,0,,0,0
01.09.2022 14:05:00.000,258.327,258.757,258.156,258.336,2.5692,258.27275670964474,0,0,,0,0
01.09.2022 14:10:00.000,258.336,258.517,257.696,257.706,2.3616,258.2291600396721,0,0,,0,0
01.09.2022 14:15:00.000,257.707,257.847,257.496,257.746,2.1732,258.1919938827742,0,0,,0,0
01.09.2022 14:20:00.000,257.727,258.296,257.607,258.296,2.1036,258.19999435333006,0,0,,0,0
01.09.2022 14:25:00.000,258.276,258.526,258.036,258.426,2.31,258.2173794030739,0,0,,0,0
01.09.2022 14:30:00.000,258.447,258.486,257.777,257.806,2.2884,258.18573483360666,0,0,,0,0
01.09.2022 14:35:00.000,257.786,257.807,256.536,256.686,2.1096000000000004,258.07037061563693,0,0,,0,0
01.09.2022 14:40:00.000,256.686,256.797,256.196,256.357,2.3952,257.93857287597257,0,0,,0,0
01.09.2022 14:45:00.000,256.357,256.417,255.996,256.217,2.1552,257.80614419320545,0,0,,0,0
01.09.2022 14:50:00.000,256.217,256.756,256.176,256.407,2.2248,257.69851771680504,0,0,,0,0
01.09.2022 14:55:00.000,256.407,256.617,255.666,255.666,2.3148000000000004,257.54217020012777,0,0,,0,0
01.09.2022 15:00:00.000,255.666,256.097,255.666,255.937,2.382,257.4186955693487,0,0,,0,0
01.09.2022 15:05:00.000,255.936,256.927,255.896,256.606,2.7984,257.35618052555265,0,0,,0,0
01.09.2022 15:10:00.000,256.566,256.947,256.546,256.706,2.2896,257.3061666389717,0,0,,0,0
01.09.2022 15:15:00.000,256.696,256.936,256.366,256.547,2.43,257.2477692052047,0,0,,0,0
01.09.2022 15:20:00.000,256.536,256.556,255.906,256.276,2.2824,257.1730177278813,0,0,,0,0
01.09.2022 15:25:00.000,256.276,256.367,255.816,255.996,1.9572,257.08247790265966,0,0,,0,0
01.09.2022 15:30:00.000,256.007,256.636,255.956,256.387,2.5008,257.0289796024551,0,0,,0,0
01.09.2022 15:35:00.000,256.397,256.867,256.246,256.276,2.2356,256.97105809457395,0,0,,0,0
01.09.2022 15:40:00.000,256.277,256.417,255.616,255.616,2.2044,256.86682285652984,0,0,,0,0
01.09.2022 15:45:00.000,255.616,255.747,255.447,255.696,1.7412,256.7767595598737,0,0,,0,0
01.09.2022 15:50:00.000,255.676,255.867,255.396,255.677,2.0652,256.6921626706527,0,2,253.396,0,0
01.09.2022 15:55:00.000,255.676,255.786,255.396,255.786,1.9452,256.62245784983327,0,2,253.396,0,0
01.09.2022 16:00:00.000,255.766,256.437,255.686,256.326,2.022,256.59965339984615,0,0,,0,0
01.09.2022 16:05:00.000,256.317,256.677,256.086,256.516,1.8408,256.59321852293493,0,0,,0,0
01.09.2022 16:10:00.000,256.517,256.607,256.316,256.547,2.3976,256.58966325193995,0,0,,0,0
01.09.2022 16:15:00.000,256.546,256.917,256.496,256.627,1.9512,256.592535309483,0,0,,0,0
01.09.2022 16:20:00.000,256.617,256.627,256.296,256.427,1.9152,256.5798018241382,0,0,,0,0
01.09.2022 16:25:00.000,256.436,256.737,256.247,256.497,1.9332,256.57343245305066,0,0,,0,0
01.09.2022 16:30:00.000,256.506,256.587,256.256,256.456,2.0772000000000004,256.5643991874314,0,0,,0,0
01.09.2022 16:35:00.000,256.426,256.487,256.026,256.197,2.0664,256.53613771147513,0,0,,0,0
01.09.2022 16:40:00.000,256.166,256.406,256.046,256.397,1.7064,256.52543481059246,0,0,,0,0
01.09.2022 16:45:00.000,256.397,256.477,256.196,256.277,1.4892,256.5063244405469,0,0,,0,0
01.09.2022 16:50:00.000,256.287,256.327,255.656,255.737,1.8072,256.4471456374279,0,0,,0,0
01.09.2022 16:55:00.000,255.737,255.927,255.496,255.816,1.8204,256.3985959730104,0,0,,0,0
01.09.2022 17:00:00.000,255.816,256.316,255.686,256.216,1.746,256.3845501289327,0,0,,0,0
01.09.2022 17:05:00.000,256.207,256.707,256.206,256.696,1.8156,256.4085078113225,0,0,,0,0
01.09.2022 17:10:00.000,256.696,256.897,256.367,256.827,1.8648,256.4406995181439,0,0,,0,0
01.09.2022 17:15:00.000,256.826,256.957,256.686,256.807,1.866,256.4688764782867,0,0,,0,0
01.09.2022 17:20:00.000,256.826,257.377,256.777,257.287,2.0544,256.53180905688004,0,0,,0,0
01.09.2022 17:25:00.000,257.267,257.477,256.996,257.376,2.4624,256.59674682173545,0,0,,0,0
01.09.2022 17:30:00.000,257.386,257.487,257.096,257.256,2.2596,256.6474586046789,0,0,,0,0
01.09.2022 17:35:00.000,257.256,257.327,256.817,257.017,2.0184,256.6758848658574,0,0,,0,0
01.09.2022 17:40:00.000,257.026,257.027,256.706,256.756,1.6584,256.68204756848377,0,0,,0,0
01.09.2022 17:45:00.000,256.746,256.756,256.226,256.256,1.572,256.6492746786004,0,0,,0,0
01.09.2022 17:50:00.000,256.276,256.417,256.196,256.206,1.572,256.6151766264004,0,0,,0,0
01.09.2022 17:55:00.000,256.217,256.556,256.216,256.416,1.6787999999999998,256.5998553474465,0,0,,0,0
01.09.2022 18:00:00.000,256.437,256.727,256.036,256.706,2.4372,256.6080203207199,0,0,,0,0
01.09.2022 18:05:00.000,256.727,256.877,256.416,256.636,2.4204,256.61017260374143,0,0,,0,0
01.09.2022 18:10:00.000,256.636,256.727,256.286,256.647,2.0268,256.6130054803767,0,0,,0,0
01.09.2022 18:15:00.000,256.657,256.837,256.506,256.656,2.1084,256.616312751117,0,0,,0,0
01.09.2022 18:20:00.000,256.656,257.567,256.656,257.466,2.3376,256.6816733087234,0,0,,0,0
01.09.2022 18:25:00.000,257.457,258.146,257.426,257.866,2.3628000000000005,256.77277536189854,0,0,,0,0
01.09.2022 18:30:00.000,257.866,258.387,257.826,258.207,2.5764,256.8831003340602,0,0,,0,0
01.09.2022 18:35:00.000,258.216,258.556,257.837,258.127,2.682,256.97878492374787,0,0,,0,0
01.09.2022 18:40:00.000,258.126,258.257,257.796,257.857,2.6004,257.04633992961345,0,0,,0,0
01.09.2022 18:45:00.000,257.877,258.177,257.637,257.766,2.1384000000000003,257.1016983965663,0,0,,0,0
01.09.2022 18:50:00.000,257.796,258.397,257.656,258.346,2.076,257.19741390452276,0,0,,0,0
01.09.2022 18:55:00.000,258.346,258.476,257.896,258.097,2.2572,257.2666128349441,0,0,,0,0
01.09.2022 19:00:00.000,258.097,258.816,257.946,258.416,2.7456,257.35502723225613,0,0,,0,0
01.09.2022 19:05:00.000,258.416,259.167,258.376,259.017,2.106,257.48287129131336,0,0,,0,0
01.09.2022 19:10:00.000,259.056,259.507,258.646,259.267,2.172,257.62011196121233,0,0,,0,0
01.09.2022 19:15:00.000,259.277,259.366,258.756,258.777,1.9248,257.7091033488114,0,0,,0,0
01.09.2022 19:20:00.000,258.776,259.087,258.476,258.797,2.3916,257.79278770659516,0,0,,0,0
01.09.2022 19:25:00.000,258.827,258.827,258.396,258.447,2.3796,257.8431117291648,0,0,,0,0
01.09.2022 19:30:00.000,258.456,258.707,258.216,258.377,2.46,257.88418005769057,0,0,,0,0
01.09.2022 19:35:00.000,258.376,258.736,258.266,258.496,2.1180000000000003,257.9312431301759,0,0,,0,0
01.09.2022 19:40:00.000,258.507,258.716,258.196,258.596,2.2464,257.98237827400857,0,0,,0,0
01.09.2022 19:45:00.000,258.587,258.937,258.447,258.686,2.4192,258.03650302216175,0,0,,0,0
01.09.2022 19:50:00.000,258.706,259.587,258.706,259.587,2.0508,258.155772020457,0,0,,0,0
01.09.2022 19:55:00.000,259.577,260.776,259.576,260.566,1.9716,258.34117417272955,0,0,,0,0
02.09.2022 13:30:00.000,261.786,261.786,260.526,261.376,2.2356,258.57462231328884,0,0,,0,0
02.09.2022 13:35:00.000,261.407,262.307,261.266,262.167,2.166,258.8509590584205,0,0,,0,0
02.09.2022 13:40:00.000,262.187,262.207,260.996,261.217,2.5428,259.03296220777275,0,0,,0,0
02.09.2022 13:45:00.000,261.227,261.946,261.147,261.946,2.7192,259.25704203794413,0,0,,0,0
02.09.2022 13:50:00.000,261.947,262.867,261.896,262.356,2.5944,259.49542341964076,0,0,,0,0
02.09.2022 13:55:00.000,262.357,262.746,261.596,261.666,2.322,259.6623908488992,0,0,,0,0
02.09.2022 14:00:00.000,261.707,261.887,260.876,261.107,2.2920000000000003,259.7735146297531,0,0,,0,0
02.09.2022 14:05:00.000,261.067,261.527,260.776,261.507,2.2896,259.90685965823366,0,0,,0,0
02.09.2022 14:10:00.000,261.486,262.716,261.466,262.436,2.5596,260.1014089152926,0,0,,0,0
02.09.2022 14:15:00.000,262.417,263.067,262.417,262.547,2.1564,260.28953130642395,0,0,,0,0
02.09.2022 14:20:00.000,262.547,263.217,262.366,262.837,2.1996,260.485490436699,0,0,,0,0
02.09.2022 14:25:00.000,262.856,263.387,262.797,263.357,2.2944,260.7063757877222,2,0,,0,0
02.09.2022 14:30:00.000,263.387,264.057,263.296,263.947,2.2992,260.95565457328206,2,0,,0,0
02.09.2022 14:35:00.000,263.967,264.377,263.916,264.317,2.22,261.21421960610655,2,0,,0,0
02.09.2022 14:40:00.000,264.297,264.717,264.256,264.336,2.0244,261.45435655948296,2,1,266.717,0,0
02.09.2022 14:45:00.000,264.346,264.377,263.826,263.867,2.1012,261.63994451644584,2,0,,0,0
02.09.2022 14:50:00.000,263.886,264.066,263.086,263.096,2.2332,261.7519487844116,2,0,,0,0
02.09.2022 14:55:00.000,263.117,263.307,262.586,263.256,2.37,261.86764503176454,2,0,,0,0
02.09.2022 15:00:00.000,263.246,263.597,263.036,263.557,2.274,261.9975954139365,2,0,,0,0
02.09.2022 15:05:00.000,263.566,263.766,263.256,263.396,2.0448,262.10516499747985,2,0,,0,0
02.09.2022 15:10:00.000,263.417,263.727,263.236,263.497,2.2872,262.21222922844294,2,0,,0,0
02.09.2022 15:15:00.000,263.517,263.787,263.206,263.716,2.1888,262.3279039031781,2,0,,0,0
02.09.2022 15:20:00.000,263.717,263.777,263.536,263.627,2.1312,262.4278343721644,2,0,,0,0
02.09.2022 15:25:00.000,263.627,263.697,263.376,263.667,2.1672,262.52315480507485,2,0,,0,0
02.09.2022 15:30:00.000,263.676,263.947,263.466,263.646,2.412,262.6095275123768,2,0,,0,0
02.09.2022 15:35:00.000,263.656,263.887,263.426,263.757,2.4168000000000003,262.69779462680935,2,0,,0,0
02.09.2022 15:40:00.000,263.756,263.807,263.006,263.266,2.4144,262.7415027324394,2,0,,0,0
02.09.2022 15:45:00.000,263.277,263.957,263.246,263.816,1.8804,262.8241563684056,2,0,,0,0
02.09.2022 15:50:00.000,263.856,264.017,263.606,263.707,1.8108,262.89206741698985,2,0,,0,0
02.09.2022 15:55:00.000,263.706,263.757,263.276,263.357,1.6632000000000002,262.9278314618368,2,0,,0,0
02.09.2022 16:00:00.000,263.377,263.437,262.886,263.006,2.0052,262.9338444263109,2,0,,0,0
02.09.2022 16:05:00.000,262.997,263.087,262.726,262.887,1.7592,262.9302410089024,0,0,,0,0
02.09.2022 16:10:00.000,262.867,262.957,262.606,262.676,1.9692,262.9106840082176,0,0,,0,0
02.09.2022 16:15:00.000,262.676,262.697,262.066,262.087,2.424,262.84732369989314,0,0,,0,0
02.09.2022 16:20:00.000,262.067,262.196,261.046,261.446,3.3516,262.7395295691321,0,0,,0,0
02.09.2022 16:25:00.000,261.467,261.496,260.866,261.147,2.9904,262.6170272945835,0,0,,0,0
02.09.2022 16:30:00.000,261.156,261.457,260.667,260.877,3.3012,262.483179041154,0,0,,0,0
02.09.2022 16:35:00.000,260.877,260.927,259.956,260.227,3.0084,262.3096268072191,0,0,,0,0
02.09.2022 16:40:00.000,260.236,260.377,259.226,259.297,2.9064,262.0778862835869,0,0,,0,0
02.09.2022 16:45:00.000,259.237,259.866,259.096,259.556,2.88,261.8838950310033,0,0,,0,0
02.09.2022 16:50:00.000,259.547,259.606,258.686,259.387,3.192,261.6918261824646,0,0,,0,0
02.09.2022 16:55:00.000,259.387,259.627,259.096,259.427,2.9088000000000003,261.51760878381344,0,0,,0,0
02.09.2022 17:00:00.000,259.447,259.447,258.236,258.767,3.0804,261.3060234927509,0,0,,0,0
02.09.2022 17:05:00.000,258.767,258.927,258.096,258.346,3.0444,261.0783293779239,0,0,,0,0
02.09.2022 17:10:00.000,258.347,258.776,258.166,258.716,3.0708,260.89661173346826,0,0,,0,0
02.09.2022 17:15:00.000,258.706,259.116,258.146,258.796,3.2508,260.73502621550915,0,0,,0,0
02.09.2022 17:20:00.000,258.797,258.797,257.556,257.596,2.9496,260.49356266047,0,0,,0,0
02.09.2022 17:25:00.000,257.596,257.766,257.396,257.626,2.9904,260.27298091735696,0,0,,0,0
02.09.2022 17:30:00.000,257.626,257.917,257.236,257.316,2.9316,260.0455208467911,0,0,,0,0
02.09.2022 17:35:00.000,257.296,257.727,257.106,257.387,3.0348,259.8410192431918,0,0,,0,0
02.09.2022 17:40:00.000,257.386,257.796,257.196,257.597,2.4852000000000003,259.6684023783309,0,0,,0,0
02.09.2022 17:45:00.000,257.596,257.957,256.617,256.676,2.4084,259.43821757999774,0,0,,0,0
02.09.2022 17:50:00.000,256.696,256.796,256.146,256.357,2.6376,259.20120084307484,0,0,,0,0
02.09.2022 17:55:00.000,256.346,256.357,255.856,255.867,2.5536000000000003,258.94472385514604,0,0,,0,0
02.09.2022 18:00:00.000,255.876,256.297,255.816,256.076,2.8176,258.7240527893656,0,0,,0,0
02.09.2022 18:05:00.000,256.076,256.287,255.566,256.236,2.5860000000000003,258.5326641132606,0,0,,0,0
02.09.2022 18:10:00.000,256.257,256.387,255.946,256.026,2.5824,258.3398437968559,0,0,,0,0
02.09.2022 18:15:00.000,256.036,256.207,255.756,256.037,2.8092,258.16270196632854,0,0,,0,0
02.09.2022 18:20:00.000,256.056,256.187,255.806,256.086,2.5572,258.00295566122634,0,0,,0,0
02.09.2022 18:25:00.000,256.056,256.757,255.967,256.747,2.5488,257.90634368728587,0,0,,0,0
02.09.2022 18:30:00.000,256.757,256.757,256.066,256.366,2.3796,257.78785571134085,0,0,,0,0
02.09.2022 18:35:00.000,256.357,256.927,256.317,256.766,2.3496,257.70925142585315,0,0,,0,0
02.09.2022 18:40:00.000,256.766,256.967,256.516,256.907,2.3076,257.6475397777106,1,0,,0,0
02.09.2022 18:45:00.000,256.927,256.997,256.506,256.607,2.3628,257.56749825634824,1,0,,0,0
02.09.2022 18:50:00.000,256.617,256.776,256.546,256.557,2.3664,257.48976762124454,1,0,,0,0
02.09.2022 18:55:00.000,256.557,256.597,255.946,256.166,2.3976,257.3879393426873,1,0,,0,0
02.09.2022 19:00:00.000,256.166,256.956,256.037,256.696,2.9508,257.33471323940364,1,0,,0,0
02.09.2022 19:05:00.000,256.707,256.986,256.446,256.576,2.4696,257.27635068252647,1,0,,0,0
02.09.2022 19:10:00.000,256.577,256.726,256.146,256.407,2.5644,257.20947755310135,1,0,,0,0
02.09.2022 19:15:00.000,256.417,256.717,256.216,256.386,2.3916000000000004,257.14613312593974,1,0,,0,0
02.09.2022 19:20:00.000,256.386,256.837,255.586,255.797,2.7696,257.0423536547136,1,0,,0,0
02.09.2022 19:25:00.000,255.787,256.337,255.626,256.187,2.3736,256.97655721973564,1,0,,0,0
02.09.2022 19:30:00.000,256.136,256.167,255.276,255.276,2.634,256.84574512590984,1,0,,0,0
02.09.2022 19:35:00.000,255.296,255.307,254.616,254.716,2.2488,256.68191857776293,1,0,,0,0
02.09.2022 19:40:00.000,254.737,254.757,254.466,254.466,1.8684,256.5114633025504,1,0,,0,0
02.09.2022 19:45:00.000,254.477,255.047,254.466,254.966,2.5536,256.3925815100465,1,0,,0,0
02.09.2022 19:50:00.000,254.966,255.777,254.947,255.757,1.974,256.34369062465834,1,0,,0,0
02.09.2022 19:55:00.000,255.767,256.147,255.307,255.476,1.7496,256.2769451919923,1,0,,0,0
06.09.2022 13:30:00.000,256.097,257.806,256.097,256.506,2.604,256.2945647926083,0,1,259.806,0,0
06.09.2022 13:35:00.000,256.517,257.097,255.616,255.637,2.4324000000000003,256.24398288548457,0,0,,0,0
06.09.2022 13:40:00.000,255.676,255.967,255.236,255.356,2.4924,256.17567650967806,0,0,,0,0
06.09.2022 13:45:00.000,255.387,255.727,255.036,255.367,2.8836,256.1134706243182,0,0,,0,0
06.09.2022 13:50:00.000,255.366,255.837,254.996,255.096,2.7804,256.03520365321685,0,0,,0,0
06.09.2022 13:55:00.000,255.097,255.607,254.676,255.477,2.388,255.99226491066173,0,0,,0,0
06.09.2022 14:00:00.000,255.476,255.476,253.536,253.947,3.0648000000000004,255.83493684061085,0,0,,0,0
06.09.2022 14:05:00.000,253.946,254.027,253.026,253.376,2.9544,255.64578785287156,0,0,,0,0
06.09.2022 14:10:00.000,253.387,253.536,252.646,253.366,2.8272,255.47041955649684,0,2,250.646,0,0
06.09.2022 14:15:00.000,253.406,253.407,252.906,253.216,2.8416,255.29700266753557,0,0,,0,0
06.09.2022 14:20:00.000,253.227,253.436,252.917,253.297,2.7408,255.14315630849438,0,0,,0,0
06.09.2022 14:25:00.000,253.297,254.597,253.076,254.336,2.658,255.08106736168713,0,0,,0,0
06.09.2022 14:30:00.000,254.336,254.387,253.876,254.226,2.634,255.01529294924967,0,0,,0,0
06.09.2022 14:35:00.000,254.226,254.997,253.826,254.886,2.3904,255.00534733776894,0,0,,0,0
06.09.2022 14:40:00.000,254.907,255.757,254.856,255.486,2.7623999999999995,255.04232061947903,0,0,,0,0
06.09.2022 14:45:00.000,255.517,255.717,254.996,255.157,2.7732,255.05114211028837,0,0,,0,0
06.09.2022 14:50:00.000,255.156,256.397,255.087,256.057,2.8632,255.12851579411236,0,0,,0,0
06.09.2022 14:55:00.000,256.086,256.857,256.006,256.436,2.6496000000000004,255.22909150225757,0,0,,0,0
06.09.2022 15:00:00.000,256.447,256.467,255.846,256.156,2.5128,255.30039215593007,0,0,,0,0
06.09.2022 15:05:00.000,256.166,257.057,256.006,256.447,2.604,255.38859275932006,0,0,,0,0
06.09.2022 15:10:00.000,256.416,256.567,255.906,256.166,2.5356,255.44839331629544,0,0,,0,0
06.09.2022 15:15:00.000,256.186,256.257,255.616,255.626,2.4792,255.4620553688881,0,0,,0,0
06.09.2022 15:20:00.000,255.637,256.196,255.427,255.956,2.5884,255.50005110974288,0,0,,0,0
06.09.2022 15:25:00.000,255.956,256.347,255.206,255.416,2.8427999999999995,255.49358563976267,0,0,,0,0
06.09.2022 15:30:00.000,255.406,256.647,255.226,256.067,2.8992,255.53769443670402,0,0,,0,0
06.09.2022 15:35:00.000,256.086,256.327,255.556,255.856,2.9196,255.5621794800345,0,0,,0,0
06.09.2022 15:40:00.000,255.867,256.917,255.776,256.357,2.9376,255.62331952003186,0,0,,0,0
06.09.2022 15:45:00.000,256.357,256.557,255.757,255.847,2.8164,255.64052571079867,0,0,,0,0
06.09.2022 15:50:00.000,255.846,256.337,255.736,256.216,2.8644,255.68479296381417,0,0,,0,0
06.09.2022 15:55:00.000,256.246,256.417,256.006,256.066,2.6004,255.71411658198232,0,0,,0,0
06.09.2022 16:00:00.000,256.067,256.167,255.627,255.776,2.5752,255.71887684490676,0,0,,0,0
06.09.2022 16:05:00.000,255.777,256.166,254.786,254.927,2.802,255.65796324145242,0,0,,0,0
06.09.2022 16:10:00.000,254.916,255.067,254.706,254.837,2.1804,255.59481222287917,0,0,,0,0
06.09.2022 16:15:00.000,254.816,254.957,254.137,254.217,2.3976,255.4888266672731,0,0,,0,0
06.09.2022 16:20:00.000,254.166,254.337,253.606,253.737,2.388,255.35407076979055,0,0,,0,0
06.09.2022 16:25:00.000,253.736,254.037,253.496,253.876,2.3928,255.2403730182682,0,0,,0,0
06.09.2022 16:30:00.000,253.896,254.147,253.876,253.976,2.076,255.1431135553245,0,0,,0,0
06.09.2022 16:35:00.000,253.966,254.177,253.686,253.896,2.022,255.04718174337648,0,0,,0,0
06.09.2022 16:40:00.000,253.906,254.397,253.446,254.366,1.9632,254.99478314773214,0,0,,0,0
06.09.2022 16:45:00.000,254.347,254.427,254.066,254.217,2.0532,254.93495367482967,0,0,,0,0
06.09.2022 16:50:00.000,254.237,254.387,253.926,254.327,1.8264,254.8881880075351,0,0,,0,0
06.09.2022 16:55:00.000,254.336,254.547,254.077,254.277,1.9428,254.84117354541704,0,0,,0,0
06.09.2022 17:00:00.000,254.287,254.307,253.646,253.816,2.0448,254.76231404192345,0,0,,0,0
06.09.2022 17:05:00.000,253.817,253.857,252.836,252.836,2.34,254.61413603869858,0,0,,0,0
06.09.2022 17:10:00.000,252.836,253.057,252.447,252.557,2.196,254.45589480495252,0,0,,0,0
06.09.2022 17:15:00.000,252.556,252.877,252.277,252.806,2.2032,254.3289798199562,0,0,,0,0
06.09.2022 17:20:00.000,252.787,252.976,252.626,252.727,2.0136,254.2057506030365,0,0,,0,0
06.09.2022 17:25:00.000,252.727,252.817,252.506,252.547,1.8648,254.07815440280297,0,0,,0,0
06.09.2022 17:30:00.000,252.566,253.147,252.426,252.926,1.8312,253.9895271410489,0,0,,0,0
06.09.2022 17:35:00.000,252.897,252.986,252.517,252.906,1.8972,253.9061788994298,0,0,,0,0
06.09.2022 17:40:00.000,252.906,252.917,252.366,252.657,2.13,253.81008821485827,0,0,,0,0
06.09.2022 17:45:00.000,252.646,252.856,252.116,252.127,2.2284,253.6806198906384,0,0,,0,0
06.09.2022 17:50:00.000,252.127,252.286,251.916,252.026,2.2236,253.55334143751242,0,2,249.916,0,0
06.09.2022 17:55:00.000,252.026,252.987,252.026,252.917,2.0112,253.50439209616533,0,0,,0,0
06.09.2022 18:00:00.000,252.916,253.466,252.836,253.207,2.3808,253.4815157810757,0,0,,0,0
06.09.2022 18:05:00.000,253.186,253.376,253.096,253.237,1.8744,253.4627068748391,0,0,,0,0
06.09.2022 18:10:00.000,253.237,254.067,253.226,253.897,2.3688,253.49611403831304,0,0,,0,0
06.09.2022 18:15:00.000,253.907,254.127,253.756,253.966,2.0232,253.53225911228898,0,0,,0,0
06.09.2022 18:20:00.000,253.967,254.057,253.716,253.967,2.1444,253.565700719036,0,0,,0,0
06.09.2022 18:25:00.000,253.997,254.087,253.606,253.756,2.1948000000000003,253.580339125264,0,0,,0,0
06.09.2022 18:30:00.000,253.756,253.917,253.196,253.536,2.0820000000000003,253.57692842332062,0,0,,0,0
06.09.2022 18:35:00.000,253.507,254.057,253.306,253.837,1.8384000000000005,253.59693392921906,0,0,,0,0
06.09.2022 18:40:00.000,253.836,253.866,253.426,253.537,1.902,253.59232362697145,0,0,,0,0
06.09.2022 18:45:00.000,253.536,253.657,253.186,253.607,2.2476000000000003,253.5934525787429,0,0,,0,0
06.09.2022 18:50:00.000,253.637,253.657,252.996,253.517,2.1096000000000004,253.58757161114733,0,0,,0,0
06.09.2022 18:55:00.000,253.547,253.877,253.147,253.406,2.232,253.573604564136,0,0,,0,0
06.09.2022 19:00:00.000,253.386,253.576,252.896,253.116,2.3904,253.5384042130486,0,0,,0,0
06.09.2022 19:05:00.000,253.117,254.027,253.036,253.997,2.3088,253.5736808120449,0,0,,0,0
06.09.2022 19:10:00.000,254.006,254.067,253.696,253.747,2.1612,253.58701305727223,0,0,,0,0
06.09.2022 19:15:00.000,253.747,254.267,253.676,253.696,2.3928000000000003,253.5953966682513,0,0,,0,0
06.09.2022 19:20:00.000,253.687,253.887,253.196,253.627,2.2596,253.59782769377045,0,0,,0,0
06.09.2022 19:25:00.000,253.647,253.857,253.377,253.556,2.0172,253.59461017886505,0,0,,0,0
06.09.2022 19:30:00.000,253.567,253.586,252.556,252.917,2.382,253.54248631895237,0,0,,0,0
06.09.2022 19:35:00.000,252.926,253.166,252.766,252.826,2.1144,253.48737198672526,0,0,,0,0
06.09.2022 19:40:00.000,252.826,253.607,252.756,253.526,2.1096,253.4903433723618,0,0,,0,0
06.09.2022 19:45:00.000,253.547,253.736,253.097,253.526,2.3304,253.49308618987246,0,0,,0,0
06.09.2022 19:50:00.000,253.527,253.527,252.737,252.936,2.5284,253.45023340603612,0,0,,0,0
06.09.2022 19:55:00.000,252.926,253.387,252.496,253.336,2.3868,253.44144622095644,0,2,250.496,0,0
07.09.2022 13:30:00.000,254.176,254.976,254.116,254.547,1.7508,253.5264888193444,0,0,,0,0
07.09.2022 13:35:00.000,254.547,255.656,254.226,255.547,2.1252,253.68191275631793,0,0,,0,0
07.09.2022 13:40:00.000,255.537,255.777,254.916,255.226,2.0304,253.80068869813965,0,0,,0,0
07.09.2022 13:45:00.000,255.257,255.887,255.116,255.667,2.3772,253.94425110597507,0,1,257.887,0,0
07.09.2022 13:50:00.000,255.606,255.747,255.297,255.516,2.6544,254.06515486705393,0,0,,0,0
07.09.2022 13:55:00.000,255.437,255.837,254.846,255.037,2.6004,254.13991218497287,0,0,,0,0
07.09.2022 14:00:00.000,255.017,255.037,254.246,254.836,2.5764,254.19345740151346,0,0,,0,0
07.09.2022 14:05:00.000,254.836,255.067,254.086,254.197,2.4876,254.19372990908937,0,0,,0,0
07.09.2022 14:10:00.000,254.196,254.407,253.536,253.636,2.3952000000000004,254.1508276083902,0,0,,0,0
07.09.2022 14:15:00.000,253.637,253.716,253.326,253.606,2.37,254.1089177923602,0,0,,0,0
07.09.2022 14:20:00.000,253.566,253.657,253.206,253.537,2.2536,254.0649241160248,0,0,,0,0
07.09.2022 14:25:00.000,253.536,254.397,253.296,254.247,2.724,254.0789299532537,0,0,,0,0
07.09.2022 14:30:00.000,254.226,255.246,254.226,254.426,2.3628,254.10562764915727,0,0,,0,0
07.09.2022 14:35:00.000,254.457,254.716,254.056,254.216,2.3352,254.11411782999136,0,0,,0,0
07.09.2022 14:40:00.000,254.207,254.287,253.556,253.857,2.4936,254.09433953537666,0,0,,0,0
07.09.2022 14:45:00.000,253.857,253.967,253.526,253.657,1.9392,254.0606980326554,0,0,,0,0
07.09.2022 14:50:00.000,253.657,254.336,253.446,254.287,2.424,254.07810587629731,0,0,,0,0
07.09.2022 14:55:00.000,254.287,254.637,254.066,254.167,2.1936,254.08494388581292,0,0,,0,0
07.09.2022 15:00:00.000,254.137,254.937,253.836,254.806,2.1996,254.14040974075039,0,0,,0,0
07.09.2022 15:05:00.000,254.806,255.197,254.667,254.897,1.914,254.1986089914619,0,0,,0,0
07.09.2022 15:10:00.000,254.916,255.727,254.866,255.297,1.9716,254.28310060750331,0,0,,0,0
07.09.2022 15:15:00.000,255.287,255.347,254.876,255.007,1.74,254.33878517615693,0,0,,0,0
07.09.2022 15:20:00.000,255.037,255.497,255.006,255.426,1.8492,254.42241708568332,0,0,,0,0
07.09.2022 15:25:00.000,255.407,255.557,255.086,255.127,1.8648,254.4766157714,0,0,,0,0
07.09.2022 15:30:00.000,255.096,255.516,255.016,255.127,2.0988,254.52664532744615,0,0,,0,0
07.09.2022 15:35:00.000,255.116,255.377,255.096,255.167,1.8012,254.57590337918109,0,0,,0,0
07.09.2022 15:40:00.000,255.187,255.237,254.746,254.917,2.0388,254.60214158078256,0,0,,0,0
07.09.2022 15:45:00.000,254.917,255.307,254.836,255.226,1.6932,254.65013068995316,0,0,,0,0
07.09.2022 15:50:00.000,255.226,255.427,255.106,255.276,1.6668,254.6982744830337,0,0,,0,0
07.09.2022 15:55:00.000,255.276,255.447,255.147,255.216,1.5792,254.73809952280038,0,0,,0,0
07.09.2022 16:00:00.000,255.206,255.507,255.187,255.357,1.7184,254.78570725181575,0,0,,0,0
07.09.2022 16:05:00.000,255.356,255.677,255.196,255.607,1.3968,254.84888361706072,0,0,,0,0
07.09.2022 16:10:00.000,255.606,255.637,255.196,255.217,1.4976000000000005,254.87720026190223,0,0,,0,0
07.09.2022 16:15:00.000,255.226,255.256,254.956,255.127,1.56,254.8964156263713,0,0,,0,0
07.09.2022 16:20:00.000,255.127,255.236,254.616,254.797,1.7952,254.8887682704966,0,0,,0,0
07.09.2022 16:25:00.000,254.806,255.156,254.726,255.077,1.1964,254.90324763430456,0,0,,0,0
07.09.2022 16:30:00.000,255.077,255.106,254.696,255.027,1.5215999999999998,254.91276704705038,0,0,,0,0
07.09.2022 16:35:00.000,255.027,255.647,254.907,255.647,1.44,254.96924650496962,0,0,,0,0
07.09.2022 16:40:00.000,255.626,256.417,255.546,256.156,2.1828,255.0605352353566,0,0,,0,0
07.09.2022 16:45:00.000,256.146,256.437,256.096,256.177,1.8168,255.1464171403292,0,0,,0,0
07.09.2022 16:50:00.000,256.177,256.287,255.816,255.897,1.878,255.20415428338083,0,0,,0,0
07.09.2022 16:55:00.000,255.837,256.157,255.656,256.086,1.6416000000000002,255.27198856927464,0,0,,0,0
07.09.2022 17:00:00.000,256.087,256.627,256.026,256.416,1.8996,255.3599894485612,0,0,,0,0
07.09.2022 17:05:00.000,256.416,256.596,256.186,256.286,1.9056,255.43122102944113,0,0,,0,0
07.09.2022 17:10:00.000,256.296,256.347,256.016,256.187,1.5468,255.4893578733303,0,0,,0,0
07.09.2022 17:15:00.000,256.226,256.257,255.876,255.927,1.6284,255.52302265230492,0,0,,0,0
07.09.2022 17:20:00.000,255.907,256.016,255.706,255.727,1.362,255.53871321751225,0,0,,0,0
07.09.2022 17:25:00.000,255.727,255.797,255.236,255.366,1.4448,255.52542758539596,0,0,,0,0
07.09.2022 17:30:00.000,255.406,256.207,255.366,256.187,1.5996000000000004,255.57631777113477,0,0,,0,0
07.09.2022 17:35:00.000,256.187,256.627,256.096,256.506,1.5132,255.64783178873978,0,0,,0,0
07.09.2022 17:40:00.000,256.496,256.947,256.396,256.877,1.2144,255.74238318960596,0,0,,0,0
07.09.2022 17:45:00.000,256.877,257.017,256.686,256.907,1.5072,255.83196909809783,0,0,,0,0
07.09.2022 17:50:00.000,256.917,257.027,256.796,256.967,1.3524,255.9192791674749,0,0,,0,0
07.09.2022 17:55:00.000,257.017,257.017,256.676,256.957,1.2708,255.99910384689994,0,0,,0,0
07.09.2022 18:00:00.000,256.927,257.867,256.836,257.856,1.8516,256.14194201252303,0,0,,0,0
07.09.2022 18:05:00.000,257.817,257.837,257.256,257.347,1.7244,256.2346387807905,0,0,,0,0
07.09.2022 18:10:00.000,257.336,257.487,257.126,257.386,1.488,256.323205028422,0,0,,0,0
07.09.2022 18:15:00.000,257.386,257.606,257.136,257.156,1.5732,256.3872661800819,0,0,,0,0
07.09.2022 18:20:00.000,257.157,257.417,257.116,257.406,1.4544,256.4656303200756,0,0,,0,0
07.09.2022 18:25:00.000,257.417,258.127,257.376,258.076,1.4555999999999998,256.589504910839,0,0,,0,0
07.09.2022 18:30:00.000,258.077,258.186,257.686,258.177,2.0028,256.7116199176976,0,0,,0,0
07.09.2022 18:35:00.000,258.177,258.247,257.986,258.136,1.7508,256.82118761633626,0,0,,0,0
07.09.2022 18:40:00.000,258.137,258.497,258.076,258.257,1.7628,256.93163472277195,0,0,,0,0
07.09.2022 18:45:00.000,258.247,258.437,258.156,258.307,1.554,257.0374320517895,0,0,,0,0
07.09.2022 18:50:00.000,258.306,258.467,258.026,258.426,1.7508,257.1442449708826,0,0,,0,0
07.09.2022 18:55:00.000,258.427,258.546,258.167,258.266,1.3164,257.2305338192763,0,0,,0,0
07.09.2022 19:00:00.000,258.277,258.397,258.146,258.386,1.6872,257.31941583317814,0,0,,0,0
07.09.2022 19:05:00.000,258.396,258.667,258.216,258.657,1.5804,257.42230692293367,0,0,,0,0
07.09.2022 19:10:00.000,258.657,258.687,258.366,258.546,1.2516,257.5087448519388,0,0,,0,0
07.09.2022 19:15:00.000,258.516,258.807,258.316,258.437,1.68,257.58014909409735,0,1,260.807,0,0
07.09.2022 19:20:00.000,258.406,258.577,258.166,258.497,1.6164,257.6506760868591,0,0,,0,0
07.09.2022 19:25:00.000,258.506,258.697,258.456,258.607,1.404,257.724239464793,0,0,,0,0
07.09.2022 19:30:00.000,258.577,258.697,258.287,258.597,1.7232,257.7913748905782,0,0,,0,0
07.09.2022 19:35:00.000,258.596,258.717,258.536,258.716,1.5648,257.8624998989953,0,0,,0,0
07.09.2022 19:40:00.000,258.676,258.796,258.376,258.457,1.4676,257.90823067599564,0,0,,0,0
07.09.2022 19:45:00.000,258.446,258.806,258.396,258.667,1.7315999999999998,257.9665975470729,0,0,,0,0
07.09.2022 19:50:00.000,258.677,258.706,258.316,258.486,2.1216,258.00655158191347,0,0,,0,0
07.09.2022 19:55:00.000,258.486,258.487,257.877,257.907,2.0544,257.99889376792015,0,0,,0,0
08.09.2022 13:30:00.000,256.186,256.826,255.496,255.806,3.1776,257.8302096319263,0,2,253.496,0,0
08.09.2022 13:35:00.000,255.737,256.367,255.496,256.016,2.7252,257.6906550448551,0,2,253.496,0,0
08.09.2022 13:40:00.000,256.076,257.647,255.576,257.547,2.994,257.6796046567893,0,0,,0,0
08.09.2022 13:45:00.000,257.516,258.447,257.326,257.796,3.2448,257.6885581447286,0,0,,0,0
08.09.2022 13:50:00.000,257.847,257.877,257.336,257.647,2.6832,257.68536136436484,0,0,,0,0
08.09.2022 13:55:00.000,257.647,258.107,257.486,257.846,2.6208,257.69771818249063,0,0,,0,0
08.09.2022 14:00:00.000,257.836,258.037,256.416,256.677,2.6508000000000003,257.61920139922216,0,0,,0,0
08.09.2022 14:05:00.000,256.676,257.457,256.616,257.126,2.5620000000000003,257.58126283005123,0,0,,0,0
08.09.2022 14:10:00.000,257.127,257.437,256.496,256.866,2.6424,257.52624261235496,0,0,,0,0
08.09.2022 14:15:00.000,256.866,257.947,256.356,257.867,2.9796000000000005,257.5524547190969,0,0,,0,0
08.09.2022 14:20:00.000,257.866,258.326,257.326,257.507,2.2596,257.5489582022433,0,0,,0,0
08.09.2022 14:25:00.000,257.506,257.977,257.356,257.917,2.076,257.57726910976305,0,0,,0,0
08.09.2022 14:30:00.000,257.907,258.277,257.626,258.137,2.4708,257.620325332089,0,0,,0,0
08.09.2022 14:35:00.000,258.167,258.917,257.917,258.687,2.4024,257.70237722962065,0,0,,0,0
08.09.2022 14:40:00.000,258.686,258.906,258.296,258.826,2.1024,257.7888097504191,0,0,,0,0
08.09.2022 14:45:00.000,258.827,259.077,258.576,258.687,2.1684,257.85790130807914,0,0,,0,0
08.09.2022 14:50:00.000,258.676,258.857,258.446,258.706,1.968,257.9231396689961,0,0,,0,0
08.09.2022 14:55:00.000,258.707,259.686,258.566,259.667,2.0688,258.05728277138104,0,0,,0,0
08.09.2022 15:00:00.000,259.667,260.026,259.576,259.736,1.9044,258.1864148658902,0,0,,0,0
08.09.2022 15:05:00.000,259.736,260.357,259.696,260.357,1.3776,258.3533829531294,0,0,,0,0
08.09.2022 15:10:00.000,260.336,260.407,259.976,260.286,1.7616,258.50204580288874,0,1,262.407,0,0
08.09.2022 15:15:00.000,260.287,260.307,260.026,260.186,1.836,258.63158074112806,0,0,,0,0
08.09.2022 15:20:00.000,260.186,260.307,260.006,260.096,1.9704,258.74422837642595,0,0,,0,0
08.09.2022 15:25:00.000,260.086,260.327,259.856,259.907,1.8936,258.8336723474701,0,0,,0,0
08.09.2022 15:30:00.000,259.916,260.047,259.796,259.937,1.8084,258.918543705357,0,0,,0,0
08.09.2022 15:35:00.000,259.906,260.087,259.146,259.216,1.872,258.9414249587911,0,0,,0,0
08.09.2022 15:40:00.000,259.196,259.437,258.807,259.397,1.8264,258.9764691927303,0,0,,0,0
08.09.2022 15:45:00.000,259.357,259.536,258.896,258.906,1.5696,258.9710484855972,0,0,,0,0
08.09.2022 15:50:00.000,258.907,259.226,258.726,259.226,1.6356000000000002,258.99066014055126,0,0,,0,0
08.09.2022 15:55:00.000,259.216,259.246,258.816,258.826,1.7808,258.97799397589347,0,0,,0,0
08.09.2022 16:00:00.000,258.837,258.987,257.246,257.247,2.8572,258.84484059313246,0,0,,0,0
08.09.2022 16:05:00.000,257.246,257.347,255.936,256.126,3.0204,258.63569900904537,0,0,,0,0
08.09.2022 16:10:00.000,256.086,256.167,255.337,255.667,2.9988,258.4073375468111,0,0,,0,0
08.09.2022 16:15:00.000,255.666,255.917,255.086,255.296,2.754,258.1680038893641,0,0,,0,0
08.09.2022 16:20:00.000,255.296,255.497,254.766,255.316,2.532,257.9486189747976,0,2,252.766,0,0
08.09.2022 16:25:00.000,255.257,255.737,255.096,255.626,2.2728,257.7699559767363,0,0,,0,0
08.09.2022 16:30:00.000,255.616,255.956,255.436,255.636,2.2176,257.6058055169874,0,0,,0,0
08.09.2022 16:35:00.000,255.636,256.027,255.626,255.776,2.1264,257.46505124644995,0,0,,0,0
08.09.2022 16:40:00.000,255.776,256.407,255.596,256.377,2.1444,257.381354996723,0,0,,0,0
08.09.2022 16:45:00.000,256.347,256.396,255.996,256.097,1.8696,257.28255845851356,0,0,,0,0
08.09.2022 16:50:00.000,256.086,256.617,255.996,256.356,2.0436,257.21128473093563,0,0,,0,0
08.09.2022 16:55:00.000,256.357,256.606,256.216,256.256,1.8516,257.13780129009444,0,0,,0,0
08.09.2022 17:00:00.000,256.267,256.407,255.437,255.636,2.0988,257.02227811393334,0,0,,0,0
08.09.2022 17:05:00.000,255.637,255.997,255.506,255.966,1.908,256.9410259513231,0,0,,0,0
08.09.2022 17:10:00.000,255.957,257.327,255.936,257.237,2.6208,256.9637931858367,0,0,,0,0
08.09.2022 17:15:00.000,257.237,257.516,257.086,257.256,1.9752,256.98627063308004,0,0,,0,0
08.09.2022 17:20:00.000,257.236,257.547,257.106,257.506,1.6176,257.02624981515083,0,0,,0,0
08.09.2022 17:25:00.000,257.507,257.707,257.106,257.317,2.1456,257.0486152139854,0,0,,0,0
08.09.2022 17:30:00.000,257.327,257.467,256.846,257.326,2.2488,257.0699525052173,0,0,,0,0
08.09.2022 17:35:00.000,257.326,257.827,257.207,257.466,2.1972,257.1004176971237,0,0,,0,0
08.09.2022 17:40:00.000,257.476,257.676,257.396,257.587,1.956,257.1378471050373,0,0,,0,0
08.09.2022 17:45:00.000,257.586,257.687,257.237,257.557,1.7340000000000002,257.17008963541906,0,0,,0,0
08.09.2022 17:50:00.000,257.556,257.587,257.146,257.147,2.0412,257.1683135096176,0,0,,0,0
08.09.2022 17:55:00.000,257.146,257.197,256.266,256.766,2.4888,257.1373663165701,0,0,,0,0
08.09.2022 18:00:00.000,256.786,257.067,256.646,256.906,2.0028,257.11956890760314,0,0,,0,0
08.09.2022 18:05:00.000,256.926,257.177,256.626,256.846,1.7808,257.09852514547987,0,0,,0,0
08.09.2022 18:10:00.000,256.856,257.027,256.506,256.556,1.9824,257.05679244198143,0,0,,0,0
08.09.2022 18:15:00.000,256.556,256.976,256.267,256.867,1.8852,257.0421930233675,0,0,,0,0
08.09.2022 18:20:00.000,256.837,257.007,256.716,256.967,1.8468,257.0364089446469,0,0,,0,0
08.09.2022 18:25:00.000,256.966,257.117,256.796,256.866,1.8384000000000005,257.02330056428946,0,0,,0,0
08.09.2022 18:30:00.000,256.867,257.407,256.846,257.316,1.794,257.045815905498,0,0,,0,0
08.09.2022 18:35:00.000,257.306,257.627,257.166,257.547,1.9848,257.084368528152,0,0,,0,0
08.09.2022 18:40:00.000,257.566,257.797,256.626,257.196,2.1492,257.09295556444806,0,0,,0,0
08.09.2022 18:45:00.000,257.227,257.347,256.706,256.927,2.3112000000000004,257.08018975179823,0,0,,0,0
08.09.2022 18:50:00.000,256.926,257.207,256.536,257.126,2.1228,257.0837136170445,0,0,,0,0
08.09.2022 18:55:00.000,257.127,257.146,256.517,256.696,1.986,257.0538894926565,0,0,,0,0
08.09.2022 19:00:00.000,256.656,256.907,256.016,256.397,2.1192,257.0033595316829,0,2,254.01600000000002,0,0
08.09.2022 19:05:00.000,256.397,256.767,256.256,256.577,2.1420000000000003,256.9705626446304,0,0,,0,0
08.09.2022 19:10:00.000,256.546,257.027,256.426,257.016,2.0076,256.9740578258127,0,0,,0,0
08.09.2022 19:15:00.000,257.016,257.277,256.896,257.187,1.8624,256.99043799305787,0,0,,0,0
08.09.2022 19:20:00.000,257.157,257.446,257.036,257.316,1.6212000000000002,257.0154812243611,0,0,,0,0
08.09.2022 19:25:00.000,257.296,257.336,256.876,256.907,1.476,257.00713651479487,0,0,,0,0
08.09.2022 19:30:00.000,256.937,257.276,256.756,256.837,2.0748,256.9940490905799,0,0,,0,0
08.09.2022 19:35:00.000,256.836,257.066,256.667,256.927,1.8924,256.9888914682276,0,0,,0,0
08.09.2022 19:40:00.000,256.966,257.026,256.476,256.537,1.7772,256.9541305860563,0,0,,0,0
08.09.2022 19:45:00.000,256.526,257.146,256.436,256.737,1.7808000000000002,256.93742823328273,0,0,,0,0
08.09.2022 19:50:00.000,256.737,257.977,256.727,257.917,1.866,257.0127799076456,0,0,,0,0
08.09.2022 19:55:00.000,257.907,258.597,257.786,258.456,1.6812,257.1237968378267,0,0,,0,0
09.09.2022 13:30:00.000,261.267,262.916,261.136,262.127,1.7544,257.50865861953235,0,0,,0,0
09.09.2022 13:35:00.000,262.127,262.407,261.486,261.687,1.9956,257.83006949495297,0,0,,0,0
09.09.2022 13:40:00.000,261.687,261.917,261.257,261.306,2.0436,258.097448764572,0,0,,0,0
09.09.2022 13:45:00.000,261.357,262.287,260.996,261.746,2.46,258.37810655191265,0,0,,0,0
09.09.2022 13:50:00.000,261.746,262.077,261.526,261.756,1.9212,258.63794450945784,0,0,,0,0
09.09.2022 13:55:00.000,261.776,262.447,261.316,262.377,2.1948,258.9255641625765,0,0,,0,0
09.09.2022 14:00:00.000,262.416,263.146,262.197,262.936,2.4252,259.2340592269937,0,0,,0,0
09.09.2022 14:05:00.000,262.946,263.296,262.776,263.277,1.9992,259.5450546710711,0,0,,0,0
09.09.2022 14:10:00.000,263.287,263.297,262.836,263.156,2.4072,259.82281969637336,0,0,,0,0
09.09.2022 14:15:00.000,263.156,263.626,263.116,263.347,2.2524,260.09391048896003,0,0,,0,0
09.09.2022 14:20:00.000,263.337,263.476,262.926,263.167,1.9584,260.3303019898093,0,0,,0,0
09.09.2022 14:25:00.000,263.166,263.837,262.876,263.796,1.9668,260.5968941444394,0,0,,0,0
09.09.2022 14:30:00.000,263.807,264.426,263.716,264.336,1.812,260.8845176717902,0,0,,0,0
09.09.2022 14:35:00.000,264.346,264.697,264.186,264.646,1.9812000000000003,261.1738624662679,0,0,,0,0
09.09.2022 14:40:00.000,264.676,265.047,264.646,264.866,1.5432,261.4578730457858,0,0,,0,0
09.09.2022 14:45:00.000,264.867,265.057,264.537,264.896,1.5012,261.72234434995613,0,0,,0,0
09.09.2022 14:50:00.000,264.906,265.137,264.697,264.787,1.5828,261.9580870922672,0,1,267.137,0,0
09.09.2022 14:55:00.000,264.806,264.857,264.496,264.796,1.4616,262.1763880851697,0,0,,0,0
09.09.2022 15:00:00.000,264.787,265.027,264.316,264.576,2.0616,262.36097361707976,0,0,,0,0
09.09.2022 15:05:00.000,264.576,264.786,264.156,264.156,1.8252,262.4990525696121,0,0,,0,0
09.09.2022 15:10:00.000,264.136,264.297,263.756,263.896,1.7244,262.60651006425735,0,0,,0,0
09.09.2022 15:15:00.000,263.917,264.286,263.456,263.576,1.7376,262.68108621316065,0,0,,0,0
09.09.2022 15:20:00.000,263.536,263.817,263.227,263.746,1.6776,262.7630026583022,0,0,,0,0
09.09.2022 15:25:00.000,263.777,264.247,263.657,264.207,1.3152,262.8740793768944,0,0,,0,0
09.09.2022 15:30:00.000,264.206,264.457,263.896,264.167,1.9428,262.97353480944093,0,0,,0,0
09.09.2022 15:35:00.000,264.186,264.426,264.086,264.386,1.4952,263.08218597794547,0,0,,0,0
09.09.2022 15:40:00.000,264.387,264.506,263.936,264.026,1.3872,263.15478705656506,0,0,,0,0
09.09.2022 15:45:00.000,264.036,264.036,263.556,263.626,1.1736,263.19103420606007,0,0,,0,0
09.09.2022 15:50:00.000,263.636,263.707,263.386,263.556,1.35,263.21910849790163,0,0,,0,0
09.09.2022 15:55:00.000,263.566,263.867,263.516,263.796,1.146,263.2634847672938,2,0,,0,0
09.09.2022 16:00:00.000,263.807,263.897,263.326,263.387,2.274,263.27298593904044,2,0,,0,0
09.09.2022 16:05:00.000,263.386,263.517,263.106,263.437,2.0652,263.28560240526815,2,0,,0,0
09.09.2022 16:10:00.000,263.426,263.486,263.176,263.276,1.8048,263.2848637587091,0,0,,0,0
09.09.2022 16:15:00.000,263.267,263.387,262.967,263.376,1.782,263.2918742388084,0,0,,0,0
09.09.2022 16:20:00.000,263.376,263.386,262.747,262.806,1.6944,263.25449929736163,0,0,,0,0
09.09.2022 16:25:00.000,262.787,263.117,262.696,262.967,1.836,263.23238396679534,0,2,260.696,0,0
09.09.2022 16:30:00.000,262.987,263.397,262.756,263.336,1.6248,263.24035443088803,0,0,,0,0
09.09.2022 16:35:00.000,263.306,263.597,263.236,263.367,1.3212,263.2500963977428,0,0,,0,0
09.09.2022 16:40:00.000,263.387,263.517,263.206,263.327,1.38,263.2560120594549,0,0,,0,0
09.09.2022 16:45:00.000,263.356,263.557,263.026,263.527,1.5084000000000002,263.2768572856507,0,0,,0,0
09.09.2022 16:50:00.000,263.526,263.897,263.437,263.756,1.4435999999999998,263.3137144175237,0,0,,0,0
09.09.2022 16:55:00.000,263.756,264.017,263.666,263.957,1.38,263.3631979238681,0,0,,0,0
09.09.2022 17:00:00.000,263.957,264.006,263.526,263.867,1.4364,263.4019519297244,0,0,,0,0
09.09.2022 17:05:00.000,263.877,264.027,263.766,263.936,1.0776,263.4430325505149,0,0,,0,0
09.09.2022 17:10:00.000,263.977,264.176,263.906,263.977,1.2924,263.48410696970603,0,0,,0,0
09.09.2022 17:15:00.000,263.976,264.376,263.896,264.226,1.0836,263.54117566434405,0,0,,0,0
09.09.2022 17:20:00.000,264.236,264.416,264.076,264.077,0.9204,263.582392920933,0,0,,0,0
09.09.2022 17:25:00.000,264.146,264.337,264.076,264.197,0.72,263.62967038855356,0,0,,0,0
09.09.2022 17:30:00.000,264.196,264.397,264.186,264.187,0.6396,263.6725418971264,0,0,,0,0
09.09.2022 17:35:00.000,264.206,264.436,264.186,264.306,0.7416,263.7212694435013,0,0,,0,0
09.09.2022 17:40:00.000,264.307,264.317,263.996,264.026,0.7235999999999999,263.74471025553964,0,0,,0,0
09.09.2022 17:45:00.000,264.026,264.336,264.016,264.247,0.8111999999999999,263.78334792819044,0,0,,0,0
09.09.2022 17:50:00.000,264.257,264.337,264.106,264.297,0.7488,263.82285962602197,0,0,,0,0
09.09.2022 17:55:00.000,264.287,264.327,264.166,264.257,0.6144,263.8562550394049,0,0,,0,0
09.09.2022 18:00:00.000,264.246,264.276,263.996,264.077,1.0812,263.87323542098915,0,0,,0,0
09.09.2022 18:05:00.000,264.087,264.317,263.996,264.236,1.0439999999999998,263.90114038860537,0,0,,0,0
09.09.2022 18:10:00.000,264.247,264.397,264.036,264.337,1.2648,263.93466805102037,0,0,,0,0
09.09.2022 18:15:00.000,264.386,264.496,264.266,264.327,0.9396,263.9648474317111,0,0,,0,0
09.09.2022 18:20:00.000,264.327,264.517,264.297,264.487,0.756,264.0050130138872,0,0,,0,0
09.09.2022 18:25:00.000,264.487,264.576,264.376,264.547,0.744,264.0467043205113,0,0,,0,0
09.09.2022 18:30:00.000,264.536,264.557,264.116,264.207,0.5256000000000001,264.05903475739507,0,0,,0,0
09.09.2022 18:35:00.000,264.207,264.237,263.976,264.077,0.9948,264.0604166991339,0,0,,0,0
09.09.2022 18:40:00.000,264.056,264.267,263.986,264.086,0.9372,264.06238464535437,0,0,,0,0
09.09.2022 18:45:00.000,264.056,264.227,263.996,264.116,1.1016,264.06650890340404,0,0,,0,0
09.09.2022 18:50:00.000,264.116,264.297,264.026,264.226,1.0404,264.07877744929607,0,0,,0,0
09.09.2022 18:55:00.000,264.237,264.457,264.226,264.386,0.9576,264.1024099531964,0,0,,0,0
09.09.2022 19:00:00.000,264.356,264.667,264.207,264.606,0.9036,264.14114764910437,0,0,,0,0
09.09.2022 19:05:00.000,264.617,264.677,264.516,264.607,0.7056,264.1769824453271,0,0,,0,0
09.09.2022 19:10:00.000,264.616,264.936,264.576,264.867,1.0116,264.23006071876347,0,0,,0,0
09.09.2022 19:15:00.000,264.846,264.877,264.586,264.627,0.8364,264.2605945096278,0,0,,0,0
09.09.2022 19:20:00.000,264.647,264.647,264.086,264.216,1.0799999999999998,264.2571641627334,0,0,,0,0
09.09.2022 19:25:00.000,264.236,264.496,264.077,264.466,1.1592,264.27322845790775,0,0,,0,0
09.09.2022 19:30:00.000,264.476,264.937,264.356,264.826,1.1496,264.315749345761,0,0,,0,0
09.09.2022 19:35:00.000,264.797,264.817,264.316,264.476,1.0884,264.328076319164,0,0,,0,0
09.09.2022 19:40:00.000,264.477,265.167,264.347,265.037,1.0428,264.38260890999754,0,0,,0,0
09.09.2022 19:45:00.000,265.037,265.056,264.736,264.886,1.2336,264.4213313015362,0,0,,0,0
09.09.2022 19:50:00.000,264.826,265.026,264.277,264.906,1.5576,264.45861350911036,0,0,,0,0
09.09.2022 19:55:00.000,264.856,264.866,264.297,264.337,1.5156,264.4492586237942,0,0,,0,0
12.09.2022 13:30:00.000,265.507,266.126,265.107,265.517,1.9188,264.53139257581006,0,0,,0,0
12.09.2022 13:35:00.000,265.497,265.926,265.336,265.747,2.0568,264.6249008392093,0,0,,0,0
12.09.2022 13:40:00.000,265.746,266.117,265.356,265.437,1.8996,264.687370005424,0,0,,0,0
12.09.2022 13:45:00.000,265.437,265.826,265.106,265.707,1.7399999999999998,264.76580308192985,0,0,,0,0
12.09.2022 13:50:00.000,265.667,266.237,265.597,266.116,1.686,264.8696643833199,0,0,,0,0
12.09.2022 13:55:00.000,266.126,267.317,266.116,266.897,1.8192,265.0256132769107,0,0,,0,0
12.09.2022 14:00:00.000,266.927,266.967,266.356,266.446,2.0844,265.13487379407144,0,0,,0,0
12.09.2022 14:05:00.000,266.477,266.747,266.296,266.607,2.1396,265.24811427145056,0,0,,0,0
12.09.2022 14:10:00.000,266.607,266.767,266.436,266.696,2.0568,265.3594900967236,0,0,,0,0
12.09.2022 14:15:00.000,266.707,267.127,266.676,266.927,1.8372,265.48006778159106,0,0,,0,0
12.09.2022 14:20:00.000,266.926,267.257,266.746,267.236,1.9092,265.61513949069945,0,0,,0,0
12.09.2022 14:25:00.000,267.236,267.407,267.026,267.086,1.7244000000000002,265.7282826067995,0,1,269.407,0,0
12.09.2022 14:30:00.000,267.086,267.226,266.826,266.897,1.8012,265.818183944738,0,0,,0,0
12.09.2022 14:35:00.000,266.907,267.106,266.626,266.827,1.83,265.89578517975815,0,0,,0,0
12.09.2022 14:40:00.000,266.827,266.897,266.436,266.596,1.8936,265.94964785823834,0,0,,0,0
12.09.2022 14:45:00.000,266.606,266.807,266.446,266.756,1.7555999999999998,266.01167494606614,0,0,,0,0
12.09.2022 14:50:00.000,266.756,266.897,266.486,266.656,2.172,266.0612384117534,0,0,,0,0
12.09.2022 14:55:00.000,266.656,266.957,266.556,266.667,1.944,266.10783545700315,0,0,,0,0
12.09.2022 15:00:00.000,266.747,266.967,266.076,266.236,2.2044,266.11769426800294,0,0,,0,0
12.09.2022 15:05:00.000,266.247,266.367,265.936,265.946,1.656,266.1044870166181,0,0,,0,0
12.09.2022 15:10:00.000,265.947,266.266,265.796,266.266,1.9716,266.1169110922629,0,0,,0,0
12.09.2022 15:15:00.000,266.266,266.297,265.916,266.227,1.6896,266.12537946978114,0,0,,0,0
12.09.2022 15:20:00.000,266.236,266.666,266.136,266.656,1.5072,266.16619643364413,0,0,,0,0
12.09.2022 15:25:00.000,266.636,267.027,266.636,267.017,1.3476,266.2316428618254,0,0,,0,0
12.09.2022 15:30:00.000,267.046,267.247,266.816,267.056,1.632,266.2950549493773,0,0,,0,0
12.09.2022 15:35:00.000,267.057,267.077,266.626,266.847,1.5288,266.33751226096365,0,0,,0,0
12.09.2022 15:40:00.000,266.846,267.077,266.776,266.886,1.5492,266.37970362550493,0,0,,0,0
12.09.2022 15:45:00.000,266.886,266.957,266.386,266.527,1.7495999999999998,266.39103411585074,0,0,,0,0
12.09.2022 15:50:00.000,266.537,266.547,265.896,265.996,1.752,266.36064687616994,0,0,,0,0
12.09.2022 15:55:00.000,265.996,265.997,265.336,265.596,2.5128000000000004,266.30182788569533,0,0,,0,0
12.09.2022 16:00:00.000,265.596,265.777,265.456,265.536,2.0856000000000003,266.24291804833416,0,0,,0,0
12.09.2022 16:05:00.000,265.536,265.856,265.246,265.366,1.8936,266.17546281384693,0,0,,0,0
12.09.2022 16:10:00.000,265.367,265.816,265.166,265.646,2.2368,266.1347349050895,0,2,263.166,0,0
12.09.2022 16:15:00.000,265.677,265.877,265.326,265.737,2.2104,266.1041399123903,0,0,,0,0
12.09.2022 16:20:00.000,265.737,266.087,265.516,265.966,2.1852,266.0935137652834,0,0,,0,0
12.09.2022 16:25:00.000,265.967,265.986,265.716,265.846,1.7784,266.07447424487697,0,0,,0,0
12.09.2022 16:30:00.000,265.836,266.037,265.706,265.736,1.5564,266.04843776450184,0,0,,0,0
12.09.2022 16:35:00.000,265.726,266.077,265.486,265.967,1.6284,266.0421733210786,0,0,,0,0
12.09.2022 16:40:00.000,265.937,266.187,265.776,266.046,1.2395999999999998,266.0424676809957,0,0,,0,0
12.09.2022 16:45:00.000,266.046,266.377,265.826,266.096,1.7052,266.04658555168834,0,0,,0,0
12.09.2022 16:50:00.000,266.136,266.297,266.036,266.216,1.4555999999999998,266.05961743232774,0,0,,0,0
12.09.2022 16:55:00.000,266.216,266.217,266.026,266.137,0.9708,266.0655699375333,0,0,,0,0
12.09.2022 17:00:00.000,266.166,266.267,265.596,265.917,1.4568,266.0541414808,0,0,,0,0
12.09.2022 17:05:00.000,265.906,266.497,265.806,266.457,1.4028,266.08513059766153,0,0,,0,0
12.09.2022 17:10:00.000,266.456,266.697,266.366,266.597,1.2084,266.1245051670722,0,0,,0,0
12.09.2022 17:15:00.000,266.597,266.647,266.426,266.457,1.0308,266.150081692682,0,0,,0,0
12.09.2022 17:20:00.000,266.477,266.626,266.266,266.576,1.1808,266.1828446393988,0,0,,0,0
12.09.2022 17:25:00.000,266.566,266.836,266.456,266.767,1.2864,266.2277796671374,0,0,,0,0
12.09.2022 17:30:00.000,266.807,266.906,266.606,266.826,1.1328,266.27379661581915,0,0,,0,0
12.09.2022 17:35:00.000,266.827,266.827,266.556,266.616,1.1292,266.3001199530638,0,0,,0,0
12.09.2022 17:40:00.000,266.616,266.706,266.346,266.456,1.116,266.3121107259051,0,0,,0,0
12.09.2022 17:45:00.000,266.447,266.677,266.296,266.626,1.1016,266.33625605468166,0,0,,0,0
12.09.2022 17:50:00.000,266.636,267.007,266.576,266.936,1.2108,266.38239020432155,0,1,269.007,0,0
12.09.2022 17:55:00.000,266.936,266.957,266.836,266.867,1.2036000000000002,266.41966788091224,0,0,,0,0
12.09.2022 18:00:00.000,266.857,266.897,266.496,266.566,1.1232,266.43092419776514,0,0,,0,0
12.09.2022 18:05:00.000,266.536,266.677,266.506,266.537,1.1856,266.43908387486016,0,0,,0,0
12.09.2022 18:10:00.000,266.506,266.697,266.426,266.656,1.1676,266.45576973064016,0,0,,0,0
12.09.2022 18:15:00.000,266.687,266.907,266.136,266.307,1.35,266.4443259052063,0,0,,0,0
12.09.2022 18:20:00.000,266.317,266.627,266.046,266.337,1.6128,266.4360700663443,0,0,,0,0
12.09.2022 18:25:00.000,266.317,266.477,265.986,266.056,1.8048,266.40683390739474,0,0,,0,0
12.09.2022 18:30:00.000,266.056,266.256,265.816,266.006,1.6284,266.37600052990285,0,0,,0,0
12.09.2022 18:35:00.000,266.007,266.457,265.976,266.386,1.5132,266.3767697199103,0,0,,0,0
12.09.2022 18:40:00.000,266.376,266.507,266.186,266.437,1.3908,266.3814028183788,0,0,,0,0
12.09.2022 18:45:00.000,266.437,266.667,266.366,266.657,1.1448,266.40260260158044,0,0,,0,0
12.09.2022 18:50:00.000,266.656,266.737,266.416,266.467,1.326,266.4075562476127,0,0,,0,0
12.09.2022 18:55:00.000,266.466,266.597,266.366,266.487,1.1748,266.4136673054887,0,0,,0,0
12.09.2022 19:00:00.000,266.456,266.507,266.166,266.286,1.5084,266.403846743528,0,0,,0,0
12.09.2022 19:05:00.000,266.277,266.667,266.137,266.586,0.984,266.4178585324874,0,0,,0,0
12.09.2022 19:10:00.000,266.586,266.776,266.536,266.666,1.1916,266.4369463376807,0,0,,0,0
12.09.2022 19:15:00.000,266.667,266.697,266.296,266.347,1.368,266.43002738862833,0,0,,0,0
12.09.2022 19:20:00.000,266.327,266.386,266.037,266.047,1.2251999999999998,266.40056374334927,0,0,,0,0
12.09.2022 19:25:00.000,266.067,266.227,265.906,266.087,1.188,266.37644345539934,0,0,,0,0
12.09.2022 19:30:00.000,266.097,266.257,265.916,265.976,1.5035999999999998,266.34564011267634,0,0,,0,0
12.09.2022 19:35:00.000,265.976,266.207,265.876,266.066,1.5588,266.3241293347782,0,0,,0,0
12.09.2022 19:40:00.000,266.066,266.507,265.797,266.466,1.5408,266.3350424628722,0,0,,0,0
12.09.2022 19:45:00.000,266.466,266.527,266.077,266.426,1.5744,266.3420391964974,0,0,,0,0
12.09.2022 19:50:00.000,266.416,266.557,266.177,266.326,2.01,266.34080541215144,0,0,,0,0
12.09.2022 19:55:00.000,266.347,266.637,266.206,266.607,1.6908,266.361281918909,0,0,,0,0
13.09.2022 13:30:00.000,258.836,260.377,258.576,259.487,2.2848,265.8324910020699,0,0,,0,0
13.09.2022 13:35:00.000,259.486,259.497,258.196,258.977,2.7228000000000003,265.3051455403722,0,0,,0,0
13.09.2022 13:40:00.000,258.976,259.246,258.097,258.337,2.9796,264.769134344959,0,0,,0,0
13.09.2022 13:45:00.000,258.337,258.897,258.006,258.496,3.1344000000000003,264.286585549193,0,0,,0,0
13.09.2022 13:50:00.000,258.507,258.977,258.327,258.327,3.2412,263.82815589156274,0,0,,0,0
13.09.2022 13:55:00.000,258.356,258.406,257.397,257.397,3.2868,263.33345159221176,0,0,,0,0
13.09.2022 14:00:00.000,257.396,257.657,256.996,257.077,3.0996,262.85218608511855,0,0,,0,0
13.09.2022 14:05:00.000,257.096,257.486,256.596,257.186,2.97,262.4163256170325,0,0,,0,0
13.09.2022 14:10:00.000,257.166,257.437,256.767,257.236,2.8224,262.0178390311069,0,0,,0,0
13.09.2022 14:15:00.000,257.237,257.377,256.746,257.186,3.0276,261.6461591056372,0,0,,0,0
13.09.2022 14:20:00.000,257.217,257.217,256.746,257.056,3.0,261.2930699436651,0,0,,0,0
13.09.2022 14:25:00.000,257.057,257.677,257.006,257.306,2.8152000000000004,260.98637225569087,0,0,,0,0
13.09.2022 14:30:00.000,257.327,257.536,256.747,256.997,3.1332000000000004,260.6794974667916,0,0,,0,0
13.09.2022 14:35:00.000,257.017,257.037,256.506,256.587,2.5896000000000003,260.3646899693461,0,0,,0,0
13.09.2022 14:40:00.000,256.586,256.707,255.876,256.067,2.4036,260.03409843324255,0,0,,0,0
13.09.2022 14:45:00.000,256.066,256.147,255.766,255.787,2.3964000000000003,259.70739855376235,0,0,,0,0
13.09.2022 14:50:00.000,255.797,255.877,255.596,255.776,2.7168,259.40498328039604,0,0,,0,0
13.09.2022 14:55:00.000,255.776,256.027,255.696,255.767,2.418,259.12513841267327,0,0,,0,0
13.09.2022 15:00:00.000,255.766,255.967,255.596,255.657,2.5464,258.85835853477533,0,0,,0,0
13.09.2022 15:05:00.000,255.656,255.907,255.296,255.677,2.4384,258.61363864748495,0,0,,0,0
13.09.2022 15:10:00.000,255.637,255.707,255.037,255.137,2.4924,258.34620490537077,0,0,,0,0
13.09.2022 15:15:00.000,255.147,255.407,255.046,255.107,2.6855999999999995,258.09703529726534,0,0,,0,0
13.09.2022 15:20:00.000,255.107,255.357,254.606,254.687,2.6099999999999994,257.8347248897834,0,2,252.606,0,0
13.09.2022 15:25:00.000,254.666,255.017,254.616,254.777,2.4828,257.599515282877,0,0,,0,0
13.09.2022 15:30:00.000,254.807,255.086,254.616,254.866,2.7564,257.3892448765019,0,0,,0,0
13.09.2022 15:35:00.000,254.907,255.157,254.776,255.127,2.2092,257.2152260398479,0,0,,0,0
13.09.2022 15:40:00.000,255.137,255.196,254.756,255.187,2.1180000000000003,257.0592086521673,0,0,,0,0
13.09.2022 15:45:00.000,255.167,255.367,254.897,255.216,2.2476000000000003,256.91742337123134,0,0,,0,0
13.09.2022 15:50:00.000,255.226,255.937,255.166,255.616,1.9044,256.8173138811366,0,0,,0,0
13.09.2022 15:55:00.000,255.616,255.827,255.096,255.207,2.082,256.69344358258763,0,0,,0,0
13.09.2022 16:00:00.000,255.206,255.587,254.946,255.556,2.3004,256.60594792238857,1,0,,0,0
13.09.2022 16:05:00.000,255.557,255.777,255.356,255.696,2.3040000000000003,256.5359519283587,1,0,,0,0
13.09.2022 16:10:00.000,255.696,255.876,255.466,255.846,1.6787999999999998,256.48287870310037,1,0,,0,0
13.09.2022 16:15:00.000,255.807,255.997,255.666,255.757,1.8036,256.42704187978495,1,0,,0,0
13.09.2022 16:20:00.000,255.756,255.837,255.496,255.527,1.8108,256.3578078890323,1,0,,0,0
13.09.2022 16:25:00.000,255.546,255.556,255.036,255.126,1.7628,256.26305343602985,1,0,,0,0
13.09.2022 16:30:00.000,255.157,255.317,254.956,255.297,2.0544,256.1887416332583,1,0,,0,0
13.09.2022 16:35:00.000,255.296,255.527,255.286,255.476,1.7028,256.1339153537769,1,0,,0,0
13.09.2022 16:40:00.000,255.496,255.757,255.386,255.586,1.7292,256.091768018871,1,0,,0,0
13.09.2022 16:45:00.000,255.596,255.677,255.326,255.676,1.5804,256.05978586357327,1,0,,0,0
13.09.2022 16:50:00.000,255.627,256.066,255.506,255.906,1.5696,256.04795618175996,1,0,,0,0
13.09.2022 16:55:00.000,255.917,255.937,255.626,255.856,1.5324,256.0331903216246,1,0,,0,0
13.09.2022 17:00:00.000,255.836,256.247,255.496,255.966,1.9368,256.0280218353458,1,0,,0,0
13.09.2022 17:05:00.000,255.967,256.347,255.916,256.026,1.4532,256.02786630954995,1,0,,0,0
13.09.2022 17:10:00.000,255.997,256.427,255.996,256.117,1.6728,256.0347227472769,0,0,,0,0
13.09.2022 17:15:00.000,256.117,256.257,255.796,255.837,1.9224,256.01951330517863,0,0,,0,0
13.09.2022 17:20:00.000,255.856,256.726,255.836,256.627,1.5983999999999998,256.06624305093413,0,0,,0,0
13.09.2022 17:25:00.000,256.627,256.896,256.486,256.816,1.2456,256.12391666240075,0,0,,0,0
13.09.2022 17:30:00.000,256.816,256.816,256.396,256.746,1.5264,256.1717692268315,0,0,,0,0
13.09.2022 17:35:00.000,256.747,256.947,256.296,256.526,1.4232,256.19901774784444,0,1,258.947,0,0
13.09.2022 17:40:00.000,256.526,256.556,256.196,256.326,1.3944,256.20878561339487,0,0,,0,0
13.09.2022 17:45:00.000,256.357,256.487,256.117,256.296,1.5108,256.2154944123645,0,0,,0,0
13.09.2022 17:50:00.000,256.286,256.336,255.726,255.886,1.6740000000000002,256.1901486883364,0,0,,0,0
13.09.2022 17:55:00.000,255.887,256.077,255.726,255.757,1.4676,256.1568295584644,0,0,,0,0
13.09.2022 18:00:00.000,255.786,255.867,255.236,255.497,1.9152,256.1060734385825,0,0,,0,0
13.09.2022 18:05:00.000,255.506,255.717,255.416,255.447,1.5168,256.05537548176846,0,0,,0,0
13.09.2022 18:10:00.000,255.456,255.676,255.337,255.617,1.3716,256.02165429086324,0,0,,0,0
13.09.2022 18:15:00.000,255.566,255.876,255.446,255.697,1.5156,255.99668088387378,0,0,,0,0
13.09.2022 18:20:00.000,255.707,255.837,255.246,255.277,1.8936,255.9413208158835,0,0,,0,0
13.09.2022 18:25:00.000,255.276,255.316,254.876,254.956,1.6835999999999998,255.8655269069694,0,0,,0,0
13.09.2022 18:30:00.000,254.966,255.077,254.876,254.966,1.2552,255.7963325295102,0,0,,0,0
13.09.2022 18:35:00.000,254.967,255.057,254.846,254.867,1.2492,255.7248454118556,0,0,,0,0
13.09.2022 18:40:00.000,254.866,254.957,254.796,254.817,1.2048,255.6550111494052,0,0,,0,0
13.09.2022 18:45:00.000,254.796,254.927,254.626,254.657,1.2252,255.57824106098943,0,0,,0,0
13.09.2022 18:50:00.000,254.646,254.716,254.137,254.216,1.5396,255.47345328706717,0,0,,0,0
13.09.2022 18:55:00.000,254.216,254.616,253.996,254.186,2.2344,255.37441841883125,0,0,,0,0
13.09.2022 19:00:00.000,254.197,254.307,253.996,254.006,1.932,255.26915546353655,0,0,,0,0
13.09.2022 19:05:00.000,254.006,254.226,253.876,254.046,1.4544,255.17506658172607,0,0,,0,0
13.09.2022 19:10:00.000,254.077,254.226,253.786,253.986,1.572,255.0835999215933,0,0,,0,0
13.09.2022 19:15:00.000,253.966,254.186,253.876,254.076,1.6283999999999998,255.0060922353169,0,0,,0,0
13.09.2022 19:20:00.000,254.076,254.227,253.617,253.846,2.0352,254.9168543710618,0,0,,0,0
13.09.2022 19:25:00.000,253.856,253.907,253.346,253.357,1.9464,254.79686557328782,0,0,,0,0
13.09.2022 19:30:00.000,253.356,253.397,252.206,252.517,1.9188,254.62149129841953,0,0,,0,0
13.09.2022 19:35:00.000,252.486,252.637,251.816,252.476,2.9832,254.4564535062334,0,0,,0,0
13.09.2022 19:40:00.000,252.497,252.506,251.846,252.047,2.4708,254.27111092883084,0,0,,0,0
13.09.2022 19:45:00.000,252.076,252.426,251.527,252.127,2.8716,254.10617931892077,0,0,,0,0
13.09.2022 19:50:00.000,252.106,252.376,251.797,252.336,2.9040000000000004,253.9700116790038,0,0,,0,0
13.09.2022 19:55:00.000,252.336,252.966,251.596,251.666,2.8932,253.79278001138812,0,0,,0,0
14.09.2022 13:30:00.000,253.666,253.677,251.496,251.577,2.496,253.62233539512752,0,0,,0,0
14.09.2022 13:35:00.000,251.577,252.417,251.106,252.156,1.8864,253.5095403647331,0,0,,0,0
14.09.2022 13:40:00.000,252.147,253.527,251.917,253.526,2.544,253.5108064905229,0,0,,0,0
14.09.2022 13:45:00.000,253.526,254.197,252.906,252.987,2.8644000000000003,253.4705136835596,0,0,,0,0
14.09.2022 13:50:00.000,252.986,253.417,252.436,253.016,2.6004000000000005,253.43555109251656,0,0,,0,0
14.09.2022 13:55:00.000,253.047,253.456,252.706,253.407,2.952,253.4333548546307,0,0,,0,0
14.09.2022 14:00:00.000,253.407,253.716,252.646,252.846,2.7408,253.38817371196683,0,0,,0,0
14.09.2022 14:05:00.000,252.797,253.577,252.426,252.787,2.0628,253.3419295802771,0,0,,0,0
14.09.2022 14:10:00.000,252.836,253.157,252.296,252.447,2.5212,253.27308884333274,0,0,,0,0
14.09.2022 14:15:00.000,252.446,252.997,251.876,252.176,2.8524000000000003,253.18869739384564,0,0,,0,0
14.09.2022 14:20:00.000,252.206,252.397,251.546,251.887,2.6076,253.0885668250883,0,0,,0,0
14.09.2022 14:25:00.000,251.906,252.086,251.026,251.066,2.6844,252.93298476161996,0,0,,0,0
14.09.2022 14:30:00.000,251.027,252.056,250.876,251.756,2.8452,252.84244747226458,0,2,248.876,0,0
14.09.2022 14:35:00.000,251.776,252.697,251.756,252.516,3.1776,252.81733612824422,0,0,,0,0
14.09.2022 14:40:00.000,252.546,252.977,252.376,252.827,2.9160000000000004,252.8180795029947,0,0,,0,0
14.09.2022 14:45:00.000,252.827,253.047,252.336,252.507,3.1548,252.79415031045664,0,0,,0,0
14.09.2022 14:50:00.000,252.516,253.187,252.416,253.106,3.3324,252.81813874811382,0,0,,0,0
14.09.2022 14:55:00.000,253.117,253.397,252.497,253.397,2.7912,252.86266653672047,0,0,,0,0
14.09.2022 15:00:00.000,253.367,253.457,252.696,253.026,2.8716,252.87523064928044,0,0,,0,0
14.09.2022 15:05:00.000,252.996,253.986,252.686,253.716,2.8199999999999994,252.93990521472043,0,0,,0,0
14.09.2022 15:10:00.000,253.747,253.866,253.276,253.326,2.7684,252.9696048135881,0,0,,0,0
14.09.2022 15:15:00.000,253.336,253.467,252.856,252.916,2.5332,252.965481366389,0,0,,0,0
14.09.2022 15:20:00.000,252.957,252.967,252.417,252.536,2.454,252.93244433820524,0,0,,0,0
14.09.2022 15:25:00.000,252.527,252.827,252.266,252.296,2.6592,252.88348708142024,0,0,,0,0
14.09.2022 15:30:00.000,252.327,252.657,252.096,252.287,2.3148,252.83760345977254,0,0,,0,0
14.09.2022 15:35:00.000,252.287,252.817,252.167,252.647,2.9052,252.82294165517465,0,0,,0,0
14.09.2022 15:40:00.000,252.677,253.086,252.506,252.656,2.4324,252.810099989392,0,0,,0,0
14.09.2022 15:45:00.000,252.687,252.977,252.576,252.617,2.1204,252.79524614405418,0,0,,0,0
14.09.2022 15:50:00.000,252.636,252.696,252.086,252.337,1.9452,252.75999644066542,0,0,,0,0
14.09.2022 15:55:00.000,252.337,252.407,251.856,251.936,2.0172,252.69661209907576,0,0,,0,0
14.09.2022 16:00:00.000,251.956,252.137,251.636,251.717,2.2512,252.6212573222238,0,0,,0,0
14.09.2022 16:05:00.000,251.716,251.766,251.406,251.677,2.4108,252.54862214359122,0,0,,0,0
14.09.2022 16:10:00.000,251.667,251.867,251.446,251.847,2.31,252.49465120946883,0,0,,0,0
14.09.2022 16:15:00.000,251.797,252.056,251.706,251.927,2.0796,252.45098573181738,0,0,,0,0
14.09.2022 16:20:00.000,251.916,252.017,251.606,251.976,2.28,252.41444836783145,0,0,,0,0
14.09.2022 16:25:00.000,251.977,252.146,251.716,251.916,2.1972,252.3761061856906,0,0,,0,0
14.09.2022 16:30:00.000,251.926,252.207,251.766,251.896,2.5404,252.33917494063746,0,0,,0,0
14.09.2022 16:35:00.000,251.916,252.347,251.737,252.167,2.0016,252.32593071443458,0,0,,0,0
14.09.2022 16:40:00.000,252.157,252.487,252.126,252.427,1.5828,252.3337052748627,0,0,,0,0
14.09.2022 16:45:00.000,252.436,252.617,252.116,252.477,2.0112,252.34472794602712,0,0,,0,0
14.09.2022 16:50:00.000,252.457,252.687,252.346,252.516,2.1804,252.35790271940965,0,0,,0,0
14.09.2022 16:55:00.000,252.527,252.537,252.256,252.477,2.2212,252.36706404868585,0,0,,0,0
14.09.2022 17:00:00.000,252.486,252.937,252.386,252.436,1.8768,252.37236681417156,0,0,,0,0
14.09.2022 17:05:00.000,252.427,252.577,252.266,252.437,1.932,252.37733859769685,0,0,,0,0
14.09.2022 17:10:00.000,252.436,252.537,252.226,252.437,1.542,252.38192793633556,0,0,,0,0
14.09.2022 17:15:00.000,252.427,252.707,252.146,252.277,1.9236,252.37385655661745,0,0,,0,0
14.09.2022 17:20:00.000,252.277,252.366,251.956,252.116,1.7076,252.35402143687767,0,0,,0,0
14.09.2022 17:25:00.000,252.086,252.177,251.896,252.007,1.7652,252.3273274801948,0,0,,0,0
14.09.2022 17:30:00.000,252.016,252.137,251.706,251.776,1.8504,252.284917674026,0,0,,0,0
14.09.2022 17:35:00.000,251.777,251.877,251.576,251.636,1.8,252.23500092987018,0,0,,0,0
14.09.2022 17:40:00.000,251.637,251.796,251.556,251.716,1.6608,252.19507778141863,0,0,,0,0
14.09.2022 17:45:00.000,251.717,251.757,250.586,250.776,2.622,252.08591795207874,0,0,,0,0
14.09.2022 17:50:00.000,250.737,251.227,250.676,251.166,2.3712,252.01515503268809,0,0,,0,0
14.09.2022 17:55:00.000,251.196,251.196,250.546,250.737,2.6436,251.916835414789,0,0,,0,0
14.09.2022 18:00:00.000,250.717,251.157,250.417,250.417,2.6976,251.80146345980523,0,0,,0,0
14.09.2022 18:05:00.000,250.416,250.926,250.396,250.577,2.4636,251.70727396289715,0,0,,0,0
14.09.2022 18:10:00.000,250.567,250.747,250.356,250.647,2.5536000000000003,251.6257144272897,0,0,,0,0
14.09.2022 18:15:00.000,250.677,250.896,250.516,250.887,2.1228,251.56889024057512,0,0,,0,0
14.09.2022 18:20:00.000,250.896,251.027,250.796,250.917,1.8888000000000005,251.51874483745397,0,0,,0,0
14.09.2022 18:25:00.000,250.917,251.057,250.716,250.977,2.0076,251.47707215764984,0,0,,0,0
14.09.2022 18:30:00.000,250.977,251.507,250.937,251.427,2.1972,251.47322045321528,0,0,,0,0
14.09.2022 18:35:00.000,251.426,251.707,251.296,251.606,2.0412,251.48343426450643,0,0,,0,0
14.09.2022 18:40:00.000,251.576,251.807,251.246,251.376,2.3952,251.47517009031364,0,0,,0,0
14.09.2022 18:45:00.000,251.376,251.407,250.896,251.207,2.4324,251.45454162182799,0,0,,0,0
14.09.2022 18:50:00.000,251.207,251.386,250.657,250.756,2.1516,251.40080765091815,0,0,,0,0
14.09.2022 18:55:00.000,250.757,251.036,250.646,250.746,2.2104,251.35043783161677,0,0,,0,0
14.09.2022 19:00:00.000,250.757,251.027,250.556,250.816,2.4372,251.30932722918473,0,0,,0,0
14.09.2022 19:05:00.000,250.816,251.407,250.796,251.387,2.1888,251.315302057709,0,0,,0,0
14.09.2022 19:10:00.000,251.387,251.447,250.516,250.607,2.3748,251.26081728403912,0,0,,0,0
14.09.2022 19:15:00.000,250.636,250.647,250.126,250.397,2.1084,251.19436980065151,0,0,,0,0
14.09.2022 19:20:00.000,250.407,250.877,250.126,250.666,2.1792,251.15372596983218,0,0,,0,0
14.09.2022 19:25:00.000,250.676,250.677,250.166,250.487,2.2548,251.10243935676817,0,0,,0,0
14.09.2022 19:30:00.000,250.486,250.677,249.866,250.587,2.6976,251.06279017547834,0,0,,0,0
14.09.2022 19:35:00.000,250.576,250.637,250.156,250.407,2.5752,251.01234477736463,0,0,,0,0
14.09.2022 19:40:00.000,250.346,251.347,250.206,251.166,2.6184000000000003,251.02416440987506,0,0,,0,0
14.09.2022 19:45:00.000,251.167,251.246,250.846,251.116,2.208,251.0312286860385,0,0,,0,0
14.09.2022 19:50:00.000,251.107,252.277,251.106,252.057,1.9932,251.11013417172788,0,0,,0,0
14.09.2022 19:55:00.000,252.057,252.686,251.896,252.117,1.8768,251.18758538928728,0,1,254.686,0,0
15.09.2022 13:30:00.000,249.627,249.627,248.666,248.806,1.296,251.00438651318828,0,0,,0,0
15.09.2022 14:15:00.000,248.807,249.247,248.586,248.687,2.0592,250.8261260121738,0,0,,0,0
15.09.2022 14:20:00.000,248.706,248.706,247.526,247.546,3.1116,250.573808626622,0,0,,0,0
15.09.2022 14:25:00.000,247.556,247.807,247.156,247.216,3.072,250.3155156553434,0,0,,0,0
15.09.2022 14:30:00.000,247.236,247.837,246.946,246.996,3.0504,250.06016829724007,0,0,,0,0
15.09.2022 14:35:00.000,246.996,247.517,246.846,247.397,3.0708,249.85530919745239,0,0,,0,0
15.09.2022 14:40:00.000,247.396,247.657,247.116,247.646,3.0564000000000004,249.6853623361099,0,0,,0,0
15.09.2022 14:45:00.000,247.647,247.776,247.076,247.126,3.2904,249.48848831025532,0,0,,0,0
15.09.2022 14:50:00.000,247.136,247.146,245.746,245.766,3.1512,249.20214305562033,0,0,,0,0
15.09.2022 14:55:00.000,245.766,245.906,245.566,245.617,2.8788,248.92636282057262,0,0,,0,0
15.09.2022 15:00:00.000,245.616,245.796,245.166,245.576,3.0108,248.66864260360552,0,2,243.166,0,0
15.09.2022 15:05:00.000,245.577,246.147,245.517,245.846,2.9016,248.45151624948204,0,0,,0,0
15.09.2022 15:10:00.000,245.846,246.157,245.586,246.087,2.9568,248.2696303841373,0,0,,0,0
15.09.2022 15:15:00.000,246.087,246.457,245.807,246.376,2.658,248.12396650843442,0,0,,0,0
15.09.2022 15:20:00.000,246.377,246.967,246.086,246.826,2.646,248.02412293086257,0,0,,0,0
15.09.2022 15:25:00.000,246.827,247.137,246.686,246.847,2.0796,247.93357501310393,0,0,,0,0
15.09.2022 15:30:00.000,246.857,247.387,246.796,246.977,2.6172000000000004,247.85999231978826,0,0,,0,0
15.09.2022 15:35:00.000,246.977,247.176,246.576,246.817,2.6556,247.77976214134304,0,0,,0,0
15.09.2022 15:40:00.000,246.807,246.967,246.376,246.447,2.5152,247.67724197662434,0,0,,0,0
15.09.2022 15:45:00.000,246.447,246.716,246.096,246.147,2.2812,247.5595310553456,0,0,,0,0
15.09.2022 15:50:00.000,246.117,246.157,245.546,245.606,2.1432,247.40925943570363,0,0,,0,0
15.09.2022 15:55:00.000,245.617,245.837,245.376,245.786,2.2272,247.2843933252649,0,0,,0,0
15.09.2022 16:00:00.000,245.787,246.217,245.706,245.917,2.4744,247.17920922332144,0,0,,0,0
15.09.2022 16:05:00.000,245.926,246.096,245.566,245.627,2.1828,247.05980851383518,0,0,,0,0
15.09.2022 16:10:00.000,245.627,245.877,245.386,245.616,2.3052,246.94874632046327,0,0,,0,0
15.09.2022 16:15:00.000,245.637,245.857,245.426,245.667,2.1444,246.8501504496584,0,0,,0,0
15.09.2022 16:20:00.000,245.666,245.676,245.246,245.357,2.2932,246.7352927227616,0,0,,0,0
15.09.2022 16:25:00.000,245.376,245.637,245.296,245.526,2.2116,246.64227020562612,0,0,,0,0
15.09.2022 16:30:00.000,245.557,246.076,245.506,245.956,2.2932,246.58948018980874,0,0,,0,0
15.09.2022 16:35:00.000,245.946,246.147,245.886,246.086,2.0388,246.55075094443885,0,0,,0,0
15.09.2022 16:40:00.000,246.067,246.547,245.996,246.257,2.0544,246.52815471794355,1,0,,0,0
15.09.2022 16:45:00.000,246.256,246.587,246.036,246.506,1.728,246.52645050887097,1,0,,0,0
15.09.2022 16:50:00.000,246.516,246.626,246.316,246.327,1.8228,246.51110816203476,0,0,,0,0
15.09.2022 16:55:00.000,246.327,246.557,246.246,246.507,1.8312,246.51079214957056,0,0,,0,0
15.09.2022 17:00:00.000,246.537,248.076,246.507,247.817,3.0420000000000003,246.6112696765267,0,0,,0,0
15.09.2022 17:05:00.000,247.816,248.417,247.776,248.057,2.4288,246.72247970140927,0,1,250.417,0,0
15.09.2022 17:10:00.000,248.057,248.066,247.647,247.846,2.1144,246.80890433976242,0,0,,0,0
15.09.2022 17:15:00.000,247.866,248.016,247.696,247.817,2.4012,246.8864501597807,0,0,,0,0
15.09.2022 17:20:00.000,247.817,248.047,247.616,247.757,2.4924000000000004,246.95341553210528,0,0,,0,0
15.09.2022 17:25:00.000,247.747,248.087,247.566,247.636,2.1612,247.00592202963566,0,0,,0,0
15.09.2022 17:30:00.000,247.656,247.757,247.346,247.597,2.0796,247.05138956581754,0,0,,0,0
15.09.2022 17:35:00.000,247.597,247.637,247.126,247.466,2.088,247.0832826761393,0,0,,0,0
15.09.2022 17:40:00.000,247.447,247.477,247.026,247.127,2.0088,247.0866455472055,0,0,,0,0
15.09.2022 17:45:00.000,247.127,247.226,246.796,246.797,1.7784000000000002,247.0643651204974,0,0,,0,0
15.09.2022 17:50:00.000,246.807,246.927,246.576,246.857,1.8516,247.04841395738222,0,0,,0,0
15.09.2022 17:55:00.000,246.856,247.127,246.736,247.016,1.5756,247.04592057604515,0,0,,0,0
15.09.2022 18:00:00.000,247.026,247.067,246.037,246.097,2.4336,246.97292668558018,0,0,,0,0
15.09.2022 18:05:00.000,246.097,246.337,245.906,246.046,2.3352,246.90162463284327,0,0,,0,0
15.09.2022 18:10:00.000,246.047,246.327,245.906,246.107,1.9332,246.84049966108608,0,0,,0,0
15.09.2022 18:15:00.000,246.107,246.277,245.846,246.027,1.998,246.77792276407948,0,0,,0,0
15.09.2022 18:20:00.000,245.966,246.077,245.746,245.877,2.1492,246.70862101299645,0,0,,0,0
15.09.2022 18:25:00.000,245.876,246.386,245.746,246.346,1.9248000000000005,246.6807270889198,0,0,,0,0
15.09.2022 18:30:00.000,246.347,246.697,246.126,246.237,1.9872,246.646594235926,0,0,,0,0
15.09.2022 18:35:00.000,246.256,246.687,246.106,246.566,1.7532,246.6403946793163,0,0,,0,0
15.09.2022 18:40:00.000,246.577,246.616,245.996,246.247,2.1228,246.61013355013813,0,0,,0,0
15.09.2022 18:45:00.000,246.266,246.287,245.496,245.517,2.3988,246.5260463539737,0,0,,0,0
15.09.2022 18:50:00.000,245.517,245.847,245.466,245.766,2.1684,246.4675812498219,0,0,,0,0
15.09.2022 18:55:00.000,245.766,245.827,245.497,245.596,1.9452,246.40053653829716,0,0,,0,0
15.09.2022 19:00:00.000,245.616,245.717,245.216,245.456,2.55,246.32787988150508,0,0,,0,0
15.09.2022 19:05:00.000,245.477,245.617,245.166,245.286,2.238,246.2477352752355,0,0,,0,0
15.09.2022 19:10:00.000,245.306,245.347,244.806,244.917,1.938,246.14537102329433,0,0,,0,0
15.09.2022 19:15:00.000,244.946,245.047,244.546,244.637,2.1816,246.02934248304095,0,0,,0,0
15.09.2022 19:20:00.000,244.636,244.847,244.466,244.736,2.2428,245.92985459973013,0,0,,0,0
15.09.2022 19:25:00.000,244.727,244.736,243.996,244.186,1.9692,245.79571193821243,0,0,,0,0
15.09.2022 19:30:00.000,244.196,244.576,244.066,244.407,2.4456,245.68888794296532,0,0,,0,0
15.09.2022 19:35:00.000,244.397,244.737,244.206,244.696,2.2176,245.61251194735263,0,0,,0,0
15.09.2022 19:40:00.000,244.676,245.007,244.496,244.836,2.4312,245.55278025909476,0,0,,0,0
15.09.2022 19:45:00.000,244.826,245.437,244.716,245.296,2.586,245.53302793147208,0,0,,0,0
15.09.2022 19:50:00.000,245.287,246.346,244.796,245.327,2.238,245.51717962905116,0,0,,0,0
15.09.2022 19:55:00.000,245.346,246.037,245.276,245.317,2.6196,245.50178119604723,0,0,,0,0
16.09.2022 13:30:00.000,243.246,244.197,243.096,243.096,2.5032,245.3167211040436,0,0,,0,0
16.09.2022 13:35:00.000,243.047,244.017,243.006,243.957,3.1500000000000004,245.21212717296336,0,0,,0,0
16.09.2022 13:40:00.000,243.997,244.466,243.017,243.167,2.8560000000000003,245.05480969812004,0,0,,0,0
16.09.2022 13:45:00.000,243.217,244.176,242.746,243.007,2.6532,244.89728587518775,0,0,,0,0
16.09.2022 13:50:00.000,243.007,243.517,242.876,242.936,2.5992,244.74641773094254,0,0,,0,0
16.09.2022 13:55:00.000,242.997,243.086,242.376,242.637,2.2212,244.58415482856236,0,2,240.376,0,0
16.09.2022 14:00:00.000,242.677,243.136,242.467,242.756,2.8884000000000003,244.44352753405758,0,0,,0,0
16.09.2022 14:05:00.000,242.767,243.717,242.757,243.176,3.0936000000000003,244.34602541605315,1,0,,0,0
16.09.2022 14:10:00.000,243.146,244.416,242.886,244.216,3.1068,244.33602346097217,1,0,,0,0
16.09.2022 14:15:00.000,244.206,244.346,243.506,243.626,3.1764,244.28140627166664,1,0,,0,0
16.09.2022 14:20:00.000,243.626,244.117,243.376,243.957,2.9856,244.2564519430769,1,0,,0,0
16.09.2022 14:25:00.000,243.957,244.077,243.196,243.356,2.9916,244.18718640899408,1,0,,0,0
16.09.2022 14:30:00.000,243.356,243.897,243.236,243.857,3.1752,244.1617874544561,1,0,,0,0
16.09.2022 14:35:00.000,243.856,244.327,243.456,243.597,2.8236,244.1183422656518,1,0,,0,0
16.09.2022 14:40:00.000,243.597,244.036,243.386,243.386,2.5188,244.06200824521707,1,0,,0,0
16.09.2022 14:45:00.000,243.417,243.466,242.806,242.897,2.7888000000000006,243.97239222635426,1,0,,0,0
16.09.2022 14:50:00.000,242.907,243.257,242.817,242.966,3.2352,243.89497743971162,1,0,,0,0
16.09.2022 14:55:00.000,242.976,242.997,242.397,242.416,2.904,243.7812099443492,1,0,,0,0
16.09.2022 15:00:00.000,242.406,242.826,242.396,242.587,2.6424,243.68934764093774,1,0,,0,0
16.09.2022 15:05:00.000,242.586,242.987,242.527,242.716,2.508,243.614474745481,1,0,,0,0
16.09.2022 15:10:00.000,242.736,242.886,242.406,242.696,2.568,243.5438228419825,1,0,,0,0
16.09.2022 15:15:00.000,242.697,243.597,242.636,243.467,2.736,243.53791339259925,1,0,,0,0
16.09.2022 15:20:00.000,243.466,243.476,243.036,243.087,2.3904,243.5032277470147,1,0,,0,0
16.09.2022 15:25:00.000,243.136,243.327,242.826,243.036,2.4828,243.46728715109052,1,0,,0,0
16.09.2022 15:30:00.000,243.037,243.467,242.976,243.226,2.6832,243.44872660100665,1,0,,0,0
16.09.2022 15:35:00.000,243.206,243.276,242.456,242.577,2.9016,243.38167070862153,1,0,,0,0
16.09.2022 15:40:00.000,242.547,243.297,242.496,243.166,2.4648,243.36508065411218,1,0,,0,0
16.09.2022 15:45:00.000,243.167,243.366,243.046,243.216,2.2548,243.35361291148817,1,0,,0,0
16.09.2022 15:50:00.000,243.217,243.836,243.196,243.826,2.4276000000000004,243.38995037983526,0,0,,0,0
16.09.2022 15:55:00.000,243.827,244.247,243.646,244.107,2.1552,243.4451080429249,0,0,,0,0
16.09.2022 16:00:00.000,244.126,244.197,243.587,243.806,2.1936,243.47286896269992,0,0,,0,0
16.09.2022 16:05:00.000,243.807,243.986,243.226,243.306,2.466,243.46003288864608,0,0,,0,0
16.09.2022 16:10:00.000,243.296,243.467,243.076,243.147,2.1768,243.4359534356733,0,0,,0,0
16.09.2022 16:15:00.000,243.146,243.267,242.696,242.837,2.2548,243.38988009446769,0,0,,0,0
16.09.2022 16:20:00.000,242.836,242.847,242.536,242.646,2.0076,243.3326585487394,0,0,,0,0
16.09.2022 16:25:00.000,242.647,242.757,242.346,242.506,1.8852,243.26906942960562,0,0,,0,0
16.09.2022 16:30:00.000,242.506,242.836,242.396,242.816,2.0148,243.23421793502058,0,0,,0,0
16.09.2022 16:35:00.000,242.786,242.987,242.617,242.747,1.9164,243.1967396323267,0,0,,0,0
16.09.2022 16:40:00.000,242.736,242.977,242.697,242.917,1.8336,243.17522119907082,0,0,,0,0
16.09.2022 16:45:00.000,242.876,243.137,242.687,243.097,1.7411999999999996,243.16920418375767,0,0,,0,0
16.09.2022 16:50:00.000,243.137,243.316,242.996,243.037,1.9896,243.15903463116095,0,0,,0,0
16.09.2022 16:55:00.000,243.046,243.247,242.897,243.157,1.512,243.15887812107167,0,0,,0,0
16.09.2022 17:00:00.000,243.147,243.337,242.797,242.887,1.9692,243.13796441945078,0,0,,0,0
16.09.2022 17:05:00.000,242.886,242.917,242.506,242.737,2.1456,243.10712100256998,0,0,,0,0
16.09.2022 17:10:00.000,242.736,242.817,242.366,242.377,1.7879999999999998,243.05095784852614,0,0,,0,0
16.09.2022 17:15:00.000,242.377,242.627,242.326,242.326,1.7712,242.995191860178,0,0,,0,0
16.09.2022 17:20:00.000,242.306,242.707,242.277,242.537,2.1228,242.95994633247201,0,0,,0,0
16.09.2022 17:25:00.000,242.547,242.606,242.296,242.476,1.65,242.92271969151267,0,0,,0,0
16.09.2022 17:30:00.000,242.476,242.897,242.276,242.337,2.1108,242.87766433062708,0,0,,0,0
16.09.2022 17:35:00.000,242.347,242.957,242.276,242.806,2.3160000000000003,242.87215168980964,0,0,,0,0
16.09.2022 17:40:00.000,242.807,242.877,242.566,242.696,1.764,242.8586015598243,0,0,,0,0
16.09.2022 17:45:00.000,242.697,242.717,242.356,242.467,1.4748,242.82847836291475,0,0,,0,0
16.09.2022 17:50:00.000,242.466,242.477,242.206,242.216,1.6956,242.78136464269056,0,0,,0,0
16.09.2022 17:55:00.000,242.226,242.497,242.146,242.407,1.8492,242.75256736248363,0,0,,0,0
16.09.2022 18:00:00.000,242.426,242.477,242.166,242.367,1.8024,242.72290833460028,0,0,,0,0
16.09.2022 18:05:00.000,242.356,242.536,242.276,242.476,1.5816,242.7039153857849,0,0,,0,0
16.09.2022 18:10:00.000,242.487,242.567,242.146,242.187,1.6344,242.66415266380147,0,0,,0,0
16.09.2022 18:15:00.000,242.196,242.417,242.056,242.146,1.86,242.624294766586,0,2,240.056,0,0
16.09.2022 18:20:00.000,242.136,242.517,242.106,242.516,1.836,242.61596439992556,0,0,,0,0
16.09.2022 18:25:00.000,242.507,243.837,242.496,243.587,2.1912000000000003,242.69065944608514,0,0,,0,0
16.09.2022 18:30:00.000,243.627,243.647,243.126,243.607,2.1276,242.7611471810017,0,0,,0,0
16.09.2022 18:35:00.000,243.617,243.796,243.236,243.377,1.9152,242.8085204747708,0,0,,0,0
16.09.2022 18:40:00.000,243.376,243.557,243.156,243.366,1.6980000000000002,242.85140351517305,0,0,,0,0
16.09.2022 18:45:00.000,243.337,244.187,243.286,243.856,1.9812,242.92868016785206,0,0,,0,0
16.09.2022 18:50:00.000,243.846,243.947,243.476,243.886,2.148,243.00232015494038,0,0,,0,0
16.09.2022 18:55:00.000,243.917,243.967,243.646,243.697,1.9248,243.05575706609883,0,0,,0,0
16.09.2022 19:00:00.000,243.697,244.606,243.627,244.597,2.2284,243.1743142148605,0,0,,0,0
16.09.2022 19:05:00.000,244.597,245.136,244.576,244.877,2.5992,243.30529004448664,0,0,,0,0
16.09.2022 19:10:00.000,244.866,244.897,244.156,244.287,2.3856,243.38080619491078,0,0,,0,0
16.09.2022 19:15:00.000,244.317,244.597,244.127,244.286,2.2896,243.45043648760995,0,0,,0,0
16.09.2022 19:20:00.000,244.296,245.156,244.266,244.506,2.7552000000000003,243.53163368087075,0,0,,0,0
16.09.2022 19:25:00.000,244.506,244.587,243.996,244.177,2.6412,243.58127724388072,0,0,,0,0
16.09.2022 19:30:00.000,244.206,244.426,243.586,244.006,2.6376,243.61394822512068,0,0,,0,0
16.09.2022 19:35:00.000,244.006,244.297,243.816,244.296,2.6388,243.66641374626525,0,0,,0,0
16.09.2022 19:40:00.000,244.306,244.577,244.096,244.397,2.886,243.72261268886027,0,0,,0,0
16.09.2022 19:45:00.000,244.406,244.476,243.756,244.476,2.4084000000000003,243.78056555894796,0,0,,0,0
16.09.2022 19:50:00.000,244.427,245.016,244.206,244.747,2.3856,243.8549066697981,0,0,,0,0
16.09.2022 19:55:00.000,244.717,245.247,244.406,244.597,1.8948,243.91199077212133,0,1,247.247,0,0
19.09.2022 13:30:00.000,242.046,242.677,241.996,242.307,2.268,243.78852994349663,0,0,,0,0
19.09.2022 13:35:00.000,242.277,242.517,241.937,242.267,2.6736,243.67148917861226,0,2,239.937,0,0
19.09.2022 13:40:00.000,242.237,243.307,242.146,243.126,3.1956,243.62952847256517,0,0,,0,0
19.09.2022 13:45:00.000,243.126,243.617,242.756,242.977,2.9868,243.57933397467556,0,0,,0,0
19.09.2022 13:50:00.000,243.017,243.927,242.897,243.646,2.9148000000000005,243.58446213046975,0,0,,0,0
19.09.2022 13:55:00.000,243.626,243.846,243.376,243.586,2.7504,243.58458042812595,0,0,,0,0
19.09.2022 14:00:00.000,243.617,243.646,242.946,243.346,2.6904,243.5662280875009,0,0,,0,0
19.09.2022 14:05:00.000,243.337,243.837,243.066,243.307,2.3772,243.54628746538546,0,0,,0,0
19.09.2022 14:10:00.000,243.306,244.316,243.296,243.906,3.0216,243.57395766035583,0,0,,0,0
19.09.2022 14:15:00.000,243.886,244.067,243.016,243.116,2.9172,243.53873014802076,0,0,,0,0
19.09.2022 14:20:00.000,243.116,243.137,242.676,243.086,2.904,243.50390475201917,0,0,,0,0
19.09.2022 14:25:00.000,243.097,243.537,243.016,243.386,3.0828,243.49483515571004,0,0,,0,0
19.09.2022 14:30:00.000,243.386,243.616,243.016,243.336,3.03,243.4826170668093,0,0,,0,0
19.09.2022 14:35:00.000,243.367,244.167,243.346,244.097,2.898,243.52987729243938,0,0,,0,0
19.09.2022 14:40:00.000,244.086,244.567,243.916,244.096,2.838,243.57342519302097,0,0,,0,0
19.09.2022 14:45:00.000,244.077,244.297,243.836,243.836,2.8524,243.5936232550963,0,0,,0,0
19.09.2022 14:50:00.000,243.836,243.987,243.496,243.546,2.7996,243.5899599277812,0,0,,0,0
19.09.2022 14:55:00.000,243.547,243.827,243.386,243.587,2.4912,243.5897322410288,0,0,,0,0
19.09.2022 15:00:00.000,243.587,244.026,243.436,243.676,2.7372,243.59636822248814,0,0,,0,0
19.09.2022 15:05:00.000,243.667,244.007,243.546,243.776,2.628,243.61018605152753,0,0,,0,0
19.09.2022 15:10:00.000,243.747,243.987,243.316,243.597,2.6544000000000003,243.60917173987158,0,0,,0,0
19.09.2022 15:15:00.000,243.616,244.157,243.466,243.497,2.4156,243.60054314449687,0,0,,0,0
19.09.2022 15:20:00.000,243.466,243.546,242.837,243.057,2.0364,243.55873213338174,0,0,,0,0
19.09.2022 15:25:00.000,243.016,243.087,242.646,242.767,2.0136000000000003,243.49782966158315,0,0,,0,0
19.09.2022 15:30:00.000,242.746,242.826,242.296,242.317,2.3424,243.40699661069215,0,0,,0,0
19.09.2022 15:35:00.000,242.337,242.337,241.776,241.857,2.2848,243.2877661021774,0,0,,0,0
19.09.2022 15:40:00.000,241.836,242.087,241.776,242.006,2.4852,243.18916870970222,0,0,,0,0
19.09.2022 15:45:00.000,242.006,242.277,241.986,242.117,2.0376,243.10669419357131,0,0,,0,0
19.09.2022 15:50:00.000,242.126,242.307,241.836,241.996,2.0304,243.02125617868123,0,0,,0,0
19.09.2022 15:55:00.000,241.977,242.116,241.626,241.667,2.0556,242.917082626475,0,0,,0,0
19.09.2022 16:00:00.000,241.657,241.947,241.186,241.197,1.8228,242.78476857828466,0,0,,0,0
19.09.2022 16:05:00.000,241.196,241.617,240.836,241.506,2.3592,242.68640176457046,0,2,238.836,0,0
19.09.2022 16:10:00.000,241.457,241.767,241.336,241.436,2.1036,242.59021701344966,0,0,,0,0
19.09.2022 16:15:00.000,241.457,241.687,241.297,241.397,2.1696,242.49843108933814,0,0,,0,0
19.09.2022 16:20:00.000,241.407,241.667,241.177,241.467,2.166,242.41909023631214,0,0,,0,0
19.09.2022 16:25:00.000,241.466,241.606,241.206,241.326,2.2968,242.33500637198046,0,0,,0,0
19.09.2022 16:30:00.000,241.337,241.646,241.216,241.417,2.1384,242.26439049721273,0,0,,0,0
19.09.2022 16:35:00.000,241.427,241.907,241.396,241.767,2.334,242.22612968973485,0,0,,0,0
19.09.2022 16:40:00.000,241.807,242.046,241.616,242.007,2.1324,242.20927355975527,0,0,,0,0
19.09.2022 16:45:00.000,242.046,242.126,241.896,242.096,1.8936,242.20056020900486,0,0,,0,0
19.09.2022 16:50:00.000,242.096,242.597,242.096,242.577,1.6896,242.2295171160045,0,0,,0,0
19.09.2022 16:55:00.000,242.576,242.796,242.436,242.556,1.6631999999999998,242.25463118400418,0,0,,0,0
19.09.2022 17:00:00.000,242.556,242.616,242.296,242.297,1.704,242.2578903236962,0,0,,0,0
19.09.2022 17:05:00.000,242.287,242.667,242.186,242.626,1.7652,242.28620645264263,0,0,,0,0
19.09.2022 17:10:00.000,242.626,242.697,241.936,242.047,1.8564,242.2678059562855,0,0,,0,0
19.09.2022 17:15:00.000,242.037,242.057,241.806,241.996,1.9644,242.246897805802,0,0,,0,0
19.09.2022 17:20:00.000,241.996,242.347,241.906,242.337,1.9596,242.25382874381725,0,0,,0,0
19.09.2022 17:25:00.000,242.337,242.717,242.266,242.717,1.9128000000000005,242.28945730198515,0,0,,0,0
19.09.2022 17:30:00.000,242.696,242.717,242.046,242.086,2.0448,242.27380674029402,0,0,,0,0
19.09.2022 17:35:00.000,242.087,242.187,241.716,241.986,2.1948,242.25166776027143,0,0,,0,0
19.09.2022 17:40:00.000,241.976,242.237,241.926,242.166,1.9716,242.24507793255827,0,0,,0,0
19.09.2022 17:45:00.000,242.166,242.637,242.107,242.307,1.9068,242.24984116851536,0,0,,0,0
19.09.2022 17:50:00.000,242.307,242.607,242.276,242.587,1.8528,242.27577646324497,0,0,,0,0
19.09.2022 17:55:00.000,242.587,242.746,242.196,242.307,2.0004,242.2781782737646,0,0,,0,0
19.09.2022 18:00:00.000,242.316,242.406,242.086,242.147,2.0244,242.2680876373212,0,0,,0,0
19.09.2022 18:05:00.000,242.147,242.397,241.996,242.217,1.9308,242.26415781906576,0,0,,0,0
19.09.2022 18:10:00.000,242.217,242.297,242.046,242.077,1.884,242.249761063753,0,0,,0,0
19.09.2022 18:15:00.000,242.076,242.587,242.026,242.317,2.0760000000000005,242.25493328961818,0,0,,0,0
19.09.2022 18:20:00.000,242.326,242.516,241.836,241.936,2.1756,242.23039995964757,0,0,,0,0
19.09.2022 18:25:00.000,241.927,242.417,241.856,242.397,2.0124,242.243215347367,0,0,,0,0
19.09.2022 18:30:00.000,242.407,242.717,242.386,242.677,2.2379999999999995,242.27658339756954,0,0,,0,0
19.09.2022 18:35:00.000,242.646,242.896,242.466,242.716,1.9656,242.3103846746796,0,0,,0,0
19.09.2022 18:40:00.000,242.726,242.746,242.366,242.396,1.962,242.316970468935,0,0,,0,0
19.09.2022 18:45:00.000,242.396,242.426,242.086,242.256,2.01,242.3122804328631,0,0,,0,0
19.09.2022 18:50:00.000,242.227,242.726,242.226,242.616,2.2752,242.33564347648905,0,0,,0,0
19.09.2022 18:55:00.000,242.617,243.077,242.586,243.047,2.184,242.39036320906683,0,0,,0,0
19.09.2022 19:00:00.000,243.057,244.197,243.036,244.177,2.5692000000000004,242.5277968083694,0,0,,0,0
19.09.2022 19:05:00.000,244.176,244.227,243.836,243.936,2.2224,242.63612013080254,0,0,,0,0
19.09.2022 19:10:00.000,243.946,244.836,243.856,244.617,2.6052,242.7884955053562,0,0,,0,0
19.09.2022 19:15:00.000,244.636,244.816,244.396,244.456,2.3256,242.91676508186728,0,0,,0,0
19.09.2022 19:20:00.000,244.477,244.717,244.286,244.616,2.1180000000000003,243.04747546018518,0,0,,0,0
19.09.2022 19:25:00.000,244.607,245.037,244.457,244.727,2.2128,243.17666965555557,0,0,,0,0
19.09.2022 19:30:00.000,244.737,245.117,244.666,244.796,2.6580000000000004,243.30123352820516,0,1,247.117,0,0
19.09.2022 19:35:00.000,244.807,244.907,244.586,244.617,2.5788,243.40244633372785,0,0,,0,0
19.09.2022 19:40:00.000,244.627,244.707,244.277,244.487,2.3244,243.48587353882573,0,0,,0,0
19.09.2022 19:45:00.000,244.487,244.677,244.196,244.337,2.1252,243.55134480506993,0,0,,0,0
19.09.2022 19:50:00.000,244.317,244.437,243.796,244.257,1.7652,243.60562597391072,0,0,,0,0
19.09.2022 19:55:00.000,244.266,244.567,244.066,244.496,1.962,243.67411628360992,0,0,,0,0
20.09.2022 13:30:00.000,241.347,242.367,241.046,242.147,2.4072,243.55664580025532,0,2,239.046,0,0
20.09.2022 13:35:00.000,242.147,242.206,241.216,241.447,2.0796,243.39436535408183,0,0,,0,0
20.09.2022 13:40:00.000,241.446,242.247,241.186,242.247,2.3016,243.30610648069094,0,0,,0,0
20.09.2022 13:45:00.000,242.256,243.236,242.136,242.867,2.502,243.27232905909935,0,0,,0,0
20.09.2022 13:50:00.000,242.867,242.997,242.376,242.517,1.2936,243.21422682378403,0,0,,0,0
20.09.2022 13:55:00.000,242.516,242.987,242.506,242.507,1.8816,243.15982476041606,0,0,,0,0
20.09.2022 14:00:00.000,242.506,242.737,242.506,242.506,0.606,243.10953054807638,0,0,,0,0
20.09.2022 14:05:00.000,242.507,242.507,242.506,242.506,0.0312,243.06310512130128,0,0,,0,0
20.09.2022 14:25:00.000,241.907,241.987,241.906,241.977,0.03,242.97955857350888,0,0,,0,0
20.09.2022 14:30:00.000,241.966,241.977,241.506,241.907,2.9604,242.89705406785436,0,0,,0,0
20.09.2022 14:35:00.000,241.906,242.066,241.296,241.656,2.8260000000000005,242.8015883703271,0,0,,0,0
20.09.2022 14:40:00.000,241.646,242.507,241.646,242.327,2.8944,242.76508157260963,0,0,,0,0
20.09.2022 14:45:00.000,242.327,242.507,242.106,242.377,3.1188,242.73522914394735,0,0,,0,0
20.09.2022 14:50:00.000,242.376,242.967,242.376,242.656,3.0047999999999995,242.72913459441295,0,0,,0,0
20.09.2022 14:55:00.000,242.656,242.807,242.506,242.767,2.5056,242.73204731791967,0,0,,0,0
20.09.2022 15:00:00.000,242.747,242.917,242.466,242.606,2.694,242.7223513703874,0,0,,0,0
20.09.2022 15:05:00.000,242.617,243.017,242.486,242.876,2.6724,242.73417049574223,0,0,,0,0
20.09.2022 15:10:00.000,242.876,242.936,242.546,242.607,2.4168,242.7243881499159,0,0,,0,0
20.09.2022 15:15:00.000,242.606,242.737,242.316,242.417,2.376,242.70074290761468,0,0,,0,0
20.09.2022 15:20:00.000,242.446,242.617,242.286,242.287,2.5668,242.66891653010586,0,0,,0,0
20.09.2022 15:25:00.000,242.286,242.756,242.256,242.447,2.5367999999999995,242.65184602779004,0,0,,0,0
20.09.2022 15:30:00.000,242.447,242.737,242.106,242.226,2.7816,242.619088641037,0,0,,0,0
20.09.2022 15:35:00.000,242.227,242.287,241.996,242.176,2.4384,242.58500489941878,0,0,,0,0
20.09.2022 15:40:00.000,242.167,242.337,241.996,242.096,2.1732,242.54738913792502,0,0,,0,0
20.09.2022 15:45:00.000,242.097,242.517,242.096,242.417,2.4708,242.5373592042385,0,0,,0,0
20.09.2022 15:50:00.000,242.446,243.167,242.287,243.046,2.5272,242.5764854192971,0,0,,0,0
20.09.2022 15:55:00.000,243.057,243.417,243.016,243.326,2.424,242.6341403870435,0,0,,0,0
20.09.2022 16:00:00.000,243.336,243.487,243.106,243.157,2.5992,242.67436035727093,0,1,245.487,0,0
20.09.2022 16:05:00.000,243.156,243.216,242.836,242.857,2.0652,242.68840956055777,0,0,,0,0
20.09.2022 16:10:00.000,242.856,242.997,242.706,242.906,1.8564,242.70514728666873,0,0,,0,0
20.09.2022 16:15:00.000,242.906,243.017,242.576,242.786,1.8312,242.71136672615577,0,0,,0,0
20.09.2022 16:20:00.000,242.807,242.906,242.497,242.586,1.8120000000000005,242.7017231318361,0,0,,0,0
20.09.2022 16:25:00.000,242.586,242.587,242.146,242.187,2.1516,242.6621290447718,0,0,,0,0
20.09.2022 16:30:00.000,242.186,242.237,241.816,241.886,2.1516,242.6024268105586,0,0,,0,0
20.09.2022 16:35:00.000,241.887,242.007,241.637,241.817,1.9728,242.54200936359257,0,0,,0,0
20.09.2022 16:40:00.000,241.817,242.037,241.746,241.796,1.7508,242.4846240279316,0,0,,0,0
20.09.2022 16:45:00.000,241.796,241.837,241.496,241.626,1.5384,242.41857602578304,0,0,,0,0
20.09.2022 16:50:00.000,241.647,241.907,241.546,241.876,1.7376,242.37683940841512,0,0,,0,0
20.09.2022 16:55:00.000,241.856,242.037,241.786,241.957,1.8864,242.3445440693063,0,0,,0,0
20.09.2022 17:00:00.000,241.957,242.126,241.776,241.807,1.5936,242.3031945255135,0,0,,0,0
20.09.2022 17:05:00.000,241.806,241.937,241.536,241.786,2.2788,242.26341033124325,0,0,,0,0
20.09.2022 17:10:00.000,241.786,241.807,241.416,241.517,2.0508,242.20599415191685,0,0,,0,0
20.09.2022 17:15:00.000,241.506,241.506,241.216,241.257,2.3652,242.1329946017694,0,0,,0,0
20.09.2022 17:20:00.000,241.256,241.457,241.216,241.326,2.3328,242.070918093941,0,0,,0,0
20.09.2022 17:25:00.000,241.316,241.357,240.896,240.996,1.7244000000000002,241.9882320867148,0,0,,0,0
20.09.2022 17:30:00.000,240.996,241.007,240.596,240.747,2.3904,241.89275269542907,0,0,,0,0
20.09.2022 17:35:00.000,240.746,240.837,240.536,240.647,2.0664,241.79692556501146,0,0,,0,0
20.09.2022 17:40:00.000,240.647,240.896,240.556,240.777,2.1324,241.71846975231827,0,0,,0,0
20.09.2022 17:45:00.000,240.767,240.907,240.316,240.317,2.0148,241.61066438675536,0,0,,0,0
20.09.2022 17:50:00.000,240.327,240.426,239.996,240.057,1.9536,241.49115174162034,0,0,,0,0
20.09.2022 17:55:00.000,240.026,240.087,239.626,239.846,2.1096,241.36460160764958,0,2,237.626,0,0
20.09.2022 18:00:00.000,239.846,240.437,239.796,240.297,2.184,241.28247840706115,0,0,,0,0
20.09.2022 18:05:00.000,240.246,240.697,240.246,240.636,1.6356000000000002,241.23274929882567,0,0,,0,0
20.09.2022 18:10:00.000,240.636,240.637,240.336,240.407,1.6848,241.16923012199294,0,0,,0,0
20.09.2022 18:15:00.000,240.397,240.707,240.236,240.656,2.0988,241.12975088183964,0,0,,0,0
20.09.2022 18:20:00.000,240.657,241.147,240.506,240.956,2.298,241.11638542939045,0,0,,0,0
20.09.2022 18:25:00.000,240.957,240.957,240.606,240.607,2.184,241.07720193482197,0,0,,0,0
20.09.2022 18:30:00.000,240.626,240.626,240.166,240.217,2.0868,241.0110325552203,0,0,,0,0
20.09.2022 18:35:00.000,240.226,240.487,240.146,240.297,1.5876,240.95610697404953,0,0,,0,0
20.09.2022 18:40:00.000,240.296,240.566,240.027,240.496,2.2992,240.92071412989188,0,0,,0,0
20.09.2022 18:45:00.000,240.477,241.527,240.426,241.417,3.0564,240.95888996605404,0,0,,0,0
20.09.2022 18:50:00.000,241.436,241.457,241.136,241.227,2.4972000000000003,240.97951381481914,0,0,,0,0
20.09.2022 18:55:00.000,241.226,241.636,241.047,241.487,2.448,241.01855121367925,0,0,,0,0
20.09.2022 19:00:00.000,241.476,242.236,241.346,241.686,2.7528,241.06989342801162,0,0,,0,0
20.09.2022 19:05:00.000,241.687,241.737,241.236,241.557,2.6172,241.10736316431843,0,0,,0,0
20.09.2022 19:10:00.000,241.556,242.007,241.447,241.907,2.2164,241.16887369014012,0,0,,0,0
20.09.2022 19:15:00.000,241.906,242.156,241.716,242.027,2.3400000000000003,241.2348834062832,0,0,,0,0
20.09.2022 19:20:00.000,242.036,242.427,241.977,242.306,2.6076,241.31727699041525,0,0,,0,0
20.09.2022 19:25:00.000,242.316,242.476,242.246,242.246,2.6916,241.38871722192178,0,0,,0,0
20.09.2022 19:30:00.000,242.236,242.237,241.446,242.167,2.9532,241.44858512792783,0,0,,0,0
20.09.2022 19:35:00.000,242.176,242.866,242.076,242.777,2.6903999999999995,241.550770887318,0,0,,0,0
20.09.2022 19:40:00.000,242.777,242.937,242.656,242.736,2.2644,241.64194235752433,0,0,,0,0
20.09.2022 19:45:00.000,242.736,243.007,242.546,242.656,2.6232,241.71994679156094,0,0,,0,0
20.09.2022 19:50:00.000,242.616,242.697,242.036,242.597,2.3508,241.78741242297934,0,0,,0,0
20.09.2022 19:55:00.000,242.587,242.646,242.186,242.547,2.1468,241.84584223659633,0,0,,0,0
21.09.2022 13:30:00.000,243.896,244.257,243.516,243.777,2.2536,241.99439283378123,0,0,,0,0
21.09.2022 13:35:00.000,243.807,244.567,243.766,244.387,2.2668,242.178439538875,0,0,,0,0
21.09.2022 13:40:00.000,244.397,244.817,243.996,244.286,2.3004,242.34055957434617,0,0,,0,0
21.09.2022 13:45:00.000,244.297,245.457,244.286,245.277,2.448,242.56643960708877,0,1,247.457,0,0
21.09.2022 13:50:00.000,245.267,245.446,244.746,244.916,2.2056,242.74717502192811,0,0,,0,0
21.09.2022 13:55:00.000,244.917,245.027,244.536,244.796,2.1864,242.9047769433183,0,0,,0,0
21.09.2022 14:00:00.000,244.796,245.136,244.636,244.876,2.4552,243.05640948613998,0,0,,0,0
21.09.2022 14:05:00.000,244.876,245.067,244.326,244.787,2.5272,243.18953183336,0,0,,0,0
21.09.2022 14:10:00.000,244.796,244.806,243.996,244.017,2.5248,243.25318323079387,0,0,,0,0
21.09.2022 14:15:00.000,244.037,244.157,243.836,244.006,2.4504,243.3110922130405,0,0,,0,0
21.09.2022 14:20:00.000,244.006,244.416,243.896,244.347,2.7384000000000004,243.39077742742202,0,0,,0,0
21.09.2022 14:25:00.000,244.346,244.707,244.126,244.677,1.9044,243.48971762531266,0,0,,0,0
21.09.2022 14:30:00.000,244.677,244.747,243.896,244.037,2.1624,243.5318162695194,0,0,,0,0
21.09.2022 14:35:00.000,244.007,244.056,243.636,243.936,2.0424,243.56290732571023,0,0,,0,0
21.09.2022 14:40:00.000,243.916,244.077,243.766,243.857,2.3064,243.58552983911716,0,0,,0,0
21.09.2022 14:45:00.000,243.847,244.137,243.687,244.007,1.9932,243.61795062072355,0,0,,0,0
21.09.2022 14:50:00.000,244.006,244.277,243.956,244.076,2.0748,243.65318518836023,2,0,,0,0
21.09.2022 14:55:00.000,244.087,244.087,243.756,243.917,1.6223999999999998,243.67347863540948,2,0,,0,0
21.09.2022 15:00:00.000,243.927,244.027,243.556,243.607,2.166,243.66836489422414,0,0,,0,0
21.09.2022 15:05:00.000,243.637,243.816,243.466,243.697,2.0928,243.67056759466846,0,0,,0,0
21.09.2022 15:10:00.000,243.697,243.927,243.676,243.917,1.83,243.6895239335401,0,0,,0,0
21.09.2022 15:15:00.000,243.936,244.037,243.686,243.686,1.6104,243.68925286172936,0,0,,0,0
21.09.2022 15:20:00.000,243.697,243.767,243.397,243.687,1.824,243.68907956467325,0,2,241.397,0,0
21.09.2022 15:25:00.000,243.696,243.897,243.536,243.826,1.5816,243.69961190585227,0,0,,0,0
21.09.2022 15:30:00.000,243.827,244.037,243.776,244.016,1.8132,243.72394945155597,0,0,,0,0
21.09.2022 15:35:00.000,244.017,244.077,243.906,243.947,1.4424,243.7411071860517,0,0,,0,0
21.09.2022 15:40:00.000,243.947,244.197,243.866,244.186,1.152,243.77532971020156,0,0,,0,0
21.09.2022 15:45:00.000,244.177,244.257,243.906,244.026,0.852,243.79461204018608,0,0,,0,0
21.09.2022 15:50:00.000,244.027,244.377,243.936,244.317,0.8340000000000001,243.83479572940254,0,0,,0,0
21.09.2022 15:55:00.000,244.296,244.587,244.246,244.426,0.9072,243.88027298098697,0,0,,0,0
21.09.2022 16:00:00.000,244.427,244.527,244.246,244.386,0.7716000000000001,243.9191750593726,0,0,,0,0
21.09.2022 16:05:00.000,244.396,244.637,244.236,244.636,0.9012,243.97431543942088,0,0,,0,0
21.09.2022 16:10:00.000,244.656,245.007,244.576,244.996,1.0848,244.05290655946544,0,0,,0,0
21.09.2022 16:15:00.000,244.997,245.166,244.876,245.086,0.8016000000000001,244.13237528566043,0,0,,0,0
21.09.2022 16:20:00.000,245.066,245.107,244.856,244.926,1.0188,244.19342334060966,0,0,,0,0
21.09.2022 16:25:00.000,244.937,245.206,244.836,245.167,1.3392,244.26831385287048,0,0,,0,0
21.09.2022 16:30:00.000,245.147,245.477,245.016,245.477,1.1604,244.361289710342,0,0,,0,0
21.09.2022 16:35:00.000,245.476,245.667,245.296,245.296,1.0848,244.43319050185414,0,0,,0,0
21.09.2022 16:40:00.000,245.307,245.387,245.186,245.306,0.84,244.50032969401923,0,0,,0,0
21.09.2022 16:45:00.000,245.316,245.556,245.186,245.427,1.3488,244.57161202524853,0,0,,0,0
21.09.2022 16:50:00.000,245.416,245.447,245.126,245.177,1.6416000000000002,244.61818033099865,0,0,,0,0
21.09.2022 16:55:00.000,245.177,245.196,244.996,245.006,1.3428,244.64801261322953,0,0,,0,0
21.09.2022 17:00:00.000,245.006,245.067,244.856,245.046,1.1412,244.67862702759652,0,0,,0,0
21.09.2022 17:05:00.000,245.047,245.047,244.716,244.846,0.9432,244.6915018716276,0,0,,0,0
21.09.2022 17:10:00.000,244.867,244.977,244.786,244.946,0.8472,244.71107865073319,0,0,,0,0
21.09.2022 17:15:00.000,244.937,244.937,244.606,244.907,1.1844,244.72614952375372,0,0,,0,0
21.09.2022 17:20:00.000,244.906,245.027,244.806,244.896,1.0032,244.73921494500345,0,0,,0,0
21.09.2022 17:25:00.000,244.876,245.047,244.786,245.007,0.8124,244.75981379538783,0,0,,0,0
21.09.2022 17:30:00.000,245.017,245.266,244.997,245.227,1.2612,244.79575119574264,0,0,,0,0
21.09.2022 17:35:00.000,245.236,245.477,245.176,245.456,1.1256000000000002,244.8465395653009,0,0,,0,0
21.09.2022 17:40:00.000,245.477,245.737,245.416,245.656,1.0524,244.90880575258547,0,0,,0,0
21.09.2022 17:45:00.000,245.677,245.917,245.516,245.767,0.96,244.97482069469427,0,0,,0,0
21.09.2022 17:50:00.000,245.777,245.817,245.597,245.627,0.7571999999999999,245.02498833356395,0,0,,0,0
21.09.2022 17:55:00.000,245.626,246.147,245.576,245.857,0.798,245.08898923098212,0,0,,0,0
21.09.2022 18:00:00.000,245.986,245.986,240.687,240.717,2.85,244.75268236706046,0,0,,0,0
21.09.2022 18:05:00.000,240.717,243.166,240.257,242.307,3.2604,244.5645529542097,0,0,,0,0
21.09.2022 18:10:00.000,242.316,242.657,240.896,241.026,3.3648,244.29235657311665,0,0,,0,0
21.09.2022 18:15:00.000,240.957,241.607,240.796,241.167,3.288,244.05194452903075,0,0,,0,0
21.09.2022 18:20:00.000,241.156,241.967,241.097,241.896,2.9172,243.88610264218224,0,0,,0,0
21.09.2022 18:25:00.000,241.897,242.676,241.626,241.806,2.4756,243.72609474662977,0,0,,0,0
21.09.2022 18:30:00.000,241.746,244.087,241.036,244.017,3.6648,243.7484720738121,0,0,,0,0
21.09.2022 18:35:00.000,244.047,244.547,242.967,243.717,3.9624,243.74605114505735,0,0,,0,0
21.09.2022 18:40:00.000,243.666,246.737,243.207,246.376,3.6036,243.94835490312988,0,0,,0,0
21.09.2022 18:45:00.000,246.297,247.617,244.886,245.516,3.0312,244.06894298750453,0,1,249.617,0,0
21.09.2022 18:50:00.000,245.577,246.496,244.636,246.277,3.0684,244.23879352692728,0,0,,0,0
21.09.2022 18:55:00.000,246.276,246.557,245.356,246.197,3.6588,244.38942479408672,0,0,,0,0
21.09.2022 19:00:00.000,246.276,246.707,245.176,245.677,3.7296,244.48846904069543,0,0,,0,0
21.09.2022 19:05:00.000,245.677,246.236,244.656,244.826,3.5172,244.51443296064195,0,0,,0,0
21.09.2022 19:10:00.000,244.837,244.946,242.726,244.887,2.9196,244.5430919636695,0,0,,0,0
21.09.2022 19:15:00.000,244.946,245.397,244.006,244.096,3.3852,244.50870027415647,0,0,,0,0
21.09.2022 19:20:00.000,244.127,244.127,243.077,243.416,3.78,244.42464640691367,0,0,,0,0
21.09.2022 19:25:00.000,243.366,243.387,241.487,241.536,3.5472,244.2024428371511,0,0,,0,0
21.09.2022 19:30:00.000,241.536,241.937,240.867,241.887,3.3996,244.02433184967794,0,0,,0,0
21.09.2022 19:35:00.000,241.887,241.927,240.116,240.296,3.186,243.7375370920104,0,0,,0,0
21.09.2022 19:40:00.000,240.227,240.906,239.986,240.006,2.388,243.45049577724038,0,0,,0,0
21.09.2022 19:45:00.000,239.997,240.077,239.447,239.836,2.49,243.1724576405296,0,0,,0,0
21.09.2022 19:50:00.000,239.836,240.417,239.647,240.187,3.1248,242.94280705279655,0,0,,0,0
21.09.2022 19:55:00.000,240.187,240.187,238.847,238.906,2.4768,242.63228343335066,0,0,,0,0
22.09.2022 13:30:00.000,237.907,239.947,237.756,239.296,2.3496,242.37564624616985,0,2,235.756,0,0
22.09.2022 13:35:00.000,239.296,239.857,239.006,239.267,2.7947999999999995,242.1365196118491,0,0,,0,0
22.09.2022 13:40:00.000,239.316,240.156,239.116,239.787,2.9664,241.9557873340146,0,0,,0,0
22.09.2022 13:45:00.000,239.827,240.877,239.596,239.777,2.8692,241.78818830832117,0,0,,0,0
22.09.2022 13:50:00.000,239.817,240.137,239.376,239.657,2.8668,241.62425074614262,0,0,,0,0
22.09.2022 13:55:00.000,239.657,240.587,239.456,240.226,2.9352,241.51669299643936,0,0,,0,0
22.09.2022 14:00:00.000,240.197,240.226,239.336,239.426,2.9376,241.35587045825173,0,0,,0,0
22.09.2022 14:05:00.000,239.447,240.097,239.337,239.757,3.0768,241.2328804230016,0,0,,0,0
22.09.2022 14:10:00.000,239.756,241.007,239.576,240.977,3.3924,241.21319731353995,0,0,,0,0
22.09.2022 14:15:00.000,240.976,241.046,239.916,239.936,3.012,241.1149513663446,0,0,,0,0
22.09.2022 14:20:00.000,239.966,240.157,239.496,239.756,2.862,241.01041664585657,0,0,,0,0
22.09.2022 14:25:00.000,239.746,240.137,239.716,240.007,2.8704,240.93323075002147,0,0,,0,0
22.09.2022 14:30:00.000,240.016,240.507,239.497,239.936,3.3108,240.85652069232754,0,0,,0,0
22.09.2022 14:35:00.000,239.937,240.576,239.697,240.477,2.9652000000000003,240.82732679291772,0,0,,0,0
22.09.2022 14:40:00.000,240.487,240.717,240.056,240.077,3.0168,240.7696093473087,0,0,,0,0
22.09.2022 14:45:00.000,240.057,240.296,239.526,239.826,3.048,240.69702401290033,0,0,,0,0
22.09.2022 14:50:00.000,239.826,239.897,239.456,239.867,2.6976,240.633176011908,0,0,,0,0
22.09.2022 14:55:00.000,239.856,240.126,239.536,239.577,2.5548,240.55193170329972,0,0,,0,0
22.09.2022 15:00:00.000,239.557,239.757,239.467,239.566,2.7576,240.4760908030459,0,0,,0,0
22.09.2022 15:05:00.000,239.567,239.937,239.526,239.716,2.6916,240.41762227973467,0,0,,0,0
22.09.2022 15:10:00.000,239.707,239.717,239.466,239.506,2.1828,240.34749748898588,0,0,,0,0
22.09.2022 15:15:00.000,239.516,239.656,239.166,239.357,2.5224,240.2713053744485,0,0,,0,0
22.09.2022 15:20:00.000,239.346,239.687,239.136,239.447,2.4036,240.20789726872172,1,0,,0,0
22.09.2022 15:25:00.000,239.426,239.897,239.426,239.717,2.6076,240.17013594035853,1,0,,0,0
22.09.2022 15:30:00.000,239.747,240.177,239.716,239.767,2.4888,240.1391254834079,1,0,,0,0
22.09.2022 15:35:00.000,239.766,240.127,239.667,240.066,2.4744,240.13350044622268,1,0,,0,0
22.09.2022 15:40:00.000,240.076,240.167,239.796,240.047,2.37,240.12684656574402,1,0,,0,0
22.09.2022 15:45:00.000,240.027,240.966,239.917,240.887,2.6411999999999995,240.18531990684065,0,0,,0,0
22.09.2022 15:50:00.000,240.887,241.246,240.746,241.047,2.2692,240.25160299092985,0,0,,0,0
22.09.2022 15:55:00.000,241.066,241.287,240.716,241.067,2.2379999999999995,240.3143258377814,0,0,,0,0
22.09.2022 16:00:00.000,241.086,241.406,240.826,241.117,2.5632,240.3760700041059,0,0,,0,0
22.09.2022 16:05:00.000,241.127,241.157,240.596,240.926,2.6688,240.4183723114824,0,0,,0,0
22.09.2022 16:10:00.000,240.926,240.987,240.206,240.447,2.3568,240.42057444136836,0,0,,0,0
22.09.2022 16:15:00.000,240.447,240.737,240.256,240.607,2.2212,240.43491486895542,0,0,,0,0
22.09.2022 16:20:00.000,240.597,241.647,240.306,241.396,2.5212000000000003,240.5088444944204,0,0,,0,0
22.09.2022 16:25:00.000,241.396,241.426,240.746,240.776,2.3904,240.52939491792654,0,0,,0,0
22.09.2022 16:30:00.000,240.777,240.826,240.476,240.506,2.2572,240.52759530885527,0,0,,0,0
22.09.2022 16:35:00.000,240.507,241.027,240.476,240.936,2.2944,240.55901105432795,0,0,,0,0
22.09.2022 16:40:00.000,240.936,241.176,240.636,240.757,2.3364,240.57424097322584,0,0,,0,0
22.09.2022 16:45:00.000,240.757,240.977,240.406,240.486,2.0136000000000003,240.5674532060546,0,0,,0,0
22.09.2022 16:50:00.000,240.457,240.877,240.356,240.517,2.2668,240.56357219020427,0,0,,0,0
22.09.2022 16:55:00.000,240.546,240.927,240.166,240.267,2.4816,240.54075894480397,0,0,,0,0
22.09.2022 17:00:00.000,240.256,240.466,239.866,240.026,2.3508,240.501162102896,0,0,,0,0
22.09.2022 17:05:00.000,239.986,240.147,239.747,239.817,2.2236,240.4485342488271,0,0,,0,0
22.09.2022 17:10:00.000,239.816,240.036,239.786,239.877,1.9404,240.4045700758404,0,0,,0,0
22.09.2022 17:15:00.000,239.866,240.097,239.717,240.026,1.5204,240.37544930077578,0,0,,0,0
22.09.2022 17:20:00.000,240.017,240.266,239.846,239.967,1.4784000000000002,240.34403012379306,0,0,,0,0
22.09.2022 17:25:00.000,239.966,240.387,239.886,240.347,1.7064,240.344258575809,0,0,,0,0
22.09.2022 17:30:00.000,240.317,240.837,240.237,240.817,1.8684,240.38062330074678,0,0,,0,0
22.09.2022 17:35:00.000,240.826,240.997,240.677,240.677,1.6404,240.40342150838165,0,0,,0,0
22.09.2022 17:40:00.000,240.706,240.957,240.606,240.687,1.5324000000000002,240.42523523850616,0,0,,0,0
22.09.2022 17:45:00.000,240.687,241.127,240.516,241.127,1.7244,240.47921714323647,0,0,,0,0
22.09.2022 17:50:00.000,241.116,241.657,241.067,241.507,1.6164,240.55827736298752,0,0,,0,0
22.09.2022 17:55:00.000,241.486,241.767,241.206,241.296,1.9488,240.61502525814234,0,0,,0,0
22.09.2022 18:00:00.000,241.297,241.487,240.746,240.767,2.0952,240.62671562290063,0,0,,0,0
22.09.2022 18:05:00.000,240.787,241.107,240.316,240.356,2.1996,240.605891344216,0,0,,0,0
22.09.2022 18:10:00.000,240.357,240.436,240.096,240.096,1.9344,240.5666689331225,0,0,,0,0
22.09.2022 18:15:00.000,240.096,240.366,240.006,240.066,1.6992,240.5281559382669,0,0,,0,0
22.09.2022 18:20:00.000,240.036,240.197,239.726,239.957,2.2092,240.48422086609253,0,0,,0,0
22.09.2022 18:25:00.000,239.937,240.446,239.906,240.256,1.8192,240.46666541485465,0,0,,0,0
22.09.2022 18:30:00.000,240.256,240.346,240.006,240.186,2.0628,240.44507576755817,0,0,,0,0
22.09.2022 18:35:00.000,240.187,240.447,240.006,240.436,1.8636,240.44437763159218,0,0,,0,0
22.09.2022 18:40:00.000,240.446,240.486,240.186,240.387,1.8,240.43996396762356,0,0,,0,0
22.09.2022 18:45:00.000,240.386,240.447,240.037,240.407,1.8912,240.4374282778064,0,0,,0,0
22.09.2022 18:50:00.000,240.416,241.506,240.396,241.256,2.1672,240.50039533335976,0,0,,0,0
22.09.2022 18:55:00.000,241.276,241.796,241.166,241.747,1.9344,240.5962880000244,0,0,,0,0
22.09.2022 19:00:00.000,241.746,242.466,241.736,242.187,2.3568,240.718650461561,0,0,,0,0
22.09.2022 19:05:00.000,242.207,242.457,242.056,242.356,2.4012,240.84460042605633,0,0,,0,0
22.09.2022 19:10:00.000,242.366,243.387,242.326,243.296,2.4396,241.03316962405202,0,0,,0,0
22.09.2022 19:15:00.000,243.297,243.317,242.496,242.507,2.3748,241.14654119143268,0,0,,0,0
22.09.2022 19:20:00.000,242.517,242.727,242.146,242.307,2.4996,241.23580725363018,0,0,,0,0
22.09.2022 19:25:00.000,242.296,242.877,242.106,242.826,2.3088,241.35812977258172,0,0,,0,0
22.09.2022 19:30:00.000,242.837,243.207,242.757,243.066,2.844,241.48950440546005,0,0,,0,0
22.09.2022 19:35:00.000,243.087,243.396,242.887,242.957,3.1332000000000004,241.60238868196313,0,0,,0,0
22.09.2022 19:40:00.000,242.957,242.977,242.366,242.666,2.9496,241.68420493719677,0,0,,0,0
22.09.2022 19:45:00.000,242.666,243.726,242.566,243.216,3.2232000000000003,241.80203532664316,0,1,245.726,0,0
22.09.2022 19:50:00.000,243.216,243.216,241.516,241.576,2.3196,241.78464799382448,0,0,,0,0
22.09.2022 19:55:00.000,241.577,241.717,240.636,240.666,2.6892000000000005,241.6985981481457,0,0,,0,0
23.09.2022 13:30:00.000,238.996,239.207,238.217,239.087,2.3064,241.49770598290374,0,2,236.217,0,0
23.09.2022 13:35:00.000,239.056,239.527,238.316,238.767,2.8896,241.28765167652656,0,0,,0,0
23.09.2022 13:40:00.000,238.736,239.746,238.696,239.637,2.6292,241.16067847063994,0,0,,0,0
23.09.2022 13:45:00.000,239.616,240.417,239.076,239.477,3.1272,241.0311647421292,0,0,,0,0
23.09.2022 13:50:00.000,239.477,239.526,238.636,238.996,3.066,240.87461360811926,0,0,,0,0
23.09.2022 13:55:00.000,238.986,239.757,238.696,238.777,2.8344,240.713258715187,0,0,,0,0
23.09.2022 14:00:00.000,238.786,239.127,238.336,238.776,3.228,240.5642388140188,0,0,,0,0
23.09.2022 14:05:00.000,238.777,239.287,238.616,239.187,3.042,240.4582973667866,0,0,,0,0
23.09.2022 14:10:00.000,239.166,239.587,238.826,239.047,3.1464,240.34973603087997,0,0,,0,0
23.09.2022 14:15:00.000,239.046,239.197,238.507,239.066,3.2076,240.25098710542767,0,0,,0,0
23.09.2022 14:20:00.000,239.026,239.147,238.596,238.686,3.0252000000000003,240.13060348193326,0,0,,0,0
23.09.2022 14:25:00.000,238.706,239.567,238.606,239.557,3.3168,240.08648013716916,0,0,,0,0
23.09.2022 14:30:00.000,239.557,239.557,238.946,239.146,3.4704,240.0141355112331,0,0,,0,0
23.09.2022 14:35:00.000,239.156,239.486,238.926,239.396,3.0012,239.96658662575365,0,0,,0,0
23.09.2022 14:40:00.000,239.376,240.067,239.306,239.937,2.9808,239.96431073146493,0,0,,0,0
23.09.2022 14:45:00.000,239.926,240.306,239.626,239.637,2.8524,239.93913298289073,0,0,,0,0
23.09.2022 14:50:00.000,239.647,240.667,239.597,240.517,2.6964,239.98358429189915,0,0,,0,0
23.09.2022 14:55:00.000,240.486,241.087,240.096,240.106,2.9124000000000003,239.99300088483,0,0,,0,0
23.09.2022 15:00:00.000,240.097,240.157,239.516,239.786,2.3628,239.97707773984308,0,0,,0,0
23.09.2022 15:05:00.000,239.787,240.776,239.776,240.417,2.9076,240.01091791370132,0,0,,0,0
23.09.2022 15:10:00.000,240.407,240.666,239.846,239.996,2.8464,240.00977038187816,0,0,,0,0
23.09.2022 15:15:00.000,239.986,240.426,239.847,240.327,2.8404000000000003,240.03417266019522,0,0,,0,0
23.09.2022 15:20:00.000,240.316,240.517,240.046,240.306,2.9436,240.05508245556484,0,0,,0,0
23.09.2022 15:25:00.000,240.296,240.447,239.267,239.427,3.0984,240.0067684205214,0,0,,0,0
23.09.2022 15:30:00.000,239.437,239.757,239.366,239.526,3.2268,239.96978623432747,0,0,,0,0
23.09.2022 15:35:00.000,239.536,239.667,239.096,239.127,2.8536,239.9049565239946,0,0,,0,0
23.09.2022 15:40:00.000,239.107,239.257,238.576,238.607,2.8548,239.80511371445658,0,0,,0,0
23.09.2022 15:45:00.000,238.606,238.647,238.196,238.466,2.3328,239.7021049671907,0,0,,0,0
23.09.2022 15:50:00.000,238.466,238.717,238.216,238.396,2.2932,239.60163535432991,0,0,,0,0
23.09.2022 15:55:00.000,238.367,238.507,238.016,238.186,2.5044,239.4927403270738,0,0,,0,0
23.09.2022 16:00:00.000,238.186,238.447,238.046,238.317,2.7,239.40229876345273,0,0,,0,0
23.09.2022 16:05:00.000,238.346,238.427,237.626,237.817,2.808,239.2803527047256,0,0,,0,0
23.09.2022 16:10:00.000,237.816,238.387,237.736,238.226,2.5236,239.19924865051595,0,0,,0,0
23.09.2022 16:15:00.000,238.196,238.317,238.046,238.267,2.442,239.12753721586088,0,0,,0,0
23.09.2022 16:20:00.000,238.287,238.317,237.896,238.046,2.4132,239.04434204541008,0,0,,0,0
23.09.2022 16:25:00.000,238.046,238.227,237.486,237.606,2.3616,238.93370034960932,0,0,,0,0
23.09.2022 16:30:00.000,237.626,237.996,237.496,237.827,2.4576,238.84856955348553,0,0,,0,0
23.09.2022 16:35:00.000,237.836,238.097,237.796,238.017,2.382,238.78460266475588,0,0,,0,0
23.09.2022 16:40:00.000,238.017,238.047,237.616,237.627,1.7724,238.6955563059285,0,0,,0,0
23.09.2022 16:45:00.000,237.626,237.976,237.526,237.936,2.3844000000000003,238.63712889778017,0,0,,0,0
23.09.2022 16:50:00.000,237.906,238.446,237.876,238.307,2.4516,238.6117343671817,0,0,,0,0
23.09.2022 16:55:00.000,238.287,238.376,238.046,238.287,2.3064,238.58675480047543,0,0,,0,0
23.09.2022 17:00:00.000,238.257,238.697,238.076,238.406,2.4216,238.57285058505425,0,0,,0,0
23.09.2022 17:05:00.000,238.376,238.577,238.046,238.136,2.2932,238.53924669389625,0,0,,0,0
23.09.2022 17:10:00.000,238.167,238.566,238.106,238.317,2.4228,238.52215079436579,0,0,,0,0
23.09.2022 17:15:00.000,238.327,238.717,238.217,238.656,2.2608,238.5324468871069,0,0,,0,0
23.09.2022 17:20:00.000,238.656,238.716,238.106,238.146,2.424,238.5027202034833,0,0,,0,0
23.09.2022 17:25:00.000,238.147,238.197,237.536,237.596,2.472,238.43297249552307,0,0,,0,0
23.09.2022 17:30:00.000,237.596,237.936,237.547,237.826,2.3352,238.38628230355977,0,0,,0,0
23.09.2022 17:35:00.000,237.826,237.887,237.496,237.507,2.1744,238.31864520328597,0,0,,0,0
23.09.2022 17:40:00.000,237.507,237.606,237.296,237.557,2.5524,238.26005711072554,0,0,,0,0
23.09.2022 17:45:00.000,237.537,237.787,237.436,237.667,2.4348,238.21443733297744,0,0,,0,0
23.09.2022 17:50:00.000,237.656,237.717,237.516,237.656,2.2368,238.1714806150561,0,0,,0,0
23.09.2022 17:55:00.000,237.657,237.796,237.356,237.686,2.0328,238.1341359523595,0,0,,0,0
23.09.2022 18:00:00.000,237.717,237.837,237.196,237.716,2.3856,238.10197164833187,0,0,,0,0
23.09.2022 18:05:00.000,237.716,237.927,237.036,237.067,2.8248,238.02235844461404,0,0,,0,0
23.09.2022 18:10:00.000,237.047,237.166,236.226,236.356,2.7876000000000003,237.8941770257976,0,0,,0,0
23.09.2022 18:15:00.000,236.367,236.367,235.916,235.987,2.4972,237.74747110073628,0,0,,0,0
23.09.2022 18:20:00.000,235.986,236.457,235.886,236.157,2.64,237.6251271699104,0,0,,0,0
23.09.2022 18:25:00.000,236.157,236.407,236.016,236.217,2.4936,237.5168096953019,0,0,,0,0
23.09.2022 18:30:00.000,236.217,236.217,235.596,235.926,2.8164,237.39443971874022,0,0,,0,0
23.09.2022 18:35:00.000,235.926,235.947,235.566,235.576,2.7168,237.2545597403756,0,0,,0,0
23.09.2022 18:40:00.000,235.576,235.976,235.416,235.897,2.7132,237.15013206803906,0,0,,0,0
23.09.2022 18:45:00.000,235.857,236.047,235.706,235.717,2.4012,237.03989113972838,0,0,,0,0
23.09.2022 18:50:00.000,235.737,235.876,235.466,235.506,2.5164,236.92189951359543,0,0,,0,0
23.09.2022 18:55:00.000,235.497,235.497,235.186,235.397,2.6076,236.8045995510112,0,2,233.186,0,0
23.09.2022 19:00:00.000,235.377,236.486,235.326,236.337,3.0504,236.7686303547796,0,0,,0,0
23.09.2022 19:05:00.000,236.337,237.127,236.206,236.617,2.8368,236.756966481335,0,0,,0,0
23.09.2022 19:10:00.000,236.607,236.697,236.196,236.477,2.8764,236.7354305981554,0,0,,0,0
23.09.2022 19:15:00.000,236.476,237.267,236.437,236.916,3.1656000000000004,236.74932055214347,0,0,,0,0
23.09.2022 19:20:00.000,236.917,237.106,236.336,236.387,2.9232000000000005,236.72144974044016,0,0,,0,0
23.09.2022 19:25:00.000,236.396,236.906,236.216,236.827,2.9628,236.72956899117557,0,0,,0,0
23.09.2022 19:30:00.000,236.817,237.567,236.796,237.277,2.8908,236.77167906877744,0,0,,0,0
23.09.2022 19:35:00.000,237.286,237.497,236.687,237.357,2.916,236.81670375579458,0,0,,0,0
23.09.2022 19:40:00.000,237.356,238.077,237.176,237.896,2.8080000000000003,236.8997265438104,0,0,,0,0
23.09.2022 19:45:00.000,237.907,238.017,237.446,237.646,2.8104000000000005,236.95713219428654,0,0,,0,0
23.09.2022 19:50:00.000,237.636,237.767,236.897,237.666,2.49,237.01166048703377,0,0,,0,0
23.09.2022 19:55:00.000,237.666,238.246,236.986,237.887,2.7444,237.0789942957235,0,0,,0,0
26.09.2022 13:30:00.000,237.227,239.097,236.906,238.826,3.4884000000000004,237.21337934989864,0,0,,0,0
26.09.2022 13:35:00.000,238.796,239.797,238.716,239.506,3.4752,237.38973478452183,0,0,,0,0
26.09.2022 13:40:00.000,239.507,240.146,239.226,239.316,3.6348,237.53790903186632,0,0,,0,0
26.09.2022 13:45:00.000,239.297,239.857,239.067,239.817,3.7056,237.71322372172278,0,0,,0,0
26.09.2022 13:50:00.000,239.817,240.116,239.586,239.637,3.7188,237.8612065123595,0,0,,0,0
26.09.2022 13:55:00.000,239.646,240.696,239.586,240.537,3.4608,238.06703678063954,0,0,,0,0
26.09.2022 14:00:00.000,240.537,241.227,239.966,240.407,3.6,238.24703395135958,0,0,,0,0
26.09.2022 14:05:00.000,240.417,240.916,239.956,240.087,3.5376,238.388569801255,0,0,,0,0
26.09.2022 14:10:00.000,240.087,240.467,239.846,240.267,3.45,238.5330644319277,0,0,,0,0
26.09.2022 14:15:00.000,240.256,241.227,240.256,241.067,3.414,238.72798255254864,0,0,,0,0
26.09.2022 14:20:00.000,241.066,241.196,240.696,240.816,3.2496,238.8885992792757,0,0,,0,0
26.09.2022 14:25:00.000,240.787,241.107,240.546,241.007,2.9736,239.05155318086986,0,0,,0,0
26.09.2022 14:30:00.000,241.007,241.436,240.716,240.717,3.1404,239.17966447464914,0,1,243.436,0,0
26.09.2022 14:35:00.000,240.737,240.856,240.396,240.566,2.6796,239.28630566890692,0,0,,0,0
26.09.2022 14:40:00.000,240.557,240.636,240.006,240.516,3.4116,239.38089754052947,0,0,,0,0
26.09.2022 14:45:00.000,240.517,240.587,239.756,240.007,3.54,239.42905926818108,0,0,,0,0
26.09.2022 14:50:00.000,240.007,240.276,239.756,239.976,3.3528,239.47113163216716,0,0,,0,0
26.09.2022 14:55:00.000,239.997,240.667,239.766,240.547,3.2724,239.55389073738507,0,0,,0,0
26.09.2022 15:00:00.000,240.536,240.777,240.407,240.546,3.1872,239.6302068345093,0,0,,0,0
26.09.2022 15:05:00.000,240.576,240.626,239.266,239.296,3.4392000000000005,239.60449861647012,0,0,,0,0
26.09.2022 15:10:00.000,239.296,239.696,239.066,239.666,3.1656000000000004,239.60922949212627,0,0,,0,0
26.09.2022 15:15:00.000,239.686,239.806,239.226,239.277,3.0371999999999995,239.58367337734734,0,0,,0,0
26.09.2022 15:20:00.000,239.276,239.767,238.906,239.096,3.2952,239.5461600406283,0,0,,0,0
26.09.2022 15:25:00.000,239.096,239.207,238.716,238.767,3.2016,239.4862246528877,0,0,,0,0
26.09.2022 15:30:00.000,238.766,239.047,238.746,238.866,3.852,239.43851506420404,0,0,,0,0
26.09.2022 15:35:00.000,238.866,239.336,238.836,239.147,3.3888,239.41609082849607,0,0,,0,0
26.09.2022 15:40:00.000,239.137,239.376,238.576,238.576,3.2364,239.3514684570733,0,0,,0,0
26.09.2022 15:45:00.000,238.576,239.256,238.336,239.037,3.5412,239.32727857575998,0,0,,0,0
26.09.2022 15:50:00.000,239.046,239.077,238.666,239.066,3.3132,239.30718022377846,0,0,,0,0
26.09.2022 15:55:00.000,239.077,239.807,238.986,239.626,3.3528,239.33170482194936,0,0,,0,0
26.09.2022 16:00:00.000,239.627,239.727,239.246,239.487,3.1632,239.34365060487636,0,0,,0,0
26.09.2022 16:05:00.000,239.487,239.586,239.166,239.426,3.174,239.34998517373202,0,0,,0,0
26.09.2022 16:10:00.000,239.427,239.696,239.327,239.436,2.9616,239.35660169882956,0,0,,0,0
26.09.2022 16:15:00.000,239.437,239.717,239.296,239.526,2.8176,239.36963233738115,0,0,,0,0
26.09.2022 16:20:00.000,239.517,239.526,238.546,238.546,3.0144,239.30627600373646,0,0,,0,0
26.09.2022 16:25:00.000,238.537,238.537,237.796,238.046,3.0084,239.20933169575676,0,0,,0,0
26.09.2022 16:30:00.000,238.036,238.277,237.947,238.046,3.0660000000000003,239.11984464223704,0,0,,0,0
26.09.2022 16:35:00.000,238.027,238.427,238.006,238.196,2.802,239.0487796697573,0,0,,0,0
26.09.2022 16:40:00.000,238.196,238.287,237.777,237.847,2.6184000000000003,238.95633507977598,0,0,,0,0
26.09.2022 16:45:00.000,237.847,238.487,237.777,238.247,2.9088000000000003,238.90177084287015,0,0,,0,0
26.09.2022 16:50:00.000,238.217,238.847,238.216,238.776,2.6856000000000004,238.89209616264938,0,0,,0,0
26.09.2022 16:55:00.000,238.787,239.297,238.727,239.056,2.8296,238.90470415013792,0,0,,0,0
26.09.2022 17:00:00.000,239.047,239.107,238.346,238.346,2.784,238.86172690781964,0,0,,0,0
26.09.2022 17:05:00.000,238.346,238.456,238.056,238.166,2.5032,238.80820945337197,0,0,,0,0
26.09.2022 17:10:00.000,238.167,238.226,237.626,237.707,2.7384,238.72350103388186,0,0,,0,0
26.09.2022 17:15:00.000,237.687,238.137,237.646,237.926,2.7792,238.66215480050633,0,0,,0,0
26.09.2022 17:20:00.000,237.917,238.227,237.656,237.767,2.3844000000000003,238.59329673892893,0,0,,0,0
26.09.2022 17:25:00.000,237.756,237.857,237.316,237.756,2.6495999999999995,238.5288892974729,0,0,,0,0
26.09.2022 17:30:00.000,237.757,238.256,237.426,237.497,2.8068,238.4495131976673,0,0,,0,0
26.09.2022 17:35:00.000,237.497,237.777,237.487,237.597,2.7132,238.38393525938523,0,0,,0,0
26.09.2022 17:40:00.000,237.606,237.687,237.357,237.487,2.856,238.31494023943253,0,0,,0,0
26.09.2022 17:45:00.000,237.496,237.857,237.456,237.516,2.736,238.25348329793775,0,0,,0,0
26.09.2022 17:50:00.000,237.516,238.047,237.466,237.727,2.6256000000000004,238.21298458271178,0,0,,0,0
26.09.2022 17:55:00.000,237.727,237.727,236.896,236.957,2.4972000000000003,238.11637038404166,0,2,234.896,0,0
26.09.2022 18:00:00.000,236.926,238.177,236.896,238.137,3.2448,238.11795727757695,0,2,234.896,0,0
26.09.2022 18:05:00.000,238.136,238.427,237.946,238.367,2.9964000000000004,238.13711441007104,0,0,,0,0
26.09.2022 18:10:00.000,238.376,238.427,237.886,238.246,2.9088,238.14549022468097,0,0,,0,0
26.09.2022 18:15:00.000,238.227,238.447,238.006,238.227,2.7564,238.15176020739784,0,0,,0,0
26.09.2022 18:20:00.000,238.227,238.497,238.126,238.227,2.7444,238.15754788375187,0,0,,0,0
26.09.2022 18:25:00.000,238.216,238.226,237.566,237.596,2.7984,238.11435189269406,0,0,,0,0
26.09.2022 18:30:00.000,237.597,237.957,237.556,237.687,2.7144,238.08147867017914,0,0,,0,0
26.09.2022 18:35:00.000,237.667,237.757,237.096,237.397,2.7755999999999994,238.02882646478076,0,0,,0,0
26.09.2022 18:40:00.000,237.406,237.567,237.186,237.427,2.688,237.9825321213361,0,0,,0,0
26.09.2022 18:45:00.000,237.416,238.707,237.276,238.597,3.3432000000000004,238.02979888123335,0,0,,0,0
26.09.2022 18:50:00.000,238.597,238.877,238.226,238.737,3.4356,238.08419896729234,0,0,,0,0
26.09.2022 18:55:00.000,238.736,238.797,238.426,238.516,3.108,238.1174144313468,0,0,,0,0
26.09.2022 19:00:00.000,238.507,239.027,238.486,238.667,3.4668,238.15969024432013,0,0,,0,0
26.09.2022 19:05:00.000,238.667,238.887,238.266,238.817,3.2892,238.2102525332186,0,0,,0,0
26.09.2022 19:10:00.000,238.837,238.936,238.256,238.336,3.2256,238.21992541527874,0,0,,0,0
26.09.2022 19:15:00.000,238.326,238.597,237.777,238.267,3.2484,238.2235465371804,0,0,,0,0
26.09.2022 19:20:00.000,238.257,238.537,237.997,238.137,3.3588,238.21688911124346,0,0,,0,0
26.09.2022 19:25:00.000,238.136,238.367,237.996,238.307,3.168,238.2238207180709,0,0,,0,0
26.09.2022 19:30:00.000,238.317,238.317,237.726,237.877,3.1752,238.19714220129623,0,0,,0,0
26.09.2022 19:35:00.000,237.877,238.556,237.686,237.846,3.462,238.170131262735,0,0,,0,0
26.09.2022 19:40:00.000,237.836,238.347,237.477,237.966,3.4032,238.15442885790924,0,0,,0,0
26.09.2022 19:45:00.000,237.947,238.317,237.746,238.266,3.036,238.1630112534547,0,0,,0,0
26.09.2022 19:50:00.000,238.267,239.567,237.977,239.136,2.7324,238.2378565416505,0,0,,0,0
26.09.2022 19:55:00.000,238.686,238.717,237.146,237.416,2.9544,238.17463680767742,0,0,,0,0
27.09.2022 13:30:00.000,239.556,240.987,239.556,240.956,2.5704,238.3885878224715,0,0,,0,0
27.09.2022 13:35:00.000,240.956,241.777,240.696,241.477,3.012,238.6261579899737,0,1,243.777,0,0
27.09.2022 13:40:00.000,241.456,241.687,240.656,240.876,3.0852,238.79922275997575,0,0,,0,0
27.09.2022 13:45:00.000,240.887,240.976,239.557,239.616,3.318,238.8620517784392,0,0,,0,0
27.09.2022 13:50:00.000,239.596,240.267,239.276,240.176,3.3552,238.96312471855927,0,0,,0,0
27.09.2022 13:55:00.000,240.177,240.347,239.736,240.036,3.0324,239.04565358636242,0,0,,0,0
27.09.2022 14:00:00.000,240.066,240.117,238.636,238.917,3.72,239.03575715664226,0,0,,0,0
27.09.2022 14:05:00.000,238.916,239.077,238.356,238.467,3.5412,238.99200660613133,0,0,,0,0
27.09.2022 14:10:00.000,238.467,239.206,238.456,239.096,3.4416,239.0000060979674,0,0,,0,0
27.09.2022 14:15:00.000,239.097,239.776,238.716,239.456,3.6312,239.03508255196994,0,0,,0,0
27.09.2022 14:20:00.000,239.446,239.767,239.036,239.367,3.4068000000000005,239.06061466335686,0,0,,0,0
27.09.2022 14:25:00.000,239.367,239.606,238.956,238.986,3.4728,239.05487507386786,0,0,,0,0
27.09.2022 14:30:00.000,239.006,239.497,238.946,239.136,3.6564,239.06111545280112,0,0,,0,0
27.09.2022 14:35:00.000,239.127,239.507,238.816,238.896,3.6336,239.04841426412412,0,0,,0,0
27.09.2022 14:40:00.000,238.886,239.766,238.736,239.716,3.7188,239.09976701303765,0,0,,0,0
27.09.2022 14:45:00.000,239.686,240.076,239.606,239.986,3.342,239.16793878126555,0,0,,0,0
27.09.2022 14:50:00.000,239.967,240.096,239.376,239.446,3.3264000000000005,239.1893281057836,0,0,,0,0
27.09.2022 14:55:00.000,239.427,239.676,239.336,239.536,3.204,239.21599517456949,0,0,,0,0
27.09.2022 15:00:00.000,239.546,239.837,238.996,239.027,3.516,239.201457084218,0,0,,0,0
27.09.2022 15:05:00.000,239.027,239.707,238.846,239.656,3.3384000000000005,239.23642192389354,0,0,,0,0
27.09.2022 15:10:00.000,239.666,239.737,238.727,238.797,3.1728,239.20262023744021,0,0,,0,0
27.09.2022 15:15:00.000,238.806,238.927,238.466,238.517,2.808,239.1498802191756,0,0,,0,0
27.09.2022 15:20:00.000,238.507,238.637,237.856,238.047,3.036,239.06504327923903,0,0,,0,0
27.09.2022 15:25:00.000,238.047,238.176,237.216,237.376,3.2424,238.93511687314376,0,0,,0,0
27.09.2022 15:30:00.000,237.377,237.947,237.256,237.826,3.1824000000000003,238.84980019059424,0,0,,0,0
27.09.2022 15:35:00.000,237.827,238.257,237.546,238.046,3.0408000000000004,238.7879694067024,0,0,,0,0
27.09.2022 15:40:00.000,238.057,238.247,237.726,237.726,3.1056,238.70627945234068,0,0,,0,0
27.09.2022 15:45:00.000,237.726,237.796,237.166,237.257,2.5692,238.59479641754527,0,0,,0,0
27.09.2022 15:50:00.000,237.236,237.597,236.896,236.916,2.892,238.46565823158025,0,0,,0,0
27.09.2022 15:55:00.000,236.916,237.197,236.666,236.746,2.9963999999999995,238.33337682915104,0,0,,0,0
27.09.2022 16:00:00.000,236.746,236.836,236.256,236.697,3.0732,238.2075016884471,0,0,,0,0
27.09.2022 16:05:00.000,236.727,236.736,236.106,236.227,2.6532,238.0551554047204,0,0,,0,0
27.09.2022 16:10:00.000,236.227,236.297,235.376,235.707,2.9136,237.8745280658958,0,0,,0,0
27.09.2022 16:15:00.000,235.686,235.687,234.496,234.547,2.9784,237.6185643685192,0,2,232.496,0,0
27.09.2022 16:20:00.000,234.546,235.077,234.516,234.727,3.3072,237.39613634017158,0,0,,0,0
27.09.2022 16:25:00.000,234.726,235.676,234.686,235.287,3.0816,237.2338950832353,0,0,,0,0
27.09.2022 16:30:00.000,235.246,235.466,235.076,235.267,2.8596000000000004,237.082595461448,0,0,,0,0
27.09.2022 16:35:00.000,235.246,235.407,234.846,235.026,2.7732,236.9243958105674,0,0,,0,0
27.09.2022 16:40:00.000,235.006,235.457,234.896,235.296,3.186,236.79913459436995,0,0,,0,0
27.09.2022 16:45:00.000,235.296,235.517,235.116,235.427,2.8212,236.6935857794184,0,0,,0,0
27.09.2022 16:50:00.000,235.426,235.896,235.047,235.806,3.3444,236.6253099502324,0,0,,0,0
27.09.2022 16:55:00.000,235.807,235.877,235.566,235.656,3.1788000000000003,236.5507476463684,0,0,,0,0
27.09.2022 17:00:00.000,235.637,235.647,234.927,235.116,3.5076,236.4403824428016,0,0,,0,0
27.09.2022 17:05:00.000,235.126,235.837,235.086,235.166,3.4992,236.34235302412455,0,0,,0,0
27.09.2022 17:10:00.000,235.167,235.337,234.877,235.286,2.88,236.26109509919192,0,0,,0,0
27.09.2022 17:15:00.000,235.277,235.687,235.216,235.507,2.9724000000000004,236.20308778386948,0,0,,0,0
27.09.2022 17:20:00.000,235.477,235.576,235.126,235.297,2.7696000000000005,236.13338872357184,0,0,,0,0
27.09.2022 17:25:00.000,235.307,235.717,235.116,235.506,3.0144,236.08512805252786,0,0,,0,0
27.09.2022 17:30:00.000,235.506,235.847,235.376,235.626,3.0504,236.04981051002574,0,0,,0,0
27.09.2022 17:35:00.000,235.617,235.707,235.106,235.107,2.6256,235.97728662463916,0,0,,0,0
27.09.2022 17:40:00.000,235.107,235.147,234.757,234.996,2.7768,235.9018030381285,0,0,,0,0
27.09.2022 17:45:00.000,234.967,235.406,234.937,235.107,2.622,235.84066434288786,1,0,,0,0
27.09.2022 17:50:00.000,235.107,235.197,234.746,234.937,2.5776,235.77115170112728,1,0,,0,0
27.09.2022 17:55:00.000,234.906,235.197,234.647,235.186,2.7432,235.72614003180982,1,0,,0,0
27.09.2022 18:00:00.000,235.197,235.797,235.007,235.596,3.0144,235.71612926013213,1,0,,0,0
27.09.2022 18:05:00.000,235.627,235.647,235.346,235.397,2.532,235.6915808555066,1,0,,0,0
27.09.2022 18:10:00.000,235.416,235.607,235.216,235.256,2.4348,235.65807463585224,1,0,,0,0
27.09.2022 18:15:00.000,235.256,235.397,234.926,234.926,2.202,235.60176120232515,1,0,,0,0
27.09.2022 18:20:00.000,234.926,235.307,234.796,235.286,2.1444,235.57747187906938,1,0,,0,0
27.09.2022 18:25:00.000,235.287,235.437,234.936,235.147,2.0556,235.54435865760252,1,0,,0,0
27.09.2022 18:30:00.000,235.167,235.227,234.796,235.166,2.2548000000000004,235.51525414547925,1,0,,0,0
27.09.2022 18:35:00.000,235.156,236.256,235.066,236.147,2.718,235.5638499804424,0,0,,0,0
27.09.2022 18:40:00.000,236.126,236.776,236.126,236.347,3.2796000000000003,235.62409228963915,0,0,,0,0
27.09.2022 18:45:00.000,236.366,236.897,236.036,236.846,2.9616,235.71808519043617,0,0,,0,0
27.09.2022 18:50:00.000,236.837,236.847,236.366,236.416,2.8608,235.771770945018,0,0,,0,0
27.09.2022 18:55:00.000,236.397,236.507,236.196,236.377,2.7756000000000003,235.8183270261705,0,0,,0,0
27.09.2022 19:00:00.000,236.397,236.417,235.307,235.736,3.168,235.81199417800354,0,0,,0,0
27.09.2022 19:05:00.000,235.746,236.217,235.576,236.146,2.7780000000000005,235.83768693354176,0,0,,0,0
27.09.2022 19:10:00.000,236.146,236.417,235.926,236.286,2.3916,235.87217255403857,0,0,,0,0
27.09.2022 19:15:00.000,236.287,236.717,235.797,236.717,2.6412,235.937159280651,0,0,,0,0
27.09.2022 19:20:00.000,236.717,236.767,236.046,236.217,2.4384,235.9586854898317,0,0,,0,0
27.09.2022 19:25:00.000,236.216,236.317,235.596,235.887,2.958,235.95317122138312,0,0,,0,0
27.09.2022 19:30:00.000,235.906,235.907,235.176,235.456,2.8596000000000004,235.91492728127673,0,0,,0,0
27.09.2022 19:35:00.000,235.497,235.836,235.356,235.527,2.6832000000000003,235.8850867211785,0,0,,0,0
27.09.2022 19:40:00.000,235.497,236.077,235.336,235.907,2.7768,235.88677235801094,0,0,,0,0
27.09.2022 19:45:00.000,235.887,236.286,235.606,236.087,2.5188,235.9021744843178,0,0,,0,0
27.09.2022 19:50:00.000,236.087,236.896,235.996,236.737,2.8764000000000003,235.96639183167798,0,0,,0,0
27.09.2022 19:55:00.000,236.737,236.927,235.976,236.347,2.508,235.9956693830874,0,0,,0,0
28.09.2022 13:30:00.000,235.907,236.267,234.836,235.306,2.6340000000000003,235.94261789208068,0,0,,0,0
28.09.2022 13:35:00.000,235.307,236.017,235.187,235.666,3.798,235.92133959268986,0,0,,0,0
28.09.2022 13:40:00.000,235.666,236.597,235.217,236.456,4.1004000000000005,235.96246731632914,0,0,,0,0
28.09.2022 13:45:00.000,236.436,237.087,235.636,236.507,4.1508,236.0043544458423,0,0,,0,0
28.09.2022 13:50:00.000,236.477,236.827,235.077,235.117,4.146,235.93609641154674,0,0,,0,0
28.09.2022 13:55:00.000,235.117,235.897,235.036,235.117,3.7908,235.87308899527395,0,0,,0,0
28.09.2022 14:00:00.000,235.117,236.727,235.086,235.277,3.546,235.82723599563752,0,0,,0,0
28.09.2022 14:05:00.000,235.226,235.517,234.717,234.777,3.0996,235.74644861135772,0,2,232.717,0,0
28.09.2022 14:10:00.000,234.756,235.967,234.756,235.877,2.4396,235.75649102586868,0,0,,0,0
28.09.2022 14:15:00.000,235.877,236.557,235.287,236.507,2.778,235.81422248541725,0,0,,0,0
28.09.2022 14:20:00.000,236.507,237.587,236.386,237.587,3.0312,235.950589986539,0,0,,0,0
28.09.2022 14:25:00.000,237.577,238.347,237.166,238.347,2.8824,236.1349292183437,0,0,,0,0
28.09.2022 14:30:00.000,238.346,238.407,237.866,238.107,2.7768,236.2866269707788,0,0,,0,0
28.09.2022 14:35:00.000,238.127,238.737,237.836,238.157,2.8032,236.43050181918045,0,0,,0,0
28.09.2022 14:40:00.000,238.127,239.027,238.096,238.587,2.6412,236.5963862946281,0,0,,0,0
28.09.2022 14:45:00.000,238.597,239.267,238.567,239.186,2.7264,236.7955873488875,0,0,,0,0
28.09.2022 14:50:00.000,239.187,239.257,238.846,239.007,2.6832,236.96569601435772,0,0,,0,0
28.09.2022 14:55:00.000,239.007,239.147,238.756,238.876,2.6376,237.11264247479176,0,0,,0,0
28.09.2022 15:00:00.000,238.867,239.537,238.666,239.127,2.7696,237.26759305365394,0,0,,0,0
28.09.2022 15:05:00.000,239.127,239.127,238.066,238.107,2.9532,237.3321628187575,0,0,,0,0
28.09.2022 15:10:00.000,238.097,238.857,238.056,238.306,3.0624,237.40707337116078,0,0,,0,0
28.09.2022 15:15:00.000,238.296,238.946,238.186,238.777,2.7948000000000004,237.51245234260995,0,0,,0,0
28.09.2022 15:20:00.000,238.787,239.297,238.706,239.166,2.7216,237.63964831625535,0,0,,0,0
28.09.2022 15:25:00.000,239.166,239.446,238.416,238.436,2.5632,237.70090613808188,0,0,,0,0
28.09.2022 15:30:00.000,238.467,238.557,237.817,238.117,2.7468,237.73291335822944,0,0,,0,0
28.09.2022 15:35:00.000,238.126,238.586,237.926,238.076,2.6088,237.75930463836565,0,0,,0,0
28.09.2022 15:40:00.000,238.036,238.327,237.846,238.327,2.2032,237.80297351233753,0,0,,0,0
28.09.2022 15:45:00.000,238.337,238.947,238.066,238.796,2.3688,237.87936016523466,0,0,,0,0
28.09.2022 15:50:00.000,238.767,239.317,238.736,239.216,2.328,237.98217861406278,0,0,,0,0
28.09.2022 15:55:00.000,239.207,239.857,239.196,239.807,2.0172,238.12254948990412,0,0,,0,0
28.09.2022 16:00:00.000,239.806,239.966,239.586,239.776,1.9824,238.24973799068073,0,0,,0,0
28.09.2022 16:05:00.000,239.756,239.867,239.486,239.666,1.9056,238.35868122216684,0,0,,0,0
28.09.2022 16:10:00.000,239.667,240.177,239.646,240.017,1.8648,238.4862442050771,0,0,,0,0
28.09.2022 16:15:00.000,240.017,240.987,239.876,240.986,1.7388,238.67853311237886,0,0,,0,0
28.09.2022 16:20:00.000,240.977,241.047,240.156,240.166,1.9212,238.79295364219587,0,1,243.047,0,0
28.09.2022 16:25:00.000,240.167,240.216,239.696,239.806,2.034,238.8708802851039,0,0,,0,0
28.09.2022 16:30:00.000,239.796,239.987,239.586,239.956,2.1348000000000003,238.95435103240362,0,0,,0,0
28.09.2022 16:35:00.000,239.956,240.056,239.516,239.547,2.0736,238.99993941452644,0,0,,0,0
28.09.2022 16:40:00.000,239.557,240.247,239.496,240.227,2.1564,239.09432869033213,0,0,,0,0
28.09.2022 16:45:00.000,240.216,240.447,239.886,239.906,2.0112,239.15676494492197,2,0,,0,0
28.09.2022 16:50:00.000,239.917,239.976,239.616,239.847,2.0988,239.20985994915875,2,0,,0,0
28.09.2022 16:55:00.000,239.856,240.056,239.716,239.946,2.2044,239.2664861069158,2,0,,0,0
28.09.2022 17:00:00.000,239.976,240.016,239.387,239.947,2.5716,239.31883332946074,2,0,,0,0
28.09.2022 17:05:00.000,239.947,240.817,239.896,240.676,2.1816,239.4232307656561,2,0,,0,0
28.09.2022 17:10:00.000,240.667,240.717,240.296,240.407,1.9044,239.4989053221441,2,0,,0,0
28.09.2022 17:15:00.000,240.406,240.926,240.406,240.907,2.0412,239.60722029736382,2,0,,0,0
28.09.2022 17:20:00.000,240.927,240.937,240.556,240.757,2.0196,239.69566488987434,2,0,,0,0
28.09.2022 17:25:00.000,240.767,240.807,240.466,240.626,2.3604,239.7672291291148,2,0,,0,0
28.09.2022 17:30:00.000,240.626,240.717,240.436,240.587,2.1816,239.83028842687523,2,0,,0,0
28.09.2022 17:35:00.000,240.587,240.627,240.166,240.356,2.1648,239.87072777865407,2,0,,0,0
28.09.2022 17:40:00.000,240.397,240.487,240.136,240.177,2.064,239.8942871802961,2,0,,0,0
28.09.2022 17:45:00.000,240.147,240.187,239.727,239.986,2.1672,239.901342012581,2,0,,0,0
28.09.2022 17:50:00.000,239.996,240.017,239.596,239.897,1.6031999999999995,239.90100801161324,0,0,,0,0
28.09.2022 17:55:00.000,239.907,240.146,239.846,239.956,1.9068,239.90523816456607,0,0,,0,0
28.09.2022 18:00:00.000,239.946,240.076,239.736,239.987,2.0844,239.91152753652256,0,0,,0,0
28.09.2022 18:05:00.000,240.016,240.406,239.976,240.357,1.9728,239.94579464909776,0,0,,0,0
28.09.2022 18:10:00.000,240.356,240.447,240.136,240.237,2.0544,239.96819506070563,0,0,,0,0
28.09.2022 18:15:00.000,240.247,240.416,239.976,240.286,1.5887999999999998,239.9926415944975,0,0,,0,0
28.09.2022 18:20:00.000,240.317,240.397,240.116,240.186,1.7052,240.00751531799773,0,0,,0,0
28.09.2022 18:25:00.000,240.197,240.416,239.926,240.376,1.992,240.0358602935364,0,0,,0,0
28.09.2022 18:30:00.000,240.387,240.657,240.366,240.616,1.6488,240.08048642480284,0,0,,0,0
28.09.2022 18:35:00.000,240.587,240.847,240.586,240.676,1.7004,240.1262951613565,0,0,,0,0
28.09.2022 18:40:00.000,240.667,240.677,239.936,240.187,1.7232,240.13096476432906,0,0,,0,0
28.09.2022 18:45:00.000,240.156,240.487,240.036,240.427,1.8012,240.15373670553453,0,0,,0,0
28.09.2022 18:50:00.000,240.416,240.687,240.416,240.637,1.9104,240.1909108051088,0,0,,0,0
28.09.2022 18:55:00.000,240.597,240.637,240.406,240.426,1.7616,240.20899458933124,0,0,,0,0
28.09.2022 19:00:00.000,240.426,241.057,240.316,240.946,2.0508,240.26568731322885,0,0,,0,0
28.09.2022 19:05:00.000,240.947,241.477,240.816,241.347,1.9776,240.34886521221125,0,0,,0,0
28.09.2022 19:10:00.000,241.346,241.597,241.206,241.327,2.0244,240.42410634973348,0,0,,0,0
28.09.2022 19:15:00.000,241.326,241.507,241.066,241.137,2.1516,240.47894432283093,0,0,,0,0
28.09.2022 19:20:00.000,241.136,241.297,240.937,240.987,2.0712,240.51802552876703,0,0,,0,0
28.09.2022 19:25:00.000,241.016,241.477,240.986,241.297,2.1156,240.5779466419388,0,0,,0,0
28.09.2022 19:30:00.000,241.296,241.807,241.296,241.787,2.0676,240.67095074640505,0,0,,0,0
28.09.2022 19:35:00.000,241.776,241.797,241.416,241.497,1.9584,240.73449299668158,0,0,,0,0
28.09.2022 19:40:00.000,241.497,241.877,241.476,241.707,1.7784,240.8093012277061,0,0,,0,0
28.09.2022 19:45:00.000,241.706,242.197,241.626,242.017,1.7352,240.9022011332672,0,0,,0,0
28.09.2022 19:50:00.000,241.966,242.306,241.766,241.797,2.1564,240.97103181532358,0,1,244.306,0,0
28.09.2022 19:55:00.000,241.807,241.907,240.856,240.897,2.3172,240.9653370602987,0,0,,0,0
29.09.2022 13:30:00.000,238.907,239.877,238.696,239.836,2.3928000000000003,240.8784649787373,0,0,,0,0
29.09.2022 13:35:00.000,239.846,239.917,238.996,239.067,3.3864,240.73912151883445,0,0,,0,0
29.09.2022 13:40:00.000,239.056,239.327,237.066,237.116,3.4524,240.4604198635395,0,0,,0,0
29.09.2022 13:45:00.000,237.077,237.497,236.447,237.057,3.4356,240.19861833557493,0,0,,0,0
29.09.2022 13:50:00.000,237.047,237.086,236.306,236.527,3.438,239.91618615591534,0,0,,0,0
29.09.2022 13:55:00.000,236.507,236.797,235.967,236.016,3.4296,239.61617183622957,0,0,,0,0
29.09.2022 14:00:00.000,236.017,236.386,235.056,235.336,3.3684,239.2869278488273,0,0,,0,0
29.09.2022 14:05:00.000,235.347,235.696,234.967,235.017,3.3671999999999995,238.958471860456,0,0,,0,0
29.09.2022 14:10:00.000,234.996,235.567,234.616,234.676,3.4608,238.62905094811325,0,0,,0,0
29.09.2022 14:15:00.000,234.687,234.957,234.376,234.587,3.4812000000000003,238.31812395210454,0,2,232.376,0,0
29.09.2022 14:20:00.000,234.586,235.316,234.556,235.036,3.5652000000000004,238.06565287886576,0,0,,0,0
29.09.2022 14:25:00.000,235.016,235.557,234.907,235.107,3.324,237.8380641958761,0,0,,0,0
29.09.2022 14:30:00.000,235.086,235.086,234.596,234.627,3.1584,237.59105925773179,0,0,,0,0
29.09.2022 14:35:00.000,234.636,235.307,234.486,235.187,3.054,237.40613162252168,0,0,,0,0
29.09.2022 14:40:00.000,235.186,235.617,235.106,235.106,3.2172,237.22919842078926,0,0,,0,0
29.09.2022 14:45:00.000,235.106,235.507,235.026,235.187,3.4608,237.07210623457473,0,0,,0,0
29.09.2022 14:50:00.000,235.186,235.687,235.126,235.516,3.4080000000000004,236.95240575499207,0,0,,0,0
29.09.2022 14:55:00.000,235.517,235.957,235.396,235.416,2.7756,236.83422069691576,0,0,,0,0
29.09.2022 15:00:00.000,235.416,235.606,235.176,235.396,3.264,236.72358833561455,0,0,,0,0
29.09.2022 15:05:00.000,235.427,236.287,235.116,236.107,3.6732,236.67615846364424,0,0,,0,0
29.09.2022 15:10:00.000,236.117,236.126,235.147,235.307,3.3576,236.57083858182546,0,0,,0,0
29.09.2022 15:15:00.000,235.287,235.537,235.186,235.476,3.0996,236.48662022937737,0,0,,0,0
29.09.2022 15:20:00.000,235.477,235.666,235.166,235.377,2.9148,236.4012648271176,0,0,,0,0
29.09.2022 15:25:00.000,235.346,235.847,235.346,235.767,3.132,236.35247522503164,0,0,,0,0
29.09.2022 15:30:00.000,235.767,236.036,235.506,235.657,2.9916,236.29897713079845,0,0,,0,0
29.09.2022 15:35:00.000,235.636,235.937,235.396,235.746,3.03,236.25644042842936,0,0,,0,0
29.09.2022 15:40:00.000,235.727,236.237,235.486,236.226,3.204,236.2540988570117,0,0,,0,0
29.09.2022 15:45:00.000,236.227,236.537,236.176,236.526,2.7936,236.2750143295493,0,0,,0,0
29.09.2022 15:50:00.000,236.496,236.957,236.346,236.847,2.9208000000000003,236.3190132272763,0,0,,0,0
29.09.2022 15:55:00.000,236.826,237.057,236.666,236.726,2.7612000000000005,236.3503199021012,0,1,239.057,0,0
29.09.2022 16:00:00.000,236.726,236.897,236.426,236.577,3.0324,236.36775683270884,0,0,,0,0
29.09.2022 16:05:00.000,236.587,236.827,236.096,236.256,3.0792,236.35916015326973,0,0,,0,0
29.09.2022 16:10:00.000,236.276,236.377,235.946,236.026,2.8068000000000004,236.33353244917208,0,0,,0,0
29.09.2022 16:15:00.000,236.027,236.117,235.746,235.886,2.7384,236.29910687615885,0,0,,0,0
29.09.2022 16:20:00.000,235.887,236.017,235.566,235.726,2.4084,236.25502173183895,0,0,,0,0
29.09.2022 16:25:00.000,235.727,235.756,235.516,235.616,2.0508,236.2058662140052,0,0,,0,0
29.09.2022 16:30:00.000,235.617,236.017,235.536,236.006,2.3844,236.19049188985096,0,0,,0,0
29.09.2022 16:35:00.000,236.007,236.027,235.576,235.907,2.5403999999999995,236.16868482140092,0,0,,0,0
29.09.2022 16:40:00.000,235.926,235.977,235.586,235.956,2.5500000000000003,236.15232445052393,0,0,,0,0
29.09.2022 16:45:00.000,235.966,236.157,235.736,235.826,2.4864,236.12722256971443,0,0,,0,0
29.09.2022 16:50:00.000,235.826,235.916,235.596,235.776,2.5392,236.1002054489672,0,0,,0,0
29.09.2022 16:55:00.000,235.767,235.837,235.086,235.206,2.4744,236.03142041443127,0,0,,0,0
29.09.2022 17:00:00.000,235.236,235.287,234.996,235.136,2.328,235.9625419210135,0,0,,0,0
29.09.2022 17:05:00.000,235.137,235.286,235.006,235.137,2.3784,235.8990386963202,0,0,,0,0
29.09.2022 17:10:00.000,235.136,235.687,235.106,235.577,2.2056,235.87426648891093,0,0,,0,0
29.09.2022 17:15:00.000,235.597,235.747,235.466,235.466,2.1768,235.84286137437934,0,0,,0,0
29.09.2022 17:20:00.000,235.467,235.567,235.296,235.397,2.5344,235.80856434558095,0,0,,0,0
29.09.2022 17:25:00.000,235.397,235.757,235.236,235.506,2.25,235.78529016515165,0,0,,0,0
29.09.2022 17:30:00.000,235.507,235.957,235.236,235.897,2.346,235.79388322937078,0,0,,0,0
29.09.2022 17:35:00.000,235.896,236.207,235.806,236.107,2.0472,235.81796913480383,0,0,,0,0
29.09.2022 17:40:00.000,236.106,236.117,235.696,235.757,1.9236,235.8132792013574,0,0,,0,0
29.09.2022 17:45:00.000,235.757,235.847,235.556,235.586,1.8888,235.7957961858684,0,0,,0,0
29.09.2022 17:50:00.000,235.586,235.767,235.096,235.237,2.3184,235.75281186387852,0,0,,0,0
29.09.2022 17:55:00.000,235.237,235.347,234.946,234.996,2.3304,235.6945955666571,0,0,,0,0
29.09.2022 18:00:00.000,234.966,235.127,234.696,235.047,2.622,235.6447805230681,0,0,,0,0
29.09.2022 18:05:00.000,235.047,235.386,234.916,235.156,2.3484,235.60718202129365,0,0,,0,0
29.09.2022 18:10:00.000,235.196,235.206,234.936,234.937,2.01,235.55562955811723,0,0,,0,0
29.09.2022 18:15:00.000,234.957,235.047,234.546,234.577,2.5332000000000003,235.480350361339,0,0,,0,0
29.09.2022 18:20:00.000,234.587,234.817,234.516,234.716,2.3304,235.42155417969752,0,2,232.516,0,0
29.09.2022 18:25:00.000,234.737,235.357,234.636,235.167,2.502,235.40197308895156,0,0,,0,0
29.09.2022 18:30:00.000,235.176,235.246,234.836,234.947,2.2956,235.36697515903222,0,0,,0,0
29.09.2022 18:35:00.000,234.956,235.807,234.926,235.646,2.4372,235.38843860833745,0,0,,0,0
29.09.2022 18:40:00.000,235.626,235.717,235.246,235.336,2.46,235.3844048692346,0,0,,0,0
29.09.2022 18:45:00.000,235.337,235.587,235.186,235.206,2.3856,235.370681417755,0,0,,0,0
29.09.2022 18:50:00.000,235.206,235.287,234.676,234.847,2.2524,235.33039823177387,0,0,,0,0
29.09.2022 18:55:00.000,234.856,235.106,234.757,234.887,2.0412000000000003,235.2962906754836,0,0,,0,0
29.09.2022 19:00:00.000,234.917,235.386,234.886,235.287,2.4216,235.2955760081387,0,0,,0,0
29.09.2022 19:05:00.000,235.306,235.747,235.266,235.537,2.2536,235.31414708443575,0,0,,0,0
29.09.2022 19:10:00.000,235.537,236.177,235.367,236.166,2.5284,235.37967423178688,0,0,,0,0
29.09.2022 19:15:00.000,236.146,236.437,235.926,236.356,2.6064000000000003,235.45477621395713,0,0,,0,0
29.09.2022 19:20:00.000,236.346,236.367,235.977,236.077,2.01,235.50263958211428,0,0,,0,0
29.09.2022 19:25:00.000,236.076,236.146,235.706,235.947,2.3424,235.5368211527209,0,0,,0,0
29.09.2022 19:30:00.000,235.937,236.797,235.816,236.646,2.6316,235.62214260251162,0,0,,0,0
29.09.2022 19:35:00.000,236.656,237.367,236.366,237.067,3.018,235.73328547924152,0,0,,0,0
29.09.2022 19:40:00.000,237.046,237.156,236.306,236.747,2.8464000000000005,235.81126351929987,0,0,,0,0
29.09.2022 19:45:00.000,236.757,237.557,236.596,237.397,3.0528,235.93324324858452,0,0,,0,0
29.09.2022 19:50:00.000,237.396,237.987,237.336,237.617,2.5812,236.06276299869342,0,0,,0,0
29.09.2022 19:55:00.000,237.617,237.806,237.086,237.427,2.568,236.16770430648623,0,0,,0,0
30.09.2022 13:30:00.000,237.756,239.747,237.276,239.387,2.7708,236.41534243675653,0,0,,0,0
30.09.2022 13:35:00.000,239.387,239.477,237.796,238.227,3.4235999999999995,236.55470071085222,0,0,,0,0
30.09.2022 13:40:00.000,238.217,240.476,237.817,239.836,3.3204,236.80710834847898,0,0,,0,0
30.09.2022 13:45:00.000,239.797,240.077,238.457,238.916,3.8208,236.96933078321138,0,0,,0,0
30.09.2022 13:50:00.000,238.927,239.606,238.336,239.217,3.4896,237.14222841527203,0,0,,0,0
30.09.2022 13:55:00.000,239.216,239.577,238.587,238.776,3.031200000000001,237.26790315255883,0,0,,0,0
30.09.2022 14:00:00.000,238.766,239.356,238.196,239.136,3.0648,237.4116029100543,0,0,,0,0
30.09.2022 14:05:00.000,239.167,239.437,238.717,239.037,3.39,237.53663345543475,0,0,,0,0
30.09.2022 14:10:00.000,239.057,239.457,238.106,238.177,3.7644,237.58589242040134,0,0,,0,0
30.09.2022 14:15:00.000,238.176,238.737,237.526,238.577,2.9808,237.66213146498586,0,0,,0,0
30.09.2022 14:20:00.000,238.597,239.136,238.306,238.856,2.6796,237.7539675061408,0,0,,0,0
30.09.2022 14:25:00.000,238.897,239.337,238.206,238.596,3.1272,237.8187392364377,0,0,,0,0
30.09.2022 14:30:00.000,238.596,239.287,238.296,239.127,3.1476,237.91937467978866,0,0,,0,0
30.09.2022 14:35:00.000,239.126,239.407,238.826,238.906,2.7684,237.99526893518956,0,0,,0,0
30.09.2022 14:40:00.000,238.906,239.406,238.557,239.146,3.1884,238.08378670940576,0,0,,0,0
30.09.2022 14:45:00.000,239.147,239.287,238.437,238.817,3.3012,238.1401877317592,0,0,,0,0
30.09.2022 14:50:00.000,238.826,239.267,238.736,238.806,3.3984,238.19140406008543,0,0,,0,0
30.09.2022 14:55:00.000,238.806,238.957,238.496,238.947,3.2340000000000004,238.24952682469427,0,0,,0,0
30.09.2022 15:00:00.000,238.977,239.457,238.606,239.226,3.5748000000000006,238.32464014587163,0,0,,0,0
30.09.2022 15:05:00.000,239.226,239.867,239.146,239.816,2.8452,238.43936013465074,0,0,,0,0
30.09.2022 15:10:00.000,239.827,240.517,239.666,240.306,2.4912,238.5829478166007,2,1,242.517,0,0
30.09.2022 15:15:00.000,240.316,240.347,239.956,240.137,2.785200000000001,238.7024902922468,2,0,,0,0
30.09.2022 15:20:00.000,240.136,240.396,239.876,240.307,2.6772,238.82591411592014,2,0,,0,0
30.09.2022 15:25:00.000,240.306,240.336,239.927,239.956,2.568,238.9128437993109,2,0,,0,0
30.09.2022 15:30:00.000,239.946,240.157,239.776,239.867,2.0904000000000003,238.98624043013317,2,0,,0,0
30.09.2022 15:35:00.000,239.897,239.917,239.196,239.317,2.6088,239.01168347396907,2,0,,0,0
30.09.2022 15:40:00.000,239.336,239.487,238.536,238.537,2.8116000000000003,238.97516936058685,0,0,,0,0
30.09.2022 15:45:00.000,238.536,238.687,238.047,238.107,2.5092,238.90838710208018,0,0,,0,0
30.09.2022 15:50:00.000,238.107,238.146,237.816,237.857,2.5944000000000003,238.82751117115095,0,0,,0,0
30.09.2022 15:55:00.000,237.886,237.887,237.556,237.606,2.406,238.73354877337013,0,0,,0,0
30.09.2022 16:00:00.000,237.556,237.606,236.866,237.197,2.8176,238.61535271388013,0,0,,0,0
30.09.2022 16:05:00.000,237.187,237.357,236.856,236.877,2.466,238.4816332743509,0,0,,0,0
30.09.2022 16:10:00.000,236.876,237.367,236.826,237.156,2.4864,238.37966148401622,0,0,,0,0
30.09.2022 16:15:00.000,237.197,237.397,236.926,236.977,2.3772,238.27176444678423,0,0,,0,0
30.09.2022 16:20:00.000,236.967,237.197,236.406,236.957,2.64,238.17062872010854,0,0,,0,0
30.09.2022 16:25:00.000,236.947,237.406,236.886,237.037,2.598,238.08342651086943,0,0,,0,0
30.09.2022 16:30:00.000,237.056,237.267,236.746,237.196,2.2152,238.01516293311025,0,0,,0,0
30.09.2022 16:35:00.000,237.206,237.507,236.996,237.386,2.5536,237.96676578440946,0,0,,0,0
30.09.2022 16:40:00.000,237.397,237.457,237.146,237.317,2.0964,237.9167838009934,0,0,,0,0
30.09.2022 16:45:00.000,237.326,237.606,237.156,237.497,1.9896,237.88449273937852,0,0,,0,0
30.09.2022 16:50:00.000,237.506,237.627,237.036,237.036,2.1972,237.81922406711865,0,0,,0,0
30.09.2022 16:55:00.000,236.987,237.197,236.816,236.926,1.8576,237.75051452349416,0,0,,0,0
30.09.2022 17:00:00.000,236.927,236.996,236.347,236.576,2.3808,237.66016725245615,0,0,,0,0
30.09.2022 17:05:00.000,236.576,236.937,236.506,236.597,2.1084,237.57838515611337,0,0,,0,0
30.09.2022 17:10:00.000,236.607,236.917,236.236,236.286,2.0376000000000003,237.47897091333542,0,0,,0,0
30.09.2022 17:15:00.000,236.256,236.636,236.106,236.267,2.3436,237.38574238154038,0,0,,0,0
30.09.2022 17:20:00.000,236.287,236.696,236.256,236.507,2.2164,237.31814681372958,0,0,,0,0
30.09.2022 17:25:00.000,236.506,236.807,236.326,236.667,2.2584,237.26805859728887,0,0,,0,0
30.09.2022 17:30:00.000,236.676,236.786,236.326,236.356,2.2356,237.19790024365128,0,0,,0,0
30.09.2022 17:35:00.000,236.326,236.357,235.696,235.757,2.6136,237.08706176337043,0,0,,0,0
30.09.2022 17:40:00.000,235.766,235.766,235.337,235.337,2.502,236.95244162772656,0,0,,0,0
30.09.2022 17:45:00.000,235.336,235.427,235.016,235.106,2.2524,236.81040765636297,0,0,,0,0
30.09.2022 17:50:00.000,235.106,235.806,235.096,235.636,2.256,236.7200686058735,0,0,,0,0
30.09.2022 17:55:00.000,235.636,235.777,235.546,235.606,2.0124,236.63437102080633,0,0,,0,0
30.09.2022 18:00:00.000,235.617,235.807,235.437,235.667,2.5476,236.5599578653597,0,0,,0,0
30.09.2022 18:05:00.000,235.686,235.967,235.427,235.867,2.2404,236.5066534141782,0,0,,0,0
30.09.2022 18:10:00.000,235.897,236.097,235.757,235.836,2.016,236.45506469001066,0,0,,0,0
30.09.2022 18:15:00.000,235.817,236.237,235.757,235.937,2.1432,236.41521356000985,1,0,,0,0
30.09.2022 18:20:00.000,235.946,236.096,235.676,235.907,2.0928,236.37612020923987,1,0,,0,0
30.09.2022 18:25:00.000,235.906,235.997,235.416,235.707,2.2812,236.32464942391374,1,0,,0,0
30.09.2022 18:30:00.000,235.686,236.137,235.607,236.107,2.5872,236.30790716053576,1,0,,0,0
30.09.2022 18:35:00.000,236.077,236.117,235.536,235.766,2.7108,236.26622199434073,1,0,,0,0
30.09.2022 18:40:00.000,235.747,235.777,235.056,235.257,2.6028,236.1885895332376,1,0,,0,0
30.09.2022 18:45:00.000,235.267,235.296,234.687,235.147,2.406,236.1084672614501,1,0,,0,0
30.09.2022 18:50:00.000,235.147,235.357,234.846,235.207,2.5836,236.03912362595395,1,0,,0,0
30.09.2022 18:55:00.000,235.206,235.227,234.797,234.846,2.4924,235.94734488549597,1,0,,0,0
30.09.2022 19:00:00.000,234.856,235.837,234.726,235.617,2.7264,235.92193374045783,1,0,,0,0
30.09.2022 19:05:00.000,235.607,235.897,235.326,235.437,2.736,235.884631145038,1,0,,0,0
30.09.2022 19:10:00.000,235.437,235.717,234.887,235.057,2.6712,235.82096721080433,1,0,,0,0
30.09.2022 19:15:00.000,235.056,235.407,234.846,235.037,2.7228,235.7606620407425,1,0,,0,0
30.09.2022 19:20:00.000,235.066,235.247,234.746,235.167,2.3616,235.71499572991615,1,0,,0,0
30.09.2022 19:25:00.000,235.167,235.826,234.846,235.756,2.4144,235.718149904538,0,0,,0,0
30.09.2022 19:30:00.000,235.777,236.137,234.906,235.057,3.0852,235.66729221957354,0,0,,0,0
30.09.2022 19:35:00.000,235.056,235.217,234.707,234.747,2.658,235.5965005103756,0,0,,0,0
30.09.2022 19:40:00.000,234.747,235.296,234.746,234.926,3.042,235.544923548039,0,0,,0,0
30.09.2022 19:45:00.000,234.907,235.267,234.746,234.907,2.958,235.49585250588217,0,0,,0,0
30.09.2022 19:50:00.000,234.927,234.936,233.616,233.657,2.7996,235.35440231312202,0,0,,0,0
30.09.2022 19:55:00.000,233.657,233.797,232.806,232.837,2.4588,235.1607559813434,0,2,230.806,0,0
03.10.2022 13:30:00.000,235.636,236.327,234.796,235.287,1.8372,235.17046705970162,0,0,,0,0
03.10.2022 13:35:00.000,235.287,235.536,234.796,235.196,1.1508,235.1724311320323,0,0,,0,0
03.10.2022 13:40:00.000,235.276,235.867,234.747,235.516,1.3608,235.19885950649137,0,0,,0,0
03.10.2022 13:45:00.000,235.597,237.116,235.496,236.427,1.4291999999999998,235.2933318521459,0,0,,0,0
03.10.2022 13:50:00.000,236.376,236.507,235.496,235.907,2.4156,235.34053709428855,0,0,,0,0
03.10.2022 13:55:00.000,235.866,235.887,234.646,234.886,2.6196,235.30557270242022,0,0,,0,0
03.10.2022 14:00:00.000,234.887,236.916,234.887,236.507,3.0024,235.39799018684946,0,0,,0,0
03.10.2022 14:05:00.000,236.466,236.827,235.997,236.436,2.9328000000000003,235.47783709555335,0,0,,0,0
03.10.2022 14:10:00.000,236.406,236.446,235.696,235.866,2.8596,235.5076957805108,0,0,,0,0
03.10.2022 14:15:00.000,235.866,236.557,235.767,236.286,3.0528,235.56756533585613,0,0,,0,0
03.10.2022 14:20:00.000,236.287,236.677,235.936,236.656,3.252,235.65129107925185,0,0,,0,0
03.10.2022 14:25:00.000,236.666,237.287,236.517,237.117,2.7804,235.76403791930943,0,0,,0,0
03.10.2022 14:30:00.000,237.107,237.617,237.107,237.407,2.9664,235.8904196178241,0,0,,0,0
03.10.2022 14:35:00.000,237.436,237.686,237.207,237.346,2.388,236.00238733952995,0,0,,0,0
03.10.2022 14:40:00.000,237.377,237.797,237.256,237.717,2.4804,236.13428062110458,0,0,,0,0
03.10.2022 14:45:00.000,237.707,238.146,237.596,237.996,2.5524,236.27748980409655,0,1,240.146,0,0
03.10.2022 14:50:00.000,237.957,238.056,237.706,237.867,2.6916,236.39975981916606,0,0,,0,0
03.10.2022 14:55:00.000,237.837,238.007,237.366,237.426,2.4612,236.47870137153794,0,0,,0,0
03.10.2022 15:00:00.000,237.407,237.607,236.906,236.916,2.4516,236.5123397275735,0,0,,0,0
03.10.2022 15:05:00.000,236.927,237.527,236.816,237.466,2.5788,236.58569821006787,0,0,,0,0
03.10.2022 15:10:00.000,237.486,237.747,237.246,237.437,2.3172,236.65118296313958,0,0,,0,0
03.10.2022 15:15:00.000,237.467,237.717,237.366,237.556,2.4216,236.7207842736673,0,0,,0,0
03.10.2022 15:20:00.000,237.557,237.736,237.456,237.657,2.4552,236.79280086800063,0,0,,0,0
03.10.2022 15:25:00.000,237.667,238.117,237.577,237.916,2.346,236.87920080123138,0,0,,0,0
03.10.2022 15:30:00.000,237.927,237.997,237.546,237.596,2.8704,236.93433920113668,0,0,,0,0
03.10.2022 15:35:00.000,237.616,237.627,237.136,237.356,2.8440000000000003,236.9667746472031,0,0,,0,0
03.10.2022 15:40:00.000,237.356,237.357,236.726,236.887,2.6256,236.96063813587978,0,0,,0,0
03.10.2022 15:45:00.000,236.887,237.266,236.776,237.217,2.5931999999999995,236.98035827927367,0,0,,0,0
03.10.2022 15:50:00.000,237.217,237.556,237.166,237.267,2.2308,237.0024076424065,0,0,,0,0
03.10.2022 15:55:00.000,237.267,237.517,236.997,237.216,2.5968,237.01883782375987,0,0,,0,0
03.10.2022 16:00:00.000,237.217,237.507,237.136,237.367,2.628,237.0456195296245,0,0,,0,0
03.10.2022 16:05:00.000,237.377,237.847,237.256,237.786,2.5548,237.10257187349956,0,0,,0,0
03.10.2022 16:10:00.000,237.776,237.997,237.686,237.727,2.4108,237.15060480630729,0,0,,0,0
03.10.2022 16:15:00.000,237.736,237.797,237.297,237.456,2.0928,237.17409674428367,0,0,,0,0
03.10.2022 16:20:00.000,237.456,237.547,237.146,237.507,2.5068,237.1997046870311,0,0,,0,0
03.10.2022 16:25:00.000,237.486,237.656,237.037,237.166,2.3688,237.19711201879795,0,0,,0,0
03.10.2022 16:30:00.000,237.166,237.447,236.866,237.427,2.3724,237.21479570965965,0,0,,0,0
03.10.2022 16:35:00.000,237.427,237.627,237.296,237.546,2.4288,237.24027296276276,0,0,,0,0
03.10.2022 16:40:00.000,237.566,237.657,237.436,237.617,2.3004,237.26925196562718,0,0,,0,0
03.10.2022 16:45:00.000,237.587,237.816,237.526,237.706,2.4948,237.30284796827127,0,0,,0,0
03.10.2022 16:50:00.000,237.707,237.776,237.167,237.457,2.7048,237.3147058168658,0,0,,0,0
03.10.2022 16:55:00.000,237.446,237.837,237.386,237.777,2.3964,237.35026690787612,0,0,,0,0
03.10.2022 17:00:00.000,237.777,238.147,237.746,238.066,2.34,237.40532329957796,0,0,,0,0
03.10.2022 17:05:00.000,238.066,238.487,237.916,238.367,2.082,237.47929843037966,0,0,,0,0
03.10.2022 17:10:00.000,238.376,238.457,238.206,238.397,2.3988,237.549890858812,0,0,,0,0
03.10.2022 17:15:00.000,238.396,238.537,238.286,238.286,2.0736000000000003,237.6065146389034,0,0,,0,0
03.10.2022 17:20:00.000,238.286,239.077,238.226,238.957,2.532,237.71039812821854,0,0,,0,0
03.10.2022 17:25:00.000,238.956,239.116,238.736,238.896,1.9488,237.80159827220174,0,0,,0,0
03.10.2022 17:30:00.000,238.907,239.366,238.896,239.326,2.0124,237.91885994357085,0,0,,0,0
03.10.2022 17:35:00.000,239.327,239.407,239.126,239.226,1.704,238.0194091786808,0,0,,0,0
03.10.2022 17:40:00.000,239.227,239.457,239.206,239.386,1.4388,238.1245315495515,0,0,,0,0
03.10.2022 17:45:00.000,239.377,239.637,239.346,239.616,2.0148,238.2392598918937,0,0,,0,0
03.10.2022 17:50:00.000,239.596,239.637,239.456,239.486,1.5048,238.33516297713265,0,0,,0,0
03.10.2022 17:55:00.000,239.506,239.556,239.286,239.447,1.5504,238.42068890196862,0,0,,0,0
03.10.2022 18:00:00.000,239.467,239.677,239.416,239.647,1.8612,238.5150205248941,0,0,,0,0
03.10.2022 18:05:00.000,239.627,239.957,239.616,239.716,2.1336,238.60740356144072,0,0,,0,0
03.10.2022 18:10:00.000,239.736,240.297,239.696,240.176,1.9968,238.7280648259453,0,0,,0,0
03.10.2022 18:15:00.000,240.176,240.426,240.116,240.377,1.8708,238.8549059931803,0,0,,0,0
03.10.2022 18:20:00.000,240.356,240.716,240.356,240.567,1.6512,238.98660553216646,0,0,,0,0
03.10.2022 18:25:00.000,240.577,241.107,240.436,241.066,1.9476,239.14655895276908,0,0,,0,0
03.10.2022 18:30:00.000,241.057,241.226,240.846,240.926,1.8264,239.28343903332532,0,0,,0,0
03.10.2022 18:35:00.000,240.927,241.267,240.856,241.197,1.4436,239.43063603076186,0,0,,0,0
03.10.2022 18:40:00.000,241.196,241.337,241.066,241.257,1.3463999999999998,239.57112556685712,0,0,,0,0
03.10.2022 18:45:00.000,241.257,241.467,241.107,241.246,1.464,239.69996206171427,0,0,,0,0
03.10.2022 18:50:00.000,241.247,241.517,241.186,241.397,1.344,239.8305034415824,0,0,,0,0
03.10.2022 18:55:00.000,241.336,241.587,241.226,241.316,1.1772,239.94477240761452,0,0,,0,0
03.10.2022 19:00:00.000,241.317,241.377,241.106,241.247,1.6248,240.04494376087496,0,0,,0,0
03.10.2022 19:05:00.000,241.247,241.437,241.196,241.277,1.02,240.13971731773074,2,0,,0,0
03.10.2022 19:10:00.000,241.267,241.287,240.876,241.167,1.1976,240.21873906252068,2,0,,0,0
03.10.2022 19:15:00.000,241.167,241.186,240.667,240.827,1.2456,240.26552836540372,2,0,,0,0
03.10.2022 19:20:00.000,240.797,241.177,240.716,241.146,1.1388,240.3332569526804,2,0,,0,0
03.10.2022 19:25:00.000,241.116,241.377,241.096,241.297,1.1976,240.40739103324347,2,0,,0,0
03.10.2022 19:30:00.000,241.297,241.467,241.096,241.177,1.5528,240.466591722994,2,0,,0,0
03.10.2022 19:35:00.000,241.157,241.427,241.126,241.226,1.5072,240.52500774430214,2,0,,0,0
03.10.2022 19:40:00.000,241.216,241.217,240.646,240.947,1.824,240.55746868704816,2,0,,0,0
03.10.2022 19:45:00.000,240.946,241.337,240.786,240.987,1.734,240.59050955727523,2,0,,0,0
03.10.2022 19:50:00.000,241.047,241.127,240.366,240.896,1.9008,240.61400882210023,2,0,,0,0
03.10.2022 19:55:00.000,240.886,240.916,240.306,240.607,2.01,240.6134696819387,0,0,,0,0
04.10.2022 13:30:00.000,244.896,246.217,244.816,245.837,2.7168e-06,241.01527970640498,0,0,,0,0
04.10.2022 13:35:00.000,245.846,246.417,245.236,246.207,2.9556e-06,241.4146428059123,0,0,,0,0
04.10.2022 13:40:00.000,246.136,246.237,245.656,246.006,2.5776e-06,241.76782412853447,0,0,,0,0
04.10.2022 13:45:00.000,246.007,247.447,245.886,247.416,2.7552e-06,242.2022991955703,0,0,,0,0
04.10.2022 13:50:00.000,247.417,248.097,247.156,247.636,2.6988e-06,242.62027618052645,0,0,,0,0
04.10.2022 13:55:00.000,247.646,249.197,247.486,249.127,2.5056e-06,243.12079339740905,0,0,,0,0
04.10.2022 14:00:00.000,249.107,249.897,248.996,249.146,3.2124e-06,243.58427082837758,0,0,,0,0
04.10.2022 14:05:00.000,249.157,249.286,248.606,248.947,3.0612e-06,243.99678845696394,0,0,,0,0
04.10.2022 14:10:00.000,248.946,249.746,248.946,249.546,2.4732e-06,244.42365088335134,0,0,,0,0
04.10.2022 14:15:00.000,249.546,250.277,249.496,249.906,2.532e-06,244.84537004617047,0,1,252.277,0,0
04.10.2022 14:20:00.000,249.897,249.977,249.426,249.767,2.6256e-06,245.22395696569583,0,0,,0,0
04.10.2022 14:25:00.000,249.756,249.837,249.277,249.287,2.5044e-06,245.5364987375654,0,0,,0,0
04.10.2022 14:30:00.000,249.247,249.877,249.226,249.816,2.4756e-06,245.8656911423681,0,0,,0,0
04.10.2022 14:35:00.000,249.827,250.187,249.646,249.816,2.172e-06,246.16956105449364,0,0,,0,0
04.10.2022 14:40:00.000,249.827,250.036,249.386,249.577,2.2824e-06,246.43167174260952,0,0,,0,0
04.10.2022 14:45:00.000,249.537,249.776,249.326,249.327,2.4612e-06,246.65438930087035,0,0,,0,0
04.10.2022 14:50:00.000,249.326,249.627,249.037,249.487,2.7408e-06,246.87228243157264,0,0,,0,0
04.10.2022 14:55:00.000,249.447,249.917,249.416,249.567,2.5392e-06,247.07956839837476,0,0,,0,0
04.10.2022 15:00:00.000,249.566,249.887,249.336,249.466,2.6376e-06,247.26314006003824,0,0,,0,0
04.10.2022 15:05:00.000,249.466,249.727,249.267,249.436,2.1672e-06,247.430283132343,0,0,,0,0
04.10.2022 15:10:00.000,249.436,249.536,249.066,249.506,2.3532e-06,247.58995366062433,0,0,,0,0
04.10.2022 15:15:00.000,249.507,249.697,249.297,249.347,1.9248e-06,247.72511107134557,0,0,,0,0
04.10.2022 15:20:00.000,249.346,249.487,249.256,249.406,1.842e-06,247.85441021970362,0,0,,0,0
04.10.2022 15:25:00.000,249.406,249.407,249.066,249.147,1.7124e-06,247.95384020280338,0,0,,0,0
04.10.2022 15:30:00.000,249.166,249.386,248.637,249.106,1.8492e-06,248.04246787951084,0,0,,0,0
04.10.2022 15:35:00.000,249.127,249.127,248.696,248.767,1.668e-06,248.0982011195485,0,0,,0,0
04.10.2022 15:40:00.000,248.767,248.906,248.517,248.877,2.0124e-06,248.15810872573707,0,0,,0,0
04.10.2022 15:45:00.000,248.877,248.887,248.416,248.677,1.9152e-06,248.1980234391419,0,0,,0,0
04.10.2022 15:50:00.000,248.696,248.846,248.527,248.546,1.8228e-06,248.22479086690024,0,0,,0,0
04.10.2022 15:55:00.000,248.536,248.547,248.206,248.507,1.6872e-06,248.24649926175408,0,0,,0,0
05.10.2022 13:30:00.000,246.097,247.246,245.736,246.926,2.0892,248.14492239546533,0,0,,0,0
05.10.2022 13:35:00.000,246.926,247.077,245.526,245.706,2.4684,247.95731298042955,0,0,,0,0
05.10.2022 13:40:00.000,245.696,246.206,245.196,245.797,2.4312,247.79113505885806,0,0,,0,0
05.10.2022 13:45:00.000,245.846,246.507,245.616,246.217,3.1236,247.67004774663823,0,0,,0,0
05.10.2022 13:50:00.000,246.217,246.506,245.706,245.906,3.422400000000001,247.53435176612763,0,0,,0,0
05.10.2022 13:55:00.000,245.886,246.517,245.886,246.107,2.7624,247.4245554764255,0,0,,0,0
05.10.2022 14:00:00.000,246.087,246.087,245.016,245.146,3.5244,247.2492819782389,0,0,,0,0
05.10.2022 14:05:00.000,245.147,245.567,245.006,245.096,3.1608,247.08364490298976,0,0,,0,0
05.10.2022 14:10:00.000,245.076,245.707,245.026,245.127,2.958,246.93313375660597,0,0,,0,0
05.10.2022 14:15:00.000,245.126,245.127,244.236,244.396,3.3,246.73796962148245,0,0,,0,0
05.10.2022 14:20:00.000,244.366,244.867,244.206,244.327,3.21,246.55251041982996,0,0,,0,0
05.10.2022 14:25:00.000,244.336,244.707,244.236,244.416,2.9184,246.38816346445844,0,0,,0,0
05.10.2022 14:30:00.000,244.387,244.716,244.116,244.216,2.7216,246.22107396719244,0,0,,0,0
05.10.2022 14:35:00.000,244.217,244.787,244.096,244.657,2.8884,246.10076058510072,0,2,242.096,0,0
05.10.2022 14:40:00.000,244.666,244.977,244.316,244.877,3.0384,246.0066251554776,0,0,,0,0
05.10.2022 14:45:00.000,244.887,245.037,244.636,244.657,3.1188,245.90280783582548,0,0,,0,0
05.10.2022 14:50:00.000,244.636,244.717,244.196,244.587,3.3864,245.8015918484543,0,0,,0,0
05.10.2022 14:55:00.000,244.577,244.627,244.206,244.336,3.2808,245.68885401395784,0,0,,0,0
05.10.2022 15:00:00.000,244.317,244.987,244.256,244.827,3.1488,245.62255755134572,0,0,,0,0
05.10.2022 15:05:00.000,244.827,244.857,244.346,244.677,3.2268,245.54982235508837,0,0,,0,0
05.10.2022 15:10:00.000,244.676,244.837,244.436,244.696,2.832,245.48414371238928,0,0,,0,0
05.10.2022 15:15:00.000,244.706,245.137,244.356,245.096,3.0372,245.45428650374396,0,0,,0,0
05.10.2022 15:20:00.000,245.116,245.547,244.926,245.517,2.6964,245.4591106188406,0,0,,0,0
05.10.2022 15:25:00.000,245.547,245.617,245.066,245.267,2.658,245.44433287892983,0,0,,0,0
05.10.2022 15:30:00.000,245.277,245.456,245.076,245.297,2.8524000000000003,245.43299958055061,0,0,,0,0
05.10.2022 15:35:00.000,245.276,245.857,245.266,245.797,2.8464,245.46099961281598,0,0,,0,0
05.10.2022 15:40:00.000,245.797,245.917,245.536,245.536,2.4444,245.4667688733686,0,0,,0,0
05.10.2022 15:45:00.000,245.546,245.666,245.147,245.186,2.8248,245.4451712677249,0,0,,0,0
05.10.2022 15:50:00.000,245.196,245.516,245.066,245.357,2.3844000000000003,245.43838886251532,0,0,,0,0
05.10.2022 15:55:00.000,245.386,245.627,245.336,245.597,2.1936,245.45058971924493,0,0,,0,0
05.10.2022 16:00:00.000,245.596,245.677,244.937,245.237,2.5452,245.4341597408415,0,0,,0,0
05.10.2022 16:05:00.000,245.257,246.756,245.256,246.527,2.9424,245.5182243761614,0,0,,0,0
05.10.2022 16:10:00.000,246.557,247.296,246.496,246.817,2.9052,245.61813019337978,0,0,,0,0
05.10.2022 16:15:00.000,246.837,247.516,246.816,247.207,2.9964,245.7403509477352,0,0,,0,0
05.10.2022 16:20:00.000,247.207,247.277,246.846,247.096,2.8488,245.84463164406327,0,0,,0,0
05.10.2022 16:25:00.000,247.096,247.106,246.586,246.947,2.5296000000000003,245.92942920990458,0,0,,0,0
05.10.2022 16:30:00.000,246.966,247.237,246.916,247.076,2.4936000000000003,246.01762696298886,0,0,,0,0
05.10.2022 16:35:00.000,247.096,247.257,246.856,247.227,2.6616,246.11065565814357,0,0,,0,0
05.10.2022 16:40:00.000,247.207,247.286,247.016,247.256,2.2404,246.19875906905563,0,0,,0,0
05.10.2022 16:45:00.000,247.256,248.167,247.106,248.137,2.7888,246.34785452528212,0,0,,0,0
05.10.2022 16:50:00.000,248.097,248.256,247.726,248.166,2.6688,246.4877118694912,0,0,,0,0
05.10.2022 16:55:00.000,248.157,248.197,247.586,247.616,2.1552,246.57450326414573,0,0,,0,0
05.10.2022 17:00:00.000,247.626,247.906,247.506,247.797,2.1216,246.66854147459605,0,0,,0,0
05.10.2022 17:05:00.000,247.807,248.097,247.646,247.667,2.4516,246.74534597655023,0,0,,0,0
05.10.2022 17:10:00.000,247.676,247.907,247.656,247.857,2.2308000000000003,246.83085782450792,0,0,,0,0
05.10.2022 17:15:00.000,247.836,248.407,247.806,248.286,2.4348,246.94279183800734,0,0,,0,0
05.10.2022 17:20:00.000,248.297,248.917,248.226,248.366,2.6556,247.05226938892986,0,0,,0,0
05.10.2022 17:25:00.000,248.347,248.467,248.137,248.176,2.2596,247.13871020516603,0,0,,0,0
05.10.2022 17:30:00.000,248.176,248.327,247.976,248.006,2.2056,247.20542480476865,0,0,,0,0
05.10.2022 17:35:00.000,248.017,248.377,247.837,248.366,2.028,247.29469981978647,0,0,,0,0
05.10.2022 17:40:00.000,248.376,248.377,247.926,248.327,2.1216,247.37410752595676,0,0,,0,0
05.10.2022 17:45:00.000,248.357,248.807,248.156,248.616,1.9524,247.46963771626778,0,0,,0,0
05.10.2022 17:50:00.000,248.616,248.647,248.086,248.257,2.0196,247.53020404578567,0,0,,0,0
05.10.2022 17:55:00.000,248.257,248.276,247.537,247.567,1.9596,247.53303450380216,0,0,,0,0
05.10.2022 18:00:00.000,247.547,248.147,247.406,247.997,2.3760000000000003,247.56872415735583,0,0,,0,0
05.10.2022 18:05:00.000,248.026,248.336,247.816,247.816,2.154,247.58774537602076,0,0,,0,0
05.10.2022 18:10:00.000,247.806,248.317,247.786,248.107,2.2644,247.62768803940378,0,0,,0,0
05.10.2022 18:15:00.000,248.107,248.657,248.006,248.546,1.998,247.6983274209881,0,0,,0,0
05.10.2022 18:20:00.000,248.546,248.746,248.306,248.656,2.1804,247.77199454245059,0,0,,0,0
05.10.2022 18:25:00.000,248.656,249.207,248.476,248.957,2.1336,247.86314880841596,0,0,,0,0
05.10.2022 18:30:00.000,248.947,249.197,248.396,248.507,2.0832,247.91267582315322,0,0,,0,0
05.10.2022 18:35:00.000,248.476,249.186,248.476,248.897,2.094,247.98839306752606,0,0,,0,0
05.10.2022 18:40:00.000,248.886,249.017,248.756,248.956,1.824,248.06282437002406,0,0,,0,0
05.10.2022 18:45:00.000,248.937,249.026,248.646,248.696,1.764,248.11153018771452,0,0,,0,0
05.10.2022 18:50:00.000,248.727,249.196,248.557,249.026,1.9668,248.1818740194288,0,0,,0,0
05.10.2022 18:55:00.000,249.027,249.577,248.997,249.527,2.1012,248.28534524870352,0,0,,0,0
05.10.2022 19:00:00.000,249.526,249.917,249.447,249.807,2.7888,248.40239561418787,0,0,,0,0
05.10.2022 19:05:00.000,249.817,249.847,249.516,249.756,2.6352,248.5065190284811,0,0,,0,0
05.10.2022 19:10:00.000,249.756,250.187,249.476,250.147,2.7,248.6327098724441,0,0,,0,0
05.10.2022 19:15:00.000,250.146,250.567,249.996,250.217,2.454,248.75457834379458,0,1,252.567,0,0
05.10.2022 19:20:00.000,250.217,250.276,249.896,250.046,2.1276,248.853918471195,0,0,,0,0
05.10.2022 19:25:00.000,250.066,250.077,249.606,249.756,2.0904,248.92330935802613,0,0,,0,0
05.10.2022 19:30:00.000,249.776,250.046,249.726,249.996,1.9284,249.00582402279338,0,0,,0,0
05.10.2022 19:35:00.000,249.997,250.177,249.706,249.957,2.3052,249.07899140565544,0,0,,0,0
05.10.2022 19:40:00.000,249.957,250.366,249.866,250.307,2.1012,249.17345360522043,0,0,,0,0
05.10.2022 19:45:00.000,250.306,250.507,249.747,249.847,2.8416,249.22526486635732,0,0,,0,0
05.10.2022 19:50:00.000,249.867,249.867,248.846,249.067,3.0528,249.2130906458683,0,0,,0,0
05.10.2022 19:55:00.000,249.086,249.466,248.637,248.987,2.7732,249.1956990577246,0,0,,0,0
06.10.2022 15:00:00.000,249.257,249.336,248.177,248.357,3.4164e-06,249.13118374559195,0,0,,0,0
06.10.2022 15:05:00.000,248.376,248.997,248.376,248.587,3.3876e-06,249.0893234574695,0,0,,0,0
06.10.2022 15:10:00.000,248.596,248.657,247.996,248.106,3.222e-06,249.01368319151032,0,0,,0,0
06.10.2022 15:15:00.000,248.107,249.087,248.056,249.027,3.522e-06,249.01470756139415,0,0,,0,0
06.10.2022 15:20:00.000,249.016,249.756,248.866,249.566,3.0624e-06,249.05711467205614,0,0,,0,0
06.10.2022 15:25:00.000,249.566,249.657,249.116,249.436,3.0564e-06,249.0862596972826,0,0,,0,0
06.10.2022 15:30:00.000,249.417,249.466,248.696,248.727,3.018e-06,249.05862433595317,0,0,,0,0
06.10.2022 15:35:00.000,248.717,249.287,248.646,248.997,3.0756e-06,249.05388400241833,0,0,,0,0
06.10.2022 15:40:00.000,248.997,249.396,248.806,248.976,2.7096e-06,249.0478929253092,0,0,,0,0
06.10.2022 15:45:00.000,248.996,249.837,248.996,249.596,2.8644e-06,249.09005500797775,0,0,,0,0
06.10.2022 15:50:00.000,249.576,249.987,249.416,249.616,2.6352e-06,249.1305123150564,0,0,,0,0
06.10.2022 15:55:00.000,249.636,249.797,248.246,248.456,3.0252e-06,249.07862675235975,0,0,,0,0
06.10.2022 16:00:00.000,248.406,248.537,248.036,248.126,3.0996e-06,249.00534777140902,0,0,,0,0
06.10.2022 16:05:00.000,248.137,248.306,248.006,248.086,2.6412e-06,248.9346287120699,0,0,,0,0
06.10.2022 16:10:00.000,248.096,248.247,247.796,247.946,2.8068e-06,248.858580349603,0,0,,0,0
06.10.2022 16:15:00.000,247.946,248.257,247.846,248.107,2.586e-06,248.80076647655662,0,0,,0,0
06.10.2022 16:20:00.000,248.106,248.417,248.016,248.307,2.7768e-06,248.76278443989844,0,0,,0,0
06.10.2022 16:25:00.000,248.307,248.467,248.146,248.357,2.5836e-06,248.73157025221397,0,0,,0,0
06.10.2022 16:30:00.000,248.336,248.446,247.886,248.356,2.784e-06,248.7026802328129,0,0,,0,0
06.10.2022 16:35:00.000,248.357,248.446,248.126,248.307,2.4564e-06,248.6722432918273,0,0,,0,0
06.10.2022 16:40:00.000,248.336,248.646,248.116,248.597,2.3748e-06,248.66645534630214,0,0,,0,0
06.10.2022 16:45:00.000,248.577,248.917,248.416,248.607,2.4324e-06,248.66188185812507,0,0,,0,0
06.10.2022 16:50:00.000,248.606,248.646,248.227,248.377,1.932e-06,248.63996786903854,0,0,,0,0
06.10.2022 16:55:00.000,248.356,248.586,248.246,248.287,1.5552e-06,248.6128164944971,0,0,,0,0
06.10.2022 17:00:00.000,248.287,248.486,247.776,248.097,2.2164e-06,248.57313830261273,0,0,,0,0
06.10.2022 17:05:00.000,248.127,248.247,247.626,247.786,2.0856e-06,248.51258920241176,0,0,,0,0
06.10.2022 17:10:00.000,247.787,248.337,247.696,248.267,2.31e-06,248.49369772530318,0,0,,0,0
06.10.2022 17:15:00.000,248.247,248.526,247.897,247.977,2.5152e-06,248.45395174643372,0,0,,0,0
06.10.2022 17:20:00.000,247.996,248.466,247.937,248.127,2.244e-06,248.42880161209268,0,0,,0,0
06.10.2022 17:25:00.000,248.126,248.506,247.977,248.427,1.662e-06,248.4286630265471,0,0,,0,0
06.10.2022 17:30:00.000,248.437,248.437,247.717,247.777,1.602e-06,248.3785351014281,0,0,,0,0
06.10.2022 17:35:00.000,247.757,247.867,247.497,247.717,1.5156e-06,248.32764778593364,0,0,,0,0
06.10.2022 17:40:00.000,247.717,248.257,247.716,248.216,1.4964e-06,248.31905949470797,0,0,,0,0
06.10.2022 17:45:00.000,248.176,248.397,248.156,248.326,1.7412e-06,248.31959337973046,0,0,,0,0
06.10.2022 17:50:00.000,248.346,248.427,247.896,248.256,1.9932e-06,248.31470158128965,0,0,,0,0
06.10.2022 17:55:00.000,248.256,248.547,248.097,248.187,2.0052e-06,248.30487838272893,0,0,,0,0
06.10.2022 18:00:00.000,248.177,248.237,247.746,247.816,2.5248e-06,248.26727235328823,0,0,,0,0
06.10.2022 18:05:00.000,247.816,247.867,247.536,247.716,2.1588e-06,248.22486678765068,0,0,,0,0
06.10.2022 18:10:00.000,247.716,247.827,247.596,247.667,2.0928e-06,248.1819539578314,0,0,,0,0
06.10.2022 18:15:00.000,247.637,247.696,247.396,247.526,2.2932e-06,248.13149596107516,0,0,,0,0
06.10.2022 18:20:00.000,247.526,247.957,247.496,247.896,2.1192e-06,248.11338088714632,0,0,,0,0
06.10.2022 18:25:00.000,247.866,248.057,247.656,247.746,2.0952e-06,248.0851208189043,0,0,,0,0
06.10.2022 18:30:00.000,247.746,248.106,247.396,247.557,2.3724e-06,248.04449614052706,0,0,,0,0
06.10.2022 18:35:00.000,247.557,247.937,247.497,247.616,2.7048e-06,248.01153489894807,0,0,,0,0
06.10.2022 18:40:00.000,247.616,247.687,247.296,247.297,2.6436e-06,247.9565706759521,0,0,,0,0
06.10.2022 18:45:00.000,247.266,247.317,246.716,246.777,2.5452e-06,247.86583447010963,0,0,,0,0
06.10.2022 18:50:00.000,246.776,247.017,246.466,246.997,2.9148e-06,247.799001049332,0,0,,0,0
06.10.2022 18:55:00.000,246.996,247.397,246.947,247.297,2.736e-06,247.76038558399878,0,0,,0,0
06.10.2022 19:00:00.000,247.296,247.407,246.776,247.237,3.2244e-06,247.72012515446042,0,0,,0,0
06.10.2022 19:05:00.000,247.237,247.237,246.786,246.967,2.7684e-06,247.6621924502712,0,0,,0,0
06.10.2022 19:10:00.000,246.977,247.087,246.526,246.956,2.6424e-06,247.6078699540965,0,0,,0,0
06.10.2022 19:15:00.000,246.967,247.267,246.867,247.206,2.7948e-06,247.57695688070447,0,0,,0,0
06.10.2022 19:20:00.000,247.197,247.796,247.056,247.317,3.0588e-06,247.55696019757337,0,0,,0,0
06.10.2022 19:25:00.000,247.327,247.766,247.097,247.747,2.9328e-06,247.5715786439139,0,0,,0,0
06.10.2022 19:30:00.000,247.747,247.887,247.476,247.567,2.9532e-06,247.57122644053592,0,0,,0,0
06.10.2022 19:35:00.000,247.566,247.637,247.246,247.247,3.0084e-06,247.5462859451101,0,0,,0,0
06.10.2022 19:40:00.000,247.247,247.507,247.146,247.307,2.5992e-06,247.52787933394782,0,0,,0,0
06.10.2022 19:45:00.000,247.326,247.487,246.966,247.046,3e-06,247.49081169287493,0,0,,0,0
06.10.2022 19:50:00.000,247.046,247.397,246.856,247.216,2.9916e-06,247.46967233188457,0,0,,0,0
06.10.2022 19:55:00.000,247.257,247.467,246.406,246.656,2.73e-06,247.40708215250885,0,0,,0,0
07.10.2022 13:30:00.000,240.447,240.587,237.796,238.546,2.9184,246.72546044846973,0,0,,0,0
07.10.2022 13:35:00.000,238.546,239.807,238.467,239.017,3.4392,246.13250195243359,0,0,,0,0
07.10.2022 13:40:00.000,239.017,239.416,238.666,238.916,3.7272,245.57738641763103,0,0,,0,0
07.10.2022 13:45:00.000,238.877,239.656,238.537,238.777,3.684,245.05427977012096,0,0,,0,0
07.10.2022 13:50:00.000,238.797,238.797,237.946,238.006,3.4344,244.5121044031886,0,0,,0,0
07.10.2022 13:55:00.000,238.017,238.087,236.806,237.266,3.3036,243.9547117567895,0,0,,0,0
07.10.2022 14:00:00.000,237.247,237.307,236.426,236.706,3.5028,243.39711854472876,0,0,,0,0
07.10.2022 14:05:00.000,236.706,237.017,236.226,236.717,3.4956,242.88326327205732,0,0,,0,0
07.10.2022 14:10:00.000,236.746,236.967,236.437,236.836,3.072,242.41808917420678,0,0,,0,0
07.10.2022 14:15:00.000,236.806,236.887,236.196,236.517,3.378,241.96415923772935,0,0,,0,0
07.10.2022 14:20:00.000,236.517,236.777,236.127,236.166,3.3264000000000005,241.51814698867327,0,0,,0,0
07.10.2022 14:25:00.000,236.166,236.366,235.897,236.127,3.186,241.10344337415995,0,0,,0,0
07.10.2022 14:30:00.000,236.126,236.297,235.596,235.736,3.2484,240.69056311460918,0,0,,0,0
07.10.2022 14:35:00.000,235.736,236.057,235.166,235.167,2.8308,240.26567364425463,0,0,,0,0
07.10.2022 14:40:00.000,235.177,235.836,235.127,235.286,3.2388,239.88262182546583,0,2,233.127,0,0
07.10.2022 14:45:00.000,235.277,236.207,235.196,236.077,3.342,239.58988168504538,0,0,,0,0
07.10.2022 14:50:00.000,236.076,236.307,235.516,236.097,3.3144,239.32119847850345,0,0,,0,0
07.10.2022 14:55:00.000,236.106,236.406,235.776,235.927,3.3108,239.06010628784935,0,0,,0,0
07.10.2022 15:00:00.000,235.927,236.527,235.916,236.466,3.192,238.86055965032247,0,0,,0,0
07.10.2022 15:05:00.000,236.467,236.617,236.116,236.116,2.9592,238.64943967722076,0,0,,0,0
07.10.2022 15:10:00.000,236.117,236.256,235.616,235.776,2.658,238.4284058558961,0,0,,0,0
07.10.2022 15:15:00.000,235.777,236.107,235.506,235.817,2.9052,238.22752848236564,0,0,,0,0
07.10.2022 15:20:00.000,235.837,236.247,235.736,236.127,3.0048,238.06594936833753,0,0,,0,0
07.10.2022 15:25:00.000,236.127,236.447,235.996,236.347,2.7852,237.93372249385004,0,0,,0,0
07.10.2022 15:30:00.000,236.377,236.687,236.056,236.107,3.084,237.79320537893852,0,0,,0,0
07.10.2022 15:35:00.000,236.107,236.427,235.996,236.037,2.9208,237.65811265748172,0,0,,0,0
07.10.2022 15:40:00.000,236.036,236.217,235.526,235.747,2.8884,237.5111039915216,1,0,,0,0
07.10.2022 15:45:00.000,235.746,235.837,235.496,235.526,2.5476,237.3584036844815,1,0,,0,0
07.10.2022 15:50:00.000,235.527,235.947,235.456,235.676,2.4336,237.22898801644448,1,0,,0,0
07.10.2022 15:55:00.000,235.677,236.167,235.646,235.986,2.3568,237.13337355364106,1,0,,0,0
07.10.2022 16:00:00.000,235.946,236.037,235.716,235.997,2.4744,237.045960203361,1,0,,0,0
07.10.2022 16:05:00.000,236.026,236.226,235.846,236.156,2.4792,236.9775017261794,1,0,,0,0
07.10.2022 16:10:00.000,236.166,236.267,235.906,235.947,2.0688,236.89823236262717,1,0,,0,0
07.10.2022 16:15:00.000,235.957,236.257,235.906,236.067,2.1672,236.83429141165584,1,0,,0,0
07.10.2022 16:20:00.000,236.067,236.136,235.396,235.396,2.394,236.72365361075924,1,0,,0,0
07.10.2022 16:25:00.000,235.407,235.507,235.196,235.226,1.9512,236.6084494868547,1,0,,0,0
07.10.2022 16:30:00.000,235.216,235.347,234.926,235.017,2.082,236.4860302955582,1,0,,0,0
07.10.2022 16:35:00.000,234.997,235.147,234.756,234.936,2.0232,236.3667971958999,1,0,,0,0
07.10.2022 16:40:00.000,234.947,235.006,234.616,234.796,1.92,236.24596664236915,1,0,,0,0
07.10.2022 16:45:00.000,234.787,234.877,234.556,234.656,1.776,236.12366151603308,1,0,,0,0
07.10.2022 16:50:00.000,234.677,234.837,234.586,234.636,1.974,236.00922601479976,1,0,,0,0
07.10.2022 16:55:00.000,234.637,234.896,234.576,234.777,1.854,235.91443939827673,1,0,,0,0
07.10.2022 17:00:00.000,234.797,234.797,234.346,234.556,1.9056,235.80994405994778,1,0,,0,0
07.10.2022 17:05:00.000,234.556,234.707,234.466,234.567,1.986,235.71433297841335,1,0,,0,0
07.10.2022 17:10:00.000,234.566,234.967,234.566,234.966,1.9548,235.6567689031508,1,0,,0,0
07.10.2022 17:15:00.000,234.987,235.116,234.796,235.017,1.9332000000000005,235.60755591060075,1,0,,0,0
07.10.2022 17:20:00.000,235.027,235.027,234.656,234.736,1.8144,235.54051314824687,1,0,,0,0
07.10.2022 17:25:00.000,234.747,234.957,234.656,234.727,1.878,235.47793521376636,1,0,,0,0
07.10.2022 17:30:00.000,234.726,234.736,234.496,234.567,2.3256,235.40786327424587,1,0,,0,0
07.10.2022 17:35:00.000,234.567,234.796,234.566,234.657,1.986,235.35010456084234,1,0,,0,0
07.10.2022 17:40:00.000,234.666,235.146,234.616,234.896,2.1744000000000003,235.31517344077756,1,0,,0,0
07.10.2022 17:45:00.000,234.896,235.007,234.676,234.677,1.9956,235.26608317610237,1,0,,0,0
07.10.2022 17:50:00.000,234.677,234.836,234.376,234.526,2.2824,235.20915370101758,1,0,,0,0
07.10.2022 17:55:00.000,234.556,234.717,234.326,234.377,2.0616,235.1451418778624,1,0,,0,0
07.10.2022 18:00:00.000,234.376,234.627,234.326,234.546,2.0244,235.09905404110376,1,0,,0,0
07.10.2022 18:05:00.000,234.546,234.707,234.386,234.476,1.656,235.0511268071727,1,0,,0,0
07.10.2022 18:10:00.000,234.487,234.517,234.176,234.477,2.0172,235.00696320662095,1,0,,0,0
07.10.2022 18:15:00.000,234.477,234.577,234.346,234.366,2.0052000000000003,234.95765834457322,1,0,,0,0
07.10.2022 18:20:00.000,234.366,234.467,234.076,234.106,2.16,234.89214616422146,1,0,,0,0
07.10.2022 18:25:00.000,234.127,234.317,234.016,234.077,1.8468,234.8294426131275,1,0,,0,0
07.10.2022 18:30:00.000,234.076,234.197,233.896,234.187,1.7519999999999998,234.78002395057925,1,0,,0,0
07.10.2022 18:35:00.000,234.186,234.477,234.176,234.197,1.9728,234.73517595438085,1,0,,0,0
07.10.2022 18:40:00.000,234.217,234.426,234.136,234.136,1.8108,234.68908549635157,1,0,,0,0
07.10.2022 18:45:00.000,234.136,234.296,234.026,234.286,1.836,234.65807891970914,1,0,,0,0
07.10.2022 18:50:00.000,234.277,234.467,234.156,234.416,1.896,234.63945746434692,1,0,,0,0
07.10.2022 18:55:00.000,234.416,234.797,234.326,234.777,1.596,234.65003765939716,0,0,,0,0
07.10.2022 19:00:00.000,234.776,235.087,234.756,235.016,2.2296,234.6781886086743,0,0,,0,0
07.10.2022 19:05:00.000,235.017,235.017,234.526,234.606,1.7796,234.6726356387763,0,0,,0,0
07.10.2022 19:10:00.000,234.606,234.736,234.196,234.197,1.6644,234.63604828194738,0,0,,0,0
07.10.2022 19:15:00.000,234.207,234.297,234.006,234.056,1.2576,234.59142918333606,0,0,,0,0
07.10.2022 19:20:00.000,234.056,234.116,233.716,233.736,1.5012,234.5256269384641,0,0,,0,0
07.10.2022 19:25:00.000,233.746,233.776,233.446,233.707,1.6488,234.4626556355053,0,0,,0,0
07.10.2022 19:30:00.000,233.707,233.757,233.156,233.286,2.0076,234.37214366354337,0,0,,0,0
07.10.2022 19:35:00.000,233.307,234.087,233.196,234.086,2.1216,234.35013261250157,0,0,,0,0
07.10.2022 19:40:00.000,234.087,234.397,233.897,234.097,2.502,234.3306608730784,0,0,,0,0
07.10.2022 19:45:00.000,234.127,234.167,233.666,233.796,2.5068,234.28953311361082,0,0,,0,0
07.10.2022 19:50:00.000,233.837,234.827,233.706,234.247,2.9196,234.28626133564077,0,0,,0,0
07.10.2022 19:55:00.000,234.207,234.786,233.876,234.227,2.742,234.28170277136073,0,0,,0,0
10.10.2022 13:30:00.000,233.297,234.516,232.836,233.286,2.9976e-06,234.20511025048683,0,0,,0,0
10.10.2022 13:35:00.000,233.337,233.527,231.396,231.447,3.1176e-06,233.99294792352632,0,0,,0,0
10.10.2022 13:40:00.000,231.447,231.717,231.006,231.057,3.5004e-06,233.76710577556278,0,0,,0,0
10.10.2022 13:45:00.000,231.057,231.407,230.586,230.656,3.5496e-06,233.52778994667335,0,0,,0,0
10.10.2022 13:50:00.000,230.626,231.127,230.566,230.726,3.2616e-06,233.31226764308312,0,0,,0,0
10.10.2022 13:55:00.000,230.747,231.257,230.566,230.967,3.4824e-06,233.13186243976907,0,0,,0,0
10.10.2022 15:00:00.000,229.007,229.026,228.446,228.446,3.138e-06,232.77141148286378,0,0,,0,0
10.10.2022 15:05:00.000,228.426,228.907,228.407,228.737,3.0792e-06,232.4610721380281,0,0,,0,0
10.10.2022 15:10:00.000,228.736,229.267,228.726,229.246,3.018e-06,232.21375889664134,0,0,,0,0
10.10.2022 15:15:00.000,229.227,229.347,228.996,229.137,3.1968e-06,231.97708513536125,0,0,,0,0
10.10.2022 15:20:00.000,229.117,229.947,229.076,229.736,3.3432e-06,231.8046939711027,0,0,,0,0
10.10.2022 15:25:00.000,229.756,229.756,229.256,229.406,2.6772e-06,231.62017905024865,0,0,,0,0
10.10.2022 15:30:00.000,229.406,229.817,229.326,229.767,3.1008e-06,231.47762681561414,0,0,,0,0
10.10.2022 15:35:00.000,229.777,229.936,229.506,229.556,3.024e-06,231.32980936825922,0,0,,0,0
10.10.2022 15:40:00.000,229.577,229.717,229.246,229.546,2.796e-06,231.19259326300852,0,0,,0,0
10.10.2022 15:45:00.000,229.546,229.877,229.306,229.847,2.8248e-06,231.08908608893097,0,0,,0,0
10.10.2022 15:50:00.000,229.816,230.227,229.646,229.686,2.706e-06,230.98115638978243,0,0,,0,0
10.10.2022 15:55:00.000,229.687,229.716,229.096,229.177,2.5248e-06,230.84237512902993,0,0,,0,0
10.10.2022 17:00:00.000,227.407,227.476,227.116,227.127,1.6164e-06,230.5565770421815,0,0,,0,0
10.10.2022 17:05:00.000,227.127,227.227,226.996,227.036,1.8288e-06,230.28576342355217,0,0,,0,0
10.10.2022 17:10:00.000,227.076,227.566,226.706,227.316,2.5668e-06,230.05732008327894,1,2,224.706,0,0
10.10.2022 17:15:00.000,227.306,227.557,227.186,227.526,2.424e-06,229.86260315379596,1,0,,0,0
10.10.2022 17:20:00.000,227.507,227.827,227.486,227.646,2.5836e-06,229.6920952188886,1,0,,0,0
10.10.2022 17:25:00.000,227.647,227.766,227.506,227.696,2.1564e-06,229.53854943282025,1,0,,0,0
10.10.2022 17:30:00.000,227.657,228.447,227.636,228.147,2.5008e-06,229.43150716875718,1,0,,0,0
10.10.2022 17:35:00.000,228.176,228.667,228.086,228.526,2.358e-06,229.36185277116047,1,0,,0,0
10.10.2022 17:40:00.000,228.507,228.627,228.136,228.167,2.0016e-06,229.26994101953275,1,0,,0,0
10.10.2022 17:45:00.000,228.166,230.097,228.156,229.796,3.198e-06,229.31040709495332,0,0,,0,0
10.10.2022 17:50:00.000,229.777,230.577,229.666,230.557,2.9772e-06,229.40629885688,0,0,,0,0
10.10.2022 17:55:00.000,230.537,230.686,229.976,229.987,2.37e-06,229.45096817558155,0,0,,0,0
10.10.2022 19:00:00.000,229.646,230.127,229.406,229.587,2.952e-06,229.46143216207528,0,0,,0,0
10.10.2022 19:05:00.000,229.566,229.937,229.426,229.917,2.5728e-06,229.49647584191567,0,0,,0,0
10.10.2022 19:10:00.000,229.916,230.257,229.636,230.017,2.8704e-06,229.53651616176833,0,0,,0,0
10.10.2022 19:15:00.000,230.067,230.677,229.936,230.657,2.6556e-06,229.6227072262477,0,0,,0,0
10.10.2022 19:20:00.000,230.677,230.717,230.146,230.346,2.7996e-06,229.678345131921,0,1,232.717,0,0
10.10.2022 19:25:00.000,230.356,230.356,229.446,229.646,2.7396e-06,229.67585704485015,0,0,,0,0
10.10.2022 19:30:00.000,229.647,229.987,229.536,229.806,2.8032e-06,229.68586804140017,0,0,,0,0
10.10.2022 19:35:00.000,229.816,230.257,229.676,229.967,2.9844e-06,229.70749357667708,0,0,,0,0
10.10.2022 19:40:00.000,229.977,230.037,229.456,229.697,2.9532e-06,229.70668637847118,0,0,,0,0
10.10.2022 19:45:00.000,229.727,230.147,229.526,229.876,2.9376e-06,229.71971050320417,0,0,,0,0
10.10.2022 19:50:00.000,229.857,230.136,229.366,229.847,2.8704e-06,229.72950200295773,0,0,,0,0
10.10.2022 19:55:00.000,229.846,229.847,228.856,229.046,2.244e-06,229.67692492580713,0,0,,0,0
11.10.2022 13:30:00.000,227.097,227.846,226.806,227.016,2.0964,229.47223839305275,0,0,,0,0
11.10.2022 13:35:00.000,227.006,227.047,226.146,226.246,2.7324,229.22406620897178,0,0,,0,0
11.10.2022 13:40:00.000,226.247,226.407,225.446,225.846,3.3816,228.96421496212778,0,0,,0,0
11.10.2022 13:45:00.000,225.886,226.427,225.636,225.776,3.2028,228.71896765734874,0,0,,0,0
11.10.2022 13:50:00.000,225.786,226.077,225.616,225.686,3.018,228.48566245293733,0,0,,0,0
11.10.2022 13:55:00.000,225.667,225.966,225.196,225.407,2.9844,228.24884226424984,0,0,,0,0
11.10.2022 14:00:00.000,225.406,225.447,224.896,225.417,2.8764,228.03100824392294,0,2,222.896,0,0
11.10.2022 14:05:00.000,225.416,225.776,225.156,225.287,3.3108,227.81993068669811,0,0,,0,0
11.10.2022 14:10:00.000,225.306,226.147,225.216,225.817,3.1488,227.66585909541368,0,0,,0,0
11.10.2022 14:15:00.000,225.787,226.146,225.636,225.717,2.976,227.51594685730495,0,0,,0,0
11.10.2022 14:20:00.000,225.716,225.967,225.526,225.806,2.9196,227.38441248366613,0,0,,0,0
11.10.2022 14:25:00.000,225.806,226.116,225.716,225.736,3.1488,227.25761152338413,0,0,,0,0
11.10.2022 14:30:00.000,225.756,226.476,225.237,226.166,3.4128,227.17364140620074,0,0,,0,0
11.10.2022 14:35:00.000,226.177,226.447,225.876,226.387,3.4932,227.1131305288007,0,0,,0,0
11.10.2022 14:40:00.000,226.396,227.117,226.116,226.317,3.3084,227.05188971889297,0,0,,0,0
11.10.2022 14:45:00.000,226.316,226.467,225.886,225.897,3.0468,226.9630520482089,0,0,,0,0
11.10.2022 14:50:00.000,225.897,226.337,225.756,226.127,3.1212,226.89874035219285,0,0,,0,0
11.10.2022 14:55:00.000,226.127,226.587,225.776,225.817,3.0528,226.81552955587034,0,0,,0,0
11.10.2022 15:00:00.000,225.816,227.067,225.516,226.907,3.45,226.82256574388032,0,0,,0,0
11.10.2022 15:05:00.000,226.886,226.987,226.236,226.517,3.244800000000001,226.79906068665875,0,0,,0,0
11.10.2022 15:10:00.000,226.517,226.657,226.146,226.446,3.5484,226.7719021723004,0,0,,0,0
11.10.2022 15:15:00.000,226.447,227.137,226.446,226.907,3.2244,226.78229431289267,0,0,,0,0
11.10.2022 15:20:00.000,226.897,227.427,226.896,227.296,2.7768,226.82181013497785,0,0,,0,0
11.10.2022 15:25:00.000,227.326,227.647,226.996,227.467,2.9328000000000003,226.87144012459495,0,0,,0,0
11.10.2022 15:30:00.000,227.486,227.827,227.096,227.797,3.1224,226.94263703808767,0,0,,0,0
11.10.2022 15:35:00.000,227.776,228.266,227.556,227.637,2.9088,226.9960495736194,0,0,,0,0
11.10.2022 15:40:00.000,227.637,228.537,227.426,228.526,3.0096000000000003,227.11373806795638,0,0,,0,0
11.10.2022 15:45:00.000,228.526,228.997,228.267,228.727,2.7468000000000004,227.23783513965205,0,0,,0,0
11.10.2022 15:50:00.000,228.726,228.877,228.137,228.236,2.3772,227.31461705198652,0,0,,0,0
11.10.2022 15:55:00.000,228.247,228.406,227.886,228.066,2.4768,227.37241574029528,0,0,,0,0
11.10.2022 16:00:00.000,228.087,228.117,227.316,227.517,2.6256,227.38353760642644,0,0,,0,0
11.10.2022 16:05:00.000,227.516,227.567,227.176,227.316,2.31,227.3783424059321,0,0,,0,0
11.10.2022 16:10:00.000,227.306,228.087,227.306,228.027,2.004,227.42823914393733,0,0,,0,0
11.10.2022 16:15:00.000,228.046,228.717,227.916,228.646,2.2248,227.52191305594218,0,0,,0,0
11.10.2022 16:20:00.000,228.657,228.997,228.346,228.667,2.58,227.60999666702355,0,0,,0,0
11.10.2022 16:25:00.000,228.636,228.717,228.226,228.366,2.3892,227.6681507695602,0,0,,0,0
11.10.2022 16:30:00.000,228.367,228.736,228.226,228.356,2.4912,227.72106224882484,0,0,,0,0
11.10.2022 16:35:00.000,228.356,228.477,228.096,228.426,2.4492000000000003,227.77528822968446,0,0,,0,0
11.10.2022 16:40:00.000,228.407,228.876,228.336,228.846,2.67,227.85765067355493,0,0,,0,0
11.10.2022 16:45:00.000,228.867,229.067,228.696,228.736,2.7024000000000004,227.92521600635843,0,1,231.067,0,0
11.10.2022 16:50:00.000,228.736,228.847,228.166,228.187,2.0616,227.94535323663857,0,0,,0,0
11.10.2022 16:55:00.000,228.187,228.437,228.107,228.247,1.9236,227.96855683382023,0,0,,0,0
11.10.2022 17:00:00.000,228.246,228.397,228.136,228.167,2.1156,227.98382169275715,0,0,,0,0
11.10.2022 17:05:00.000,228.146,228.357,227.836,228.306,2.7012,228.00860463946816,0,0,,0,0
11.10.2022 17:10:00.000,228.316,228.406,227.996,228.107,2.3928,228.01617351335523,0,0,,0,0
11.10.2022 17:15:00.000,228.106,228.316,227.676,228.077,2.4803999999999995,228.02085247386637,0,0,,0,0
11.10.2022 17:20:00.000,228.096,228.337,227.996,228.296,2.3916,228.04201766818437,0,0,,0,0
11.10.2022 17:25:00.000,228.327,228.357,227.376,227.577,2.6832,228.00624707832404,0,0,,0,0
11.10.2022 17:30:00.000,227.577,227.767,227.136,227.696,2.4492,227.98238191845297,0,0,,0,0
11.10.2022 17:35:00.000,227.696,227.827,227.506,227.737,2.34,227.9635063862643,0,0,,0,0
11.10.2022 17:40:00.000,227.737,227.937,227.576,227.846,2.358,227.95446743347475,0,0,,0,0
11.10.2022 17:45:00.000,227.886,228.297,227.836,227.896,2.5152,227.9499699385921,0,0,,0,0
11.10.2022 17:50:00.000,227.896,228.307,227.646,227.917,2.6256,227.9474337894696,0,0,,0,0
11.10.2022 17:55:00.000,227.896,228.407,227.856,228.247,2.3844,227.9704773441258,0,0,,0,0
11.10.2022 18:00:00.000,228.277,228.447,228.016,228.227,2.7036,227.99020985611614,0,0,,0,0
11.10.2022 18:05:00.000,228.246,228.487,227.667,227.846,2.8548,227.97911679026106,0,0,,0,0
11.10.2022 18:10:00.000,227.877,227.887,227.126,227.386,2.5704,227.93349242177948,0,0,,0,0
11.10.2022 18:15:00.000,227.356,227.387,226.876,226.876,2.2836,227.85214685087337,0,0,,0,0
11.10.2022 18:20:00.000,226.877,227.407,226.836,227.387,2.3628,227.8163663238831,0,0,,0,0
11.10.2022 18:25:00.000,227.386,227.736,227.366,227.617,2.3388,227.80103045281516,0,0,,0,0
11.10.2022 18:30:00.000,227.627,228.006,227.556,227.846,2.5092,227.80448964875245,0,0,,0,0
11.10.2022 18:35:00.000,227.827,227.877,227.446,227.677,2.514,227.79468275269457,0,0,,0,0
11.10.2022 18:40:00.000,227.667,227.967,227.206,227.206,2.4144,227.74939946402577,0,0,,0,0
11.10.2022 18:45:00.000,227.176,227.187,225.826,226.137,3.6816,227.6253687360238,0,0,,0,0
11.10.2022 18:50:00.000,226.136,226.307,225.467,225.617,3.522,227.47087883325275,0,0,,0,0
11.10.2022 18:55:00.000,225.616,225.686,224.796,224.987,3.2436,227.27981123069486,0,0,,0,0
11.10.2022 19:00:00.000,224.987,225.136,224.467,224.806,3.2304000000000004,227.08951805910297,0,0,,0,0
11.10.2022 19:05:00.000,224.837,225.156,224.486,224.627,3.3180000000000005,226.90009359301814,0,0,,0,0
11.10.2022 19:10:00.000,224.626,224.737,224.196,224.597,3.0252,226.72293254740137,0,0,,0,0
11.10.2022 19:15:00.000,224.616,225.057,224.096,224.826,3.2388000000000003,226.57701465913973,0,2,222.096,0,0
11.10.2022 19:20:00.000,224.836,225.377,224.826,225.167,3.3120000000000003,226.46855199305207,0,0,,0,0
11.10.2022 19:25:00.000,225.197,225.337,224.616,225.007,3.204,226.35612491666345,0,0,,0,0
11.10.2022 19:30:00.000,225.047,225.147,224.486,224.837,3.4236,226.2392691538432,0,0,,0,0
11.10.2022 19:35:00.000,224.836,225.487,224.776,225.357,3.2496,226.17140229585527,0,0,,0,0
11.10.2022 19:40:00.000,225.337,225.357,224.957,225.337,3.2796,226.10721750386642,0,0,,0,0
11.10.2022 19:45:00.000,225.346,225.946,225.016,225.746,2.6028,226.07943154203053,0,0,,0,0
11.10.2022 19:50:00.000,225.777,225.777,224.896,225.337,2.8716000000000004,226.0223214234128,0,0,,0,0
11.10.2022 19:55:00.000,225.307,225.757,225.146,225.427,2.556,225.97652746776566,0,0,,0,0
12.10.2022 13:30:00.000,225.066,225.147,224.256,224.456,2.0232e-06,225.8595638163991,0,0,,0,0
12.10.2022 13:35:00.000,224.487,225.946,224.396,225.767,2.3196e-06,225.85244352282996,0,0,,0,0
12.10.2022 13:40:00.000,225.766,226.577,225.396,226.456,2.6964e-06,225.89887094415076,0,0,,0,0
12.10.2022 13:45:00.000,226.457,226.826,225.996,226.066,2.8308e-06,225.91172702536994,0,0,,0,0
12.10.2022 13:50:00.000,226.067,226.726,225.916,226.287,3.0156e-06,225.9405941772646,0,0,,0,0
12.10.2022 13:55:00.000,226.286,226.577,225.936,226.337,3.084e-06,225.97108693285963,0,0,,0,0
12.10.2022 15:00:00.000,224.307,224.927,224.296,224.756,2.8596e-06,225.87761870725507,0,0,,0,0
12.10.2022 15:05:00.000,224.757,224.997,224.546,224.597,2.8476e-06,225.77910957592778,0,0,,0,0
12.10.2022 15:10:00.000,224.627,225.237,224.566,225.236,2.8464e-06,225.73733191624103,0,0,,0,0
12.10.2022 15:15:00.000,225.266,225.416,224.996,225.117,2.5476e-06,225.6896140765302,0,0,,0,0
12.10.2022 15:20:00.000,225.116,225.357,224.906,225.137,2.832e-06,225.64710530141252,0,0,,0,0
12.10.2022 15:25:00.000,225.136,225.336,224.956,225.316,3e-06,225.62163566284232,0,0,,0,0
12.10.2022 15:30:00.000,225.337,225.517,224.936,225.126,2.8704e-06,225.5835098426237,0,0,,0,0
12.10.2022 15:35:00.000,225.126,225.657,224.996,225.326,2.8992e-06,225.5637013931911,0,0,,0,0
12.10.2022 15:40:00.000,225.307,225.987,225.146,225.596,3.0996e-06,225.5661859014072,0,0,,0,0
12.10.2022 15:45:00.000,225.597,225.627,225.246,225.467,2.6076e-06,225.5585562166836,0,0,,0,0
12.10.2022 15:50:00.000,225.487,226.067,225.396,225.967,2.6664e-06,225.5899749692464,0,0,,0,0
12.10.2022 15:55:00.000,225.976,226.157,225.766,225.827,2.712e-06,225.60820766391976,0,0,,0,0
12.10.2022 17:00:00.000,225.487,226.217,225.476,225.867,2.082e-06,225.62811476669518,0,0,,0,0
12.10.2022 17:05:00.000,225.846,226.507,225.736,226.336,1.7064e-06,225.6825674769494,0,0,,0,0
12.10.2022 17:10:00.000,226.357,226.536,226.197,226.526,1.614e-06,225.74744690179946,0,0,,0,0
12.10.2022 17:15:00.000,226.527,226.546,226.176,226.266,1.614e-06,225.78733560166106,0,0,,0,0
12.10.2022 17:20:00.000,226.246,226.296,226.066,226.216,1.17e-06,225.8203097861487,0,0,,0,0
12.10.2022 17:25:00.000,226.216,226.586,226.116,226.497,1.1868e-06,225.8723628795219,0,0,,0,0
12.10.2022 17:30:00.000,226.506,226.547,226.086,226.116,1.6824e-06,225.89110419648176,0,0,,0,0
12.10.2022 17:35:00.000,226.086,226.247,225.906,226.226,1.6956e-06,225.91686541213704,0,0,,0,0
12.10.2022 17:40:00.000,226.236,226.536,226.166,226.536,1.0872e-06,225.96449114966498,0,0,,0,0
12.10.2022 17:45:00.000,226.547,226.957,226.336,226.706,9.13199999999992e-07,226.02153029199846,0,1,228.957,0,0
12.10.2022 17:50:00.000,226.706,226.767,226.436,226.577,1.4316e-06,226.0642587310755,0,0,,0,0
12.10.2022 17:55:00.000,226.567,226.567,226.087,226.327,6.85199999999995e-07,226.08446959791587,0,0,,0,0
12.10.2022 19:00:00.000,226.097,226.436,225.886,225.966,2.7372e-06,226.07535655192237,0,0,,0,0
12.10.2022 19:05:00.000,225.996,226.377,225.866,226.136,2.5404e-06,226.08002143254373,0,0,,0,0
12.10.2022 19:10:00.000,226.137,226.427,226.106,226.227,2.106e-06,226.0913274761942,0,0,,0,0
12.10.2022 19:15:00.000,226.217,226.547,225.896,226.546,2.256e-06,226.12630228571774,0,0,,0,0
12.10.2022 19:20:00.000,226.547,226.787,226.346,226.357,2.0508e-06,226.14404826373948,0,0,,0,0
12.10.2022 19:25:00.000,226.366,226.526,226.166,226.236,2.3748e-06,226.15112147422107,0,0,,0,0
12.10.2022 19:30:00.000,226.246,226.786,226.126,226.757,2.766e-06,226.19772751466562,0,0,,0,0
12.10.2022 19:35:00.000,226.776,226.877,226.586,226.667,2.6688e-06,226.23382539815287,0,0,,0,0
12.10.2022 19:40:00.000,226.646,226.746,226.526,226.626,2.5032e-06,226.26399267521805,0,0,,0,0
12.10.2022 19:45:00.000,226.626,226.727,226.206,226.246,2.4e-06,226.2626086232782,0,0,,0,0
12.10.2022 19:50:00.000,226.247,226.517,226.096,226.237,2.4696e-06,226.26063872917987,0,0,,0,0
12.10.2022 19:55:00.000,226.237,226.297,225.536,225.566,2.5944e-06,226.20720498078143,0,0,,0,0
13.10.2022 13:30:00.000,220.007,220.747,219.126,220.636,3.1752,225.77865075149057,0,2,217.126,0,0
13.10.2022 13:35:00.000,220.686,221.596,219.766,221.127,3.6228,225.42083146291438,0,0,,0,0
13.10.2022 13:40:00.000,221.116,221.836,220.657,220.977,3.4296,225.07899827345943,0,0,,0,0
13.10.2022 13:45:00.000,221.016,222.157,220.716,222.076,3.594,224.84799840627025,0,0,,0,0
13.10.2022 13:50:00.000,222.106,222.747,221.766,222.287,3.426,224.65099852886485,0,0,,0,0
13.10.2022 13:55:00.000,222.297,223.116,221.736,223.056,3.4872,224.5283063343368,0,0,,0,0
13.10.2022 14:00:00.000,223.026,223.707,222.776,223.676,3.2976,224.4627443086186,0,0,,0,0
13.10.2022 14:05:00.000,223.677,224.876,223.536,224.817,3.3696,224.48999474641718,0,0,,0,0
13.10.2022 14:10:00.000,224.836,226.027,224.736,225.466,3.5604000000000005,224.56507207361588,0,0,,0,0
13.10.2022 14:15:00.000,225.457,225.517,224.446,224.487,3.4883999999999995,224.5590665294916,0,0,,0,0
13.10.2022 14:20:00.000,224.466,225.147,224.216,224.536,3.3996,224.55729218106916,0,0,,0,0
13.10.2022 14:25:00.000,224.527,224.757,223.996,224.296,3.1392,224.53719278252538,0,0,,0,0
13.10.2022 14:30:00.000,224.266,225.386,224.127,224.907,3.3228000000000004,224.56563949156188,0,0,,0,0
13.10.2022 14:35:00.000,224.877,225.497,224.196,225.407,3.6072,224.6303595306725,0,0,,0,0
13.10.2022 14:40:00.000,225.426,225.986,225.096,225.157,3.5736,224.6708703360054,0,0,,0,0
13.10.2022 14:45:00.000,225.177,226.197,225.037,226.116,3.6792,224.7820341563127,0,0,,0,0
13.10.2022 14:50:00.000,226.137,226.316,225.046,225.726,3.6960000000000006,224.85464691351945,0,0,,0,0
13.10.2022 14:55:00.000,225.727,226.507,225.086,225.086,3.672,224.8724433047872,0,0,,0,0
13.10.2022 15:00:00.000,225.066,225.787,224.696,225.726,3.4152,224.93810151211127,0,0,,0,0
13.10.2022 15:05:00.000,225.747,227.566,225.706,227.226,3.576,225.11409370348736,0,0,,0,0
13.10.2022 15:10:00.000,227.256,227.367,226.806,227.367,3.3684,225.2873941878345,0,0,,0,0
13.10.2022 15:15:00.000,227.366,229.807,226.877,228.756,3.2136,225.55421001953954,0,0,,0,0
13.10.2022 15:20:00.000,228.786,231.916,228.716,229.846,3.9612,225.8843477103442,0,0,,0,0
13.10.2022 15:25:00.000,229.847,229.927,229.016,229.847,3.2856,226.18916711724083,0,0,,0,0
13.10.2022 15:30:00.000,229.826,230.667,229.586,230.557,3.954,226.52515426206847,0,0,,0,0
13.10.2022 15:35:00.000,230.567,234.106,230.486,233.086,4.014,227.02983470344782,0,0,,0,0
13.10.2022 15:40:00.000,233.097,234.427,233.046,233.466,3.6,227.52492434164415,0,0,,0,0
13.10.2022 15:45:00.000,233.466,233.807,232.956,233.016,3.5412000000000003,227.94731477690232,0,0,,0,0
13.10.2022 15:50:00.000,232.997,233.727,232.336,233.287,3.156,228.3580597940637,0,0,,0,0
13.10.2022 15:55:00.000,233.327,233.636,232.396,232.897,3.5472,228.7072090406742,0,0,,0,0
13.10.2022 16:00:00.000,232.906,234.077,232.676,234.067,3.7428,229.11950065293004,0,0,,0,0
13.10.2022 16:05:00.000,234.057,234.177,232.997,233.207,3.7728,229.43392367962772,0,0,,0,0
13.10.2022 16:10:00.000,233.227,233.426,231.976,232.346,3.8484,229.6579295504256,0,0,,0,0
13.10.2022 16:15:00.000,232.366,232.647,231.666,231.717,3.606,229.81631958500824,0,0,,0,0
13.10.2022 16:20:00.000,231.716,232.736,231.477,232.376,3.3588,230.01321807846918,0,0,,0,0
13.10.2022 16:25:00.000,232.376,232.547,231.846,231.986,3.1236,230.16497053397157,0,0,,0,0
13.10.2022 16:30:00.000,231.976,232.946,231.866,232.697,3.0564,230.3597420313584,0,0,,0,0
13.10.2022 16:35:00.000,232.727,232.847,232.186,232.347,3.2856000000000005,230.51260802894623,0,0,,0,0
13.10.2022 16:40:00.000,232.347,233.377,232.286,233.186,3.3636,230.71825356518116,0,0,,0,0
13.10.2022 16:45:00.000,233.216,233.266,232.506,233.027,2.8716,230.8958494447826,0,0,,0,0
13.10.2022 16:50:00.000,233.017,233.656,232.806,232.817,3.2052,231.04363025672242,0,0,,0,0
13.10.2022 16:55:00.000,232.837,233.206,232.676,233.047,2.7876000000000003,231.19773562158994,0,0,,0,0
13.10.2022 17:00:00.000,233.066,233.687,232.877,233.546,3.0072,231.37837134300614,0,0,,0,0
13.10.2022 17:05:00.000,233.527,233.757,232.977,233.046,2.8536,231.5066504704672,2,0,,0,0
13.10.2022 17:10:00.000,233.047,233.236,232.526,232.856,2.4096,231.61044658812358,2,0,,0,0
13.10.2022 17:15:00.000,232.886,233.467,232.816,233.247,2.6856000000000004,231.73633531211408,2,0,,0,0
13.10.2022 17:20:00.000,233.257,234.437,233.216,234.376,2.82,231.93938644195146,2,0,,0,0
13.10.2022 17:25:00.000,234.377,235.057,234.206,234.676,2.7168,232.14989517718595,2,0,,0,0
13.10.2022 17:30:00.000,234.687,235.897,234.677,235.506,3.0984,232.4080570866332,2,0,,0,0
13.10.2022 17:35:00.000,235.517,235.577,234.777,234.996,3.0504,232.60712961843066,2,0,,0,0
13.10.2022 17:40:00.000,235.016,235.107,234.346,234.477,2.8284,232.75096580162833,2,0,,0,0
13.10.2022 17:45:00.000,234.506,234.777,234.166,234.727,2.808,232.9029684322723,2,0,,0,0
13.10.2022 17:50:00.000,234.746,235.107,234.306,234.547,2.832,233.0294323990206,2,0,,0,0
13.10.2022 17:55:00.000,234.526,234.916,234.226,234.837,2.6436,233.16847606063442,2,0,,0,0
13.10.2022 18:00:00.000,234.857,234.996,234.476,234.947,2.826,233.30528559443178,2,0,,0,0
13.10.2022 18:05:00.000,234.947,235.177,234.536,234.857,3.1068,233.42464824101395,2,0,,0,0
13.10.2022 18:10:00.000,234.867,235.046,234.106,234.676,2.922,233.52090606862828,2,0,,0,0
13.10.2022 18:15:00.000,234.706,234.967,234.486,234.597,2.2428,233.60368252488766,2,0,,0,0
13.10.2022 18:20:00.000,234.616,234.636,234.226,234.416,2.358,233.6661684845117,2,0,,0,0
13.10.2022 18:25:00.000,234.437,234.447,233.626,233.637,2.9844,233.66392475493387,0,0,,0,0
13.10.2022 18:30:00.000,233.657,234.316,233.636,234.307,2.8164,233.71339208147745,0,0,,0,0
13.10.2022 18:35:00.000,234.286,234.996,234.176,234.847,2.9604,233.80059269059456,0,0,,0,0
13.10.2022 18:40:00.000,234.846,234.957,234.406,234.907,2.3784,233.88570094516422,0,0,,0,0
13.10.2022 18:45:00.000,234.926,235.447,234.806,235.157,2.5632,233.98349318015158,0,0,,0,0
13.10.2022 18:50:00.000,235.116,235.577,234.966,235.376,2.1996,234.0906090893707,0,0,,0,0
13.10.2022 18:55:00.000,235.397,235.927,235.186,235.536,2.5308,234.20179300557297,0,0,,0,0
13.10.2022 19:00:00.000,235.537,235.597,235.067,235.277,2.4684,234.28450123591352,0,0,,0,0
13.10.2022 19:05:00.000,235.276,236.027,235.216,235.997,2.628,234.41623191007403,0,0,,0,0
13.10.2022 19:10:00.000,236.007,236.067,235.477,235.527,2.55,234.5016756092991,0,0,,0,0
13.10.2022 19:15:00.000,235.536,235.927,235.466,235.666,2.2044,234.59123902396843,0,0,,0,0
13.10.2022 19:20:00.000,235.657,235.677,235.116,235.416,2.6472,234.65468217597086,0,0,,0,0
13.10.2022 19:25:00.000,235.396,235.547,235.017,235.017,2.7947999999999995,234.68255277781927,0,0,,0,0
13.10.2022 19:30:00.000,234.997,235.306,234.216,234.477,3.0444,234.66674102567933,0,0,,0,0
13.10.2022 19:35:00.000,234.477,234.637,233.896,234.296,3.0156,234.63822248524247,0,0,,0,0
13.10.2022 19:40:00.000,234.257,234.897,234.016,234.807,3.0048,234.65120537099304,0,0,,0,0
13.10.2022 19:45:00.000,234.806,235.267,234.686,235.026,2.7048,234.6800357270705,0,0,,0,0
13.10.2022 19:50:00.000,235.026,235.656,234.446,235.136,2.4888,234.71510990191126,0,0,,0,0
13.10.2022 19:55:00.000,235.107,235.256,233.926,233.956,2.6484,234.65671683253348,0,0,,0,0
14.10.2022 13:30:00.000,234.997,237.197,234.996,236.347,3.258e-06,234.7867386146463,0,1,239.197,0,0
14.10.2022 13:35:00.000,236.357,236.896,235.276,236.736,3.864e-06,234.93668179813508,0,0,,0,0
14.10.2022 13:40:00.000,236.747,236.797,235.416,235.557,3.7224e-06,234.98439858289393,0,0,,0,0
14.10.2022 13:45:00.000,235.537,235.537,234.346,235.077,3.768e-06,234.99152176882518,0,0,,0,0
14.10.2022 13:50:00.000,235.106,235.506,233.746,234.127,3.4296e-06,234.92502009430018,0,0,,0,0
14.10.2022 13:55:00.000,234.106,234.567,233.996,234.127,3.0648e-06,234.86363393320016,0,0,,0,0
14.10.2022 15:00:00.000,231.476,232.977,231.346,232.747,3.5472e-06,234.70081593833862,0,0,,0,0
14.10.2022 15:05:00.000,232.747,232.747,232.006,232.127,3.3372e-06,234.502830096928,0,0,,0,0
14.10.2022 15:10:00.000,232.127,232.237,231.196,231.406,3.3984e-06,234.2646123971643,0,0,,0,0
14.10.2022 15:15:00.000,231.407,231.596,230.896,231.076,3.24e-06,234.01933452045938,0,0,,0,0
14.10.2022 15:20:00.000,231.097,231.937,231.076,231.836,3.3324e-06,233.8513857111933,0,0,,0,0
14.10.2022 15:25:00.000,231.827,232.077,231.537,231.916,3.3696e-06,233.70250988725536,0,0,,0,0
14.10.2022 15:30:00.000,231.917,231.937,231.296,231.536,3.5928e-06,233.53585528054342,0,0,,0,0
14.10.2022 15:35:00.000,231.536,231.837,231.146,231.756,3.4632e-06,233.39894333588626,0,0,,0,0
14.10.2022 15:40:00.000,231.746,231.956,230.916,231.187,3.3888e-06,233.2287938485104,0,0,,0,0
14.10.2022 15:45:00.000,231.187,231.207,230.276,230.436,3.1224e-06,233.01396355247115,0,0,,0,0
14.10.2022 15:50:00.000,230.436,230.777,229.866,230.247,2.9292e-06,232.80112020228106,0,0,,0,0
14.10.2022 15:55:00.000,230.247,230.567,230.066,230.206,2.838e-06,232.60149557133636,0,0,,0,0
14.10.2022 17:00:00.000,229.726,230.487,229.697,230.006,2.9424e-06,232.40184206584897,0,0,,0,0
14.10.2022 17:05:00.000,230.017,230.017,229.496,229.616,2.9616e-06,232.18754652232215,0,0,,0,0
14.10.2022 17:10:00.000,229.617,230.037,229.496,229.517,2.6724e-06,231.98211986675892,0,0,,0,0
14.10.2022 17:15:00.000,229.517,230.027,229.507,229.777,2.1948e-06,231.81249526162364,0,0,,0,0
14.10.2022 17:20:00.000,229.777,230.187,229.546,229.976,2.67e-06,231.67122639534492,0,0,,0,0
14.10.2022 17:25:00.000,229.976,230.237,229.646,230.176,2.7132e-06,231.5562089803184,0,0,,0,0
14.10.2022 17:30:00.000,230.176,230.507,229.966,230.297,2.67e-06,231.45934675106312,0,0,,0,0
14.10.2022 17:35:00.000,230.276,230.566,229.996,230.456,2.8428e-06,231.38216623175057,0,0,,0,0
14.10.2022 17:40:00.000,230.446,230.666,230.117,230.176,2.5152e-06,231.28938421392363,0,0,,0,0
14.10.2022 17:45:00.000,230.186,230.687,230.146,230.496,2.5716e-06,231.2283546590064,0,0,,0,0
14.10.2022 17:50:00.000,230.477,230.517,230.076,230.456,2.2728e-06,231.16894276215976,0,0,,0,0
14.10.2022 17:55:00.000,230.457,230.657,230.256,230.626,2.3016e-06,231.12717793430133,0,0,,0,0
14.10.2022 19:00:00.000,229.896,230.587,229.846,230.357,2.9232e-06,231.0679334778166,0,0,,0,0
14.10.2022 19:05:00.000,230.346,230.387,229.496,229.667,2.6748e-06,230.9601693641384,0,0,,0,0
14.10.2022 19:10:00.000,229.667,229.746,229.116,229.237,2.3256e-06,230.82761787458932,0,0,,0,0
14.10.2022 19:15:00.000,229.207,229.387,228.966,229.336,1.8228e-06,230.71287803808247,0,0,,0,0
14.10.2022 19:20:00.000,229.337,229.707,229.246,229.657,2.2488e-06,230.63165665053765,0,0,,0,0
14.10.2022 19:25:00.000,229.657,229.997,229.506,229.937,2.19e-06,230.57822152357323,1,0,,0,0
14.10.2022 19:30:00.000,229.906,230.276,229.476,230.276,2.7072e-06,230.55497371406761,1,0,,0,0
14.10.2022 19:35:00.000,230.286,230.476,229.797,230.007,2.6928e-06,230.51282188990857,1,0,,0,0
14.10.2022 19:40:00.000,230.016,230.057,229.716,230.006,2.616e-06,230.47383559068484,1,0,,0,0
14.10.2022 19:45:00.000,230.007,230.007,229.347,229.667,2.7528e-06,230.41177131447833,1,0,,0,0
14.10.2022 19:50:00.000,229.677,230.117,229.356,229.576,2.9868e-06,230.3474812133646,1,0,,0,0
14.10.2022 19:55:00.000,229.537,229.537,228.286,228.686,2.7264e-06,230.21967496618274,1,2,226.286,0,0
17.10.2022 13:30:00.000,235.867,237.217,235.867,236.777,2.5788,230.7240845841687,0,0,,0,0
17.10.2022 13:35:00.000,236.817,237.436,236.356,237.056,3.126,231.21115500077113,0,0,,0,0
17.10.2022 13:40:00.000,237.086,238.537,237.056,238.297,3.3624,231.7562200007118,0,0,,0,0
17.10.2022 13:45:00.000,238.287,238.717,237.816,238.717,3.0084000000000004,232.2916646160417,0,0,,0,0
17.10.2022 13:50:00.000,238.747,238.926,237.846,238.027,3.2676000000000003,232.73284426096157,0,1,240.926,0,0
17.10.2022 13:55:00.000,238.017,238.136,236.876,237.137,3.138,233.07162547165683,0,0,,0,0
17.10.2022 14:00:00.000,237.106,237.416,236.606,236.927,3.1944000000000004,233.36819274306788,0,0,,0,0
17.10.2022 14:05:00.000,236.897,237.137,236.557,236.716,3.0168,233.6257163782165,0,0,,0,0
17.10.2022 14:10:00.000,236.677,237.927,236.626,237.876,2.9436,233.95266127219986,0,0,,0,0
17.10.2022 14:15:00.000,237.907,238.037,237.066,237.166,3.0144,234.19984117433836,0,0,,0,0
17.10.2022 14:20:00.000,237.157,237.317,236.826,236.976,2.9028,234.41339185323542,0,0,,0,0
17.10.2022 14:25:00.000,236.966,237.137,236.766,236.966,2.4192,234.6097463260635,0,0,,0,0
17.10.2022 14:30:00.000,236.956,237.317,236.536,236.566,3.2568,234.76022737790476,0,0,,0,0
17.10.2022 14:35:00.000,236.557,237.307,236.557,237.137,3.048,234.94305604114285,0,0,,0,0
17.10.2022 14:40:00.000,237.136,237.346,236.856,236.997,2.6928,235.10105173028572,0,0,,0,0
17.10.2022 14:45:00.000,236.996,237.137,236.546,236.656,2.5776,235.22066313564835,0,0,,0,0
17.10.2022 14:50:00.000,236.627,236.657,235.587,235.807,3.276,235.26576597136773,0,0,,0,0
17.10.2022 14:55:00.000,235.796,235.967,235.416,235.866,2.8968,235.31193781972408,0,0,,0,0
17.10.2022 15:00:00.000,235.867,236.347,235.816,236.116,2.2176,235.3737887566684,0,0,,0,0
17.10.2022 15:05:00.000,236.127,236.157,235.516,235.596,2.4012,235.39088192923236,0,0,,0,0
17.10.2022 15:10:00.000,235.596,236.077,235.536,235.706,2.3592,235.41512178082988,0,0,,0,0
17.10.2022 15:15:00.000,235.687,235.687,235.106,235.367,2.3472,235.41142010538144,0,2,233.106,0,0
17.10.2022 15:20:00.000,235.366,236.347,235.226,236.316,2.6172,235.4810031741983,0,0,,0,0
17.10.2022 15:25:00.000,236.297,236.697,236.177,236.657,2.4192,235.57146446849075,0,0,,0,0
17.10.2022 15:30:00.000,236.656,236.707,236.397,236.496,2.2332,235.64258258629917,0,0,,0,0
17.10.2022 15:35:00.000,236.487,236.537,236.137,236.396,2.1684,235.70053777196847,0,0,,0,0
17.10.2022 15:40:00.000,236.367,236.837,236.366,236.516,2.3244,235.7632656356632,0,0,,0,0
17.10.2022 15:45:00.000,236.507,236.877,236.436,236.746,1.8948000000000005,235.83886058676606,0,0,,0,0
17.10.2022 15:50:00.000,236.746,237.437,236.726,237.366,1.9788,235.95633284932254,0,0,,0,0
17.10.2022 15:55:00.000,237.367,237.377,236.897,237.066,2.0724,236.04169186091312,0,0,,0,0
17.10.2022 16:00:00.000,237.066,237.217,236.646,236.747,2.136,236.09594633315058,0,0,,0,0
17.10.2022 16:05:00.000,236.767,237.217,236.556,237.036,1.8732,236.16825815367747,0,0,,0,0
17.10.2022 16:10:00.000,237.026,237.026,236.136,236.417,2.2056,236.18739214185615,0,0,,0,0
17.10.2022 16:15:00.000,236.417,236.556,236.126,236.177,1.956,236.18659274632876,0,0,,0,0
17.10.2022 16:20:00.000,236.177,236.537,236.096,236.406,2.1432,236.20347022738042,0,0,,0,0
17.10.2022 16:25:00.000,236.396,236.616,236.326,236.477,2.1072,236.2245109791204,0,0,,0,0
17.10.2022 16:30:00.000,236.476,236.977,236.396,236.896,1.9788,236.27616398072655,0,0,,0,0
17.10.2022 16:35:00.000,236.907,237.067,236.416,236.586,1.9668,236.29999752067067,0,0,,0,0
17.10.2022 16:40:00.000,236.597,236.627,235.886,236.117,2.0532,236.2859207883114,0,0,,0,0
17.10.2022 16:45:00.000,236.116,236.457,235.766,236.286,2.2212,236.2859268815182,0,0,,0,0
17.10.2022 16:50:00.000,236.276,236.467,236.146,236.446,2.0124,236.29824019832452,0,0,,0,0
17.10.2022 16:55:00.000,236.447,236.467,235.896,236.027,2.106,236.27737556768417,0,0,,0,0
17.10.2022 17:00:00.000,236.016,236.206,235.587,235.867,2.4864,236.24580821632387,0,0,,0,0
17.10.2022 17:05:00.000,235.866,236.386,235.846,236.167,2.2728,236.23974604583742,0,0,,0,0
17.10.2022 17:10:00.000,236.166,236.357,236.026,236.147,1.5588000000000002,236.23261173461918,0,0,,0,0
17.10.2022 17:15:00.000,236.146,236.486,235.926,236.017,1.7676,236.21602621657155,0,0,,0,0
17.10.2022 17:20:00.000,236.007,236.747,235.896,236.706,1.842,236.2537165076045,0,0,,0,0
17.10.2022 17:25:00.000,236.696,236.737,236.327,236.477,1.7339999999999998,236.2708921608657,0,0,,0,0
17.10.2022 17:30:00.000,236.487,236.716,236.386,236.597,1.8468,236.29597737926065,0,0,,0,0
17.10.2022 17:35:00.000,236.597,236.976,236.516,236.967,1.4604,236.34759450393292,0,0,,0,0
17.10.2022 17:40:00.000,236.967,237.057,236.856,236.866,1.3512000000000002,236.38747184978425,0,0,,0,0
17.10.2022 17:45:00.000,236.867,237.457,236.816,237.317,1.5648,236.45897401518548,0,0,,0,0
17.10.2022 17:50:00.000,237.317,237.497,237.246,237.457,1.3104,236.53574524478663,0,0,,0,0
17.10.2022 17:55:00.000,237.466,237.547,237.256,237.457,1.4639999999999995,236.60661099518768,0,0,,0,0
17.10.2022 18:00:00.000,237.466,237.787,237.027,237.336,1.8528,236.6627178417117,0,0,,0,0
17.10.2022 18:05:00.000,237.337,237.667,237.236,237.667,1.4148,236.73997031542618,0,0,,0,0
17.10.2022 18:10:00.000,237.676,237.947,237.637,237.767,1.506,236.81897259885494,0,0,,0,0
17.10.2022 18:15:00.000,237.756,237.787,237.556,237.766,1.3944,236.89182086048152,0,0,,0,0
17.10.2022 18:20:00.000,237.766,237.767,237.396,237.596,1.6884,236.94598848659834,0,0,,0,0
17.10.2022 18:25:00.000,237.597,237.847,237.296,237.697,2.0316,237.00375860301386,0,0,,0,0
17.10.2022 18:30:00.000,237.707,237.727,237.346,237.416,1.8204,237.0354694797051,0,0,,0,0
17.10.2022 18:35:00.000,237.406,237.877,237.386,237.857,1.7592,237.09866413511241,0,0,,0,0
17.10.2022 18:40:00.000,237.857,237.997,237.766,237.887,1.5276,237.1593053554884,0,1,239.997,0,0
17.10.2022 18:45:00.000,237.866,237.957,237.686,237.826,1.4484,237.21058955891237,0,0,,0,0
17.10.2022 18:50:00.000,237.826,237.837,237.526,237.597,1.2215999999999998,237.24031343899605,0,0,,0,0
17.10.2022 18:55:00.000,237.596,237.637,237.307,237.407,1.5252,237.2531354821502,0,0,,0,0
17.10.2022 19:00:00.000,237.387,237.426,236.827,236.986,2.292,237.23258659890791,0,0,,0,0
17.10.2022 19:05:00.000,237.006,237.187,236.886,236.926,2.0244,237.20900301437655,0,0,,0,0
17.10.2022 19:10:00.000,236.916,237.127,236.746,237.026,1.9128,237.19492585942453,0,0,,0,0
17.10.2022 19:15:00.000,237.027,237.167,236.726,237.056,1.9644,237.18423925485342,0,0,,0,0
17.10.2022 19:20:00.000,237.046,237.277,236.736,237.237,2.2308000000000003,237.18829777371087,0,0,,0,0
17.10.2022 19:25:00.000,237.227,237.276,237.066,237.216,1.8564,237.19042871419467,0,0,,0,0
17.10.2022 19:30:00.000,237.216,237.517,237.066,237.307,2.0232,237.19939573617972,0,0,,0,0
17.10.2022 19:35:00.000,237.287,237.337,237.037,237.146,1.9008,237.1952883718582,0,0,,0,0
17.10.2022 19:40:00.000,237.136,237.547,236.996,237.457,1.9812,237.21542003556144,0,0,,0,0
17.10.2022 19:45:00.000,237.446,237.577,237.246,237.477,1.6536000000000002,237.23554157128748,0,0,,0,0
17.10.2022 19:50:00.000,237.487,237.926,237.487,237.737,2.0916,237.2741152965731,0,0,,0,0
17.10.2022 19:55:00.000,237.737,237.737,236.926,237.286,1.9548,237.27502950452902,0,0,,0,0
18.10.2022 15:20:00.000,237.367,237.506,236.166,236.287,2.436e-06,237.19902723494988,0,0,,0,0
18.10.2022 15:25:00.000,236.236,236.617,235.947,236.536,2.7096e-06,237.14802513995375,0,0,,0,0
18.10.2022 15:30:00.000,236.537,236.717,236.166,236.497,2.7624e-06,237.09794628303422,0,0,,0,0
18.10.2022 15:35:00.000,236.517,236.617,235.356,235.737,3.1008e-06,236.9932581074162,0,2,233.356,0,0
18.10.2022 15:40:00.000,235.747,236.007,235.356,235.977,2.8188e-06,236.91508440684575,0,2,233.356,0,0
18.10.2022 15:45:00.000,235.976,236.797,235.836,236.707,2.8608e-06,236.89907791401149,0,0,,0,0
18.10.2022 15:50:00.000,236.727,237.166,236.616,237.047,2.1048e-06,236.9104565360106,0,0,,0,0
18.10.2022 15:55:00.000,237.056,237.307,236.797,237.216,2.34e-06,236.93395987939442,0,0,,0,0
18.10.2022 17:00:00.000,238.096,238.336,236.876,236.977,3.2988e-06,236.93727065790256,0,0,,0,0
18.10.2022 17:05:00.000,236.976,237.766,236.906,237.396,2.946e-06,236.9725575303716,0,0,,0,0
18.10.2022 17:10:00.000,237.396,238.057,237.296,237.996,2.6064e-06,237.05128387418918,0,0,,0,0
18.10.2022 17:15:00.000,237.996,238.037,237.686,237.797,2.3364e-06,237.10864665309774,0,0,,0,0
18.10.2022 17:20:00.000,237.796,238.037,237.396,237.846,2.4564e-06,237.16536614132102,0,0,,0,0
18.10.2022 17:25:00.000,237.857,238.397,237.797,238.177,2.5356e-06,237.24318413045017,0,0,,0,0
18.10.2022 17:30:00.000,238.216,239.006,238.016,238.946,2.3292e-06,237.3741699665694,0,0,,0,0
18.10.2022 17:35:00.000,238.977,238.987,238.656,238.917,2.016e-06,237.49284919991024,0,0,,0,0
18.10.2022 17:40:00.000,238.906,239.087,238.797,238.947,1.8912e-06,237.60470695376333,0,0,,0,0
18.10.2022 17:45:00.000,238.916,239.036,238.286,238.946,1.9908e-06,237.70788334193537,0,0,,0,0
18.10.2022 17:50:00.000,238.947,239.136,238.766,239.027,2.0412e-06,237.80935385409418,0,0,,0,0
18.10.2022 17:55:00.000,239.026,239.246,238.896,239.027,1.9632e-06,237.90301894224078,0,1,241.246,0,0
18.10.2022 19:00:00.000,237.427,237.477,236.717,236.966,2.5824e-06,237.83094056206843,0,0,,0,0
18.10.2022 19:05:00.000,236.976,237.357,236.886,236.927,2.3832e-06,237.7614066726786,0,0,,0,0
18.10.2022 19:10:00.000,236.887,237.176,236.566,236.797,2.214e-06,237.687221544011,0,0,,0,0
18.10.2022 19:15:00.000,236.757,237.297,236.666,237.177,2.4012e-06,237.64797373293325,0,0,,0,0
18.10.2022 19:20:00.000,237.176,237.727,236.997,237.627,2.4924e-06,237.64636036886148,0,0,,0,0
18.10.2022 19:25:00.000,237.647,238.016,237.446,237.876,2.3172e-06,237.66402495587215,0,0,,0,0
18.10.2022 19:30:00.000,237.887,238.957,237.786,238.587,2.9244e-06,237.7350230361897,0,0,,0,0
18.10.2022 19:35:00.000,238.597,238.657,238.107,238.417,2.5824e-06,237.78748280263665,0,0,,0,0
18.10.2022 19:40:00.000,238.417,238.937,238.326,238.777,2.658e-06,237.86359951012614,0,0,,0,0
18.10.2022 19:45:00.000,238.746,238.807,238.416,238.606,2.4744e-06,237.92070724011643,0,0,,0,0
18.10.2022 19:50:00.000,238.587,239.226,238.116,238.136,2.6268e-06,237.93726822164595,0,0,,0,0
18.10.2022 19:55:00.000,238.137,238.546,237.816,238.486,2.3604e-06,237.97947835844244,0,0,,0,0
19.10.2022 13:30:00.000,236.797,238.127,236.607,238.127,1.8036,237.9908261770238,0,0,,0,0
19.10.2022 13:35:00.000,238.117,238.547,237.676,237.916,1.9728,237.98507031725273,0,0,,0,0
19.10.2022 13:40:00.000,237.907,238.147,236.527,237.807,2.1060000000000003,237.97137260054097,0,2,234.527,0,0
19.10.2022 13:45:00.000,237.806,238.037,236.946,237.047,1.9044,237.900267015884,0,0,,0,0
19.10.2022 13:50:00.000,237.017,238.407,237.006,237.977,1.95,237.9061695531237,0,0,,0,0
19.10.2022 13:55:00.000,237.986,238.166,236.926,237.156,2.0568,237.84846420288343,0,0,,0,0
19.10.2022 14:00:00.000,237.147,237.477,236.726,237.397,2.1576,237.81373618727704,0,0,,0,0
19.10.2022 14:05:00.000,237.396,238.177,237.346,237.887,2.004,237.81937186517882,0,0,,0,0
19.10.2022 14:10:00.000,237.887,238.477,237.547,238.317,1.8552,237.85765095247277,0,0,,0,0
19.10.2022 14:15:00.000,238.317,239.067,238.317,238.786,1.656,237.92906241766718,0,0,,0,0
19.10.2022 14:20:00.000,238.786,239.576,238.736,239.197,1.6656000000000002,238.02659607784665,0,1,241.576,0,0
19.10.2022 14:25:00.000,239.186,239.347,238.856,239.127,1.4604,238.1112425333969,0,0,,0,0
19.10.2022 14:30:00.000,239.146,239.447,238.736,238.866,2.2536,238.1693008000587,0,0,,0,0
19.10.2022 14:35:00.000,238.866,238.996,238.576,238.776,2.6028,238.21596996928497,0,0,,0,0
19.10.2022 14:40:00.000,238.806,238.837,237.967,238.207,2.8008,238.21527997164767,0,0,,0,0
19.10.2022 14:45:00.000,238.217,238.687,237.966,238.176,3.126,238.2122584353671,0,0,,0,0
19.10.2022 14:50:00.000,238.186,238.537,237.637,237.687,3.048,238.17185394033888,0,0,,0,0
19.10.2022 14:55:00.000,237.676,237.856,237.356,237.767,3.0444000000000004,238.1407113295436,0,0,,0,0
19.10.2022 15:00:00.000,237.767,238.136,237.347,237.526,3.1992000000000003,238.09342584265565,0,0,,0,0
19.10.2022 15:05:00.000,237.526,238.136,237.526,237.946,2.946,238.0820853932206,0,0,,0,0
19.10.2022 15:10:00.000,237.946,238.317,237.736,237.887,2.9688,238.06707882451136,0,0,,0,0
19.10.2022 15:15:00.000,237.876,238.246,237.696,238.007,3.0048,238.06245737647203,0,0,,0,0
19.10.2022 15:20:00.000,237.996,238.107,237.506,237.537,2.7276,238.0220375782819,0,0,,0,0
19.10.2022 15:25:00.000,237.537,237.576,236.746,236.856,2.8116000000000003,237.93234237995253,0,0,,0,0
19.10.2022 15:30:00.000,236.867,237.167,236.506,236.996,3.0216000000000003,237.8603160430331,0,0,,0,0
19.10.2022 15:35:00.000,236.986,237.507,236.506,237.476,3.0612,237.83075327049212,0,0,,0,0
19.10.2022 15:40:00.000,237.487,237.527,236.736,236.887,2.3520000000000003,237.75815686506965,0,0,,0,0
19.10.2022 15:45:00.000,236.886,237.247,236.827,237.166,2.4972,237.7126063369874,0,0,,0,0
19.10.2022 15:50:00.000,237.167,237.827,237.036,237.586,2.4396,237.70286738798836,0,0,,0,0
19.10.2022 15:55:00.000,237.587,237.957,237.276,237.327,2.2668,237.67395451198925,0,0,,0,0
19.10.2022 16:00:00.000,237.326,237.377,236.917,237.147,2.5008,237.63341954952855,0,0,,0,0
19.10.2022 16:05:00.000,237.147,237.306,236.696,236.986,2.8596000000000004,237.58361804571868,0,0,,0,0
19.10.2022 16:10:00.000,236.986,237.247,236.776,236.957,2.8032,237.5354166575865,0,0,,0,0
19.10.2022 16:15:00.000,236.957,237.257,236.736,237.237,2.4324,237.51246153007986,0,0,,0,0
19.10.2022 16:20:00.000,237.236,237.297,236.846,236.977,2.1468,237.4712721816122,0,0,,0,0
19.10.2022 16:25:00.000,236.966,237.047,236.486,236.647,2.5008,237.4078666291805,0,0,,0,0
19.10.2022 16:30:00.000,236.646,237.006,236.516,236.736,2.4504,237.356184580782,0,0,,0,0
19.10.2022 16:35:00.000,236.717,236.996,236.396,236.487,2.0676,237.2893242284142,0,0,,0,0
19.10.2022 16:40:00.000,236.487,236.527,235.736,235.926,2.676,237.18445313392078,0,0,,0,0
19.10.2022 16:45:00.000,235.927,235.987,235.336,235.477,2.6256,237.05311058515764,0,0,,0,0
19.10.2022 16:50:00.000,235.477,235.917,235.436,235.726,2.5656000000000003,236.95102515553015,0,0,,0,0
19.10.2022 16:55:00.000,235.716,235.827,235.446,235.687,2.3964,236.8537924512586,0,0,,0,0
19.10.2022 17:00:00.000,235.676,235.837,234.496,234.586,3.0948,236.67934687808489,0,0,,0,0
19.10.2022 17:05:00.000,234.596,235.026,234.256,234.816,3.2472000000000003,236.5360125028476,0,2,232.256,0,0
19.10.2022 17:10:00.000,234.817,235.057,234.627,234.946,2.874,236.41370384878243,0,0,,0,0
19.10.2022 17:15:00.000,234.946,235.087,234.756,234.937,2.9928,236.30011124502997,0,0,,0,0
19.10.2022 17:20:00.000,234.936,235.217,234.766,235.067,2.8632,236.20525653387384,0,0,,0,0
19.10.2022 17:25:00.000,235.056,235.477,235.007,235.086,2.3916,236.11915987742202,1,0,,0,0
19.10.2022 17:30:00.000,235.086,235.317,234.896,234.957,2.4960000000000004,236.02976296377417,1,0,,0,0
19.10.2022 17:35:00.000,234.926,235.167,234.666,234.686,2.2968,235.9263965819454,1,0,,0,0
19.10.2022 17:40:00.000,234.687,235.047,234.516,234.957,2.4888,235.85182761410346,1,0,,0,0
19.10.2022 17:45:00.000,234.956,235.066,234.516,234.586,2.3784,235.75445625917243,1,0,,0,0
19.10.2022 17:50:00.000,234.607,235.116,234.496,235.096,2.3532,235.70380577769765,1,0,,0,0
19.10.2022 17:55:00.000,235.106,235.246,234.866,235.156,2.2104,235.6616668717209,1,0,,0,0
19.10.2022 18:00:00.000,235.136,235.676,234.797,235.536,2.8956,235.65200018928087,1,0,,0,0
19.10.2022 18:05:00.000,235.526,236.157,235.316,235.797,2.778,235.66315402087466,0,0,,0,0
19.10.2022 18:10:00.000,235.817,236.037,235.616,235.946,2.3232,235.6849114038843,0,0,,0,0
19.10.2022 18:15:00.000,235.947,236.187,235.756,235.787,2.3508,235.6927643728163,0,0,,0,0
19.10.2022 18:20:00.000,235.797,236.017,235.746,236.016,2.1132,235.71762865183047,0,0,,0,0
19.10.2022 18:25:00.000,235.996,236.216,235.757,236.116,2.2164,235.74827260168968,0,0,,0,0
19.10.2022 18:30:00.000,236.126,236.126,235.786,235.997,2.1144,235.7674054784828,0,0,,0,0
19.10.2022 18:35:00.000,236.007,236.067,235.606,235.647,1.9284,235.75814351859952,0,0,,0,0
19.10.2022 18:40:00.000,235.647,235.787,235.316,235.446,2.2788,235.73413247870727,0,0,,0,0
19.10.2022 18:45:00.000,235.446,235.577,235.076,235.266,2.2692,235.6981222880375,0,0,,0,0
19.10.2022 18:50:00.000,235.267,235.297,235.056,235.176,1.794,235.65795903511156,0,0,,0,0
19.10.2022 18:55:00.000,235.166,235.227,234.777,234.807,1.8804,235.5925006477953,0,0,,0,0
19.10.2022 19:00:00.000,234.816,235.366,234.636,234.926,2.478,235.54123136719568,0,0,,0,0
19.10.2022 19:05:00.000,234.926,235.316,234.636,235.306,2.3448,235.52313664664217,0,0,,0,0
19.10.2022 19:10:00.000,235.317,235.577,235.157,235.347,2.3424,235.50958767382355,0,0,,0,0
19.10.2022 19:15:00.000,235.346,236.066,235.246,235.826,2.7,235.53392708352945,0,0,,0,0
19.10.2022 19:20:00.000,235.827,235.987,235.487,235.546,2.106,235.5348557694118,0,0,,0,0
19.10.2022 19:25:00.000,235.536,235.857,235.296,235.456,2.2128,235.5287899409955,0,0,,0,0
19.10.2022 19:30:00.000,235.466,235.656,235.236,235.627,2.3688,235.53634456091893,0,0,,0,0
19.10.2022 19:35:00.000,235.627,235.857,235.427,235.607,2.4468,235.54177959469442,0,0,,0,0
19.10.2022 19:40:00.000,235.607,235.967,235.576,235.866,2.4168,235.5667196258718,0,0,,0,0
19.10.2022 19:45:00.000,235.846,235.966,235.437,235.707,2.2908,235.57751042388168,0,0,,0,0
19.10.2022 19:50:00.000,235.707,236.226,235.526,236.166,2.5776,235.6227788528139,0,0,,0,0
19.10.2022 19:55:00.000,236.186,236.587,236.047,236.467,2.6208,235.687718941059,0,0,,0,0
20.10.2022 13:30:00.000,236.436,237.577,236.237,236.556,2.0088e-06,235.75450979174678,0,0,,0,0
20.10.2022 13:35:00.000,236.537,236.577,235.676,236.007,3.4692e-06,235.7739321154586,0,0,,0,0
20.10.2022 13:40:00.000,236.006,237.836,235.886,237.726,3.534e-06,235.92409118350025,0,0,,0,0
20.10.2022 13:45:00.000,237.746,238.637,237.477,238.476,3.3384e-06,236.12039186169255,0,0,,0,0
20.10.2022 13:50:00.000,238.487,239.327,238.197,238.976,3.03e-06,236.34005402617777,0,0,,0,0
20.10.2022 13:55:00.000,238.976,239.177,238.706,238.866,2.6736e-06,236.53435756262564,0,0,,0,0
20.10.2022 14:00:00.000,238.876,239.447,238.506,239.407,3.2484e-06,236.7553300578083,0,0,,0,0
20.10.2022 14:05:00.000,239.427,240.237,239.347,240.027,3.0456e-06,237.00699697643844,0,0,,0,0
20.10.2022 14:10:00.000,240.036,240.537,239.556,239.706,2.5248e-06,237.2146125936355,0,0,,0,0
20.10.2022 14:15:00.000,239.707,240.806,239.676,240.676,3.0168e-06,237.48087316335588,0,0,,0,0
20.10.2022 14:20:00.000,240.677,241.257,240.677,240.746,2.5128e-06,237.73203676617467,0,0,,0,0
20.10.2022 14:25:00.000,240.757,241.126,240.516,241.016,2.1264e-06,237.9846493226228,0,0,,0,0
20.10.2022 14:30:00.000,241.007,241.286,239.726,240.156,2.2416e-06,238.15167629780566,0,1,243.286,0,0
20.10.2022 14:35:00.000,240.136,240.376,239.967,240.247,1.6704e-06,238.31285504412833,0,0,,0,0
20.10.2022 14:40:00.000,240.256,240.297,239.736,240.056,2.0112e-06,238.44694311765693,0,0,,0,0
20.10.2022 14:45:00.000,240.057,240.287,239.896,239.956,2.0124e-06,238.5630244162987,0,0,,0,0
20.10.2022 14:50:00.000,239.957,240.087,239.496,239.496,1.8312e-06,238.63479176889112,0,0,,0,0
20.10.2022 14:55:00.000,239.497,240.547,239.497,240.347,1.6704e-06,238.76650009436105,0,0,,0,0
20.10.2022 15:00:00.000,240.386,240.557,239.737,239.756,1.626e-06,238.84261547171792,0,0,,0,0
20.10.2022 15:05:00.000,239.746,240.016,239.606,239.937,1.29e-06,238.9267988969704,0,0,,0,0
20.10.2022 15:10:00.000,239.937,240.047,239.636,239.806,1.188e-06,238.99442975104964,0,0,,0,0
20.10.2022 15:15:00.000,239.807,239.867,239.336,239.437,1.56e-06,239.02847361635352,0,0,,0,0
20.10.2022 15:20:00.000,239.426,239.616,239.186,239.516,1.3644e-06,239.0659756458648,0,0,,0,0
20.10.2022 15:25:00.000,239.527,239.647,238.846,239.227,1.74e-06,239.07836213464444,0,0,,0,0
20.10.2022 15:30:00.000,239.177,239.907,239.177,239.806,1.6164e-06,239.13433427813337,0,0,,0,0
20.10.2022 15:35:00.000,239.826,240.287,239.667,239.857,1.1448e-06,239.1899239490462,2,0,,0,0
20.10.2022 15:40:00.000,239.857,240.077,239.716,239.747,1.1472e-06,239.23277595296577,2,0,,0,0
20.10.2022 15:45:00.000,239.746,239.957,239.496,239.937,1.08e-06,239.2869470335069,2,0,,0,0
20.10.2022 15:50:00.000,239.926,240.207,239.817,239.936,1.164e-06,239.3368741847756,2,0,,0,0
20.10.2022 15:55:00.000,239.937,239.957,239.416,239.606,1.3764e-06,239.3575761705621,2,0,,0,0
20.10.2022 16:00:00.000,239.606,239.637,238.976,239.107,1.3632e-06,239.3383010805189,0,0,,0,0
20.10.2022 16:05:00.000,239.107,239.206,238.196,238.377,1.4832e-06,239.26435484355594,0,0,,0,0
20.10.2022 16:10:00.000,238.397,238.677,238.096,238.456,1.53e-06,239.20217370174393,0,0,,0,0
20.10.2022 16:15:00.000,238.456,238.906,238.336,238.477,1.4484e-06,239.1463911093021,0,0,,0,0
20.10.2022 16:20:00.000,238.457,238.526,237.846,237.987,1.5936e-06,239.05720717781733,0,0,,0,0
20.10.2022 16:25:00.000,238.006,238.017,237.306,237.636,1.638e-06,238.94788354875448,0,0,,0,0
20.10.2022 16:30:00.000,237.637,237.967,237.436,237.507,1.5552e-06,238.83704635269646,0,0,,0,0
20.10.2022 16:35:00.000,237.486,237.717,237.047,237.247,1.3668e-06,238.71473509479674,0,0,,0,0
20.10.2022 16:40:00.000,237.246,237.587,237.146,237.247,1.4028e-06,238.601832395197,0,0,,0,0
20.10.2022 16:45:00.000,237.277,237.396,236.856,237.356,1.5876e-06,238.505999134028,0,0,,0,0
20.10.2022 16:50:00.000,237.356,237.657,237.246,237.536,1.5816e-06,238.43138381602586,0,0,,0,0
20.10.2022 16:55:00.000,237.526,238.016,237.476,237.897,1.3476e-06,238.3902773686393,0,0,,0,0
20.10.2022 17:00:00.000,237.907,238.137,237.646,238.027,1.0896e-06,238.36233295566706,0,0,,0,0
20.10.2022 17:05:00.000,238.067,238.096,236.686,236.887,1.8768e-06,238.24884580523113,0,0,,0,0
20.10.2022 17:10:00.000,236.886,237.456,236.766,237.127,1.5228e-06,238.16254997405952,0,0,,0,0
20.10.2022 17:15:00.000,237.126,237.137,236.736,236.997,1.2156e-06,238.07289228374725,0,0,,0,0
20.10.2022 17:20:00.000,236.997,237.407,236.776,236.796,1.4484e-06,237.97466980038212,0,0,,0,0
20.10.2022 17:25:00.000,236.797,237.237,236.796,237.076,1.2768e-06,237.9055413541989,0,0,,0,0
20.10.2022 17:30:00.000,237.096,237.127,236.557,236.667,1.1448e-06,237.81026894233747,0,0,,0,0
20.10.2022 17:35:00.000,236.677,237.007,236.597,236.727,1.1184e-06,237.7269405621577,0,0,,0,0
20.10.2022 17:40:00.000,236.726,236.737,236.166,236.376,1.4532e-06,237.62302205737635,0,0,,0,0
20.10.2022 17:45:00.000,236.376,236.537,235.716,235.837,1.5672e-06,237.48563574527049,0,0,,0,0
20.10.2022 17:50:00.000,235.837,235.997,235.526,235.676,1.6296e-06,237.34643299563433,0,0,,0,0
20.10.2022 17:55:00.000,235.667,235.967,235.316,235.916,1.4664e-06,237.23639968827786,0,0,,0,0
21.10.2022 13:30:00.000,235.126,236.307,234.526,235.587,3.5436,237.10952278917958,0,2,232.526,0,0
21.10.2022 13:35:00.000,235.587,236.197,234.896,236.097,4.128,237.03163642078118,0,0,,0,0
21.10.2022 13:40:00.000,236.086,236.446,235.036,236.367,4.1472,236.98051054225957,0,0,,0,0
21.10.2022 13:45:00.000,236.336,237.146,235.617,236.376,3.9924,236.93400973131654,0,0,,0,0
21.10.2022 13:50:00.000,236.376,237.817,235.836,237.437,3.7128,236.97270129044605,0,0,,0,0
21.10.2022 13:55:00.000,237.387,237.976,236.686,237.947,3.024,237.04764734502714,0,0,,0,0
21.10.2022 14:00:00.000,237.946,238.146,237.246,237.717,3.0732,237.0991360107943,0,0,,0,0
21.10.2022 14:05:00.000,237.676,238.706,237.546,237.986,3.0288,237.1673563176563,0,1,240.706,0,0
21.10.2022 14:10:00.000,237.987,238.367,237.557,238.337,2.7192000000000003,237.2573289086058,0,0,,0,0
21.10.2022 14:15:00.000,238.357,238.507,237.546,238.027,2.6808,237.3165343771746,0,0,,0,0
21.10.2022 14:20:00.000,238.027,238.296,236.927,237.056,2.8008,237.2964932712381,0,0,,0,0
21.10.2022 14:25:00.000,237.056,237.226,236.756,236.887,2.8236,237.26499378883517,0,0,,0,0
21.10.2022 14:30:00.000,236.906,237.566,236.736,236.756,3.0612,237.22584042046324,0,0,,0,0
21.10.2022 14:35:00.000,236.767,236.987,236.216,236.677,3.6768,237.18362192658148,0,0,,0,0
21.10.2022 14:40:00.000,236.676,237.327,236.506,237.027,3.5772000000000004,237.17157408607522,0,0,,0,0
21.10.2022 14:45:00.000,236.986,237.546,236.726,237.397,3.5556,237.18891454099253,0,0,,0,0
21.10.2022 14:50:00.000,237.366,237.676,237.007,237.137,3.4692,237.18492111476235,0,0,,0,0
21.10.2022 14:55:00.000,237.147,237.266,235.866,235.946,3.3024,237.08961949054986,0,0,,0,0
21.10.2022 15:00:00.000,235.936,236.086,235.066,235.456,3.06,236.96395645281527,0,0,,0,0
21.10.2022 15:05:00.000,235.476,235.927,235.336,235.777,3.3696,236.87265211029103,0,0,,0,0
21.10.2022 15:10:00.000,235.776,236.317,235.436,235.657,3.5556,236.77914040949943,0,0,,0,0
21.10.2022 15:15:00.000,235.646,236.197,235.486,235.756,3.2436,236.70043730107642,0,0,,0,0
21.10.2022 15:20:00.000,235.756,236.427,235.326,235.897,3.114,236.63863443176288,0,0,,0,0
21.10.2022 15:25:00.000,235.896,236.787,235.896,236.486,3.0684,236.62689332162728,0,0,,0,0
21.10.2022 15:30:00.000,236.487,237.367,236.366,236.867,2.8728,236.6453630661175,0,0,,0,0
21.10.2022 15:35:00.000,236.897,237.026,236.237,236.386,2.7396,236.62541206103157,0,0,,0,0
21.10.2022 15:40:00.000,236.397,237.847,236.256,237.626,2.9484000000000004,236.70238036402918,0,0,,0,0
21.10.2022 15:45:00.000,237.606,238.027,237.306,237.987,3.3936,236.80119725910387,0,0,,0,0
21.10.2022 15:50:00.000,238.006,238.306,237.546,238.027,3.1956,236.89548977763437,0,0,,0,0
21.10.2022 15:55:00.000,238.067,238.936,237.857,238.896,3.3264000000000005,237.0493751793548,0,0,,0,0
21.10.2022 16:00:00.000,238.917,239.737,238.916,239.467,3.1476,237.23534631940444,0,0,,0,0
21.10.2022 16:05:00.000,239.457,239.466,238.806,238.826,2.7516000000000003,237.3577042948349,0,0,,0,0
21.10.2022 16:10:00.000,238.847,238.926,238.196,238.846,2.8416,237.4721885798476,0,0,,0,0
21.10.2022 16:15:00.000,238.807,238.887,238.166,238.276,3.0696,237.53402022755165,0,0,,0,0
21.10.2022 16:20:00.000,238.266,238.747,238.086,238.666,3.1488000000000005,237.62109559466307,0,0,,0,0
21.10.2022 16:25:00.000,238.657,238.827,237.886,237.987,3.2388,237.6492420873813,0,0,,0,0
21.10.2022 16:30:00.000,237.986,238.737,237.856,238.626,3.2472,237.72437731142892,0,0,,0,0
21.10.2022 16:35:00.000,238.626,239.186,238.156,238.376,2.7672000000000003,237.77450213362673,0,0,,0,0
21.10.2022 16:40:00.000,238.337,239.006,238.316,238.876,2.454,237.85923273873237,0,0,,0,0
21.10.2022 16:45:00.000,238.867,239.547,238.806,239.336,2.4384,237.97283022036837,0,0,,0,0
21.10.2022 16:50:00.000,239.297,239.777,239.296,239.517,1.7448,238.09161251110928,0,0,,0,0
21.10.2022 16:55:00.000,239.557,239.596,238.946,239.146,1.806,238.17271924102397,0,0,,0,0
21.10.2022 17:00:00.000,239.176,239.767,239.087,239.696,1.95,238.28989468402216,0,0,,0,0
21.10.2022 17:05:00.000,239.676,239.817,239.246,239.366,2.076,238.3726720160205,0,0,,0,0
21.10.2022 17:10:00.000,239.386,239.627,239.306,239.567,1.8372,238.46454339940354,0,0,,0,0
21.10.2022 17:15:00.000,239.587,240.087,239.336,239.947,1.842,238.57857852252636,0,0,,0,0
21.10.2022 17:20:00.000,239.956,240.237,239.426,239.517,1.758,238.65076479002434,0,0,,0,0
21.10.2022 17:25:00.000,239.516,240.057,239.426,239.826,1.662,238.741167498484,0,0,,0,0
21.10.2022 17:30:00.000,239.846,240.667,239.826,240.017,1.9392,238.8393084601391,0,0,,0,0
21.10.2022 17:35:00.000,240.016,240.237,239.816,240.096,1.6992,238.93597704012842,0,0,,0,0
21.10.2022 17:40:00.000,240.096,240.706,240.086,240.397,1.6992,239.04836342165703,0,0,,0,0
21.10.2022 17:45:00.000,240.407,240.747,240.386,240.706,1.7016,239.17587392768343,0,0,,0,0
21.10.2022 17:50:00.000,240.756,241.077,240.666,240.866,1.6632000000000002,239.30588362555395,0,0,,0,0
21.10.2022 17:55:00.000,240.876,241.157,240.826,241.007,1.4484,239.43673873128057,0,0,,0,0
21.10.2022 18:00:00.000,241.027,241.317,240.976,241.226,1.2624000000000002,239.57437421348976,0,0,,0,0
21.10.2022 18:05:00.000,241.227,241.846,241.216,241.737,1.8468,239.74073004322133,0,0,,0,0
21.10.2022 18:10:00.000,241.767,241.976,241.436,241.467,1.5432,239.87352003989662,0,0,,0,0
21.10.2022 18:15:00.000,241.436,241.607,240.796,240.986,1.8972,239.95909542144304,2,0,,0,0
21.10.2022 18:20:00.000,241.007,241.257,240.856,240.897,1.572,240.0312419274859,2,0,,0,0
21.10.2022 18:25:00.000,240.887,241.047,240.626,241.007,1.5852,240.10630024075624,2,0,,0,0
21.10.2022 18:30:00.000,240.996,241.457,240.996,241.146,1.818,240.18627714531348,2,0,,0,0
21.10.2022 18:35:00.000,241.147,241.227,240.727,241.086,1.89,240.255486595674,2,0,,0,0
21.10.2022 18:40:00.000,241.087,241.277,240.716,240.757,2.022,240.29406454985295,2,0,,0,0
21.10.2022 18:45:00.000,240.756,240.937,240.577,240.907,2.046,240.34121343063353,2,0,,0,0
21.10.2022 18:50:00.000,240.937,241.017,240.506,240.526,2.0064,240.3554277821233,2,0,,0,0
21.10.2022 18:55:00.000,240.556,241.117,240.526,241.076,1.8972,240.41085641426764,2,0,,0,0
21.10.2022 19:00:00.000,241.107,241.576,240.986,241.397,2.088,240.48671361317014,2,0,,0,0
21.10.2022 19:05:00.000,241.426,241.457,241.136,241.277,1.8648,240.54750487369552,2,0,,0,0
21.10.2022 19:10:00.000,241.266,241.906,241.126,241.877,1.6067999999999998,240.6497737295651,2,0,,0,0
21.10.2022 19:15:00.000,241.866,242.177,241.736,242.037,1.4784000000000002,240.7564834426755,2,0,,0,0
21.10.2022 19:20:00.000,242.067,242.157,241.856,242.156,1.35,240.8641385624697,2,0,,0,0
21.10.2022 19:25:00.000,242.176,242.427,242.107,242.366,1.4508,240.97966636535665,2,0,,0,0
21.10.2022 19:30:00.000,242.367,242.547,241.887,242.067,1.6728,241.0633074141754,2,0,,0,0
21.10.2022 19:35:00.000,242.056,242.317,241.847,242.296,1.7016,241.1581299207773,2,0,,0,0
21.10.2022 19:40:00.000,242.287,242.627,242.196,242.456,1.5324,241.25796608071752,2,0,,0,0
21.10.2022 19:45:00.000,242.447,242.507,242.136,242.346,1.7568,241.34166099758542,2,0,,0,0
21.10.2022 19:50:00.000,242.317,242.847,242.227,242.537,1.7772,241.43361015161733,2,0,,0,0
21.10.2022 19:55:00.000,242.516,242.516,241.886,241.977,1.9152,241.4754093707237,2,0,,0,0
24.10.2022 13:30:00.000,242.997,243.717,241.646,241.747,1.8216e-06,241.4963009575911,2,0,,0,0
24.10.2022 13:35:00.000,241.697,244.936,241.696,243.737,2.5908e-06,241.6686624223918,2,0,,0,0
24.10.2022 13:40:00.000,243.726,243.886,243.096,243.727,1.6896e-06,241.8269960822078,2,0,,0,0
24.10.2022 13:45:00.000,243.767,245.597,243.767,244.706,1.7556e-06,242.04845792203798,2,0,,0,0
24.10.2022 13:50:00.000,244.717,245.667,244.346,245.477,2.814e-06,242.31219192803508,2,1,247.667,0,0
24.10.2022 13:55:00.000,245.527,245.586,244.156,244.606,2.898e-06,242.48863870280164,2,0,,0,0
24.10.2022 14:00:00.000,244.577,244.637,242.816,242.827,3.1392e-06,242.51466649489385,2,0,,0,0
24.10.2022 14:05:00.000,242.827,243.517,242.046,242.097,2.9856e-06,242.48253830297895,0,0,,0,0
24.10.2022 14:10:00.000,242.097,242.877,241.996,242.706,2.6292e-06,242.4997276642883,0,0,,0,0
24.10.2022 14:15:00.000,242.707,242.887,241.926,242.747,2.976e-06,242.51874861318922,0,0,,0,0
24.10.2022 14:20:00.000,242.706,242.756,241.246,241.607,3.09e-06,242.44861410448237,0,0,,0,0
24.10.2022 14:25:00.000,241.616,242.567,241.426,242.417,3.0564e-06,242.44618225029143,0,0,,0,0
24.10.2022 14:30:00.000,242.487,243.116,242.216,242.916,3.3276e-06,242.4823220771921,0,0,,0,0
24.10.2022 14:35:00.000,242.916,243.896,242.836,243.517,3.4608e-06,242.5619126866389,0,0,,0,0
24.10.2022 14:40:00.000,243.566,243.767,242.796,243.206,3.186e-06,242.61145786458974,0,0,,0,0
24.10.2022 14:45:00.000,243.246,243.527,242.806,243.027,3.5568e-06,242.6434226442367,0,0,,0,0
24.10.2022 14:50:00.000,243.026,244.157,243.026,243.857,3.5904e-06,242.7367747485262,0,0,,0,0
24.10.2022 14:55:00.000,243.857,244.507,243.276,244.196,3.282e-06,242.8490228447934,0,0,,0,0
24.10.2022 15:00:00.000,244.227,244.386,243.716,243.716,3.2124e-06,242.91571339519393,0,0,,0,0
24.10.2022 15:05:00.000,243.716,244.247,243.446,243.606,3.1764e-06,242.96881236479442,0,0,,0,0
24.10.2022 15:10:00.000,243.606,244.147,243.456,243.997,3.1044e-06,243.04790372134872,0,0,,0,0
24.10.2022 15:15:00.000,244.036,244.407,243.336,243.746,3.0372e-06,243.10160343509114,0,0,,0,0
24.10.2022 15:20:00.000,243.756,244.377,243.747,244.196,3e-06,243.185787786238,0,0,,0,0
24.10.2022 15:25:00.000,244.197,244.557,243.846,244.447,2.8992e-06,243.28280411037355,0,0,,0,0
24.10.2022 15:30:00.000,244.437,244.586,244.096,244.516,2.7432e-06,243.3776653326525,0,0,,0,0
24.10.2022 15:35:00.000,244.516,245.157,244.376,244.986,2.7564e-06,243.50138338398693,0,0,,0,0
24.10.2022 15:40:00.000,244.987,245.297,244.746,244.806,2.7156e-06,243.60173850829563,0,0,,0,0
24.10.2022 15:45:00.000,244.807,244.886,244.326,244.796,2.7456e-06,243.6936047768883,0,0,,0,0
24.10.2022 15:50:00.000,244.796,245.717,244.726,245.637,2.49e-06,243.84309671712768,0,0,,0,0
24.10.2022 15:55:00.000,245.597,245.827,245.396,245.756,2.3268e-06,243.9902431235025,0,0,,0,0
25.10.2022 13:30:00.000,247.787,248.387,247.416,247.776,2.2164,244.28145519092539,0,0,,0,0
25.10.2022 13:35:00.000,247.757,247.926,246.317,246.387,3.1872,244.44342017623885,0,0,,0,0
25.10.2022 13:40:00.000,246.416,246.857,245.797,246.757,3.4992,244.6213878549897,0,0,,0,0
25.10.2022 13:45:00.000,246.767,248.397,246.757,248.387,3.3648,244.9110503276828,0,0,,0,0
25.10.2022 13:50:00.000,248.396,249.007,248.006,248.867,2.5716,245.21535414863027,0,0,,0,0
25.10.2022 13:55:00.000,248.857,249.677,248.796,249.417,2.3736,245.53855767565872,0,0,,0,0
25.10.2022 14:00:00.000,249.416,249.657,248.556,249.237,2.6784,245.82305323906962,0,0,,0,0
25.10.2022 14:05:00.000,249.226,249.237,248.596,249.066,2.5068,246.07251068221814,0,0,,0,0
25.10.2022 14:10:00.000,249.057,249.277,248.516,248.836,2.9352,246.28508678358597,0,0,,0,0
25.10.2022 14:15:00.000,248.837,249.306,248.307,248.506,2.8092,246.45592626177168,0,0,,0,0
25.10.2022 14:20:00.000,248.517,248.697,248.206,248.667,2.532,246.62600885702003,0,0,,0,0
25.10.2022 14:25:00.000,248.697,248.927,248.576,248.736,2.3832000000000004,246.7883158680185,0,0,,0,0
25.10.2022 14:30:00.000,248.736,248.777,248.146,248.436,2.6316,246.91506080124785,2,0,,0,0
25.10.2022 14:35:00.000,248.436,248.477,247.726,247.897,2.7564,246.99059458576724,2,0,,0,0
25.10.2022 14:40:00.000,247.907,248.717,247.896,248.647,2.2164,247.1180103868621,2,0,,0,0
25.10.2022 14:45:00.000,248.637,249.416,248.576,249.217,2.0292,247.27947112633424,2,0,,0,0
25.10.2022 14:50:00.000,249.247,249.547,249.046,249.187,2.244,247.42620411661625,2,0,,0,0
25.10.2022 14:55:00.000,249.166,249.417,248.526,248.556,2.136,247.51311149226117,2,0,,0,0
25.10.2022 15:00:00.000,248.587,248.857,248.287,248.826,2.2716,247.61410291593342,2,0,,0,0
25.10.2022 15:05:00.000,248.846,249.536,248.756,249.427,2.0976,247.7535565377847,2,0,,0,0
25.10.2022 15:10:00.000,249.446,249.467,248.896,248.956,1.7064,247.84605218872437,2,0,,0,0
25.10.2022 15:15:00.000,248.956,249.347,248.906,249.266,1.7652,247.95527894343792,2,0,,0,0
25.10.2022 15:20:00.000,249.246,249.397,249.086,249.337,1.4184,248.0615651785581,2,0,,0,0
25.10.2022 15:25:00.000,249.337,249.676,249.196,249.626,1.4196,248.18190631866904,2,0,,0,0
25.10.2022 15:30:00.000,249.627,249.737,249.346,249.527,1.7687999999999997,248.28537506338682,2,0,,0,0
25.10.2022 15:35:00.000,249.527,249.787,249.416,249.776,1.6332,248.40003852004938,2,0,,0,0
25.10.2022 15:40:00.000,249.776,249.776,249.376,249.706,1.6752000000000002,248.5004970954302,2,0,,0,0
25.10.2022 15:45:00.000,249.726,249.927,249.456,249.906,1.4424,248.60861270347405,2,0,,0,0
25.10.2022 15:50:00.000,249.916,249.966,249.726,249.957,1.5996,248.71233480320683,2,0,,0,0
25.10.2022 15:55:00.000,249.957,249.977,249.546,249.757,1.446,248.79269366449861,2,1,251.977,0,0
25.10.2022 16:00:00.000,249.757,249.896,249.396,249.536,1.5228,248.84987107492182,2,0,,0,0
25.10.2022 16:05:00.000,249.537,249.847,249.446,249.656,1.878,248.91188099223552,2,0,,0,0
25.10.2022 16:10:00.000,249.626,249.657,249.446,249.557,1.4652,248.96150553129434,2,0,,0,0
25.10.2022 16:15:00.000,249.567,249.806,249.416,249.757,1.08,249.02269741350247,2,0,,0,0
25.10.2022 16:20:00.000,249.757,249.807,249.486,249.607,1.2324,249.06764376630997,2,0,,0,0
25.10.2022 16:25:00.000,249.606,249.887,249.506,249.887,1.3464,249.1306711689015,2,0,,0,0
25.10.2022 16:30:00.000,249.877,249.936,249.546,249.556,1.2156,249.1633887712937,2,0,,0,0
25.10.2022 16:35:00.000,249.556,249.646,249.116,249.156,1.2,249.16282040427114,0,0,,0,0
25.10.2022 16:40:00.000,249.136,249.357,249.086,249.316,1.3956,249.17460345009647,0,0,,0,0
25.10.2022 16:45:00.000,249.316,249.357,248.766,248.846,1.614,249.14932626162752,0,0,,0,0
25.10.2022 16:50:00.000,248.877,249.107,248.837,248.946,1.5228,249.13368577996388,0,0,,0,0
25.10.2022 16:55:00.000,248.946,248.977,248.757,248.866,1.6223999999999998,249.11309456612054,0,0,,0,0
25.10.2022 17:00:00.000,248.857,249.166,248.306,248.307,2.2884,249.05108729180358,0,0,,0,0
25.10.2022 17:05:00.000,248.317,248.787,248.246,248.576,1.7699999999999998,249.01454211551103,0,0,,0,0
25.10.2022 17:10:00.000,248.577,248.707,248.306,248.327,1.5312,248.96165426047176,0,0,,0,0
25.10.2022 17:15:00.000,248.317,248.627,248.136,248.327,1.9296,248.91283470197396,0,2,246.136,0,0
25.10.2022 17:20:00.000,248.297,248.716,248.297,248.696,1.4472,248.89615510951444,0,0,,0,0
25.10.2022 17:25:00.000,248.707,249.067,248.666,248.987,1.6272000000000002,248.90314317801335,0,0,,0,0
25.10.2022 17:30:00.000,248.997,249.386,248.957,249.106,1.9644,248.91874754893541,0,0,,0,0
25.10.2022 17:35:00.000,249.096,249.137,248.527,248.597,1.9764,248.89399773747886,0,0,,0,0
25.10.2022 17:40:00.000,248.597,248.827,248.496,248.637,1.9884,248.87422868074972,0,0,,0,0
25.10.2022 17:45:00.000,248.647,248.787,248.506,248.687,1.9836,248.8598264745382,0,0,,0,0
25.10.2022 17:50:00.000,248.687,248.927,248.576,248.906,1.7315999999999998,248.86337828418914,0,0,,0,0
25.10.2022 17:55:00.000,248.917,249.157,248.676,249.107,1.5348,248.8821184161746,0,0,,0,0
25.10.2022 18:00:00.000,249.106,249.397,249.026,249.276,1.884,248.91241699954577,0,0,,0,0
25.10.2022 18:05:00.000,249.276,249.667,249.186,249.626,1.374,248.96730799958073,0,0,,0,0
25.10.2022 18:10:00.000,249.627,249.727,249.496,249.646,0.972,249.01951507653607,0,0,,0,0
25.10.2022 18:15:00.000,249.646,249.877,249.526,249.766,1.1808,249.0769369937256,0,0,,0,0
25.10.2022 18:20:00.000,249.786,249.967,249.706,249.936,0.9084,249.14301876343904,0,0,,0,0
25.10.2022 18:25:00.000,249.947,250.086,249.817,249.897,1.3416,249.20101732009758,0,0,,0,0
25.10.2022 18:30:00.000,249.896,249.977,249.657,249.967,1.1844,249.25993906470546,0,0,,0,0
25.10.2022 18:35:00.000,249.956,250.017,249.796,249.856,1.0944,249.30578990588197,0,0,,0,0
25.10.2022 18:40:00.000,249.867,249.977,249.357,249.607,1.3428,249.32895991312182,0,0,,0,0
25.10.2022 18:45:00.000,249.616,249.637,249.196,249.286,1.4124,249.32565530442017,0,0,,0,0
25.10.2022 18:50:00.000,249.296,249.687,249.277,249.657,0.8292,249.3511433579263,0,0,,0,0
25.10.2022 18:55:00.000,249.657,249.717,249.406,249.517,1.2768,249.36390156116275,0,0,,0,0
25.10.2022 19:00:00.000,249.497,249.697,249.327,249.697,1.5516,249.3895245179964,0,0,,0,0
25.10.2022 19:05:00.000,249.696,250.037,249.647,249.967,1.3476,249.43394570891977,0,0,,0,0
25.10.2022 19:10:00.000,249.946,249.966,249.747,249.907,1.5132,249.47033450054133,0,0,,0,0
25.10.2022 19:15:00.000,249.896,250.017,249.737,249.776,1.4700000000000002,249.49384723126894,0,0,,0,0
25.10.2022 19:20:00.000,249.776,249.876,249.456,249.836,1.4424,249.52016667501752,0,0,,0,0
25.10.2022 19:25:00.000,249.866,250.307,249.866,250.256,1.3896,249.5767692384777,0,0,,0,0
25.10.2022 19:30:00.000,250.266,250.617,250.146,250.457,1.5803999999999998,249.64447929705636,0,0,,0,0
25.10.2022 19:35:00.000,250.467,250.616,250.276,250.517,1.4484,249.71159627420587,0,0,,0,0
25.10.2022 19:40:00.000,250.517,250.526,250.086,250.276,1.6787999999999998,249.75501194542082,0,0,,0,0
25.10.2022 19:45:00.000,250.276,250.287,249.996,250.156,1.3056,249.78585718038846,0,0,,0,0
25.10.2022 19:50:00.000,250.136,250.617,249.807,250.106,2.3016,249.81048355112782,0,0,,0,0
25.10.2022 19:55:00.000,250.107,250.896,250.047,250.646,1.9872,249.87475404719493,0,1,252.896,0,0
26.10.2022 15:00:00.000,235.276,236.117,235.256,235.756,2.4108e-06,248.78869604356456,0,2,233.256,0,0
26.10.2022 15:05:00.000,235.746,236.336,235.506,235.997,2.2956e-06,247.80471942482885,0,0,,0,0
26.10.2022 15:10:00.000,236.016,236.447,235.796,236.427,2.0736e-06,246.92951023830358,0,0,,0,0
26.10.2022 15:15:00.000,236.437,236.747,235.946,236.397,2.0148e-06,246.11931714304944,0,0,,0,0
26.10.2022 15:20:00.000,236.397,236.767,236.296,236.416,2.01e-06,245.37290813204564,0,0,,0,0
26.10.2022 15:25:00.000,236.446,237.096,236.416,236.926,1.9536e-06,244.72314596804213,0,0,,0,0
26.10.2022 15:30:00.000,236.946,237.516,236.827,237.377,2.0076e-06,244.1580578166543,0,0,,0,0
26.10.2022 15:35:00.000,237.376,237.657,237.067,237.607,2.0052e-06,243.6541302922963,0,0,,0,0
26.10.2022 15:40:00.000,237.627,238.267,237.386,238.157,1.9188e-06,243.23127411596582,0,0,,0,0
26.10.2022 15:45:00.000,238.157,238.187,237.176,237.266,2.2524e-06,242.77240687627616,0,0,,0,0
26.10.2022 15:50:00.000,237.237,237.287,236.247,236.557,2.0604e-06,242.29429865502416,0,0,,0,0
26.10.2022 15:55:00.000,236.546,236.887,236.406,236.477,1.9536e-06,241.84681414309924,0,0,,0,0
26.10.2022 16:00:00.000,236.457,236.547,236.126,236.247,1.8372e-06,241.41605920901472,0,0,,0,0
26.10.2022 16:05:00.000,236.237,236.426,235.626,235.626,1.8456e-06,240.97067003909052,0,0,,0,0
26.10.2022 16:10:00.000,235.627,236.017,235.496,235.547,1.7016e-06,240.55346465146818,0,0,,0,0
26.10.2022 16:15:00.000,235.556,236.736,235.497,236.587,1.62e-06,240.24835198597066,0,0,,0,0
26.10.2022 16:20:00.000,236.587,236.727,236.346,236.537,1.6404e-06,239.96286337166524,0,0,,0,0
26.10.2022 16:25:00.000,236.536,236.567,236.006,236.226,1.8084e-06,239.6754123430756,0,0,,0,0
26.10.2022 16:30:00.000,236.216,236.797,236.066,236.556,1.6368e-06,239.43545754745443,0,0,,0,0
26.10.2022 16:35:00.000,236.587,237.157,236.436,236.686,1.6224e-06,239.2239608130349,0,0,,0,0
26.10.2022 16:40:00.000,236.687,236.717,235.886,235.987,1.8156e-06,238.97496382741684,0,0,,0,0
26.10.2022 16:45:00.000,235.986,236.307,235.316,235.436,1.7472e-06,238.7027358406925,0,0,,0,0
26.10.2022 16:50:00.000,235.407,235.677,235.246,235.266,2.0208e-06,238.43837154525463,0,0,,0,0
26.10.2022 16:55:00.000,235.327,235.476,234.806,234.906,2.3364e-06,238.16665065715813,0,0,,0,0
26.10.2022 17:00:00.000,234.886,234.977,234.376,234.907,2.58e-06,237.9159082989152,0,0,,0,0
26.10.2022 17:05:00.000,234.887,235.087,234.596,234.716,2.1516e-06,237.66976150669097,0,0,,0,0
26.10.2022 17:10:00.000,234.727,235.027,234.156,234.216,2.0208e-06,237.40408754463783,0,0,,0,0
26.10.2022 17:15:00.000,234.216,234.427,233.896,234.146,2.0628e-06,237.15346542581955,0,0,,0,0
26.10.2022 17:20:00.000,234.147,234.407,233.736,233.876,2.01e-06,236.90135270075652,0,0,,0,0
26.10.2022 17:25:00.000,233.856,233.917,233.266,233.436,1.8648e-06,236.63478710839064,0,0,,0,0
26.10.2022 17:30:00.000,233.437,233.596,233.236,233.547,1.7592e-06,236.39726502312982,1,0,,0,0
26.10.2022 17:35:00.000,233.507,234.267,233.506,234.207,1.722e-06,236.2287830982737,1,0,,0,0
26.10.2022 17:40:00.000,234.217,234.907,234.166,234.876,1.7532e-06,236.12472285994497,1,0,,0,0
26.10.2022 17:45:00.000,234.817,234.937,234.497,234.497,1.5288e-06,235.99951340918,1,0,,0,0
26.10.2022 17:50:00.000,234.496,234.897,234.496,234.897,1.6116e-06,235.9147046853969,1,0,,0,0
26.10.2022 17:55:00.000,234.886,235.167,234.636,235.057,1.5468e-06,235.84872740190485,1,0,,0,0
26.10.2022 18:00:00.000,235.026,235.756,234.916,235.567,1.5168e-06,235.82705606329682,1,0,,0,0
26.10.2022 18:05:00.000,235.557,235.726,235.446,235.506,1.2504e-06,235.80235944304323,1,0,,0,0
26.10.2022 18:10:00.000,235.496,235.736,235.057,235.127,1.5804e-06,235.7504087166553,1,0,,0,0
26.10.2022 18:15:00.000,235.126,235.126,234.716,234.716,1.4964e-06,235.6708388153741,1,0,,0,0
26.10.2022 18:20:00.000,234.716,234.957,234.626,234.826,1.7604e-06,235.6058512141915,1,0,,0,0
26.10.2022 18:25:00.000,234.837,235.026,234.256,234.357,1.728e-06,235.50978573617678,1,0,,0,0
26.10.2022 18:30:00.000,234.347,234.377,234.046,234.196,1.5708e-06,235.40872529493242,1,0,,0,0
26.10.2022 18:35:00.000,234.197,234.277,233.856,233.926,1.5744e-06,235.29466950301457,1,0,,0,0
26.10.2022 18:40:00.000,233.927,233.976,233.446,233.466,1.7856e-06,235.1540026181673,1,0,,0,0
26.10.2022 18:45:00.000,233.456,233.607,233.296,233.306,1.7376e-06,235.011848570616,1,0,,0,0
26.10.2022 18:50:00.000,233.307,233.366,232.926,233.247,1.2384e-06,234.87609098826096,1,0,,0,0
26.10.2022 18:55:00.000,233.216,233.416,232.966,233.367,1.248e-06,234.76000706608704,1,0,,0,0
26.10.2022 19:00:00.000,233.407,233.407,232.816,232.846,1.9908e-06,234.61277575331113,1,0,,0,0
26.10.2022 19:05:00.000,232.847,232.957,232.646,232.776,1.7172e-06,234.47148531074873,1,0,,0,0
26.10.2022 19:10:00.000,232.777,232.807,232.346,232.697,1.9644e-06,234.33498644069115,1,0,,0,0
26.10.2022 19:15:00.000,232.706,232.997,232.596,232.906,1.7388e-06,234.22506440679186,1,0,,0,0
26.10.2022 19:20:00.000,232.916,232.967,232.316,232.436,1.242e-06,234.0874440678079,1,0,,0,0
26.10.2022 19:25:00.000,232.476,232.807,232.366,232.637,1.536e-06,233.9758714472073,1,0,,0,0
26.10.2022 19:30:00.000,232.636,232.866,232.396,232.517,1.7484e-06,233.8636505666529,1,0,,0,0
26.10.2022 19:35:00.000,232.526,232.687,232.456,232.576,1.8192e-06,233.76460052306425,1,0,,0,0
26.10.2022 19:40:00.000,232.576,233.207,232.546,232.877,1.9836e-06,233.69632355975162,1,0,,0,0
26.10.2022 19:45:00.000,232.886,232.957,232.256,232.466,1.4652e-06,233.6016832859246,1,0,,0,0
26.10.2022 19:50:00.000,232.407,232.467,231.766,231.996,1.6656e-06,233.47816918700735,1,0,,0,0
26.10.2022 19:55:00.000,231.996,231.996,230.437,230.707,1.7808e-06,233.26500232646833,1,0,,0,0
27.10.2022 13:30:00.000,232.146,233.616,231.006,231.026,2.4636,233.09277137827848,1,0,,0,0
27.10.2022 13:35:00.000,231.026,231.347,229.056,229.226,3.7008,232.79532742610323,1,0,,0,0
27.10.2022 13:40:00.000,229.257,229.297,228.556,228.906,3.4284,232.49614839332605,1,0,,0,0
27.10.2022 13:45:00.000,228.906,229.757,228.126,228.176,2.9604,232.16382928614712,1,0,,0,0
27.10.2022 13:50:00.000,228.167,228.317,227.116,227.177,2.7660000000000005,231.7802270333666,1,0,,0,0
27.10.2022 13:55:00.000,227.197,227.347,226.796,227.226,2.5752,231.4299018769538,1,2,224.796,0,0
27.10.2022 14:00:00.000,227.226,227.507,226.846,227.496,2.7552000000000003,231.12729404026504,1,0,,0,0
27.10.2022 14:05:00.000,227.496,228.297,227.416,228.297,2.4768,230.90957911409083,1,0,,0,0
27.10.2022 14:10:00.000,228.296,229.187,227.956,228.757,2.7384,230.74399610531464,1,0,,0,0
27.10.2022 14:15:00.000,228.767,229.706,228.566,229.667,2.5164,230.66115025105967,1,0,,0,0
27.10.2022 14:20:00.000,229.667,229.926,229.416,229.746,2.6376,230.59075407790124,1,0,,0,0
27.10.2022 14:25:00.000,229.677,230.447,229.646,230.206,3.39,230.56115761037037,1,0,,0,0
27.10.2022 14:30:00.000,230.197,230.687,229.506,229.516,3.4068000000000005,230.48076087111113,1,0,,0,0
27.10.2022 14:35:00.000,229.497,229.736,228.626,228.946,3.1644,230.36270234256412,1,0,,0,0
27.10.2022 14:40:00.000,228.946,229.047,228.316,228.517,3.0744,230.22072523928998,1,0,,0,0
27.10.2022 14:45:00.000,228.517,228.877,228.146,228.146,3.0708,230.06113099011384,1,0,,0,0
27.10.2022 14:50:00.000,228.146,228.826,228.136,228.577,3.0288,229.9469670677974,1,0,,0,0
27.10.2022 14:55:00.000,228.576,228.657,227.836,227.897,3.2292,229.78927729335146,1,0,,0,0
27.10.2022 15:00:00.000,227.896,228.336,227.636,228.227,3.3096,229.66910211693983,1,0,,0,0
27.10.2022 15:05:00.000,228.207,228.787,227.946,228.587,3.3275999999999994,229.58586349255984,1,0,,0,0
27.10.2022 15:10:00.000,228.587,229.026,228.136,228.146,3.2604,229.47510476236295,1,0,,0,0
27.10.2022 15:15:00.000,228.156,228.207,227.516,227.717,3.1667999999999994,229.3398659344889,1,0,,0,0
27.10.2022 15:20:00.000,227.737,228.177,227.576,227.986,3.0384,229.23572240106668,1,0,,0,0
27.10.2022 15:25:00.000,227.986,228.077,227.556,227.766,3.0504,229.1226668317539,1,0,,0,0
27.10.2022 15:30:00.000,227.747,228.297,227.377,227.936,3.372,229.03138476777283,1,0,,0,0
27.10.2022 15:35:00.000,227.927,228.326,227.197,227.197,3.4608,228.89027824717493,1,0,,0,0
27.10.2022 15:40:00.000,227.187,227.546,227.036,227.247,3.0576000000000003,228.7638722281615,1,0,,0,0
27.10.2022 15:45:00.000,227.246,227.696,227.036,227.657,2.79,228.67872821061061,1,0,,0,0
27.10.2022 15:50:00.000,227.627,227.707,227.246,227.426,2.85,228.58236450210214,1,0,,0,0
27.10.2022 15:55:00.000,227.427,227.537,227.117,227.267,2.6916,228.48118261732506,1,0,,0,0
27.10.2022 16:00:00.000,227.256,227.426,227.006,227.187,2.5476,228.38163010830004,1,0,,0,0
27.10.2022 16:05:00.000,227.197,227.557,227.106,227.137,2.3424,228.2858893307385,1,0,,0,0
27.10.2022 16:10:00.000,227.136,227.166,226.846,226.896,2.1684,228.17897476683558,1,0,,0,0
27.10.2022 16:15:00.000,226.866,227.107,226.307,226.347,2.3808,228.03805363092516,1,0,,0,0
27.10.2022 16:20:00.000,226.347,226.537,226.046,226.117,2.3376,227.89028027470016,1,0,,0,0
27.10.2022 16:25:00.000,226.116,226.227,225.797,225.797,2.1912000000000003,227.72925871510785,1,0,,0,0
27.10.2022 16:30:00.000,225.817,226.356,225.776,226.227,2.196,227.61370035240725,1,2,223.776,0,0
27.10.2022 16:35:00.000,226.217,226.337,226.066,226.207,1.9824,227.50549263299132,1,0,,0,0
27.10.2022 16:40:00.000,226.207,226.467,226.126,226.207,2.0148,227.4056085842997,1,0,,0,0
27.10.2022 16:45:00.000,226.207,226.687,226.126,226.606,2.262,227.3441002316613,1,0,,0,0
27.10.2022 16:50:00.000,226.596,226.807,226.477,226.627,2.2584,227.28893867537965,1,0,,0,0
27.10.2022 16:55:00.000,226.626,226.777,226.356,226.587,2.2764,227.23494339265815,1,0,,0,0
27.10.2022 17:00:00.000,226.607,226.687,226.147,226.376,2.604,227.16887082399214,1,0,,0,0
27.10.2022 17:05:00.000,226.406,227.457,226.366,227.357,2.5704,227.1833422990697,0,0,,0,0
27.10.2022 17:10:00.000,227.377,227.377,227.066,227.116,2.1816,227.1781621222182,0,0,,0,0
27.10.2022 17:15:00.000,227.106,227.306,226.766,227.206,2.4012,227.1803034974322,0,0,,0,0
27.10.2022 17:20:00.000,227.207,227.647,227.136,227.366,1.98,227.19458784378358,0,0,,0,0
27.10.2022 17:25:00.000,227.376,227.397,226.656,226.726,1.7244000000000002,227.158542625031,0,0,,0,0
27.10.2022 17:30:00.000,226.697,226.787,226.337,226.416,1.8996,227.1014239615671,0,0,,0,0
27.10.2022 17:35:00.000,226.417,226.697,226.226,226.476,1.5444,227.05331442606195,0,0,,0,0
27.10.2022 17:40:00.000,226.486,226.897,226.476,226.877,1.644,227.03975177790335,0,0,,0,0
27.10.2022 17:45:00.000,226.886,226.976,226.626,226.766,1.4808,227.01869394883386,0,0,,0,0
27.10.2022 17:50:00.000,226.777,226.777,226.536,226.597,1.272,226.98625595276974,0,0,,0,0
27.10.2022 17:55:00.000,226.576,226.796,226.556,226.657,1.2636,226.96092857178746,0,0,,0,0
27.10.2022 18:00:00.000,226.656,227.147,226.646,227.147,1.2684,226.97524175857305,0,0,,0,0
27.10.2022 18:05:00.000,227.146,227.207,226.776,226.847,1.2024,226.9653770079136,0,0,,0,0
27.10.2022 18:10:00.000,226.847,227.126,226.587,227.036,1.5036,226.9708095457664,0,0,,0,0
27.10.2022 18:15:00.000,227.026,227.067,226.616,226.907,1.4220000000000002,226.965901119169,0,0,,0,0
27.10.2022 18:20:00.000,226.886,226.896,226.576,226.837,1.4735999999999998,226.9559856484637,0,0,,0,0
27.10.2022 18:25:00.000,226.836,226.917,226.656,226.746,1.5804,226.9398329062742,0,0,,0,0
27.10.2022 18:30:00.000,226.747,226.887,226.536,226.766,1.6344,226.92646114425312,0,0,,0,0
27.10.2022 18:35:00.000,226.767,226.787,226.406,226.507,1.6152,226.8941949023875,0,0,,0,0
27.10.2022 18:40:00.000,226.506,226.737,226.366,226.627,1.5119999999999998,226.87364144835772,0,0,,0,0
27.10.2022 18:45:00.000,226.627,226.656,226.196,226.227,1.5408,226.82389979848406,0,0,,0,0
27.10.2022 18:50:00.000,226.217,226.547,226.217,226.417,1.5696,226.7925998139853,0,0,,0,0
27.10.2022 18:55:00.000,226.417,226.506,226.096,226.337,1.602,226.757553674448,0,0,,0,0
27.10.2022 19:00:00.000,226.317,226.986,226.287,226.906,2.2416,226.7689726225674,0,0,,0,0
27.10.2022 19:05:00.000,226.896,227.017,226.106,226.177,2.0628,226.7234362669853,0,0,,0,0
27.10.2022 19:10:00.000,226.176,226.697,226.076,226.676,2.3928,226.71978732337104,0,2,224.076,0,0
27.10.2022 19:15:00.000,226.676,226.867,226.496,226.647,2.1684,226.71418829849637,0,0,,0,0
27.10.2022 19:20:00.000,226.666,227.026,226.566,227.006,2.2668,226.7366353524582,0,0,,0,0
27.10.2022 19:25:00.000,227.017,227.417,226.876,227.266,2.0436,226.77735570996143,0,0,,0,0
27.10.2022 19:30:00.000,227.267,227.977,227.066,227.876,2.7192,226.8618668091952,0,0,,0,0
27.10.2022 19:35:00.000,227.857,227.867,227.496,227.577,2.0424,226.91687705464173,0,0,,0,0
27.10.2022 19:40:00.000,227.557,227.697,227.336,227.467,2.2872000000000003,226.9591942042847,0,0,,0,0
27.10.2022 19:45:00.000,227.476,227.507,227.116,227.346,2.0436,226.9889484962628,0,0,,0,0
27.10.2022 19:50:00.000,227.347,227.697,226.576,226.717,2.0736,226.96802938116568,0,0,,0,0
27.10.2022 19:55:00.000,226.727,227.007,226.466,226.476,2.3196,226.93018096722986,0,0,,0,0
28.10.2022 13:30:00.000,226.626,228.766,226.376,228.357,3.2304e-06,227.03993627744296,0,0,,0,0
28.10.2022 13:35:00.000,228.356,229.667,228.356,228.847,3.7452e-06,227.17894117917814,0,0,,0,0
28.10.2022 13:40:00.000,228.877,230.396,228.847,230.257,3.6024e-06,227.41571493462598,0,0,,0,0
28.10.2022 13:45:00.000,230.247,230.897,230.047,230.467,3.4428e-06,227.650429170424,0,0,,0,0
28.10.2022 13:50:00.000,230.427,230.796,229.876,230.006,3.456e-06,227.83162692654525,0,0,,0,0
28.10.2022 13:55:00.000,229.987,230.297,229.166,229.206,3.1536e-06,227.93734793219562,0,0,,0,0
28.10.2022 14:00:00.000,229.227,230.087,228.547,229.007,3.558e-06,228.01962886048827,0,0,,0,0
28.10.2022 14:05:00.000,229.026,230.137,228.966,229.926,3.1524e-06,228.16627279429687,0,0,,0,0
28.10.2022 14:10:00.000,229.917,230.046,228.346,229.576,3.2592e-06,228.27471334858174,0,0,,0,0
28.10.2022 14:15:00.000,229.577,230.547,229.416,229.906,3.2496e-06,228.4001969371524,0,0,,0,0
28.10.2022 14:20:00.000,229.916,231.536,229.817,231.486,3.1212e-06,228.6375664035253,0,0,,0,0
28.10.2022 14:25:00.000,231.496,232.627,231.426,231.656,3.4152e-06,228.86975360325417,0,0,,0,0
28.10.2022 14:30:00.000,231.637,232.597,231.637,232.417,3.1044e-06,229.14261871069618,0,0,,0,0
28.10.2022 14:35:00.000,232.387,233.687,232.386,233.667,2.8632e-06,229.49064804064264,0,0,,0,0
28.10.2022 14:40:00.000,233.667,234.946,233.466,234.676,2.9076e-06,229.8895212682855,0,0,,0,0
28.10.2022 14:45:00.000,234.657,235.166,234.546,234.746,3.0612e-06,230.2630965553405,0,0,,0,0
28.10.2022 14:50:00.000,234.766,234.877,233.286,233.546,2.6844e-06,230.5156275895451,0,0,,0,0
28.10.2022 14:55:00.000,233.566,233.787,233.326,233.656,2.6172e-06,230.75719469804162,0,0,,0,0
28.10.2022 19:00:00.000,235.706,235.756,235.327,235.376,1.4676e-06,231.1124874135769,0,0,,0,0
28.10.2022 19:05:00.000,235.377,235.637,235.236,235.556,1.4424e-06,231.45429607407098,0,0,,0,0
28.10.2022 19:10:00.000,235.566,235.967,235.556,235.916,9.635999999999923e-07,231.79750406837323,0,0,,0,0
28.10.2022 19:15:00.000,235.916,235.936,235.746,235.926,9.755999999999933e-07,232.11508067849837,0,0,,0,0
28.10.2022 19:20:00.000,235.926,235.986,235.706,235.936,1.1688e-06,232.40899754938312,0,0,,0,0
28.10.2022 19:25:00.000,235.936,236.297,235.906,236.247,9.26399999999992e-07,232.7042285071229,0,0,,0,0
28.10.2022 19:30:00.000,236.237,236.396,236.006,236.327,1.266e-06,232.98290323734423,0,0,,0,0
28.10.2022 19:35:00.000,236.336,236.357,235.956,236.096,1.3356e-06,233.222372219087,0,0,,0,0
28.10.2022 19:40:00.000,236.097,236.146,235.906,236.006,1.2792e-06,233.43649743300338,0,0,,0,0
28.10.2022 19:45:00.000,236.006,236.237,235.886,236.167,1.224e-06,233.64653609200312,0,0,,0,0
28.10.2022 19:50:00.000,236.177,236.597,235.896,236.067,1.7472e-06,233.8327256233875,0,1,238.597,0,0
28.10.2022 19:55:00.000,236.106,236.267,235.436,235.766,1.8432e-06,233.9814390369731,0,0,,0,0
31.10.2022 13:30:00.000,233.827,234.717,232.997,233.766,2.2728,233.96486680335977,0,0,,0,0
31.10.2022 13:35:00.000,233.827,234.917,233.546,234.196,3.192,233.9826462800244,0,0,,0,0
31.10.2022 13:40:00.000,234.176,234.627,233.506,234.567,3.3456,234.02759656617638,0,0,,0,0
31.10.2022 13:45:00.000,234.566,234.607,233.096,233.096,3.084,233.95593529185513,0,0,,0,0
31.10.2022 13:50:00.000,233.117,233.137,231.827,231.886,2.628,233.796709500174,0,0,,0,0
31.10.2022 13:55:00.000,231.887,232.297,231.656,232.096,2.5536000000000003,233.6658856924683,0,0,,0,0
31.10.2022 14:00:00.000,232.096,233.176,231.996,232.776,2.6472,233.59743294689383,0,0,,0,0
31.10.2022 14:05:00.000,232.787,232.787,232.037,232.126,2.4528,233.4842457971328,0,0,,0,0
31.10.2022 14:10:00.000,232.107,232.457,231.756,232.117,2.2128,233.37907304350722,0,0,,0,0
31.10.2022 14:15:00.000,232.117,232.487,231.886,231.907,2.2139999999999995,233.26583665554514,0,0,,0,0
31.10.2022 14:20:00.000,231.906,231.957,231.147,231.346,2.1756,233.11815691281092,0,0,,0,0
31.10.2022 14:25:00.000,231.377,231.796,231.146,231.596,2.166,233.0010679195178,0,2,229.146,0,0
31.10.2022 14:30:00.000,231.596,231.867,231.376,231.416,2.5356,232.87913961801644,0,0,,0,0
31.10.2022 14:35:00.000,231.407,231.716,231.146,231.476,2.3208,232.77120580124594,0,2,229.146,0,0
31.10.2022 14:40:00.000,231.477,231.837,231.366,231.807,2.5296,232.69703612422703,0,0,,0,0
31.10.2022 14:45:00.000,231.806,232.486,231.806,231.956,2.382,232.64003334544034,0,0,,0,0
31.10.2022 14:50:00.000,231.987,232.247,231.816,231.867,2.2584,232.58056924194494,0,0,,0,0
31.10.2022 14:55:00.000,231.846,232.197,231.716,231.906,2.04,232.52867930025687,0,0,,0,0
31.10.2022 15:00:00.000,231.906,232.477,231.906,232.286,2.43,232.5100116617756,0,0,,0,0
31.10.2022 15:05:00.000,232.286,233.067,232.136,232.737,2.6663999999999994,232.5274723031775,0,0,,0,0
31.10.2022 15:10:00.000,232.757,233.037,232.686,232.866,2.0844,232.55351289524077,0,0,,0,0
31.10.2022 15:15:00.000,232.886,233.007,232.626,232.767,2.244,232.56993498022226,0,0,,0,0
31.10.2022 15:20:00.000,232.766,233.247,232.536,233.137,2.3172,232.61355536635904,0,0,,0,0
31.10.2022 15:25:00.000,233.096,233.486,233.016,233.327,2.2416,232.66843572279296,0,0,,0,0
31.10.2022 15:30:00.000,233.326,233.466,233.036,233.387,2.202,232.72370989796275,0,0,,0,0
31.10.2022 15:35:00.000,233.386,233.407,232.926,232.996,2.0808,232.74465529042718,0,0,,0,0
31.10.2022 15:40:00.000,232.967,233.657,232.966,233.586,2.2236,232.80937411424048,0,0,,0,0
31.10.2022 15:45:00.000,233.587,233.597,233.126,233.527,2.1552,232.86457610545278,0,0,,0,0
31.10.2022 15:50:00.000,233.506,234.167,233.406,234.136,1.9392,232.9623779434949,0,0,,0,0
31.10.2022 15:55:00.000,234.137,234.147,232.747,233.317,2.4216,232.98965656322605,0,0,,0,0
31.10.2022 16:00:00.000,233.307,233.426,233.026,233.387,2.6316,233.0202214429779,0,0,,0,0
31.10.2022 16:05:00.000,233.367,233.466,232.996,233.016,2.4468,233.01989671659499,0,0,,0,0
31.10.2022 16:10:00.000,232.997,233.727,232.997,233.686,2.718,233.0711354307031,0,0,,0,0
31.10.2022 16:15:00.000,233.686,234.377,233.566,233.977,2.4864,233.140817320649,0,1,236.377,0,0
31.10.2022 16:20:00.000,233.977,233.987,233.327,233.416,1.8948,233.16198521906063,0,0,,0,0
31.10.2022 16:25:00.000,233.407,233.627,233.336,233.456,2.1744000000000003,233.18460174067135,0,0,,0,0
31.10.2022 16:30:00.000,233.456,233.477,232.847,232.947,2.2716000000000003,233.16632468369664,0,0,,0,0
31.10.2022 16:35:00.000,232.937,233.237,232.856,233.106,2.3628,233.16168432341232,0,0,,0,0
31.10.2022 16:40:00.000,233.087,233.156,232.496,232.656,1.9272,233.12278552930368,0,0,,0,0
31.10.2022 16:45:00.000,232.657,232.696,232.496,232.536,1.83,233.07764818089572,0,0,,0,0
31.10.2022 16:50:00.000,232.546,232.797,232.496,232.527,1.974,233.03529062851914,0,0,,0,0
31.10.2022 16:55:00.000,232.497,232.807,232.496,232.747,1.8192000000000004,233.0131144263254,0,0,,0,0
31.10.2022 17:00:00.000,232.747,232.837,232.466,232.496,2.0172,232.97333639353113,0,0,,0,0
31.10.2022 17:05:00.000,232.497,232.777,232.316,232.706,2.0016,232.9527720555672,0,2,230.316,0,0
31.10.2022 17:10:00.000,232.716,232.877,232.596,232.767,1.8108,232.93848189744665,0,0,,0,0
31.10.2022 17:15:00.000,232.767,233.257,232.606,233.236,2.1948,232.96136790533538,0,0,,0,0
31.10.2022 17:20:00.000,233.236,233.477,233.106,233.326,1.896,232.9894165280019,0,0,,0,0
31.10.2022 17:25:00.000,233.347,233.627,233.136,233.537,1.764,233.0315383335402,0,0,,0,0
31.10.2022 17:30:00.000,233.517,233.826,233.406,233.797,1.6548,233.09042000019096,0,0,,0,0
31.10.2022 17:35:00.000,233.796,233.816,233.536,233.627,1.5095999999999998,233.13169538479167,0,0,,0,0
31.10.2022 17:40:00.000,233.627,233.657,233.296,233.457,1.5804,233.15671881673077,0,0,,0,0
31.10.2022 17:45:00.000,233.427,233.447,233.086,233.206,1.596,233.1605096769823,0,0,,0,0
31.10.2022 17:50:00.000,233.176,233.297,232.996,233.096,1.6608,233.1555473941375,0,0,,0,0
31.10.2022 17:55:00.000,233.106,233.417,233.096,233.416,1.6044,233.17558220997307,0,0,,0,0
31.10.2022 18:00:00.000,233.406,233.647,233.296,233.417,1.6932,233.19415280920592,0,0,,0,0
31.10.2022 18:05:00.000,233.406,233.406,232.936,232.997,1.7244,233.1789872084978,0,0,,0,0
31.10.2022 18:10:00.000,233.006,233.397,232.906,233.327,1.9812,233.19037280784414,0,0,,0,0
31.10.2022 18:15:00.000,233.327,233.437,233.036,233.306,1.7592,233.19926720724078,0,0,,0,0
31.10.2022 18:20:00.000,233.296,233.397,233.136,233.236,1.5048,233.20209280668382,0,0,,0,0
31.10.2022 18:25:00.000,233.237,233.377,233.156,233.187,1.8768,233.20093182155432,0,0,,0,0
31.10.2022 18:30:00.000,233.176,233.537,233.126,233.446,1.7712,233.21978321989633,0,0,,0,0
31.10.2022 18:35:00.000,233.447,233.817,233.296,233.766,1.7508,233.26179989528893,0,0,,0,0
31.10.2022 18:40:00.000,233.757,233.757,233.446,233.496,1.5492,233.27981528795902,0,0,,0,0
31.10.2022 18:45:00.000,233.497,233.637,233.096,233.137,1.5888,233.26882949657758,0,0,,0,0
31.10.2022 18:50:00.000,233.137,233.547,232.987,233.507,1.3668,233.28715030453316,0,0,,0,0
31.10.2022 18:55:00.000,233.506,233.617,232.887,233.136,1.7364,233.27552335803063,0,0,,0,0
31.10.2022 19:00:00.000,233.147,233.197,232.316,232.357,2.2872,233.20486771510522,0,0,,0,0
31.10.2022 19:05:00.000,232.337,232.527,232.016,232.097,2.2632000000000003,233.1196471216356,0,0,,0,0
31.10.2022 19:10:00.000,232.106,232.327,232.086,232.276,2.1504,233.0547511892021,0,0,,0,0
31.10.2022 19:15:00.000,232.277,232.356,231.996,232.147,1.5743999999999998,232.9849241746481,0,0,,0,0
31.10.2022 19:20:00.000,232.146,232.577,231.997,232.457,1.8108,232.94431462275213,0,0,,0,0
31.10.2022 19:25:00.000,232.447,232.696,232.446,232.627,1.7016,232.91990580561736,0,0,,0,0
31.10.2022 19:30:00.000,232.626,233.227,232.546,233.056,1.9104,232.93037458980066,0,0,,0,0
31.10.2022 19:35:00.000,233.056,233.157,232.857,233.107,1.7532,232.943961159816,0,0,,0,0
31.10.2022 19:40:00.000,233.107,233.246,232.926,232.947,1.7208,232.94419491675328,0,0,,0,0
31.10.2022 19:45:00.000,232.946,233.067,232.596,232.616,1.65,232.91894915392612,0,0,,0,0
31.10.2022 19:50:00.000,232.656,232.677,231.676,231.827,2.028,232.83495306516258,0,0,,0,0
31.10.2022 19:55:00.000,231.856,232.276,231.827,231.966,2.736,232.76811052168856,0,0,,0,0
01.11.2022 13:30:00.000,234.886,235.676,233.636,234.156,2.628e-06,232.87487125078945,0,1,237.676,0,0
01.11.2022 13:35:00.000,234.177,234.457,233.696,233.876,3.3156e-06,232.9518811545749,0,0,,0,0
01.11.2022 13:40:00.000,233.907,233.977,233.246,233.337,3.2352e-06,232.98150568114607,0,0,,0,0
01.11.2022 13:45:00.000,233.326,233.387,231.757,232.047,3.5724e-06,232.90962062875022,0,0,,0,0
01.11.2022 13:50:00.000,232.057,232.066,231.036,231.087,3.3456e-06,232.7694190419233,0,0,,0,0
01.11.2022 13:55:00.000,231.106,231.177,230.296,230.596,2.7972e-06,232.60223296177534,0,0,,0,0
01.11.2022 15:00:00.000,228.756,229.817,228.596,229.707,2.904e-06,232.37952273394646,0,0,,0,0
01.11.2022 15:05:00.000,229.707,230.166,229.576,230.007,2.4852e-06,232.19702098518135,0,0,,0,0
01.11.2022 15:10:00.000,230.006,230.427,229.926,230.327,2.2596e-06,232.0531732170905,0,0,,0,0
01.11.2022 15:15:00.000,230.326,230.557,229.696,229.726,2.424e-06,231.8741598926989,0,0,,0,0
01.11.2022 15:20:00.000,229.726,230.027,229.427,229.447,2.2896e-06,231.68745528556823,0,0,,0,0
01.11.2022 15:25:00.000,229.446,230.086,229.366,230.056,2.3436e-06,231.56195872513993,0,0,,0,0
01.11.2022 15:30:00.000,230.026,230.387,229.716,229.907,2.388e-06,231.43465420782147,0,0,,0,0
01.11.2022 15:35:00.000,229.917,230.117,229.097,229.386,2.556e-06,231.27706542260444,0,0,,0,0
01.11.2022 15:40:00.000,229.376,229.767,229.027,229.146,2.466e-06,231.11313731317333,0,0,,0,0
01.11.2022 15:45:00.000,229.077,229.456,228.997,229.317,2.3532e-06,230.97497290446768,0,0,,0,0
01.11.2022 15:50:00.000,229.316,229.677,229.156,229.516,2.2428e-06,230.86274421950864,0,0,,0,0
01.11.2022 15:55:00.000,229.516,229.757,229.186,229.436,2.2716e-06,230.75299466416183,0,0,,0,0
01.11.2022 17:00:00.000,228.446,228.567,227.926,228.076,2.1204e-06,230.54707199768785,0,0,,0,0
01.11.2022 17:05:00.000,228.086,228.316,227.796,227.947,1.89e-06,230.3470664594042,0,0,,0,0
01.11.2022 17:10:00.000,227.956,228.466,227.896,228.176,2.2716e-06,230.18006134714236,0,0,,0,0
01.11.2022 17:15:00.000,228.176,228.287,228.016,228.066,1.974e-06,230.01744124351603,0,0,,0,0
01.11.2022 17:20:00.000,228.086,228.217,228.006,228.016,1.8408e-06,229.86348422478406,0,0,,0,0
01.11.2022 17:25:00.000,228.006,228.196,227.886,227.967,1.8876e-06,229.71760082287759,0,0,,0,0
01.11.2022 17:30:00.000,227.967,227.967,227.666,227.717,1.8444e-06,229.563708451887,0,0,,0,0
01.11.2022 17:35:00.000,227.716,227.777,227.337,227.426,1.9224e-06,229.3992693402034,0,0,,0,0
01.11.2022 17:40:00.000,227.426,227.687,227.396,227.687,1.3464e-06,229.26755631403392,0,0,,0,0
01.11.2022 17:45:00.000,227.676,227.966,227.636,227.707,1.3956e-06,229.14751352064673,0,0,,0,0
01.11.2022 17:50:00.000,227.727,227.977,227.656,227.947,1.5108e-06,229.05516632675085,0,0,,0,0
01.11.2022 17:55:00.000,227.946,228.267,227.916,228.247,1.5204e-06,228.99299968623157,0,0,,0,0
01.11.2022 19:00:00.000,228.656,228.676,228.456,228.547,1.266e-06,228.9586920180599,0,0,,0,0
01.11.2022 19:05:00.000,228.537,229.037,228.506,228.826,1.8972e-06,228.94848493974763,0,0,,0,0
01.11.2022 19:10:00.000,228.846,228.846,228.326,228.557,2.0148e-06,228.9183707136132,0,0,,0,0
01.11.2022 19:15:00.000,228.556,228.657,228.166,228.546,1.6056e-06,228.88972681256604,0,0,,0,0
01.11.2022 19:20:00.000,228.547,228.897,228.456,228.737,1.8552e-06,228.8779785962148,1,0,,0,0
01.11.2022 19:25:00.000,228.737,228.777,228.356,228.427,1.5456e-06,228.84328793496752,1,0,,0,0
01.11.2022 19:30:00.000,228.427,228.656,228.386,228.526,1.6896e-06,228.81888117073925,1,0,,0,0
01.11.2022 19:35:00.000,228.526,228.777,228.376,228.396,2.1816e-06,228.78635184991316,1,0,,0,0
01.11.2022 19:40:00.000,228.377,228.716,228.346,228.657,1.7268e-06,228.77640170761217,1,0,,0,0
01.11.2022 19:45:00.000,228.637,228.946,228.466,228.917,1.968e-06,228.7872169608728,0,0,,0,0
01.11.2022 19:50:00.000,228.917,229.107,228.496,228.627,1.614e-06,228.77489257926723,0,0,,0,0
01.11.2022 19:55:00.000,228.627,228.856,228.006,228.207,2.1936e-06,228.7312085347082,0,0,,0,0
02.11.2022 13:30:00.000,229.137,229.246,227.606,228.156,1.7532,228.68696172434605,0,1,231.246,0,0
02.11.2022 13:35:00.000,228.157,228.657,227.606,227.966,2.502,228.6315031301656,0,0,,0,0
02.11.2022 13:40:00.000,227.976,228.416,227.376,227.377,3.0948,228.53500288938363,0,0,,0,0
02.11.2022 13:45:00.000,227.376,227.757,227.107,227.396,2.9568000000000003,228.44738728250798,0,0,,0,0
02.11.2022 13:50:00.000,227.386,227.526,227.006,227.136,2.8776,228.3465113376997,0,0,,0,0
02.11.2022 13:55:00.000,227.127,227.496,226.396,226.447,2.7672,228.2003950809536,0,0,,0,0
02.11.2022 14:00:00.000,226.447,226.837,226.096,226.307,2.6808,228.05474930549565,0,0,,0,0
02.11.2022 14:05:00.000,226.307,226.747,226.006,226.267,2.4996,227.91723012814984,0,0,,0,0
02.11.2022 14:10:00.000,226.276,226.726,226.076,226.166,2.6928,227.78252011829218,0,0,,0,0
02.11.2022 14:15:00.000,226.156,226.617,226.146,226.596,2.3664,227.69124933996204,0,0,,0,0
02.11.2022 14:20:00.000,226.597,226.707,226.277,226.547,2.43,227.603230159965,0,0,,0,0
02.11.2022 14:25:00.000,226.547,226.707,226.257,226.326,2.3136,227.50498168612154,0,0,,0,0
02.11.2022 14:30:00.000,226.337,226.637,226.337,226.427,2.4492000000000003,227.42206001795836,0,0,,0,0
02.11.2022 14:35:00.000,226.407,226.907,226.306,226.736,2.2188,227.36928617042312,0,0,,0,0
02.11.2022 14:40:00.000,226.736,226.807,226.156,226.686,2.0448,227.3167256957752,0,0,,0,0
02.11.2022 14:45:00.000,226.677,227.106,226.596,226.886,2.1852,227.28359294994635,0,0,,0,0
02.11.2022 14:50:00.000,226.887,227.096,226.637,226.996,1.9236,227.2614704153351,0,0,,0,0
02.11.2022 14:55:00.000,226.996,227.006,226.356,226.376,1.89,227.19335730646318,0,0,,0,0
02.11.2022 15:00:00.000,226.396,226.667,226.096,226.116,2.0436,227.1104836675045,0,0,,0,0
02.11.2022 15:05:00.000,226.126,226.457,226.096,226.297,1.7196,227.0479080007734,0,0,,0,0
02.11.2022 15:10:00.000,226.297,226.317,225.506,225.566,1.7928000000000002,226.93391507763698,0,0,,0,0
02.11.2022 15:15:00.000,225.536,225.636,225.276,225.557,1.4568,226.82799853320338,0,0,,0,0
02.11.2022 15:20:00.000,225.566,225.567,225.356,225.356,1.5599999999999998,226.71476787680314,0,0,,0,0
02.11.2022 15:25:00.000,225.367,225.367,224.796,224.906,1.6968,226.57563188627984,0,0,,0,0
02.11.2022 15:30:00.000,224.906,225.017,224.666,224.987,1.722,226.4534294334891,0,0,,0,0
02.11.2022 15:35:00.000,224.997,225.087,224.667,224.756,1.9104,226.32285793860535,0,0,,0,0
02.11.2022 15:40:00.000,224.756,225.206,224.706,225.156,1.8048,226.23309963563574,0,0,,0,0
02.11.2022 15:45:00.000,225.157,225.287,225.116,225.206,1.8504,226.15409197135608,0,0,,0,0
02.11.2022 15:50:00.000,225.186,225.247,224.806,224.946,1.5228,226.06116181971333,0,0,,0,0
02.11.2022 15:55:00.000,224.957,225.137,224.846,224.986,1.5107999999999997,225.97845706435078,0,0,,0,0
02.11.2022 16:00:00.000,225.017,225.086,224.797,225.027,1.5792000000000002,225.90526805940073,0,0,,0,0
02.11.2022 16:05:00.000,225.036,225.226,224.647,224.937,1.7088,225.8307859009853,1,0,,0,0
02.11.2022 16:10:00.000,224.926,225.067,224.806,224.927,1.6956,225.76126390860182,1,0,,0,0
02.11.2022 16:15:00.000,224.917,224.987,224.646,224.796,1.9464,225.6870128387094,1,0,,0,0
02.11.2022 16:20:00.000,224.806,224.977,224.496,224.646,1.3332,225.60693492803944,1,0,,0,0
02.11.2022 16:25:00.000,224.647,224.727,224.476,224.567,1.3812,225.52693993357485,1,2,222.476,0,0
02.11.2022 16:30:00.000,224.577,224.827,224.527,224.696,1.374,225.46302147714601,1,0,,0,0
02.11.2022 16:35:00.000,224.696,224.787,224.557,224.616,1.542,225.39786597890404,1,0,,0,0
02.11.2022 16:40:00.000,224.616,225.126,224.586,225.076,1.524,225.3731070574499,1,0,,0,0
02.11.2022 16:45:00.000,225.086,225.227,225.006,225.137,1.3368,225.35494497610762,1,0,,0,0
02.11.2022 16:50:00.000,225.136,225.367,225.067,225.317,1.2924,225.35202613179166,1,0,,0,0
02.11.2022 16:55:00.000,225.317,225.757,225.237,225.556,1.4352,225.36771642934616,0,0,,0,0
02.11.2022 17:00:00.000,225.567,225.697,225.336,225.376,1.278,225.36835362708877,0,0,,0,0
02.11.2022 17:05:00.000,225.387,225.497,225.247,225.286,1.1304,225.36201873269735,0,0,,0,0
02.11.2022 17:10:00.000,225.276,225.487,225.166,225.226,0.8208000000000001,225.3515557532591,0,0,,0,0
02.11.2022 17:15:00.000,225.216,225.477,225.207,225.456,0.618,225.35958992608533,0,0,,0,0
02.11.2022 17:20:00.000,225.446,225.607,225.346,225.367,0.8736,225.36015993177108,0,0,,0,0
02.11.2022 17:25:00.000,225.367,225.587,225.296,225.536,0.8867999999999999,225.37368609086562,0,0,,0,0
02.11.2022 17:30:00.000,225.536,225.887,225.436,225.796,0.8712,225.40617177618364,0,0,,0,0
02.11.2022 17:35:00.000,225.787,225.997,225.757,225.976,1.2372,225.45000471647722,0,0,,0,0
02.11.2022 17:40:00.000,225.966,226.697,225.966,226.216,1.7364,225.50892743059438,0,0,,0,0
02.11.2022 17:45:00.000,226.236,226.577,226.216,226.536,1.4207999999999998,225.58793301285635,0,0,,0,0
02.11.2022 17:50:00.000,226.546,227.147,226.546,226.737,0.9732,225.6763227810982,0,0,,0,0
02.11.2022 17:55:00.000,226.727,226.847,226.346,226.616,0.8099999999999999,225.74860564409067,0,0,,0,0
02.11.2022 18:00:00.000,226.617,230.867,226.386,229.627,3.6876,226.0469436714683,0,0,,0,0
02.11.2022 18:05:00.000,229.667,230.226,228.996,229.177,3.8472,226.2877172352015,0,0,,0,0
02.11.2022 18:10:00.000,229.127,229.556,228.116,228.766,3.9144,226.47835437095526,0,0,,0,0
02.11.2022 18:15:00.000,228.746,229.096,227.746,228.696,3.7476,226.64894249626641,0,0,,0,0
02.11.2022 18:20:00.000,228.726,229.617,228.616,229.377,3.522,226.8587930734767,0,0,,0,0
02.11.2022 18:25:00.000,229.386,230.517,229.286,230.507,3.114,227.13942437551697,0,0,,0,0
02.11.2022 18:30:00.000,230.507,231.047,228.796,229.717,3.9828,227.33769942355414,0,0,,0,0
02.11.2022 18:35:00.000,229.696,231.247,226.026,227.786,4.5072,227.37218408328076,0,1,233.247,0,0
02.11.2022 18:40:00.000,227.766,229.947,226.826,228.187,4.4244,227.4348622307207,0,0,,0,0
02.11.2022 18:45:00.000,228.166,228.786,227.146,227.417,4.344,227.43348821297297,0,0,,0,0
02.11.2022 18:50:00.000,227.397,227.797,224.197,224.927,4.3584,227.24068142735968,0,0,,0,0
02.11.2022 18:55:00.000,224.936,225.407,224.376,225.006,4.0944,227.06878285602434,0,0,,0,0
02.11.2022 19:00:00.000,225.007,225.427,224.507,224.896,4.0932,226.90164571325326,0,0,,0,0
02.11.2022 19:05:00.000,224.896,226.436,224.747,226.156,4.244400000000001,226.84428835069534,0,0,,0,0
02.11.2022 19:10:00.000,226.146,226.146,224.777,224.947,3.9816,226.69834309294956,0,0,,0,0
02.11.2022 19:15:00.000,224.906,224.946,223.546,223.556,3.7236,226.45662439349192,0,0,,0,0
02.11.2022 19:20:00.000,223.547,223.556,222.416,222.416,3.3384,226.14580713245408,0,0,,0,0
02.11.2022 19:25:00.000,222.436,222.557,221.356,221.957,3.5328,225.8235911991884,0,0,,0,0
02.11.2022 19:30:00.000,221.957,221.957,220.986,221.497,3.4872000000000005,225.49077649155853,0,0,,0,0
02.11.2022 19:35:00.000,221.457,222.047,221.217,221.687,3.3744,225.1981782999002,0,0,,0,0
02.11.2022 19:40:00.000,221.686,222.097,221.536,221.836,2.9916,224.9395491999079,0,0,,0,0
02.11.2022 19:45:00.000,221.837,221.907,221.177,221.547,3.216,224.67858387683808,0,0,,0,0
02.11.2022 19:50:00.000,221.557,221.617,220.496,220.906,2.7324,224.3883851170813,0,0,,0,0
02.11.2022 19:55:00.000,220.897,221.277,220.006,220.007,2.3184,224.05135549269042,0,0,,0,0
03.11.2022 13:30:00.000,219.996,220.357,219.096,219.206,2.5464e-06,223.67863583940655,0,0,,0,0
03.11.2022 13:35:00.000,219.206,219.487,218.386,219.146,3.4284e-06,223.32997154406758,0,0,,0,0
03.11.2022 13:40:00.000,219.167,219.717,217.796,217.947,3.4872e-06,222.91589680990856,0,0,,0,0
03.11.2022 13:45:00.000,217.966,218.027,217.237,217.527,3.5292e-06,222.50136628606947,0,0,,0,0
03.11.2022 13:50:00.000,217.527,217.707,217.067,217.247,2.5548e-06,222.09718426406414,0,0,,0,0
03.11.2022 13:55:00.000,217.267,217.317,216.446,216.567,2.1588e-06,221.67178547452076,0,0,,0,0
03.11.2022 15:00:00.000,217.877,218.546,217.496,217.847,3.084e-06,221.37757120724996,0,0,,0,0
03.11.2022 15:05:00.000,217.867,217.967,217.047,217.306,3.1272e-06,221.0643734220769,0,0,,0,0
03.11.2022 15:10:00.000,217.297,217.457,216.966,217.117,3.0528e-06,220.76072931268638,0,0,,0,0
03.11.2022 15:15:00.000,217.116,217.237,216.596,216.956,2.5788e-06,220.46805782709515,0,0,,0,0
03.11.2022 15:20:00.000,216.957,217.447,216.956,217.006,2.5476e-06,220.2017456865494,0,0,,0,0
03.11.2022 15:25:00.000,217.026,217.457,216.546,216.567,2.7432e-06,219.92214986450713,0,0,,0,0
03.11.2022 15:30:00.000,216.546,216.767,215.936,216.176,2.7732e-06,219.6339844903143,0,0,,0,0
03.11.2022 15:35:00.000,216.177,216.686,216.037,216.607,2.196e-06,219.4011395295209,0,0,,0,0
03.11.2022 15:40:00.000,216.606,216.697,216.426,216.537,2.4252e-06,219.18082110417313,0,0,,0,0
03.11.2022 15:45:00.000,216.507,216.997,216.276,216.366,2.6184e-06,218.96429640385213,0,0,,0,0
03.11.2022 15:50:00.000,216.316,216.487,216.026,216.127,2.31e-06,218.74604283432504,0,0,,0,0
03.11.2022 15:55:00.000,216.126,216.337,216.046,216.137,2.436e-06,218.54534723168464,1,0,,0,0
03.11.2022 17:00:00.000,218.196,218.277,217.496,217.737,1.926e-06,218.4831666754012,1,0,,0,0
03.11.2022 17:05:00.000,217.737,217.797,217.286,217.476,2.1324e-06,218.40569231575498,1,0,,0,0
03.11.2022 17:10:00.000,217.477,217.477,217.086,217.127,1.8648e-06,218.3073313683892,1,0,,0,0
03.11.2022 17:15:00.000,217.156,217.556,217.036,217.097,2.1804e-06,218.2142289554362,1,0,,0,0
03.11.2022 17:20:00.000,217.096,217.216,216.756,216.826,1.8996e-06,218.10744211271034,1,0,,0,0
03.11.2022 17:25:00.000,216.846,216.927,216.676,216.876,1.6692e-06,218.012715796348,1,0,,0,0
03.11.2022 17:30:00.000,216.816,216.886,216.566,216.596,1.386e-06,217.9037376581674,1,0,,0,0
03.11.2022 17:35:00.000,216.596,216.707,216.256,216.576,1.404e-06,217.8016039921545,1,0,,0,0
03.11.2022 17:40:00.000,216.587,216.737,216.546,216.567,1.3116e-06,217.70663445429645,1,0,,0,0
03.11.2022 17:45:00.000,216.586,216.717,216.496,216.547,1.3644e-06,217.61743180396599,1,0,,0,0
03.11.2022 17:50:00.000,216.547,216.986,216.396,216.916,1.2756e-06,217.5634755113532,1,0,,0,0
03.11.2022 17:55:00.000,216.897,216.977,216.576,216.606,1.182e-06,217.48982354894144,1,0,,0,0
03.11.2022 19:00:00.000,216.526,216.606,216.166,216.256,1.4364e-06,217.39491404517673,1,0,,0,0
03.11.2022 19:05:00.000,216.266,216.287,215.806,215.976,1.272e-06,217.2857668109324,1,0,,0,0
03.11.2022 19:10:00.000,215.976,216.027,215.796,215.796,1.302e-06,217.17116936393762,1,0,,0,0
03.11.2022 19:15:00.000,215.796,215.937,215.676,215.857,1.1484e-06,217.0700794128655,1,0,,0,0
03.11.2022 19:20:00.000,215.847,216.196,215.846,215.976,1.3104e-06,216.9859194580297,1,0,,0,0
03.11.2022 19:25:00.000,215.996,216.196,215.846,215.887,1.7112e-06,216.90138719202744,1,0,,0,0
03.11.2022 19:30:00.000,215.886,216.007,215.646,215.937,1.6296e-06,216.8272035618715,1,0,,0,0
03.11.2022 19:35:00.000,215.956,216.017,215.426,215.447,1.6848e-06,216.72103405711215,1,0,,0,0
03.11.2022 19:40:00.000,215.436,215.577,215.196,215.246,1.4016e-06,216.60756989887278,1,0,,0,0
03.11.2022 19:45:00.000,215.246,215.287,214.796,214.857,1.6824e-06,216.4729106758826,1,0,,0,0
03.11.2022 19:50:00.000,214.857,214.967,214.536,214.736,1.7916e-06,216.33930216235316,1,0,,0,0
03.11.2022 19:55:00.000,214.737,214.737,213.986,214.197,2.022e-06,216.174509688326,1,0,,0,0
04.11.2022 13:30:00.000,218.096,218.166,216.266,216.387,2.2308000000000003,216.19085509691632,0,0,,0,0
04.11.2022 13:35:00.000,216.327,216.747,214.916,215.067,3.1176,216.10440470484585,0,0,,0,0
04.11.2022 13:40:00.000,215.087,215.387,213.486,213.526,3.6384,215.90606588139616,0,0,,0,0
04.11.2022 13:45:00.000,213.546,214.236,213.416,213.836,3.798,215.7468300443657,0,2,211.416,0,0
04.11.2022 13:50:00.000,213.826,215.356,213.577,215.026,3.6204,215.6913815794145,0,0,,0,0
04.11.2022 13:55:00.000,215.026,216.476,214.787,216.376,3.6324,215.74404453484416,0,0,,0,0
04.11.2022 14:00:00.000,216.386,217.237,216.277,216.567,3.5292,215.80734880139462,0,0,,0,0
04.11.2022 14:05:00.000,216.567,217.076,215.526,215.976,3.6312,215.82032197051814,0,0,,0,0
04.11.2022 14:10:00.000,215.967,217.366,215.746,217.006,3.4392,215.911527972786,0,0,,0,0
04.11.2022 14:15:00.000,217.007,217.747,217.006,217.446,3.0252,216.0295642825717,0,0,,0,0
04.11.2022 14:20:00.000,217.447,219.137,217.447,218.926,2.814,216.25236703006618,0,0,,0,0
04.11.2022 14:25:00.000,218.946,219.016,218.196,218.517,2.6136,216.42656956621494,0,0,,0,0
04.11.2022 14:30:00.000,218.487,219.116,218.316,218.567,2.6928,216.59121806112148,0,0,,0,0
04.11.2022 14:35:00.000,218.537,219.247,218.406,219.006,2.646,216.7769705179583,0,0,,0,0
04.11.2022 14:40:00.000,219.006,219.957,218.977,219.497,2.664,216.98620355503843,0,1,221.957,0,0
04.11.2022 14:45:00.000,219.516,219.767,219.116,219.716,2.5704,217.19618789695858,0,0,,0,0
04.11.2022 14:50:00.000,219.667,219.847,218.126,218.136,3.1068,217.26848113565407,0,0,,0,0
04.11.2022 14:55:00.000,218.147,218.736,218.016,218.537,2.6712,217.36605950983454,0,0,,0,0
04.11.2022 15:00:00.000,218.556,218.847,217.876,218.166,2.8572,217.42759339369346,0,0,,0,0
04.11.2022 15:05:00.000,218.186,218.276,217.206,217.386,2.7684,217.4243939018709,0,0,,0,0
04.11.2022 15:10:00.000,217.387,217.437,216.636,216.816,2.6928,217.37759437095775,0,0,,0,0
04.11.2022 15:15:00.000,216.826,217.267,216.586,216.787,2.4804,217.33216403473025,0,0,,0,0
04.11.2022 15:20:00.000,216.817,217.406,216.746,217.286,1.9992,217.32861295513564,0,0,,0,0
04.11.2022 15:25:00.000,217.296,217.307,215.916,216.056,2.4876,217.23071965089446,0,0,,0,0
04.11.2022 15:30:00.000,216.077,216.487,215.906,216.266,2.7624,217.15651044697952,0,0,,0,0
04.11.2022 15:35:00.000,216.276,216.656,216.046,216.267,3.0012,217.08808656644266,0,0,,0,0
04.11.2022 15:40:00.000,216.267,216.316,215.606,216.106,2.8488,217.01254144594708,0,0,,0,0
04.11.2022 15:45:00.000,216.106,216.307,215.916,216.136,2.5200000000000005,216.9451151808742,0,0,,0,0
04.11.2022 15:50:00.000,216.136,216.177,215.447,215.997,2.6148,216.8721832438839,0,0,,0,0
04.11.2022 15:55:00.000,215.997,216.157,215.666,215.667,2.6208,216.77947684050824,0,0,,0,0
04.11.2022 16:00:00.000,215.707,216.067,215.137,215.276,3.1032,216.66382477585375,0,0,,0,0
04.11.2022 16:05:00.000,215.306,216.726,215.086,216.607,3.1596,216.65945363924965,0,2,213.086,0,0
04.11.2022 16:10:00.000,216.606,217.106,216.466,217.046,2.7924,216.689187974692,0,0,,0,0
04.11.2022 16:15:00.000,217.046,218.527,216.936,217.936,2.712,216.7850965920234,0,0,,0,0
04.11.2022 16:20:00.000,217.937,217.977,217.557,217.747,2.5068,216.85908916186776,0,0,,0,0
04.11.2022 16:25:00.000,217.746,218.447,217.606,218.286,2.544,216.96885153403178,0,0,,0,0
04.11.2022 16:30:00.000,218.266,218.587,217.936,218.497,2.4864,217.08640141602936,0,0,,0,0
04.11.2022 16:35:00.000,218.496,218.497,217.246,217.316,2.8692,217.10406284556558,0,0,,0,0
04.11.2022 16:40:00.000,217.316,217.867,216.946,217.627,2.6796,217.14428878052206,0,0,,0,0
04.11.2022 16:45:00.000,217.637,217.706,217.236,217.277,2.5776000000000003,217.15449733586655,0,0,,0,0
04.11.2022 16:50:00.000,217.267,217.587,217.026,217.476,2.6928,217.17922831003068,0,0,,0,0
04.11.2022 16:55:00.000,217.476,217.817,217.276,217.556,2.6388,217.20821074772064,0,0,,0,0
04.11.2022 17:00:00.000,217.557,217.597,217.006,217.457,2.712,217.22734838251137,0,0,,0,0
04.11.2022 17:05:00.000,217.457,217.787,216.096,216.116,2.928,217.14186004539513,0,0,,0,0
04.11.2022 17:10:00.000,216.137,217.607,216.097,217.567,2.9676000000000005,217.17456311882628,0,0,,0,0
04.11.2022 17:15:00.000,217.567,217.587,217.046,217.366,2.4828,217.18928903276273,0,0,,0,0
04.11.2022 17:20:00.000,217.397,217.526,216.896,217.377,2.5488,217.20372833793485,0,0,,0,0
04.11.2022 17:25:00.000,217.407,217.417,216.716,216.846,2.2188,217.17621077347835,0,0,,0,0
04.11.2022 17:30:00.000,216.837,217.217,216.596,216.657,2.4624,217.1362714832108,0,0,,0,0
04.11.2022 17:35:00.000,216.657,217.086,216.496,216.726,2.3028,217.10471213834845,0,0,,0,0
04.11.2022 17:40:00.000,216.726,216.897,216.436,216.656,1.9668,217.07019582001396,0,0,,0,0
04.11.2022 17:45:00.000,216.657,217.176,216.426,217.156,2.0472,217.07679614155137,0,0,,0,0
04.11.2022 17:50:00.000,217.167,217.206,216.746,217.186,1.7544,217.08519643835513,0,0,,0,0
04.11.2022 17:55:00.000,217.186,217.216,216.746,216.957,1.8972,217.07533517386628,0,0,,0,0
04.11.2022 18:00:00.000,216.957,217.387,216.806,216.927,2.1816,217.0639247758766,0,0,,0,0
04.11.2022 18:05:00.000,216.916,217.007,216.327,216.636,2.37,217.03100748542454,0,0,,0,0
04.11.2022 18:10:00.000,216.636,216.996,216.476,216.937,1.9968,217.0237761403919,0,0,,0,0
04.11.2022 18:15:00.000,216.917,217.916,216.656,217.897,2.6436,217.0909472065156,0,0,,0,0
04.11.2022 18:20:00.000,217.866,218.047,217.536,218.007,2.334,217.16141280601443,0,0,,0,0
04.11.2022 18:25:00.000,218.006,218.276,217.546,217.936,2.3112,217.220996436321,0,0,,0,0
04.11.2022 18:30:00.000,217.937,218.027,217.597,217.717,2.0484,217.25915055660403,0,0,,0,0
04.11.2022 18:35:00.000,217.717,218.406,217.606,218.167,2.3328,217.32898512917296,0,0,,0,0
04.11.2022 18:40:00.000,218.186,219.057,218.046,218.846,2.6748,217.44567858077505,0,0,,0,0
04.11.2022 18:45:00.000,218.857,218.987,218.197,218.436,2.3376,217.52185715148468,0,0,,0,0
04.11.2022 18:50:00.000,218.436,218.817,218.396,218.657,2.058,217.6091758321397,0,0,,0,0
04.11.2022 18:55:00.000,218.626,219.107,218.626,218.917,2.244,217.7097776912059,0,0,,0,0
04.11.2022 19:00:00.000,218.917,218.997,218.496,218.866,2.4192,217.79871786880543,0,0,,0,0
04.11.2022 19:05:00.000,218.866,219.627,218.796,219.527,2.2776,217.93166264812808,0,0,,0,0
04.11.2022 19:10:00.000,219.546,219.967,219.506,219.566,2.4888000000000003,218.0573809059644,0,0,,0,0
04.11.2022 19:15:00.000,219.586,219.777,219.336,219.497,2.124,218.16812083627485,0,0,,0,0
04.11.2022 19:20:00.000,219.477,219.497,219.066,219.176,2.2116,218.24565000271525,0,0,,0,0
04.11.2022 19:25:00.000,219.186,219.857,219.176,219.506,2.3304,218.3426000025064,0,0,,0,0
04.11.2022 19:30:00.000,219.527,220.147,219.177,220.136,2.6436,218.48055384846745,0,0,,0,0
04.11.2022 19:35:00.000,220.146,220.437,219.806,220.427,2.2704,218.63028047550844,0,0,,0,0
04.11.2022 19:40:00.000,220.426,220.907,220.076,220.897,2.6196,218.80464351585397,0,0,,0,0
04.11.2022 19:45:00.000,220.856,221.397,220.506,220.547,2.568,218.93867093771135,0,0,,0,0
04.11.2022 19:50:00.000,220.567,220.786,219.997,220.667,1.9392,219.07161932711819,0,0,,0,0
04.11.2022 19:55:00.000,220.676,221.527,220.676,221.387,1.9704,219.24972553272448,0,0,,0,0
07.11.2022 15:00:00.000,223.966,224.937,223.896,224.607,2.5644e-06,219.66182356866878,0,0,,0,0
07.11.2022 15:05:00.000,224.647,225.017,224.056,224.746,2.4072e-06,220.05291406338657,0,0,,0,0
07.11.2022 15:10:00.000,224.747,225.047,224.396,224.816,2.262e-06,220.41930528927992,0,0,,0,0
07.11.2022 15:15:00.000,224.856,225.836,224.656,224.966,2.4564e-06,220.76905103625842,0,0,,0,0
07.11.2022 15:20:00.000,224.967,225.397,224.756,225.387,2.9064e-06,221.12427787962315,0,0,,0,0
07.11.2022 15:25:00.000,225.396,225.456,224.456,224.857,2.9292e-06,221.41141035042136,0,0,,0,0
07.11.2022 15:30:00.000,224.857,225.266,224.537,225.206,2.9376e-06,221.7033018619274,0,0,,0,0
07.11.2022 15:35:00.000,225.227,225.756,224.997,225.107,2.9304e-06,221.9651247956253,0,0,,0,0
07.11.2022 15:40:00.000,225.096,225.667,225.046,225.356,3.0048e-06,222.22596134980796,0,0,,0,0
07.11.2022 15:45:00.000,225.356,225.687,224.776,225.027,3.0912e-06,222.4414258613612,0,0,,0,0
07.11.2022 15:50:00.000,225.026,226.267,224.856,225.856,2.9316e-06,222.70408541048727,2,0,,0,0
07.11.2022 15:55:00.000,225.857,226.437,225.686,226.417,2.3808e-06,222.98969422506516,2,0,,0,0
07.11.2022 17:00:00.000,223.366,223.437,222.936,223.147,2.3988e-06,223.00179466929094,2,0,,0,0
07.11.2022 17:05:00.000,223.146,223.406,222.856,223.337,2.2932e-06,223.02757969473012,2,0,,0,0
07.11.2022 17:10:00.000,223.337,223.607,223.196,223.397,2.0736e-06,223.05599664128937,2,0,,0,0
07.11.2022 17:15:00.000,223.367,223.646,223.086,223.536,1.9008e-06,223.09291997657482,2,0,,0,0
07.11.2022 17:20:00.000,223.546,223.566,223.157,223.437,1.9428e-06,223.11938767068446,2,0,,0,0
07.11.2022 17:25:00.000,223.437,223.447,222.996,223.387,1.9044e-06,223.139973234478,2,0,,0,0
07.11.2022 17:30:00.000,223.406,223.807,223.276,223.756,1.8708e-06,223.1873599087489,2,0,,0,0
07.11.2022 17:35:00.000,223.776,223.926,223.496,223.696,1.932e-06,223.2264860696144,2,0,,0,0
07.11.2022 17:40:00.000,223.737,224.127,223.706,224.106,1.62e-06,223.29414098733636,2,0,,0,0
07.11.2022 17:45:00.000,224.046,224.197,223.656,223.806,1.6812e-06,223.33351475754125,2,0,,0,0
07.11.2022 17:50:00.000,223.836,224.017,223.566,223.897,1.5612e-06,223.37685977619194,2,0,,0,0
07.11.2022 17:55:00.000,223.896,224.337,223.776,224.326,1.542e-06,223.44987056263872,2,0,,0,0
07.11.2022 19:00:00.000,226.266,226.717,226.247,226.686,1.668e-06,223.69880359628192,2,0,,0,0
07.11.2022 19:05:00.000,226.696,226.827,226.396,226.557,1.0692e-06,223.91866485810638,2,0,,0,0
07.11.2022 19:10:00.000,226.607,226.997,226.526,226.967,1.3488e-06,224.1531521767136,2,0,,0,0
07.11.2022 19:15:00.000,226.956,227.547,226.936,227.476,1.7832e-06,224.40875585542796,2,0,,0,0
07.11.2022 19:20:00.000,227.457,227.567,227.257,227.497,1.3104e-06,224.6463130973181,2,0,,0,0
07.11.2022 19:25:00.000,227.496,227.516,227.146,227.466,1.5228e-06,224.86321208983213,2,0,,0,0
07.11.2022 19:30:00.000,227.487,228.026,227.376,227.937,1.65e-06,225.0996573136912,2,0,,0,0
07.11.2022 19:35:00.000,227.957,228.157,227.846,228.126,1.3332e-06,225.33245290494574,2,0,,0,0
07.11.2022 19:40:00.000,228.127,228.197,227.846,227.927,1.0776e-06,225.53203345071915,2,0,,0,0
07.11.2022 19:45:00.000,227.917,228.327,227.916,228.196,1.2228e-06,225.73695395451,2,0,,0,0
07.11.2022 19:50:00.000,228.206,228.387,227.877,228.037,1.1256e-06,225.91388057339387,2,0,,0,0
07.11.2022 19:55:00.000,228.027,228.066,227.576,227.797,1.0463999999e-06,226.05873591390204,2,0,,0,0
08.11.2022 14:30:00.000,228.906,229.546,228.066,228.717,1.5263999999999998,226.26321776667882,2,0,,0,0
08.11.2022 14:35:00.000,228.747,229.067,228.357,228.616,2.088,226.44420101539583,2,0,,0,0
08.11.2022 14:40:00.000,228.636,228.776,227.506,228.466,2.0844,226.59972401421155,2,0,,0,0
08.11.2022 14:45:00.000,228.436,229.157,228.136,228.986,2.2284,226.78328370542607,2,0,,0,0
08.11.2022 14:50:00.000,228.986,230.387,228.927,230.036,2.2032,227.03349265116253,2,0,,0,0
08.11.2022 14:55:00.000,230.037,230.297,229.666,229.687,2.0904,227.23760860107313,2,0,,0,0
08.11.2022 15:00:00.000,229.637,229.746,228.636,228.816,2.9388000000000005,227.35902332406752,2,0,,0,0
08.11.2022 15:05:00.000,228.836,229.397,228.746,229.167,2.7876,227.49809845298543,2,0,,0,0
08.11.2022 15:10:00.000,229.166,229.757,228.876,229.346,2.9016,227.6402447258327,2,0,,0,0
08.11.2022 15:15:00.000,229.346,230.297,229.326,230.136,2.7768,227.83222590076866,2,0,,0,0
08.11.2022 15:20:00.000,230.127,230.717,229.886,229.896,2.5044,227.9909777545557,2,0,,0,0
08.11.2022 15:25:00.000,229.886,230.077,229.346,229.516,2.322,228.10828715805144,2,0,,0,0
08.11.2022 15:30:00.000,229.527,229.906,229.346,229.736,2.5308,228.23349583820135,2,0,,0,0
08.11.2022 15:35:00.000,229.757,230.187,229.436,229.757,2.3904,228.350688466032,2,0,,0,0
08.11.2022 15:40:00.000,229.776,230.026,229.606,229.767,2.25,228.45963550710647,2,0,,0,0
08.11.2022 15:45:00.000,229.787,230.127,229.646,230.017,2.1444,228.5794327757906,2,0,,0,0
08.11.2022 15:50:00.000,230.037,230.127,229.326,229.386,1.7832,228.64147640842208,2,0,,0,0
08.11.2022 15:55:00.000,229.387,229.427,229.026,229.346,1.3428,228.69567053085115,2,0,,0,0
08.11.2022 16:00:00.000,229.387,229.416,228.866,228.966,1.3763999999999998,228.71646510540106,2,0,,0,0
08.11.2022 16:05:00.000,228.937,229.117,228.436,229.117,1.6272,228.7472754819087,2,0,,0,0
08.11.2022 16:10:00.000,229.116,229.497,229.087,229.387,1.734,228.79648506022343,2,0,,0,0
08.11.2022 16:15:00.000,229.437,229.446,229.166,229.186,1.17,228.82644774789856,2,0,,0,0
08.11.2022 16:20:00.000,229.186,230.197,229.146,230.177,1.4856,228.93033638267562,2,0,,0,0
08.11.2022 16:25:00.000,230.186,230.557,230.146,230.406,1.8444,229.04384896862365,2,0,,0,0
08.11.2022 16:30:00.000,230.407,231.106,230.407,231.007,1.992,229.19486058642184,2,0,,0,0
08.11.2022 16:35:00.000,231.007,231.397,230.996,231.357,2.0268,229.36117900285092,2,0,,0,0
08.11.2022 16:40:00.000,231.337,231.516,230.866,230.867,2.142,229.477011387247,2,0,,0,0
08.11.2022 16:45:00.000,230.866,230.907,230.536,230.697,2.0172,229.57085666515107,2,0,,0,0
08.11.2022 16:50:00.000,230.677,231.047,230.446,231.026,1.9548,229.6827907678318,2,0,,0,0
08.11.2022 16:55:00.000,231.047,231.047,230.686,230.996,1.8888,229.78380686261397,2,0,,0,0
08.11.2022 17:00:00.000,231.017,231.187,230.836,230.947,1.6248000000000002,229.87328325779754,2,0,,0,0
08.11.2022 17:05:00.000,230.946,231.247,230.886,231.176,1.5564,229.97349223796695,2,0,,0,0
08.11.2022 17:10:00.000,231.176,231.626,231.056,231.077,1.5900000000000003,230.05837745043104,2,1,233.626,0,0
08.11.2022 17:15:00.000,231.087,231.177,230.896,231.137,1.8864,230.14134841578252,2,0,,0,0
08.11.2022 17:20:00.000,231.106,231.197,230.806,230.936,1.7676,230.20247546072233,2,0,,0,0
08.11.2022 17:25:00.000,230.917,230.977,230.646,230.936,1.4796,230.25890042528215,2,0,,0,0
08.11.2022 17:30:00.000,230.936,231.026,230.556,230.806,1.56,230.30098500795276,2,0,,0,0
08.11.2022 17:35:00.000,230.807,230.957,230.546,230.947,1.4976000000000005,230.3506784688795,2,0,,0,0
08.11.2022 17:40:00.000,230.926,231.107,230.766,230.877,1.5707999999999998,230.39116474050414,2,0,,0,0
08.11.2022 17:45:00.000,230.876,231.096,230.696,230.736,1.5096,230.41769052969613,2,0,,0,0
08.11.2022 17:50:00.000,230.736,230.787,230.356,230.476,1.338,230.42217587356566,2,0,,0,0
08.11.2022 17:55:00.000,230.467,230.827,230.467,230.796,1.3308,230.45093157559907,2,0,,0,0
08.11.2022 18:00:00.000,230.796,231.056,230.706,230.946,1.5,230.48901376209145,2,0,,0,0
08.11.2022 18:05:00.000,230.947,231.277,230.726,231.167,1.5984,230.5411665496229,2,0,,0,0
08.11.2022 18:10:00.000,231.166,231.277,231.026,231.166,1.326,230.58923066119038,2,0,,0,0
08.11.2022 18:15:00.000,231.186,231.237,230.696,230.696,1.74,230.59744368725268,2,0,,0,0
08.11.2022 18:20:00.000,230.706,230.727,229.316,229.587,2.4768000000000003,230.51971724977173,0,0,,0,0
08.11.2022 18:25:00.000,229.617,229.647,228.567,228.657,2.4108,230.3764313074816,0,0,,0,0
08.11.2022 18:30:00.000,228.646,228.927,228.036,228.917,3.0012,230.26416736075225,0,0,,0,0
08.11.2022 18:35:00.000,228.927,229.197,228.556,228.787,2.2608,230.15053910223284,0,0,,0,0
08.11.2022 18:40:00.000,228.797,229.086,228.647,228.897,1.9176,230.0541130174457,0,0,,0,0
08.11.2022 18:45:00.000,228.926,228.977,228.306,228.366,2.142,229.92425816994987,0,0,,0,0
08.11.2022 18:50:00.000,228.366,228.757,228.016,228.327,2.0016000000000003,229.8013921568768,0,0,,0,0
08.11.2022 18:55:00.000,228.357,228.427,227.026,227.317,3.0024,229.6102850678863,0,0,,0,0
08.11.2022 19:00:00.000,227.267,227.827,227.186,227.667,2.5908,229.4608016011258,0,0,,0,0
08.11.2022 19:05:00.000,227.646,227.806,227.066,227.156,2.868,229.28350917026998,0,0,,0,0
08.11.2022 19:10:00.000,227.147,227.757,226.947,227.756,2.3148,229.1660084648646,0,0,,0,0
08.11.2022 19:15:00.000,227.757,227.967,227.536,227.706,2.1576,229.0537001214135,0,0,,0,0
08.11.2022 19:20:00.000,227.727,227.847,226.536,226.646,2.694,228.8684924197663,0,0,,0,0
08.11.2022 19:25:00.000,226.647,226.726,226.106,226.187,2.7792,228.662223772092,0,0,,0,0
08.11.2022 19:30:00.000,226.187,226.527,225.836,226.486,2.9028,228.49482194346956,0,2,223.836,0,0
08.11.2022 19:35:00.000,226.486,227.427,226.296,227.306,2.7876000000000003,228.4033741016642,0,0,,0,0
08.11.2022 19:40:00.000,227.306,228.117,227.126,227.727,2.5524,228.35134532461313,0,0,,0,0
08.11.2022 19:45:00.000,227.727,228.136,227.556,227.816,2.7863999999999995,228.31016491502754,0,0,,0,0
08.11.2022 19:50:00.000,227.836,228.187,227.576,227.916,2.5236,228.27984453694853,0,0,,0,0
08.11.2022 19:55:00.000,227.917,228.007,227.636,227.657,2.4252,228.23193341872175,0,0,,0,0
08.11.2022 20:00:00.000,227.636,228.717,227.616,228.327,2.9544,228.23924623266626,0,0,,0,0
08.11.2022 20:05:00.000,228.327,228.687,228.086,228.306,2.5272,228.2443811378458,0,0,,0,0
08.11.2022 20:10:00.000,228.316,228.646,228.057,228.436,2.4576,228.2591210503192,0,0,,0,0
08.11.2022 20:15:00.000,228.397,228.926,228.286,228.846,2.5224,228.30426558491007,0,0,,0,0
08.11.2022 20:20:00.000,228.846,229.006,228.576,228.796,2.232,228.34209130914775,0,0,,0,0
08.11.2022 20:25:00.000,228.817,229.487,228.697,229.466,2.412,228.4285458238287,0,0,,0,0
08.11.2022 20:30:00.000,229.456,230.236,229.436,230.157,2.7624,228.56150383738034,0,0,,0,0
08.11.2022 20:35:00.000,230.147,230.487,229.787,229.927,2.6664,228.6665420037357,0,1,232.487,0,0
08.11.2022 20:40:00.000,229.936,230.117,229.676,229.807,2.4648000000000003,228.75426954190988,0,0,,0,0
08.11.2022 20:45:00.000,229.817,230.486,229.776,230.096,2.418,228.8574795771476,0,0,,0,0
08.11.2022 20:50:00.000,230.057,230.307,229.396,229.417,2.4492000000000003,228.9005196096747,0,0,,0,0
08.11.2022 20:55:00.000,229.407,229.416,228.756,228.756,2.6364,228.88940271662278,0,0,,0,0
09.11.2022 15:00:00.000,227.136,227.806,226.896,227.766,2.6196e-06,228.80298712303644,0,0,,0,0
09.11.2022 15:05:00.000,227.766,228.287,227.636,228.137,2.4612e-06,228.75175734434134,0,0,,0,0
09.11.2022 15:10:00.000,228.177,228.467,227.776,228.196,2.2848e-06,228.709006779392,0,0,,0,0
09.11.2022 15:15:00.000,228.196,228.577,227.696,228.166,2.3352e-06,228.66723702713108,0,0,,0,0
09.11.2022 15:20:00.000,228.217,228.377,227.756,228.057,2.6628e-06,228.62029571735175,0,0,,0,0
09.11.2022 15:25:00.000,228.057,228.127,226.896,227.146,2.46e-06,228.50688835447858,0,0,,0,0
09.11.2022 15:30:00.000,227.146,227.446,226.356,226.647,2.6196e-06,228.3638200195187,0,0,,0,0
09.11.2022 15:35:00.000,226.666,227.037,226.246,226.557,3.0504e-06,228.2248338641711,0,0,,0,0
09.11.2022 15:40:00.000,226.546,226.717,226.056,226.456,2.88e-06,228.08876972077334,0,0,,0,0
09.11.2022 15:45:00.000,226.466,226.756,226.346,226.627,2.8164e-06,227.97632589609847,0,0,,0,0
09.11.2022 15:50:00.000,226.616,226.637,226.046,226.066,2.5284e-06,227.82937775024476,0,0,,0,0
09.11.2022 15:55:00.000,226.066,226.497,225.277,225.836,2.616e-06,227.67604100022595,0,0,,0,0
09.11.2022 17:00:00.000,227.166,227.587,227.137,227.557,2.322e-06,227.6668840002086,0,0,,0,0
09.11.2022 17:05:00.000,227.557,227.647,226.986,227.206,2.1576e-06,227.63143138480794,0,0,,0,0
09.11.2022 17:10:00.000,227.196,227.377,227.056,227.156,1.9932e-06,227.5948597398227,0,0,,0,0
09.11.2022 17:15:00.000,227.156,227.267,226.747,226.937,2.0772e-06,227.54425514445177,0,0,,0,0
09.11.2022 17:20:00.000,226.926,227.197,226.856,226.957,1.8552e-06,227.49908167180163,0,0,,0,0
09.11.2022 17:25:00.000,226.947,227.107,226.446,226.467,2.1204e-06,227.41969077397076,0,0,,0,0
09.11.2022 17:30:00.000,226.466,227.027,226.456,227.007,1.9572e-06,227.38794532981916,0,0,,0,0
09.11.2022 17:35:00.000,226.977,227.057,226.516,226.537,1.9236e-06,227.32248799675617,0,0,,0,0
09.11.2022 17:40:00.000,226.527,226.817,226.426,226.626,2.0736e-06,227.2689119970057,0,0,,0,0
09.11.2022 17:45:00.000,226.637,226.917,226.546,226.916,2.1372e-06,227.24176492031296,0,0,,0,0
09.11.2022 17:50:00.000,226.916,226.947,226.526,226.566,1.9752e-06,227.18978300336585,0,0,,0,0
09.11.2022 17:55:00.000,226.567,226.687,226.456,226.556,1.8708e-06,227.1410304646454,0,0,,0,0
09.11.2022 19:00:00.000,225.217,225.647,225.126,225.587,2.0232e-06,227.02148965967268,0,0,,0,0
09.11.2022 19:05:00.000,225.586,226.037,225.417,225.867,2.0016e-06,226.93268276277482,0,0,,0,0
09.11.2022 19:10:00.000,225.876,226.127,225.666,225.977,2.1288e-06,226.85916870409983,0,0,,0,0
09.11.2022 19:15:00.000,225.976,225.977,225.556,225.786,2.1792e-06,226.77661726532295,0,0,,0,0
09.11.2022 19:20:00.000,225.787,225.847,225.406,225.576,2.0484e-06,226.68426209106735,0,0,,0,0
09.11.2022 19:25:00.000,225.567,225.907,225.566,225.737,1.878e-06,226.61139577636987,0,0,,0,0
09.11.2022 19:30:00.000,225.737,225.737,225.016,225.116,1.8684e-06,226.49636533203372,1,0,,0,0
09.11.2022 19:35:00.000,225.137,225.257,224.937,225.087,1.7388e-06,226.387952614185,1,0,,0,0
09.11.2022 19:40:00.000,225.087,225.476,224.926,225.336,1.9812e-06,226.30703318232463,1,0,,0,0
09.11.2022 19:45:00.000,225.337,225.477,224.607,224.806,2.0472e-06,226.1915690913766,1,0,,0,0
09.11.2022 19:50:00.000,224.807,224.807,224.356,224.476,2.232e-06,226.0596022381938,1,0,,0,0
09.11.2022 19:55:00.000,224.486,224.517,224.307,224.446,1.974e-06,225.93547898910197,1,2,222.307,0,0
10.11.2022 14:30:00.000,236.447,238.146,235.426,236.487,2.1912000000000003,226.74713445147876,0,0,,0,0
10.11.2022 14:35:00.000,236.507,236.757,235.647,236.316,3.534,227.48320103213428,0,0,,0,0
10.11.2022 14:40:00.000,236.316,236.577,234.937,235.977,3.7608,228.13657018350858,0,0,,0,0
10.11.2022 14:45:00.000,235.977,237.947,235.976,237.776,3.5508,228.87806478477717,0,0,,0,0
10.11.2022 14:50:00.000,237.787,238.347,237.586,238.277,3.2592,229.60105980133278,0,0,,0,0
10.11.2022 14:55:00.000,238.307,239.957,238.307,239.856,2.8788,230.3899013550764,0,0,,0,0
10.11.2022 15:00:00.000,239.857,240.267,239.356,239.766,3.144,231.11113971237822,0,1,242.267,0,0
10.11.2022 15:05:00.000,239.757,239.866,238.866,239.277,2.9688,231.73928281142605,0,0,,0,0
10.11.2022 15:10:00.000,239.286,239.667,238.856,238.876,2.9928,232.288261056701,0,0,,0,0
10.11.2022 15:15:00.000,238.867,239.447,238.856,239.416,2.8644,232.83654866772403,0,0,,0,0
10.11.2022 15:20:00.000,239.447,239.647,238.496,238.496,2.5824,233.27189107789914,0,0,,0,0
10.11.2022 15:25:00.000,238.497,238.757,238.106,238.367,2.6004,233.66382253344537,0,0,,0,0
10.11.2022 15:30:00.000,238.367,238.596,237.646,238.056,2.7372,234.001682338565,0,0,,0,0
10.11.2022 15:35:00.000,238.057,238.167,237.376,237.407,2.598,234.26362985098308,0,0,,0,0
10.11.2022 15:40:00.000,237.407,238.607,237.287,238.236,2.832,234.56919678552285,0,0,,0,0
10.11.2022 15:45:00.000,238.227,238.806,237.996,238.746,2.9268,234.89048934048262,0,0,,0,0
10.11.2022 15:50:00.000,238.747,238.937,238.216,238.256,2.364,235.1493747758301,0,0,,0,0
10.11.2022 15:55:00.000,238.266,238.847,238.057,238.706,2.6784,235.42296133153548,0,0,,0,0
10.11.2022 16:00:00.000,238.717,238.877,237.897,237.897,2.7936,235.61327199834045,0,0,,0,0
10.11.2022 16:05:00.000,237.917,238.386,237.556,237.656,2.814,235.77040492154504,0,0,,0,0
10.11.2022 16:10:00.000,237.657,238.487,237.516,238.366,2.6928,235.97006608142618,0,0,,0,0
10.11.2022 16:15:00.000,238.386,238.456,238.016,238.357,2.5584,236.15367638285494,0,0,,0,0
10.11.2022 16:20:00.000,238.376,239.026,238.337,238.826,2.1984,236.35923973801997,0,0,,0,0
10.11.2022 16:25:00.000,238.787,238.947,238.466,238.636,2.1924,236.5343751427877,0,0,,0,0
10.11.2022 16:30:00.000,238.626,239.717,238.626,239.657,2.2008,236.77457705488095,0,0,,0,0
10.11.2022 16:35:00.000,239.656,239.947,239.446,239.916,2.2476000000000003,237.01622497373626,0,0,,0,0
10.11.2022 16:40:00.000,239.906,239.916,239.156,239.177,2.3916,237.18243843729502,0,0,,0,0
10.11.2022 16:45:00.000,239.157,239.627,239.156,239.557,1.9716,237.36509701904157,0,0,,0,0
10.11.2022 16:50:00.000,239.556,239.797,239.276,239.406,1.836,237.5220895560384,0,0,,0,0
10.11.2022 16:55:00.000,239.406,239.987,239.406,239.946,1.6596000000000002,237.70854420557393,0,0,,0,0
10.11.2022 17:00:00.000,239.927,239.947,239.546,239.767,2.0172,237.86688695899133,2,0,,0,0
10.11.2022 17:05:00.000,239.766,239.937,239.486,239.746,1.884,238.01143411599202,2,0,,0,0
10.11.2022 17:10:00.000,239.757,239.846,239.546,239.767,1.9428,238.1464776455311,2,0,,0,0
10.11.2022 17:15:00.000,239.767,240.737,239.767,240.716,1.8072,238.3441332112595,2,1,242.737,0,0
10.11.2022 17:20:00.000,240.716,240.726,240.136,240.246,1.878,238.49043065654723,2,0,,0,0
10.11.2022 17:25:00.000,240.277,240.327,239.826,240.006,1.848,238.6070129137359,2,0,,0,0
10.11.2022 17:30:00.000,239.977,239.987,239.306,239.766,2.4204,238.69616576652544,2,0,,0,0
10.11.2022 17:35:00.000,239.747,239.927,239.296,239.367,2.25,238.74776839986964,2,0,,0,0
10.11.2022 17:40:00.000,239.367,240.157,239.217,240.116,2.4084000000000003,238.85301698449507,2,0,,0,0
10.11.2022 17:45:00.000,240.117,240.126,239.096,239.337,2.1636,238.89024644722625,2,0,,0,0
10.11.2022 17:50:00.000,239.337,239.636,239.226,239.366,2.1108,238.9268428743627,2,0,,0,0
10.11.2022 17:55:00.000,239.366,239.477,238.886,239.007,1.9836,238.93300880710404,2,0,,0,0
10.11.2022 18:00:00.000,239.056,239.587,238.936,239.507,2.5368,238.97716197578836,2,0,,0,0
10.11.2022 18:05:00.000,239.506,239.596,239.176,239.426,2.1288,239.0116879776508,2,0,,0,0
10.11.2022 18:10:00.000,239.437,239.767,239.146,239.736,2.2836,239.0674042870623,2,0,,0,0
10.11.2022 18:15:00.000,239.746,240.047,239.406,239.557,2.3028,239.1050654957498,2,0,,0,0
10.11.2022 18:20:00.000,239.556,239.696,238.996,239.027,2.2272,239.09906045761522,0,0,,0,0
10.11.2022 18:25:00.000,239.026,239.507,238.916,239.477,2.2908,239.1281327301064,0,0,,0,0
10.11.2022 18:30:00.000,239.467,239.717,239.106,239.236,2.1348000000000003,239.1364302124059,0,0,,0,0
10.11.2022 18:35:00.000,239.256,239.257,238.827,238.887,1.6787999999999998,239.1172432729901,0,0,,0,0
10.11.2022 18:40:00.000,238.897,239.197,238.646,239.087,2.2224,239.11491686737548,0,2,236.646,0,0
10.11.2022 18:45:00.000,239.087,239.567,239.066,239.317,1.8972,239.13046172373123,0,0,,0,0
10.11.2022 18:50:00.000,239.277,239.617,238.996,239.457,1.6176,239.155580052675,0,0,,0,0
10.11.2022 18:55:00.000,239.466,239.656,239.346,239.577,1.8828,239.18799697170002,0,0,,0,0
10.11.2022 19:00:00.000,239.576,239.767,239.446,239.656,1.6595999999999995,239.2239972046462,0,0,,0,0
10.11.2022 19:05:00.000,239.656,239.857,239.436,239.787,1.8708,239.26730511198113,0,0,,0,0
10.11.2022 19:10:00.000,239.776,239.857,239.466,239.526,1.5323999999999998,239.2872047187518,0,0,,0,0
10.11.2022 19:15:00.000,239.526,239.717,239.457,239.487,1.5336,239.30257358654015,0,0,,0,0
10.11.2022 19:20:00.000,239.496,239.587,239.076,239.507,1.644,239.31829869526783,0,0,,0,0
10.11.2022 19:25:00.000,239.516,239.587,239.276,239.296,1.8216,239.31658341101647,0,0,,0,0
10.11.2022 19:30:00.000,239.297,239.366,238.996,239.066,1.638,239.29730776401522,0,0,,0,0
10.11.2022 19:35:00.000,239.106,239.406,239.056,239.176,1.7999999999999998,239.28797639755254,0,0,,0,0
10.11.2022 19:40:00.000,239.166,239.297,238.866,238.957,1.8432,239.2625166746639,0,0,,0,0
10.11.2022 19:45:00.000,238.956,239.147,238.776,238.876,1.7664000000000002,239.2327846227667,0,0,,0,0
10.11.2022 19:50:00.000,238.876,239.487,238.716,239.407,1.5348,239.24618580563083,0,0,,0,0
10.11.2022 19:55:00.000,239.377,239.696,239.346,239.627,1.6932,239.2754792051977,0,0,,0,0
10.11.2022 20:00:00.000,239.606,239.607,239.176,239.227,1.8648,239.27175003556712,0,0,,0,0
10.11.2022 20:05:00.000,239.207,239.807,239.147,239.806,1.6103999999999998,239.31284618667738,0,0,,0,0
10.11.2022 20:10:00.000,239.806,240.177,239.737,240.157,1.9992,239.3777810953945,0,0,,0,0
10.11.2022 20:15:00.000,240.156,240.357,239.986,240.046,1.7148,239.42918254959497,0,0,,0,0
10.11.2022 20:20:00.000,240.057,240.397,240.007,240.246,1.8348,239.4920146611646,0,0,,0,0
10.11.2022 20:25:00.000,240.216,240.667,240.046,240.627,1.6704,239.57932122569042,0,0,,0,0
10.11.2022 20:30:00.000,240.636,241.046,240.426,240.486,2.088,239.64906574679117,0,0,,0,0
10.11.2022 20:35:00.000,240.486,241.047,240.416,241.036,1.8588,239.755752997038,0,0,,0,0
10.11.2022 20:40:00.000,241.046,241.297,240.686,241.117,2.2824,239.86046430495816,0,0,,0,0
10.11.2022 20:45:00.000,241.126,241.346,240.806,241.257,2.2404,239.96789012765367,0,0,,0,0
10.11.2022 20:50:00.000,241.257,242.456,241.206,242.347,2.274,240.15089857937264,0,0,,0,0
10.11.2022 20:55:00.000,242.356,243.317,242.166,242.836,2.3508,240.35744484249784,0,0,,0,0
11.11.2022 15:00:00.000,243.617,244.487,243.007,243.846,3.2652e-06,240.62579523922878,0,0,,0,0
11.11.2022 15:05:00.000,243.847,244.967,243.787,244.256,3.3288e-06,240.9050417592881,0,0,,0,0
11.11.2022 15:10:00.000,244.236,245.367,244.156,245.017,3.2232e-06,241.2213462393429,0,0,,0,0
11.11.2022 15:15:00.000,245.066,245.967,244.996,245.806,3.0768e-06,241.57401191323962,0,0,,0,0
11.11.2022 15:20:00.000,245.816,246.257,245.596,245.646,3.006e-06,241.88724176606735,0,0,,0,0
11.11.2022 15:25:00.000,245.647,246.087,245.406,245.666,3.1476e-06,242.1779154763699,0,0,,0,0
11.11.2022 15:30:00.000,245.677,245.757,245.067,245.416,2.9196e-06,242.42699890126454,0,0,,0,0
11.11.2022 15:35:00.000,245.427,245.817,244.896,245.357,3.1044e-06,242.6523836011673,0,0,,0,0
11.11.2022 15:40:00.000,245.327,245.447,244.866,245.406,2.994e-06,242.86420024723137,0,0,,0,0
11.11.2022 15:45:00.000,245.396,246.247,245.286,246.197,2.952e-06,243.1205694589828,0,0,,0,0
11.11.2022 15:50:00.000,246.207,246.597,246.196,246.236,2.6976e-06,243.360217962138,0,0,,0,0
11.11.2022 15:55:00.000,246.206,246.227,245.656,245.667,2.8296e-06,243.53766273428124,0,0,,0,0
11.11.2022 17:00:00.000,244.477,244.556,243.856,244.437,2.5752e-06,243.60684252395194,0,0,,0,0
11.11.2022 17:05:00.000,244.426,244.567,243.926,244.556,2.3988e-06,243.67985463749412,0,0,,0,0
11.11.2022 17:10:00.000,244.566,245.757,244.526,245.677,2.3904e-06,243.83348120384073,0,0,,0,0
11.11.2022 17:15:00.000,245.636,246.037,245.607,245.807,2.3532e-06,243.98529034200686,0,0,,0,0
11.11.2022 17:20:00.000,245.787,246.096,245.646,245.857,2.034e-06,244.12926800800636,0,0,,0,0
11.11.2022 17:25:00.000,245.857,246.186,245.686,246.036,1.776e-06,244.2759396996982,0,0,,0,0
11.11.2022 17:30:00.000,246.026,246.597,245.786,245.787,2.3304e-06,244.39217510741375,0,0,,0,0
11.11.2022 17:35:00.000,245.787,246.106,245.696,245.876,2.0628e-06,244.50631548376654,0,0,,0,0
11.11.2022 17:40:00.000,245.897,245.977,245.516,245.926,1.9416e-06,244.61552198501528,2,0,,0,0
11.11.2022 17:45:00.000,245.936,246.257,245.916,246.177,2.0544e-06,244.73563567847566,2,0,,0,0
11.11.2022 17:50:00.000,246.186,246.677,246.156,246.636,2.04e-06,244.88181754936218,2,0,,0,0
11.11.2022 17:55:00.000,246.647,247.057,246.417,246.446,2.0592e-06,245.00213927633433,2,0,,0,0
11.11.2022 19:00:00.000,247.527,247.617,247.096,247.437,2.1828e-06,245.18943625507785,2,0,,0,0
11.11.2022 19:05:00.000,247.436,247.646,246.996,247.116,2.3688e-06,245.33763346622572,2,1,249.646,0,0
11.11.2022 19:10:00.000,247.106,247.167,246.746,247.016,2.0796e-06,245.46673858420837,2,0,,0,0
11.11.2022 19:15:00.000,247.007,247.027,246.566,246.797,1.8096e-06,245.56906638542313,2,0,,0,0
11.11.2022 19:20:00.000,246.796,247.207,246.736,246.746,1.5576e-06,245.6595997403906,2,0,,0,0
11.11.2022 19:25:00.000,246.736,246.897,246.626,246.767,1.4316e-06,245.74478437574518,2,0,,0,0
11.11.2022 19:30:00.000,246.777,247.127,246.636,247.066,1.4904e-06,245.84641634684172,2,0,,0,0
11.11.2022 19:35:00.000,247.067,247.297,246.926,247.276,1.548e-06,245.95638432016162,2,0,,0,0
11.11.2022 19:40:00.000,247.307,247.377,247.086,247.346,1.638e-06,246.06327783399536,2,0,,0,0
11.11.2022 19:45:00.000,247.336,247.346,246.637,246.706,1.386e-06,246.1127180006111,2,0,,0,0
11.11.2022 19:50:00.000,246.696,246.927,246.506,246.857,1.7352e-06,246.16997046210255,2,0,,0,0
11.11.2022 19:55:00.000,246.846,247.216,246.786,247.157,1.7592e-06,246.2458958111716,2,0,,0,0
14.11.2022 14:30:00.000,242.086,242.146,239.186,239.357,2.0628,245.7159807487738,0,2,237.186,0,0
14.11.2022 14:35:00.000,239.387,241.127,239.356,241.016,2.6172,245.35444376809892,0,0,,0,0
14.11.2022 14:40:00.000,241.017,241.297,240.447,240.666,2.7144000000000004,244.99379424747593,0,0,,0,0
14.11.2022 14:45:00.000,240.666,240.976,239.696,240.326,2.4888,244.63473315151626,0,0,,0,0
14.11.2022 14:50:00.000,240.327,241.457,240.306,241.006,1.9908,244.35559983216888,0,0,,0,0
14.11.2022 14:55:00.000,241.006,241.847,240.906,241.497,1.998,244.13570753738665,0,0,,0,0
14.11.2022 15:00:00.000,241.516,242.167,241.497,241.857,1.992,243.9604223422031,0,0,,0,0
14.11.2022 15:05:00.000,241.857,242.086,241.626,242.046,1.8768,243.81315908511056,0,0,,0,0
14.11.2022 15:10:00.000,242.057,242.967,242.056,242.766,1.8756,243.7326083862559,0,0,,0,0
14.11.2022 15:15:00.000,242.777,243.197,242.446,242.596,1.8096,243.64517697192852,0,0,,0,0
14.11.2022 15:20:00.000,242.596,242.627,241.987,241.987,1.8876,243.5176248971648,0,0,,0,0
14.11.2022 15:25:00.000,242.026,242.287,241.446,242.286,1.8384,243.42288452045983,0,0,,0,0
14.11.2022 15:30:00.000,242.277,242.317,241.487,241.696,1.746,243.29004724965526,0,0,,0,0
14.11.2022 15:35:00.000,241.696,241.947,241.106,241.917,1.7783999999999998,243.18442823045103,0,0,,0,0
14.11.2022 15:40:00.000,241.936,242.256,241.446,241.587,1.8912,243.061549135801,0,0,,0,0
14.11.2022 15:45:00.000,241.586,241.906,241.276,241.716,1.8528,242.958045356124,0,0,,0,0
14.11.2022 15:50:00.000,241.687,241.937,241.406,241.846,2.0784,242.87250340565294,0,0,,0,0
14.11.2022 15:55:00.000,241.847,242.196,241.636,241.666,1.9932,242.77969545137194,0,0,,0,0
14.11.2022 16:00:00.000,241.656,241.787,240.807,241.146,2.6196,242.6540265704972,0,0,,0,0
14.11.2022 16:05:00.000,241.167,241.866,240.917,241.857,2.6411999999999995,242.59271683430512,0,0,,0,0
14.11.2022 16:10:00.000,241.876,241.917,241.246,241.507,2.4624,242.5092001547432,0,0,,0,0
14.11.2022 16:15:00.000,241.497,241.817,241.346,241.727,2.49,242.44903091207067,0,0,,0,0
14.11.2022 16:20:00.000,241.736,242.037,241.616,241.747,2.2176,242.39502853421908,0,0,,0,0
14.11.2022 16:25:00.000,241.747,242.077,241.636,241.687,2.0208,242.34056480081762,0,0,,0,0
14.11.2022 16:30:00.000,241.697,242.907,241.486,242.897,2.7468,242.38336750844707,0,0,,0,0
14.11.2022 16:35:00.000,242.896,242.977,242.546,242.647,2.4036,242.40364693087423,0,0,,0,0
14.11.2022 16:40:00.000,242.646,242.837,242.467,242.526,2.0556,242.41305870542237,0,0,,0,0
14.11.2022 16:45:00.000,242.536,243.047,242.506,242.957,2.2032000000000003,242.45490034346682,0,0,,0,0
14.11.2022 16:50:00.000,242.947,243.127,242.446,242.607,2.142,242.4666003170463,0,0,,0,0
14.11.2022 16:55:00.000,242.607,242.836,242.186,242.306,1.9752,242.4542464465043,0,0,,0,0
14.11.2022 17:00:00.000,242.316,242.947,242.056,242.677,2.5248,242.47138133523475,0,0,,0,0
14.11.2022 17:05:00.000,242.677,242.827,242.476,242.566,2.292,242.47865969406288,0,0,,0,0
14.11.2022 17:10:00.000,242.586,242.697,242.296,242.436,1.7928,242.47537817913496,0,0,,0,0
14.11.2022 17:15:00.000,242.447,242.747,242.176,242.207,2.0424,242.4547337038169,0,0,,0,0
14.11.2022 17:20:00.000,242.206,242.217,241.716,242.167,2.3448,242.43260034198488,0,0,,0,0
14.11.2022 17:25:00.000,242.177,242.397,241.896,242.357,2.0964,242.426784931063,0,0,,0,0
14.11.2022 17:30:00.000,242.357,242.827,242.316,242.776,2.1048,242.45364762867354,0,0,,0,0
14.11.2022 17:35:00.000,242.786,242.927,242.666,242.826,1.5252,242.48229011877558,0,0,,0,0
14.11.2022 17:40:00.000,242.817,242.877,242.487,242.767,1.686,242.50419087886976,0,0,,0,0
14.11.2022 17:45:00.000,242.767,243.157,242.766,242.977,1.662,242.5405608112644,0,0,,0,0
14.11.2022 17:50:00.000,242.967,243.076,242.846,242.937,1.2876,242.57105613347485,0,0,,0,0
14.11.2022 17:55:00.000,242.937,242.937,242.436,242.566,1.8528,242.57066720013066,0,0,,0,0
14.11.2022 18:00:00.000,242.566,242.987,242.496,242.767,1.7352,242.58576972319753,0,0,,0,0
14.11.2022 18:05:00.000,242.757,242.937,242.637,242.886,1.4280000000000002,242.60886435987464,0,0,,0,0
14.11.2022 18:10:00.000,242.886,243.257,242.876,243.177,1.7868,242.65256710142276,0,0,,0,0
14.11.2022 18:15:00.000,243.156,243.307,243.016,243.277,1.4207999999999998,242.70060040131335,0,0,,0,0
14.11.2022 18:20:00.000,243.277,243.447,243.046,243.117,1.5972,242.73263113967388,0,0,,0,0
14.11.2022 18:25:00.000,243.116,243.457,243.006,243.326,1.4112,242.77827489816053,0,0,,0,0
14.11.2022 18:30:00.000,243.307,243.557,243.156,243.546,1.3212000000000002,242.8373306752251,0,0,,0,0
14.11.2022 18:35:00.000,243.556,243.627,243.267,243.376,1.134,242.8787667771309,0,0,,0,0
14.11.2022 18:40:00.000,243.387,243.407,243.176,243.397,1.3404,242.91863087119776,0,0,,0,0
14.11.2022 18:45:00.000,243.396,243.467,243.246,243.327,1.4651999999999998,242.95004388110564,0,0,,0,0
14.11.2022 18:50:00.000,243.327,243.527,243.206,243.326,1.2156,242.97896358255906,0,0,,0,0
14.11.2022 18:55:00.000,243.327,243.587,243.287,243.516,1.2575999999999998,243.02027407620838,0,0,,0,0
14.11.2022 19:00:00.000,243.516,243.667,243.257,243.416,1.4292,243.05071453188467,0,0,,0,0
14.11.2022 19:05:00.000,243.397,243.447,242.936,243.166,1.398,243.05958264481663,0,0,,0,0
14.11.2022 19:10:00.000,243.156,243.366,243.087,243.366,1.3967999999999998,243.0831532106,0,0,,0,0
14.11.2022 19:15:00.000,243.376,243.407,242.947,243.387,1.8864,243.10652604055383,0,0,,0,0
14.11.2022 19:20:00.000,243.367,243.457,243.097,243.387,1.4928,243.12810096051123,0,0,,0,0
14.11.2022 19:25:00.000,243.376,243.877,243.246,243.797,1.6068,243.17955473277962,0,0,,0,0
14.11.2022 19:30:00.000,243.806,243.817,243.327,243.367,1.3872,243.1939735994889,0,0,,0,0
14.11.2022 19:35:00.000,243.356,243.677,243.317,243.317,1.9248,243.20343716875902,0,0,,0,0
14.11.2022 19:40:00.000,243.327,243.556,243.056,243.267,1.926,243.20832661731603,0,0,,0,0
14.11.2022 19:45:00.000,243.277,243.366,242.607,242.766,1.9668,243.17430149290715,0,0,,0,0
14.11.2022 19:50:00.000,242.777,243.207,242.716,243.156,1.7904,243.17289368576047,0,0,,0,0
14.11.2022 19:55:00.000,243.166,243.337,243.006,243.226,1.6031999999999995,243.17697878685584,0,0,,0,0
14.11.2022 20:00:00.000,243.227,243.617,243.226,243.596,1.7159999999999995,243.20921118786694,0,0,,0,0
14.11.2022 20:05:00.000,243.586,243.776,243.406,243.446,1.494,243.22742571187717,0,0,,0,0
14.11.2022 20:10:00.000,243.446,243.547,242.746,242.807,2.2164,243.195085272502,0,0,,0,0
14.11.2022 20:15:00.000,242.806,242.806,242.496,242.727,2.0568,243.1590787130788,0,0,,0,0
14.11.2022 20:20:00.000,242.736,243.117,242.706,243.027,1.7555999999999998,243.14891881207276,0,0,,0,0
14.11.2022 20:25:00.000,243.037,243.317,242.917,243.047,1.7124,243.14107890345178,0,0,,0,0
14.11.2022 20:30:00.000,243.067,243.107,242.557,242.577,2.2428,243.09768821857088,0,0,,0,0
14.11.2022 20:35:00.000,242.556,243.067,242.396,242.907,2.3556,243.08301989406544,0,0,,0,0
14.11.2022 20:40:00.000,242.916,243.167,242.736,242.977,1.9596,243.07486451759888,0,0,,0,0
14.11.2022 20:45:00.000,242.976,242.997,242.446,242.637,2.1156,243.04118263162977,0,0,,0,0
14.11.2022 20:50:00.000,242.677,243.067,242.346,242.397,2.1348000000000003,242.99163012150441,0,0,,0,0
14.11.2022 20:55:00.000,242.407,242.407,241.346,241.547,2.4468,242.88050472754253,0,2,239.346,0,0
15.11.2022 15:00:00.000,245.346,245.726,245.187,245.467,1.9848e-06,243.07946590234698,0,0,,0,0
15.11.2022 15:05:00.000,245.467,245.667,244.877,245.276,2.0544e-06,243.24843006370492,0,0,,0,0
15.11.2022 15:10:00.000,245.306,245.947,245.096,245.727,1.8552e-06,243.4390892895738,0,0,,0,0
15.11.2022 15:15:00.000,245.726,246.067,245.426,245.606,2.136e-06,243.60577472883736,0,1,248.067,0,0
15.11.2022 15:20:00.000,245.576,245.687,245.176,245.416,2.0604e-06,243.7450228266191,0,0,,0,0
15.11.2022 15:25:00.000,245.417,245.597,244.976,245.097,1.8336e-06,243.84902107072534,0,0,,0,0
15.11.2022 15:30:00.000,245.066,245.327,244.736,245.146,1.7856e-06,243.94878868066954,0,0,,0,0
15.11.2022 15:35:00.000,245.136,245.187,244.187,244.216,1.9764e-06,243.96934339754114,0,0,,0,0
15.11.2022 15:40:00.000,244.217,244.787,244.157,244.587,2.148e-06,244.01685544388414,0,0,,0,0
15.11.2022 15:45:00.000,244.556,245.087,243.846,243.967,2.4516e-06,244.01302040973923,0,0,,0,0
15.11.2022 15:50:00.000,243.926,244.297,243.557,244.216,2.0736e-06,244.02863422437468,0,0,,0,0
15.11.2022 15:55:00.000,244.196,244.707,244.127,244.517,1.9776e-06,244.06620082249972,0,0,,0,0
15.11.2022 17:00:00.000,245.276,245.277,244.106,244.556,1.896e-06,244.10387768230746,0,0,,0,0
15.11.2022 17:05:00.000,244.547,244.776,244.286,244.726,1.7796e-06,244.15173324520688,0,0,,0,0
15.11.2022 17:10:00.000,244.676,244.996,244.386,244.466,1.3704e-06,244.17590761096022,0,0,,0,0
15.11.2022 17:15:00.000,244.517,244.757,244.286,244.597,1.3824e-06,244.20829933319408,0,0,,0,0
15.11.2022 17:20:00.000,244.596,244.767,244.386,244.557,1.3224e-06,244.23512246140993,0,0,,0,0
15.11.2022 17:25:00.000,244.546,244.637,244.246,244.346,1.0451999999e-06,244.24365150283995,0,0,,0,0
15.11.2022 17:30:00.000,244.336,244.757,244.166,244.566,1.1376e-06,244.26844754108305,0,0,,0,0
15.11.2022 17:35:00.000,244.547,244.827,244.446,244.677,1.0644e-06,244.29987465330746,0,0,,0,0
15.11.2022 17:40:00.000,244.647,244.837,244.296,244.507,1.1496e-06,244.3158073722838,0,0,,0,0
15.11.2022 17:45:00.000,244.506,244.987,244.346,244.857,1.3056e-06,244.35743757441583,0,0,,0,0
15.11.2022 17:50:00.000,244.916,244.916,244.596,244.647,1.2504e-06,244.37971160715307,0,0,,0,0
15.11.2022 17:55:00.000,244.596,244.687,244.306,244.617,1.4388e-06,244.397964560449,0,0,,0,0
15.11.2022 19:00:00.000,241.326,241.627,239.996,240.016,2.3616e-06,244.06089036349138,0,2,237.996,0,0
15.11.2022 19:05:00.000,240.036,241.026,239.996,240.897,2.298e-06,243.81751418168437,0,2,237.996,0,0
15.11.2022 19:10:00.000,240.897,242.086,240.796,241.146,2.8812e-06,243.61201309078558,0,0,,0,0
15.11.2022 19:15:00.000,241.136,242.077,240.747,241.966,2.4948e-06,243.4853966991867,0,0,,0,0
15.11.2022 19:20:00.000,241.967,242.867,241.966,242.737,2.37e-06,243.4278277223262,0,0,,0,0
15.11.2022 19:25:00.000,242.736,242.867,242.027,242.426,2.2248e-06,243.35076405137806,0,0,,0,0
15.11.2022 19:30:00.000,242.456,242.577,242.077,242.127,2.6928e-06,243.2566283551182,0,0,,0,0
15.11.2022 19:35:00.000,242.126,242.847,241.927,242.196,2.622e-06,243.17504155857065,0,0,,0,0
15.11.2022 19:40:00.000,242.196,242.646,242.097,242.347,2.418e-06,243.11134605406525,0,0,,0,0
15.11.2022 19:45:00.000,242.387,242.746,241.747,241.937,2.2452e-06,243.02101174221409,0,0,,0,0
15.11.2022 19:50:00.000,241.897,242.246,241.516,241.917,2.4204e-06,242.9360877620438,0,0,,0,0
15.11.2022 19:55:00.000,241.967,242.927,241.767,242.566,2.3172e-06,242.90761947265582,0,0,,0,0
16.11.2022 14:30:00.000,242.666,243.326,241.796,243.176,2.2092,242.92826412860538,0,0,,0,0
16.11.2022 14:35:00.000,243.256,243.286,242.416,242.946,2.7492,242.92962842640497,0,0,,0,0
16.11.2022 14:40:00.000,242.946,243.597,242.496,243.196,2.5224,242.95011854745076,0,0,,0,0
16.11.2022 14:45:00.000,243.197,243.597,241.706,241.766,2.3244,242.85903250533917,0,0,,0,0
16.11.2022 14:50:00.000,241.766,242.346,241.716,242.296,2.0196,242.81572231262078,0,0,,0,0
16.11.2022 14:55:00.000,242.307,242.906,241.936,242.717,1.8756,242.80812828857304,0,0,,0,0
16.11.2022 15:00:00.000,242.717,242.937,241.936,242.147,2.112,242.75727226637514,0,0,,0,0
16.11.2022 15:05:00.000,242.167,242.377,241.416,241.626,1.9788,242.67025132280784,0,0,,0,0
16.11.2022 15:10:00.000,241.666,242.097,241.016,241.186,2.2164,242.55607814413034,0,0,,0,0
16.11.2022 15:15:00.000,241.187,241.217,240.426,240.707,2.0532,242.41384136381265,0,0,,0,0
16.11.2022 15:20:00.000,240.707,241.417,240.646,240.797,1.764,242.2894689512117,0,0,,0,0
16.11.2022 15:25:00.000,240.796,241.107,240.496,240.867,1.6548,242.18004826265695,0,0,,0,0
16.11.2022 15:30:00.000,240.867,241.857,240.736,241.737,1.7448,242.14596762706796,0,0,,0,0
16.11.2022 15:35:00.000,241.736,241.897,241.346,241.587,1.866,242.10297011729352,0,0,,0,0
16.11.2022 15:40:00.000,241.587,241.587,241.056,241.066,2.0964,242.02320318519403,0,0,,0,0
16.11.2022 15:45:00.000,241.056,241.256,240.746,240.806,2.1696,241.92957217094835,0,0,,0,0
16.11.2022 15:50:00.000,240.807,240.957,240.406,240.567,2.0184,241.82475892702928,0,2,238.406,0,0
16.11.2022 15:55:00.000,240.526,240.947,240.526,240.737,1.698,241.74108516341167,0,0,,0,0
16.11.2022 16:00:00.000,240.737,240.987,240.686,240.807,1.644,241.66923245853388,0,0,,0,0
16.11.2022 16:05:00.000,240.777,240.997,240.636,240.757,1.8348,241.5990607309544,0,0,,0,0
16.11.2022 16:10:00.000,240.756,241.027,240.606,240.847,1.9368,241.54120990549637,0,0,,0,0
16.11.2022 16:15:00.000,240.846,241.046,240.786,240.977,1.452,241.49780914353514,0,0,,0,0
16.11.2022 16:20:00.000,240.937,241.537,240.936,241.336,1.7724000000000002,241.48536228634015,0,0,,0,0
16.11.2022 16:25:00.000,241.337,241.627,241.206,241.486,1.4519999999999995,241.48541134123707,0,0,,0,0
16.11.2022 16:30:00.000,241.486,242.177,241.476,241.806,1.4508,241.51007200729575,0,0,,0,0
16.11.2022 16:35:00.000,241.806,241.877,241.526,241.677,1.1976,241.52291262211918,0,0,,0,0
16.11.2022 16:40:00.000,241.677,242.027,241.596,241.976,1.3944,241.5577654973408,0,0,,0,0
16.11.2022 16:45:00.000,241.936,242.346,241.926,242.196,1.386,241.6068604590838,0,0,,0,0
16.11.2022 16:50:00.000,242.187,242.277,241.826,242.066,1.3308,241.64217888530814,0,0,,0,0
16.11.2022 16:55:00.000,242.067,242.567,241.976,242.207,1.2348,241.68562666336138,0,0,,0,0
16.11.2022 17:00:00.000,242.207,242.306,241.856,242.077,1.4267999999999998,241.71573230464128,0,0,,0,0
16.11.2022 17:05:00.000,242.057,242.337,241.796,242.256,1.0788000000000002,241.75729135813043,0,0,,0,0
16.11.2022 17:10:00.000,242.206,242.377,241.976,242.056,1.2552,241.78026894596655,0,0,,0,0
16.11.2022 17:15:00.000,242.007,242.166,241.896,242.056,1.3188000000000002,241.80147902704607,0,0,,0,0
16.11.2022 17:20:00.000,242.056,242.357,241.826,242.197,1.6428,241.83190371727332,0,0,,0,0
16.11.2022 17:25:00.000,242.157,242.416,242.096,242.296,1.356,241.86760343132923,0,0,,0,0
16.11.2022 17:30:00.000,242.297,242.557,242.146,242.436,1.2228,241.91132624430392,0,0,,0,0
16.11.2022 17:35:00.000,242.437,242.787,242.396,242.607,1.1604,241.96483961012672,0,0,,0,0
16.11.2022 17:40:00.000,242.607,243.117,242.456,242.917,1.134,242.03808271704006,0,0,,0,0
16.11.2022 17:45:00.000,242.967,243.516,242.886,243.337,1.6464,242.1379994311139,0,0,,0,0
16.11.2022 17:50:00.000,243.297,243.787,243.026,243.106,1.5888,242.21246101333594,0,1,245.787,0,0
16.11.2022 17:55:00.000,243.137,243.257,242.906,242.927,1.3776000000000002,242.26742555077166,0,0,,0,0
16.11.2022 18:00:00.000,242.926,243.036,242.546,242.807,1.5912,242.3089312776354,0,0,,0,0
16.11.2022 18:05:00.000,242.806,243.037,242.677,242.986,0.9864,242.36101348704807,0,0,,0,0
16.11.2022 18:10:00.000,243.036,243.236,242.836,242.947,0.9948,242.40608937265978,0,0,,0,0
16.11.2022 18:15:00.000,243.006,243.127,242.836,242.897,0.9792,242.44385172860905,0,0,,0,0
16.11.2022 18:20:00.000,242.937,243.277,242.896,243.087,0.9792,242.4933246725622,0,0,,0,0
16.11.2022 18:25:00.000,243.087,243.467,242.986,243.236,0.8784000000000001,242.5504535439036,0,0,,0,0
16.11.2022 18:30:00.000,243.236,243.297,242.156,242.207,1.482,242.5240340405264,0,0,,0,0
16.11.2022 18:35:00.000,242.157,242.497,242.156,242.416,1.3536,242.5157237297167,0,0,,0,0
16.11.2022 18:40:00.000,242.446,242.576,242.306,242.447,1.0967999999999998,242.51043728896929,0,0,,0,0
16.11.2022 18:45:00.000,242.446,242.576,242.216,242.217,1.0332,242.48786518981782,0,0,,0,0
16.11.2022 18:50:00.000,242.216,242.347,241.996,242.027,1.0776,242.4524140213703,0,0,,0,0
16.11.2022 18:55:00.000,242.057,242.137,241.716,241.936,0.954,242.41268986588028,0,0,,0,0
16.11.2022 19:00:00.000,241.937,242.236,241.776,242.176,1.128,242.39448295312027,0,0,,0,0
16.11.2022 19:05:00.000,242.147,242.257,241.916,242.086,1.0824,242.37075349518798,0,0,,0,0
16.11.2022 19:10:00.000,242.107,242.137,241.846,241.946,0.9264,242.3380801494043,0,0,,0,0
16.11.2022 19:15:00.000,241.947,242.066,241.706,241.946,1.1244,242.30792013791168,0,0,,0,0
16.11.2022 19:20:00.000,241.887,242.276,241.886,242.196,1.3968,242.29931089653385,0,0,,0,0
16.11.2022 19:25:00.000,242.216,242.516,242.196,242.346,1.074,242.30290236603125,0,0,,0,0
16.11.2022 19:30:00.000,242.346,242.376,241.826,241.947,1.3236,242.27552526095192,0,0,,0,0
16.11.2022 19:35:00.000,241.976,242.756,241.896,242.426,1.5084000000000002,242.28710024087871,0,0,,0,0
16.11.2022 19:40:00.000,242.447,242.607,242.276,242.417,1.1747999999999998,242.29709253004188,0,0,,0,0
16.11.2022 19:45:00.000,242.386,242.537,242.206,242.286,1.1412,242.2962392585002,0,0,,0,0
16.11.2022 19:50:00.000,242.277,242.657,242.246,242.547,1.2588,242.31552854630792,0,0,,0,0
16.11.2022 19:55:00.000,242.566,242.877,242.526,242.777,1.0764,242.3510263504381,0,0,,0,0
16.11.2022 20:00:00.000,242.777,242.847,242.246,242.346,1.3116,242.3506397080967,0,0,,0,0
16.11.2022 20:05:00.000,242.346,242.537,242.056,242.177,1.326,242.33728280747388,0,0,,0,0
16.11.2022 20:10:00.000,242.216,242.477,242.096,242.317,1.2744,242.33572259151435,0,0,,0,0
16.11.2022 20:15:00.000,242.317,242.447,242.096,242.257,1.0728,242.32966700755173,0,0,,0,0
16.11.2022 20:20:00.000,242.247,242.427,242.016,242.086,1.1388,242.31092339158624,0,0,,0,0
16.11.2022 20:25:00.000,242.087,242.436,242.006,242.257,1.2852,242.30677543838732,0,0,,0,0
16.11.2022 20:30:00.000,242.227,242.607,242.147,242.226,1.464,242.30056194312678,0,0,,0,0
16.11.2022 20:35:00.000,242.226,242.486,241.926,242.046,1.4388,242.28098025519395,0,0,,0,0
16.11.2022 20:40:00.000,242.046,242.497,241.876,242.387,1.3787999999999998,242.28913562017905,0,0,,0,0
16.11.2022 20:45:00.000,242.377,242.386,242.206,242.246,0.9852,242.2858174955499,0,0,,0,0
16.11.2022 20:50:00.000,242.247,243.007,242.247,242.806,1.5672,242.3258315343538,0,0,,0,0
16.11.2022 20:55:00.000,242.847,242.847,241.676,241.747,1.848,242.2813060317112,0,0,,0,0
17.11.2022 15:00:00.000,239.736,239.997,239.266,239.957,2.0484e-06,242.10251326004112,0,2,237.266,0,0
17.11.2022 15:05:00.000,239.956,240.206,239.576,239.927,1.9392e-06,241.93516608619183,0,0,,0,0
17.11.2022 15:10:00.000,239.976,240.687,239.756,240.586,1.7664e-06,241.8313840795617,0,0,,0,0
17.11.2022 15:15:00.000,240.586,241.426,240.516,241.396,1.794e-06,241.79789299651853,0,0,,0,0
17.11.2022 15:20:00.000,241.417,241.487,240.566,240.696,1.6728e-06,241.71313199678633,0,0,,0,0
17.11.2022 15:25:00.000,240.696,241.047,240.476,240.797,1.464e-06,241.64266030472587,0,0,,0,0
17.11.2022 15:30:00.000,240.806,241.126,240.416,240.416,1.5432e-06,241.54830181974697,0,0,,0,0
17.11.2022 15:35:00.000,240.416,240.867,240.386,240.387,1.6896e-06,241.45897091053567,0,0,,0,0
17.11.2022 15:40:00.000,240.426,240.897,240.426,240.676,1.6068e-06,241.39874237895603,0,0,,0,0
17.11.2022 15:45:00.000,240.676,240.737,240.396,240.586,1.8756e-06,241.33622373442097,0,0,,0,0
17.11.2022 15:50:00.000,240.556,240.676,240.176,240.387,1.7268e-06,241.2632065240809,0,0,,0,0
17.11.2022 15:55:00.000,240.357,240.426,239.997,240.206,1.7532e-06,241.18188294530546,0,0,,0,0
17.11.2022 17:00:00.000,242.607,242.997,242.566,242.867,1.8348e-06,241.31150733412812,0,0,,0,0
17.11.2022 17:05:00.000,242.867,243.126,242.426,242.547,1.68e-06,241.40654523150292,0,1,245.126,0,0
17.11.2022 17:10:00.000,242.537,242.657,242.286,242.347,1.4328e-06,241.4788879060027,0,0,,0,0
17.11.2022 17:15:00.000,242.326,242.387,242.066,242.247,1.29e-06,241.53797345169482,0,0,,0,0
17.11.2022 17:20:00.000,242.246,242.307,242.026,242.086,1.3644e-06,241.58012934002602,0,0,,0,0
17.11.2022 17:25:00.000,242.086,242.137,241.836,241.987,1.0884e-06,241.61142708310095,0,0,,0,0
17.11.2022 17:30:00.000,242.026,242.207,241.496,241.596,1.1808e-06,241.6102403844009,0,0,,0,0
17.11.2022 17:35:00.000,241.566,241.766,241.496,241.766,9.57599999999992e-07,241.62222189329316,0,0,,0,0
17.11.2022 17:40:00.000,241.746,241.897,241.496,241.677,1.2432e-06,241.6264355938091,0,0,,0,0
17.11.2022 17:45:00.000,241.676,241.996,241.596,241.956,1.08e-06,241.65178670197764,0,0,,0,0
17.11.2022 17:50:00.000,241.956,242.297,241.896,241.986,1.6632e-06,241.67749541721017,0,0,,0,0
17.11.2022 17:55:00.000,242.027,242.687,241.846,242.556,1.524e-06,241.7450726928094,0,0,,0,0
17.11.2022 19:00:00.000,242.547,242.787,242.456,242.646,9.19199999999992e-07,241.81437479336253,0,0,,0,0
17.11.2022 19:05:00.000,242.676,242.706,242.066,242.236,1.134e-06,241.84680750156542,0,0,,0,0
17.11.2022 19:10:00.000,242.236,242.337,241.967,242.067,1.1892e-06,241.8637453860604,0,0,,0,0
17.11.2022 19:15:00.000,242.087,242.087,241.696,241.836,1.296e-06,241.86161112559424,0,0,,0,0
17.11.2022 19:20:00.000,241.836,241.967,241.596,241.886,1.3308e-06,241.86348719285624,0,0,,0,0
17.11.2022 19:25:00.000,241.886,242.117,241.616,241.916,1.2336e-06,241.86752663955963,0,0,,0,0
17.11.2022 19:30:00.000,241.876,242.237,241.746,242.196,1.1004e-06,241.89279382113196,0,0,,0,0
17.11.2022 19:35:00.000,242.196,242.236,241.537,241.857,1.38e-06,241.89004045027568,0,0,,0,0
17.11.2022 19:40:00.000,241.896,241.986,241.346,241.617,1.2684e-06,241.86903733871603,0,0,,0,0
17.11.2022 19:45:00.000,241.627,241.986,241.196,241.846,1.3908e-06,241.86726523573788,0,0,,0,0
17.11.2022 19:50:00.000,241.806,242.027,241.716,241.916,1.2504e-06,241.87101406375805,0,0,,0,0
17.11.2022 19:55:00.000,241.926,241.946,241.696,241.816,1.1796e-06,241.86678221269975,0,0,,0,0
18.11.2022 14:30:00.000,243.247,243.317,241.306,241.557,2.0268,241.84295281172285,0,1,245.317,0,0
18.11.2022 14:35:00.000,241.507,241.997,240.446,240.446,2.2920000000000003,241.7354949031288,0,0,,0,0
18.11.2022 14:40:00.000,240.496,241.546,240.036,241.127,2.1576,241.68868760288814,0,0,,0,0
18.11.2022 14:45:00.000,241.126,241.427,240.336,240.336,2.2152000000000003,241.5846347103583,0,0,,0,0
18.11.2022 14:50:00.000,240.386,241.366,240.186,241.116,2.1336,241.5485858864846,0,0,,0,0
18.11.2022 14:55:00.000,241.156,241.887,241.056,241.666,1.7988,241.55761774137042,0,0,,0,0
18.11.2022 15:00:00.000,241.617,241.806,240.216,240.516,2.166,241.47749329972655,0,0,,0,0
18.11.2022 15:05:00.000,240.537,240.816,240.046,240.397,1.98,241.39437843051684,0,0,,0,0
18.11.2022 15:10:00.000,240.397,240.767,240.206,240.297,1.6464,241.30996470509248,0,0,,0,0
18.11.2022 15:15:00.000,240.306,240.647,240.136,240.317,1.9032,241.23358280470077,0,0,,0,0
18.11.2022 15:20:00.000,240.356,240.887,240.296,240.637,1.5876,241.1876918197238,0,0,,0,0
18.11.2022 15:25:00.000,240.667,240.857,240.066,240.857,1.6632,241.16225398743737,0,0,,0,0
18.11.2022 15:30:00.000,240.847,241.117,240.586,240.706,1.7124,241.1271575268653,0,0,,0,0
18.11.2022 15:35:00.000,240.706,240.907,240.226,240.406,1.7687999999999997,241.0716838709526,0,0,,0,0
18.11.2022 15:40:00.000,240.387,240.937,240.366,240.467,1.5924,241.0251697270332,0,0,,0,0
18.11.2022 15:45:00.000,240.486,240.797,240.156,240.636,1.6968,240.99523359418447,0,0,,0,0
18.11.2022 15:50:00.000,240.637,240.807,240.306,240.616,1.3548,240.9660617792472,0,0,,0,0
18.11.2022 15:55:00.000,240.576,240.667,239.496,239.756,1.6787999999999998,240.87298010392053,0,0,,0,0
18.11.2022 16:00:00.000,239.756,239.897,239.057,239.146,1.9872,240.74013548054202,0,2,237.057,0,0
18.11.2022 16:05:00.000,239.136,239.466,239.086,239.307,1.9092,240.6298942897311,0,0,,0,0
18.11.2022 16:10:00.000,239.277,239.776,239.096,239.717,1.992,240.5596716520595,0,0,,0,0
18.11.2022 16:15:00.000,239.637,240.336,239.526,240.307,1.914,240.54023537113187,0,0,,0,0
18.11.2022 16:20:00.000,240.327,240.447,239.926,240.176,1.6008,240.5122172656602,0,0,,0,0
18.11.2022 16:25:00.000,240.177,240.407,239.956,240.096,1.6272,240.48020055291715,0,0,,0,0
18.11.2022 16:30:00.000,240.096,240.446,239.937,240.066,1.5228,240.44833897192353,0,0,,0,0
18.11.2022 16:35:00.000,240.026,240.297,239.387,239.476,1.8672,240.37354366639096,0,0,,0,0
18.11.2022 16:40:00.000,239.517,239.867,239.466,239.777,1.854,240.3276556920532,0,0,,0,0
18.11.2022 16:45:00.000,239.787,239.867,239.216,239.256,1.6164,240.24522063881838,0,0,,0,0
18.11.2022 16:50:00.000,239.286,239.717,239.246,239.606,1.4076,240.19604982044777,0,0,,0,0
18.11.2022 16:55:00.000,239.577,239.976,239.466,239.957,1.4604,240.17766137272102,0,0,,0,0
18.11.2022 17:00:00.000,239.977,240.196,239.916,240.046,1.5108,240.16753357481943,0,0,,0,0
18.11.2022 17:05:00.000,240.046,240.047,239.197,239.536,1.6728,240.1189540690641,0,0,,0,0
18.11.2022 17:10:00.000,239.506,239.946,239.506,239.827,1.728,240.0964960637515,0,0,,0,0
18.11.2022 17:15:00.000,239.856,239.877,239.186,239.206,2.1672,240.02799636653984,0,0,,0,0
18.11.2022 17:20:00.000,239.237,239.477,239.186,239.267,1.6331999999999998,239.9694581844983,0,0,,0,0
18.11.2022 17:25:00.000,239.266,239.646,239.216,239.626,1.488,239.9430383241523,0,0,,0,0
18.11.2022 17:30:00.000,239.627,239.826,239.496,239.667,1.404,239.92180460690983,0,0,,0,0
18.11.2022 17:35:00.000,239.657,239.696,239.266,239.576,1.2299999999999998,239.89520425253215,1,0,,0,0
18.11.2022 17:40:00.000,239.617,239.637,239.206,239.266,1.0584,239.84680392541432,1,0,,0,0
18.11.2022 17:45:00.000,239.286,239.427,239.196,239.267,1.5024,239.80220362345938,1,0,,0,0
18.11.2022 17:50:00.000,239.296,239.437,239.126,239.206,1.686,239.7563418062702,1,0,,0,0
18.11.2022 17:55:00.000,239.207,239.576,239.106,239.487,1.4748,239.7356232057879,1,0,,0,0
18.11.2022 18:00:00.000,239.516,239.757,239.396,239.706,1.332,239.7333444976504,1,0,,0,0
18.11.2022 18:05:00.000,239.726,240.137,239.666,240.066,1.2012,239.75893338244651,0,0,,0,0
18.11.2022 18:10:00.000,240.026,240.116,239.746,239.757,1.1111999999999995,239.75878466071987,0,0,,0,0
18.11.2022 18:15:00.000,239.757,239.806,239.406,239.576,1.5708000000000002,239.74472430220297,0,0,,0,0
18.11.2022 18:20:00.000,239.567,239.867,239.466,239.857,1.6212,239.7533608943412,0,0,,0,0
18.11.2022 18:25:00.000,239.867,240.247,239.736,240.187,1.7556,239.78671774862264,0,1,242.247,0,0
18.11.2022 18:30:00.000,240.187,240.247,239.866,240.006,1.5144,239.80358561411322,0,1,242.247,0,0
18.11.2022 18:35:00.000,240.026,240.087,239.486,239.547,1.7316000000000005,239.78384825918147,0,0,,0,0
18.11.2022 18:40:00.000,239.547,239.627,239.126,239.247,1.7268,239.74255223924445,0,0,,0,0
18.11.2022 18:45:00.000,239.226,239.346,239.106,239.157,1.5648,239.6975097593026,0,0,,0,0
18.11.2022 18:50:00.000,239.146,239.267,239.116,239.176,1.2564000000000002,239.65739362397164,0,0,,0,0
18.11.2022 18:55:00.000,239.177,239.426,239.156,239.417,1.2348,239.63890180674306,0,0,,0,0
18.11.2022 19:00:00.000,239.407,239.717,239.357,239.567,1.5204000000000002,239.63337089853206,0,0,,0,0
18.11.2022 19:05:00.000,239.576,239.637,239.386,239.427,1.3008,239.61749621402961,0,0,,0,0
18.11.2022 19:10:00.000,239.426,239.527,239.306,239.396,1.1028,239.60045804371967,0,0,,0,0
18.11.2022 19:15:00.000,239.396,239.747,239.346,239.386,1.392,239.58396127112584,0,0,,0,0
18.11.2022 19:20:00.000,239.397,239.547,239.356,239.446,1.326,239.57334886565465,0,0,,0,0
18.11.2022 19:25:00.000,239.437,239.507,239.197,239.276,1.5408,239.55047587598892,0,0,,0,0
18.11.2022 19:30:00.000,239.286,239.547,239.066,239.186,1.674,239.52243927014362,0,2,237.066,0,0
18.11.2022 19:35:00.000,239.176,239.357,239.077,239.347,1.2071999999999998,239.50894394167105,0,0,,0,0
18.11.2022 19:40:00.000,239.347,239.417,239.147,239.246,1.4748,239.48871748461943,0,0,,0,0
18.11.2022 19:45:00.000,239.247,239.416,239.097,239.176,1.362,239.46466229349488,0,0,,0,0
18.11.2022 19:50:00.000,239.177,239.447,239.116,239.306,1.2492,239.4524575016876,0,0,,0,0
18.11.2022 19:55:00.000,239.286,239.547,239.286,239.426,1.524,239.4504223092501,0,0,,0,0
18.11.2022 20:00:00.000,239.407,240.077,239.387,239.976,1.9536,239.49085136238472,0,0,,0,0
18.11.2022 20:05:00.000,239.987,240.216,239.906,240.027,1.5972000000000002,239.53209356527822,0,0,,0,0
18.11.2022 20:10:00.000,240.026,240.216,239.896,239.987,1.4256,239.56708636794912,0,0,,0,0
18.11.2022 20:15:00.000,239.976,240.156,239.846,240.137,1.1844,239.61092587810688,0,0,,0,0
18.11.2022 20:20:00.000,240.127,240.167,239.826,239.997,1.3464,239.6406238874833,0,0,,0,0
18.11.2022 20:25:00.000,239.996,240.627,239.916,240.596,1.5672,239.7141143576769,0,0,,0,0
18.11.2022 20:30:00.000,240.607,240.767,240.276,240.317,1.6416000000000002,239.76049017631715,0,0,,0,0
18.11.2022 20:35:00.000,240.307,241.097,240.206,241.086,1.4124000000000003,239.8624524704466,0,0,,0,0
18.11.2022 20:40:00.000,241.077,241.416,240.856,241.317,1.4460000000000002,239.97434074195073,0,0,,0,0
18.11.2022 20:45:00.000,241.326,241.566,241.066,241.446,1.4568,240.08754530026224,0,0,,0,0
18.11.2022 20:50:00.000,241.457,242.047,240.387,240.517,2.2944,240.12058027716517,0,0,,0,0
18.11.2022 20:55:00.000,240.496,241.387,240.336,241.227,2.7084,240.20568948661403,0,0,,0,0
21.11.2022 15:00:00.000,243.317,243.567,242.116,242.277,1.7484e-06,240.3650210645668,0,1,245.567,0,0
21.11.2022 15:05:00.000,242.227,242.347,241.526,241.907,1.7148e-06,240.4836348288309,0,0,,0,0
21.11.2022 15:10:00.000,241.967,242.277,241.566,241.956,1.7016e-06,240.5968936881516,0,0,,0,0
21.11.2022 15:15:00.000,241.957,242.347,241.926,242.276,1.932e-06,240.72605571213995,0,0,,0,0
21.11.2022 15:20:00.000,242.287,242.326,241.206,241.666,1.9728e-06,240.79835911889842,0,0,,0,0
21.11.2022 15:25:00.000,241.637,242.117,241.637,241.886,1.7532e-06,240.8820238020601,0,0,,0,0
21.11.2022 15:30:00.000,241.867,242.067,241.426,241.426,2.0712e-06,240.92386812497855,0,0,,0,0
21.11.2022 15:35:00.000,241.427,242.047,241.416,241.677,1.9704e-06,240.98180134613406,0,0,,0,0
21.11.2022 15:40:00.000,241.646,241.907,241.417,241.697,1.8192e-06,241.0368166272007,0,0,,0,0
21.11.2022 15:45:00.000,241.697,242.057,241.446,241.866,2.1708e-06,241.1005999635699,0,0,,0,0
21.11.2022 15:50:00.000,241.866,242.247,241.756,242.127,2.2524e-06,241.17955381252605,0,0,,0,0
21.11.2022 15:55:00.000,242.116,242.397,241.696,241.887,2.3148e-06,241.23397275002407,0,0,,0,0
21.11.2022 17:00:00.000,242.287,242.587,242.076,242.176,2.6844e-06,241.30643638463764,0,0,,0,0
21.11.2022 17:05:00.000,242.166,242.446,242.106,242.237,2.3244e-06,241.378018201204,0,0,,0,0
21.11.2022 17:10:00.000,242.237,242.377,241.906,242.027,2.0052e-06,241.42793987803444,0,0,,0,0
21.11.2022 17:15:00.000,242.046,242.107,241.856,242.056,1.8156e-06,241.4762521951087,0,0,,0,0
21.11.2022 17:20:00.000,242.056,242.227,241.776,242.207,1.9836e-06,241.53246356471575,0,0,,0,0
21.11.2022 17:25:00.000,242.207,242.396,241.766,241.867,1.8864e-06,241.5581971366607,0,0,,0,0
21.11.2022 17:30:00.000,241.866,242.387,241.786,242.377,1.9644e-06,241.6211819723022,0,0,,0,0
21.11.2022 17:35:00.000,242.366,242.606,242.296,242.417,1.8456e-06,241.68239874366355,2,0,,0,0
21.11.2022 17:40:00.000,242.397,242.547,242.307,242.476,1.4724e-06,241.743444994151,2,0,,0,0
21.11.2022 17:45:00.000,242.497,242.607,242.126,242.136,1.6116e-06,241.77364153306246,2,0,,0,0
21.11.2022 17:50:00.000,242.147,242.167,241.806,241.837,1.4388e-06,241.77851526128842,2,0,,0,0
21.11.2022 17:55:00.000,241.837,241.837,241.317,241.526,1.6704e-06,241.7590910104201,0,0,,0,0
21.11.2022 19:00:00.000,242.576,242.837,242.576,242.816,1.0872e-06,241.84039170192625,0,0,,0,0
21.11.2022 19:05:00.000,242.796,242.907,242.687,242.707,1.1064e-06,241.90705387870116,0,0,,0,0
21.11.2022 19:10:00.000,242.696,242.766,242.347,242.497,1.2648e-06,241.95243434957032,0,0,,0,0
21.11.2022 19:15:00.000,242.487,242.796,242.457,242.717,1.3752e-06,242.0112470919111,0,0,,0,0
21.11.2022 19:20:00.000,242.717,242.717,242.076,242.386,1.572e-06,242.04007423868717,0,0,,0,0
21.11.2022 19:25:00.000,242.396,242.807,242.396,242.657,1.1628e-06,242.0875300664805,0,0,,0,0
21.11.2022 19:30:00.000,242.636,242.876,242.476,242.487,1.284e-06,242.11825852290508,0,0,,0,0
21.11.2022 19:35:00.000,242.497,242.507,242.216,242.477,1.4568e-06,242.14585402114315,0,0,,0,0
21.11.2022 19:40:00.000,242.467,242.526,242.216,242.237,1.1928e-06,242.152865250286,0,0,,0,0
21.11.2022 19:45:00.000,242.247,242.507,242.086,242.416,1.3584e-06,242.17310638487942,0,0,,0,0
21.11.2022 19:50:00.000,242.427,242.606,242.287,242.447,1.5576e-06,242.19417512450408,0,0,,0,0
21.11.2022 19:55:00.000,242.446,242.636,242.236,242.317,1.6056e-06,242.20362319184994,0,0,,0,0
22.11.2022 14:30:00.000,243.586,243.746,242.416,242.656,1.5576,242.2384214078615,0,1,245.746,0,0
22.11.2022 14:35:00.000,242.696,243.006,241.806,241.806,2.0448,242.2051582226414,0,0,,0,0
22.11.2022 14:40:00.000,241.806,242.027,241.006,241.056,2.3304,242.11676143628438,0,0,,0,0
22.11.2022 14:45:00.000,241.057,241.416,240.646,241.067,1.716,242.0360105565702,0,2,238.646,0,0
22.11.2022 14:50:00.000,241.067,241.517,240.876,240.956,1.5239999999999998,241.95293282144945,0,0,,0,0
22.11.2022 14:55:00.000,240.916,241.516,240.886,241.407,1.4844,241.91093798903026,0,0,,0,0
22.11.2022 15:00:00.000,241.367,242.216,241.276,242.167,1.9392,241.93063506679718,0,0,,0,0
22.11.2022 15:05:00.000,242.116,242.627,242.076,242.266,1.7196,241.95643236935126,0,0,,0,0
22.11.2022 15:10:00.000,242.277,242.756,242.166,242.686,1.8792,242.01255295632424,0,0,,0,0
22.11.2022 15:15:00.000,242.686,242.807,242.146,242.246,1.782,242.03051042122237,0,0,,0,0
22.11.2022 15:20:00.000,242.226,242.407,241.886,242.167,1.5419999999999998,242.04100961958991,0,0,,0,0
22.11.2022 15:25:00.000,242.207,242.346,241.856,242.077,1.5192,242.0437781103907,0,0,,0,0
22.11.2022 15:30:00.000,242.086,242.436,241.606,241.966,1.776,242.0377951788222,0,0,,0,0
22.11.2022 15:35:00.000,242.007,242.206,241.747,241.817,1.5852,242.02081093429743,0,0,,0,0
22.11.2022 15:40:00.000,241.837,242.337,241.716,242.247,1.7412,242.03821009319765,0,0,,0,0
22.11.2022 15:45:00.000,242.246,242.947,242.187,242.847,1.9644,242.10042470141323,0,0,,0,0
22.11.2022 15:50:00.000,242.877,243.117,242.807,242.976,2.1312,242.16777664745837,0,0,,0,0
22.11.2022 15:55:00.000,242.977,243.147,242.667,243.096,1.878,242.23917844380776,0,0,,0,0
22.11.2022 16:00:00.000,243.097,243.127,242.746,242.827,1.6248,242.2843954865918,0,0,,0,0
22.11.2022 16:05:00.000,242.826,243.007,242.666,242.917,1.4376000000000002,242.33305737223859,0,0,,0,0
22.11.2022 16:10:00.000,242.917,243.087,242.746,242.926,1.806,242.37866834360486,0,0,,0,0
22.11.2022 16:15:00.000,242.906,242.997,242.636,242.937,2.0328000000000004,242.42161693255835,0,0,,0,0
22.11.2022 16:20:00.000,242.936,243.087,242.696,242.787,1.8288,242.44972332236156,0,0,,0,0
22.11.2022 16:25:00.000,242.787,242.927,242.507,242.756,1.8264,242.47328306679532,0,0,,0,0
22.11.2022 16:30:00.000,242.766,242.887,242.286,242.557,1.8696,242.47972283088802,0,0,,0,0
22.11.2022 16:35:00.000,242.547,242.557,242.197,242.316,2.1624,242.4671287669736,0,0,,0,0
22.11.2022 16:40:00.000,242.316,242.547,242.166,242.256,1.9248000000000005,242.45088809259101,0,0,,0,0
22.11.2022 16:45:00.000,242.247,242.437,242.076,242.396,1.698,242.44666593162248,0,0,,0,0
22.11.2022 16:50:00.000,242.386,242.537,242.206,242.416,1.7196,242.44430701380537,0,0,,0,0
22.11.2022 16:55:00.000,242.396,242.597,242.326,242.516,1.5647999999999995,242.44982185889728,0,0,,0,0
22.11.2022 17:00:00.000,242.517,242.777,242.466,242.686,1.3812,242.46798940821287,0,0,,0,0
22.11.2022 17:05:00.000,242.686,242.767,242.496,242.697,1.7784,242.48560560758114,0,0,,0,0
22.11.2022 17:10:00.000,242.697,242.987,242.686,242.887,1.524,242.51648209930568,0,0,,0,0
22.11.2022 17:15:00.000,242.886,243.267,242.886,243.257,1.3992,242.57344501474373,0,0,,0,0
22.11.2022 17:20:00.000,243.267,243.277,242.686,242.816,1.092,242.5921030905327,0,0,,0,0
22.11.2022 17:25:00.000,242.787,242.877,242.676,242.727,0.8880000000000001,242.60247977587636,0,0,,0,0
22.11.2022 17:30:00.000,242.736,242.837,242.546,242.597,1.0752,242.60205825465513,0,0,,0,0
22.11.2022 17:35:00.000,242.596,242.936,242.576,242.907,1.0416,242.62551531198935,0,0,,0,0
22.11.2022 17:40:00.000,242.906,242.967,242.556,242.877,1.3164000000000002,242.64486028799018,0,0,,0,0
22.11.2022 17:45:00.000,242.866,242.917,242.746,242.757,1.2839999999999998,242.65348641968325,0,0,,0,0
22.11.2022 17:50:00.000,242.757,242.827,242.566,242.747,1.2108,242.66067977201533,0,0,,0,0
22.11.2022 17:55:00.000,242.747,242.907,242.647,242.887,0.8363999999999999,242.67808902032186,0,0,,0,0
22.11.2022 18:00:00.000,242.886,243.127,242.616,242.957,1.2528,242.69954371106635,0,0,,0,0
22.11.2022 18:05:00.000,242.956,243.396,242.807,243.376,1.602,242.7515788102151,0,0,,0,0
22.11.2022 18:10:00.000,243.376,243.547,243.296,243.507,1.2864,242.80968813250627,0,0,,0,0
22.11.2022 18:15:00.000,243.486,243.617,243.406,243.566,0.9612,242.86786596846733,0,0,,0,0
22.11.2022 18:20:00.000,243.557,243.676,243.367,243.647,0.8592,242.9277993555083,0,0,,0,0
22.11.2022 18:25:00.000,243.637,243.687,243.476,243.617,0.9924,242.9808147897,0,0,,0,0
22.11.2022 18:30:00.000,243.626,243.826,243.626,243.697,0.792,243.0359059597231,0,0,,0,0
22.11.2022 18:35:00.000,243.696,243.737,243.536,243.616,1.0368,243.08052857820596,0,0,,0,0
22.11.2022 18:40:00.000,243.637,243.786,243.546,243.757,0.918,243.1325648414209,0,0,,0,0
22.11.2022 18:45:00.000,243.756,243.867,243.756,243.817,0.6492,243.18521369977316,0,0,,0,0
22.11.2022 18:50:00.000,243.806,244.167,243.776,244.096,0.8328,243.255274184406,0,0,,0,0
22.11.2022 18:55:00.000,244.096,244.197,244.026,244.156,0.7776,243.32456078560557,0,0,,0,0
22.11.2022 19:00:00.000,244.156,244.437,243.956,244.197,1.0619999999999998,243.39167149440516,0,0,,0,0
22.11.2022 19:05:00.000,244.186,244.237,243.707,243.767,1.0428,243.42054291791248,0,0,,0,0
22.11.2022 19:10:00.000,243.767,243.977,243.697,243.737,0.918,243.44488577038075,0,0,,0,0
22.11.2022 19:15:00.000,243.736,243.756,243.536,243.597,0.7487999999999999,243.45658686496685,0,0,,0,0
22.11.2022 19:20:00.000,243.577,243.856,243.566,243.837,0.8988,243.48584941381557,0,0,,0,0
22.11.2022 19:25:00.000,243.837,243.987,243.686,243.886,0.8604,243.51663022813744,0,0,,0,0
22.11.2022 19:30:00.000,243.906,243.946,243.766,243.887,0.8664,243.5451202105884,0,0,,0,0
22.11.2022 19:35:00.000,243.886,244.286,243.886,244.236,0.9456,243.59826480977392,0,0,,0,0
22.11.2022 19:40:00.000,244.246,244.246,243.646,243.657,0.9024,243.6027829013298,0,0,,0,0
22.11.2022 19:45:00.000,243.647,243.797,243.606,243.716,0.9324,243.61149190891982,0,0,,0,0
22.11.2022 19:50:00.000,243.686,244.137,243.626,244.067,0.9156,243.64653099284905,0,0,,0,0
22.11.2022 19:55:00.000,244.077,244.147,243.887,244.026,1.098,243.67572091647608,0,0,,0,0
22.11.2022 20:00:00.000,244.036,244.417,244.016,244.396,1.0823999999999998,243.73112699982408,0,0,,0,0
22.11.2022 20:05:00.000,244.397,244.517,244.296,244.327,0.9228,243.776963384453,0,0,,0,0
22.11.2022 20:10:00.000,244.337,244.477,244.176,244.426,0.756,243.82688927795664,2,0,,0,0
22.11.2022 20:15:00.000,244.436,244.527,244.216,244.296,0.8592000000000001,243.86297471811383,2,0,,0,0
22.11.2022 20:20:00.000,244.306,244.557,244.306,244.557,0.6696000000000001,243.91636127825893,2,0,,0,0
22.11.2022 20:25:00.000,244.567,244.576,244.226,244.327,0.8580000000000001,243.94794887223904,2,0,,0,0
22.11.2022 20:30:00.000,244.336,244.637,244.296,244.616,0.972,243.99933742052835,2,0,,0,0
22.11.2022 20:35:00.000,244.617,244.677,244.476,244.556,1.116,244.04215761894926,2,0,,0,0
22.11.2022 20:40:00.000,244.556,244.627,244.396,244.446,0.9828,244.07322241749165,2,0,,0,0
22.11.2022 20:45:00.000,244.427,244.597,244.426,244.577,0.9396,244.11197453922307,2,0,,0,0
22.11.2022 20:50:00.000,244.567,244.866,244.286,244.716,1.6008000000000002,244.15843803620592,2,0,,0,0
22.11.2022 20:55:00.000,244.706,245.237,244.446,245.027,2.0016000000000003,244.22525049495934,2,0,,0,0
23.11.2022 15:00:00.000,246.426,246.757,245.816,246.587,2.2884e-06,244.40692353380862,2,0,,0,0
23.11.2022 15:05:00.000,246.586,246.997,246.536,246.906,1.8048e-06,244.59916018505413,2,0,,0,0
23.11.2022 15:10:00.000,246.877,247.227,246.726,246.857,2.1936e-06,244.77284017081922,2,0,,0,0
23.11.2022 15:15:00.000,246.836,247.007,246.507,246.787,2.4888e-06,244.92777554229468,2,0,,0,0
23.11.2022 15:20:00.000,246.806,246.867,246.506,246.857,2.0784e-06,245.07617742365665,2,0,,0,0
23.11.2022 15:25:00.000,246.866,247.057,246.676,246.936,2.2128e-06,245.21924069876002,2,0,,0,0
23.11.2022 15:30:00.000,246.926,247.337,246.796,247.096,2.118e-06,245.36360679885541,2,0,,0,0
23.11.2022 15:35:00.000,247.107,247.287,246.947,247.047,1.6536e-06,245.49309858355886,2,0,,0,0
23.11.2022 15:40:00.000,247.057,247.556,246.996,247.336,1.698e-06,245.6348602309774,2,0,,0,0
23.11.2022 15:45:00.000,247.317,247.357,247.006,247.217,1.77e-06,245.756563290133,2,0,,0,0
23.11.2022 15:50:00.000,247.226,247.497,247.186,247.337,1.6284e-06,245.87813534473815,2,0,,0,0
23.11.2022 15:55:00.000,247.337,247.616,247.316,247.397,1.53e-06,245.99497108745064,2,0,,0,0
23.11.2022 17:00:00.000,245.567,245.637,245.237,245.477,1.4292e-06,245.95512715764676,0,0,,0,0
23.11.2022 17:05:00.000,245.476,245.947,245.476,245.907,1.4952e-06,245.95142506859702,0,0,,0,0
23.11.2022 17:10:00.000,245.867,246.187,245.836,246.106,1.0391999999e-06,245.96331544793574,0,0,,0,0
23.11.2022 17:15:00.000,246.107,246.386,246.056,246.197,1.1172e-06,245.98129118270992,0,0,,0,0
23.11.2022 17:20:00.000,246.196,246.397,246.076,246.256,8.42399999999993e-07,246.0024226301938,0,0,,0,0
23.11.2022 17:25:00.000,246.267,246.387,245.906,245.986,9.07199999999992e-07,246.00115935094811,0,0,,0,0
23.11.2022 17:30:00.000,245.987,246.107,245.876,245.957,1.0007999999e-06,245.99776247779826,0,0,,0,0
23.11.2022 17:35:00.000,245.957,246.197,245.816,246.177,9.09599999999992e-07,246.0115499795061,0,0,,0,0
23.11.2022 17:40:00.000,246.197,246.206,245.686,245.737,9.28799999999992e-07,245.99043075031335,0,0,,0,0
23.11.2022 17:45:00.000,245.737,245.976,245.656,245.916,9.695999999999928e-07,245.98470530798159,0,0,,0,0
23.11.2022 17:50:00.000,245.917,245.986,245.276,245.617,1.2588e-06,245.9564202842907,0,0,,0,0
23.11.2022 17:55:00.000,245.566,245.627,244.997,245.316,1.6932e-06,245.9071571854991,0,2,242.997,0,0
23.11.2022 19:00:00.000,246.636,248.017,245.996,247.916,2.9064e-06,246.06168355584532,0,0,,0,0
23.11.2022 19:05:00.000,247.926,247.977,247.006,247.307,2.4444e-06,246.15747712847264,0,0,,0,0
23.11.2022 19:10:00.000,247.347,247.547,246.516,247.506,1.8672e-06,246.2612096570517,0,0,,0,0
23.11.2022 19:15:00.000,247.477,247.666,247.227,247.346,1.3572e-06,246.34465506804773,0,0,,0,0
23.11.2022 19:20:00.000,247.366,247.837,247.196,247.756,1.5036e-06,246.4532200628133,0,0,,0,0
23.11.2022 19:25:00.000,247.756,248.216,247.566,247.816,1.2756e-06,246.55804928875074,0,1,250.216,0,0
23.11.2022 19:30:00.000,247.827,247.827,247.236,247.307,1.3284e-06,246.6156608819238,0,0,,0,0
23.11.2022 19:35:00.000,247.297,247.347,246.996,247.247,1.3536e-06,246.66422542946813,0,0,,0,0
23.11.2022 19:40:00.000,247.247,247.626,247.176,247.597,1.0235999999e-06,246.73597731950906,0,0,,0,0
23.11.2022 19:45:00.000,247.616,248.087,247.486,247.976,1.2528e-06,246.83136367954683,0,0,,0,0
23.11.2022 19:50:00.000,247.986,248.137,247.656,247.656,1.2204e-06,246.89479724265863,0,0,,0,0
23.11.2022 19:55:00.000,247.696,247.967,247.636,247.656,1.1484e-06,246.95335130091567,0,0,,0,0
25.11.2022 15:00:00.000,247.807,247.997,247.547,247.747,1.6992e-06,247.01440120084527,0,0,,0,0
25.11.2022 15:05:00.000,247.746,247.816,247.376,247.576,1.3332e-06,247.05760110847257,0,0,,0,0
25.11.2022 15:10:00.000,247.587,247.707,247.406,247.546,1.5012e-06,247.0951702539747,0,0,,0,0
25.11.2022 15:15:00.000,247.546,247.946,247.496,247.817,1.4724e-06,247.15069561905358,0,0,,0,0
25.11.2022 15:20:00.000,247.787,247.987,247.616,247.926,1.29e-06,247.21033441758792,0,0,,0,0
25.11.2022 15:25:00.000,247.917,248.137,247.726,247.766,1.3572e-06,247.25307792392732,0,0,,0,0
25.11.2022 15:30:00.000,247.767,247.986,247.706,247.777,1.368e-06,247.29337962208677,0,0,,0,0
25.11.2022 15:35:00.000,247.776,247.927,247.646,247.687,1.3116e-06,247.3236581126955,0,0,,0,0
25.11.2022 15:40:00.000,247.706,247.857,247.676,247.837,9.023999999999922e-07,247.3631459501805,0,0,,0,0
25.11.2022 15:45:00.000,247.827,247.987,247.756,247.867,1.1208e-06,247.40190395401277,0,0,,0,0
25.11.2022 15:50:00.000,247.867,247.987,247.756,247.956,1.092e-06,247.44452672678102,0,0,,0,0
25.11.2022 15:55:00.000,247.967,248.007,247.886,247.966,1.08e-06,247.4846400554902,0,0,,0,0
25.11.2022 17:00:00.000,247.477,247.647,247.196,247.237,8.243999999999932e-07,247.4655908204525,0,0,,0,0
25.11.2022 17:05:00.000,247.196,247.377,247.166,247.236,8.651999999999927e-07,247.44792998811,0,0,,0,0
25.11.2022 17:10:00.000,247.247,247.457,247.237,247.326,7.103999999999947e-07,247.43855075825542,0,0,,0,0
25.11.2022 17:15:00.000,247.337,247.347,247.137,247.217,6.08399999999996e-07,247.4215083922358,0,0,,0,0
25.11.2022 17:20:00.000,247.226,247.487,247.206,247.466,5.819999999999964e-07,247.4249308236023,0,0,,0,0
25.11.2022 17:25:00.000,247.476,247.757,247.466,247.746,7.343999999999944e-07,247.44962845255597,0,0,,0,0
25.11.2022 17:30:00.000,247.706,247.847,247.616,247.667,6.035999999999961e-07,247.4663493408209,0,0,,0,0
25.11.2022 17:35:00.000,247.667,247.876,247.596,247.836,7.439999999999943e-07,247.4947840069116,0,0,,0,0
25.11.2022 17:40:00.000,247.837,247.987,247.796,247.967,5.915999999999963e-07,247.53110831407227,0,0,,0,0
25.11.2022 17:45:00.000,247.977,248.017,247.566,247.566,6.707999999999952e-07,247.5337922899129,0,0,,0,0
25.11.2022 17:50:00.000,247.566,247.817,247.536,247.736,8.783999999999925e-07,247.5493467291504,0,0,,0,0
25.11.2022 17:55:00.000,247.746,247.767,247.417,247.607,9.335999999999918e-07,247.55378159613883,0,0,,0,0
28.11.2022 14:30:00.000,245.696,246.567,245.286,245.877,1.3896,247.42479839643585,0,0,,0,0
28.11.2022 14:35:00.000,245.876,246.207,245.486,245.606,2.1564,247.28489082747924,0,0,,0,0
28.11.2022 14:40:00.000,245.636,246.036,245.226,245.396,1.9608,247.13959153305777,0,0,,0,0
28.11.2022 14:45:00.000,245.397,245.497,244.896,245.406,1.9116,247.00623833820717,0,0,,0,0
28.11.2022 14:50:00.000,245.406,245.526,245.006,245.207,1.6728,246.86783538911433,0,0,,0,0
28.11.2022 14:55:00.000,245.207,245.226,244.616,244.897,1.698,246.7162326668748,0,0,,0,0
28.11.2022 15:00:00.000,244.847,245.127,244.626,245.066,1.6104,246.5892916924998,0,0,,0,0
28.11.2022 15:05:00.000,245.097,245.187,244.196,244.566,1.8336,246.43365386999983,0,0,,0,0
28.11.2022 15:10:00.000,244.556,244.627,244.006,244.327,1.896,246.27160357230755,0,0,,0,0
28.11.2022 15:15:00.000,244.326,244.337,243.916,244.066,1.6872,246.10194175905315,0,0,,0,0
28.11.2022 15:20:00.000,244.076,244.167,243.056,243.066,2.046,245.86840777758752,0,0,,0,0
28.11.2022 15:25:00.000,243.057,243.187,242.636,243.037,2.2428,245.65060717931158,0,0,,0,0
28.11.2022 15:30:00.000,243.037,243.117,242.726,242.756,1.8804,245.42794508859532,0,0,,0,0
28.11.2022 15:35:00.000,242.766,243.357,242.696,243.266,1.782,245.26164162024185,0,0,,0,0
28.11.2022 15:40:00.000,243.267,243.547,243.196,243.206,1.758,245.1035153417617,0,0,,0,0
28.11.2022 15:45:00.000,243.197,243.437,243.106,243.186,1.6524,244.9560141616262,0,0,,0,0
28.11.2022 15:50:00.000,243.177,243.337,242.736,243.007,1.8564,244.80608999534726,0,0,,0,0
28.11.2022 15:55:00.000,242.996,243.227,242.916,242.987,1.8576,244.6661599957052,0,0,,0,0
28.11.2022 16:00:00.000,242.987,243.217,242.866,242.877,1.6067999999999998,244.52853230372787,0,0,,0,0
28.11.2022 16:05:00.000,242.877,243.037,242.376,242.696,1.7892,244.3875682803642,0,0,,0,0
28.11.2022 16:10:00.000,242.707,242.817,242.317,242.596,1.8852,244.2497553357208,0,0,,0,0
28.11.2022 16:15:00.000,242.627,242.876,242.526,242.667,1.4016,244.12800492528075,0,0,,0,0
28.11.2022 16:20:00.000,242.676,243.246,242.626,243.136,1.4148,244.05169685410533,0,0,,0,0
28.11.2022 16:25:00.000,243.147,243.317,242.806,242.916,1.4988,243.96433555763568,0,0,,0,0
28.11.2022 16:30:00.000,242.907,243.007,242.626,242.727,1.5012,243.86915589935603,0,0,,0,0
28.11.2022 16:35:00.000,242.717,243.077,242.556,243.076,1.5504,243.80814390709787,0,0,,0,0
28.11.2022 16:40:00.000,243.077,243.286,242.946,243.017,1.5588000000000002,243.74728668347498,0,0,,0,0
28.11.2022 16:45:00.000,243.016,243.147,242.727,243.057,1.6332,243.69418770782306,0,0,,0,0
28.11.2022 16:50:00.000,243.057,243.277,242.926,243.266,1.2191999999999998,243.66125019183667,0,0,,0,0
28.11.2022 16:55:00.000,243.267,243.287,243.087,243.097,1.3824,243.61784633092617,0,0,,0,0
28.11.2022 17:00:00.000,243.106,243.336,242.206,242.776,2.4636,243.55308892085492,1,0,,0,0
28.11.2022 17:05:00.000,242.776,243.677,242.206,242.216,3.1296,243.450235926943,1,1,245.677,0,0
28.11.2022 17:10:00.000,242.206,242.426,242.096,242.366,2.5848000000000004,243.36683316333202,1,0,,0,0
28.11.2022 17:15:00.000,242.366,242.996,242.247,242.887,2.2488,243.3299229199988,1,0,,0,0
28.11.2022 17:20:00.000,242.897,243.077,242.776,242.817,1.6152000000000002,243.29046731076815,1,0,,0,0
28.11.2022 17:25:00.000,242.856,243.027,242.676,242.756,1.488,243.24935444070908,1,0,,0,0
28.11.2022 17:30:00.000,242.787,243.047,242.746,242.937,1.5456,243.22532717603917,1,0,,0,0
28.11.2022 17:35:00.000,242.937,243.307,242.906,243.216,1.4664,243.22460970095923,1,0,,0,0
28.11.2022 17:40:00.000,243.217,243.296,242.926,242.927,1.1952,243.20171664703932,0,0,,0,0
28.11.2022 17:45:00.000,242.927,243.006,242.676,242.737,1.2876,243.1659692126517,0,0,,0,0
28.11.2022 17:50:00.000,242.746,242.747,241.946,241.996,1.6908,243.07597158090925,0,0,,0,0
28.11.2022 17:55:00.000,242.037,242.117,241.966,242.017,1.2912,242.99451222853165,0,0,,0,0
28.11.2022 18:00:00.000,242.026,242.126,241.956,242.106,1.278,242.92616513402922,0,0,,0,0
28.11.2022 18:05:00.000,242.107,242.257,242.057,242.127,1.146,242.86469089295005,0,0,,0,0
28.11.2022 18:10:00.000,242.117,242.307,241.996,242.227,1.3296,242.8156377473385,0,0,,0,0
28.11.2022 18:15:00.000,242.206,242.317,242.116,242.286,1.0308000000000002,242.77489638215863,0,0,,0,0
28.11.2022 18:20:00.000,242.287,242.387,242.246,242.366,1.2636,242.7434428143003,0,0,,0,0
28.11.2022 18:25:00.000,242.367,242.537,242.336,242.427,0.822,242.71910105935413,0,0,,0,0
28.11.2022 18:30:00.000,242.427,242.466,242.256,242.327,1.0056,242.6889394394038,0,0,,0,0
28.11.2022 18:35:00.000,242.326,242.537,242.296,242.407,1.0787999999999998,242.66725179021893,0,0,,0,0
28.11.2022 18:40:00.000,242.387,242.447,242.226,242.286,0.7727999999999999,242.63792472943285,0,0,,0,0
28.11.2022 18:45:00.000,242.266,242.336,242.156,242.197,0.6984000000000001,242.6040074425534,0,0,,0,0
28.11.2022 18:50:00.000,242.197,242.207,241.946,242.036,0.8652,242.560314562357,0,0,,0,0
28.11.2022 18:55:00.000,242.036,242.087,241.446,241.577,1.3644,242.48467498063727,0,0,,0,0
28.11.2022 19:00:00.000,241.567,241.717,241.326,241.406,1.1124,242.40169998212673,0,0,,0,0
28.11.2022 19:05:00.000,241.446,241.536,241.256,241.296,1.1124,242.31664613734776,0,0,,0,0
28.11.2022 19:10:00.000,241.296,241.297,241.046,241.057,1.3836,242.21975028062872,0,0,,0,0
28.11.2022 19:15:00.000,241.057,241.216,241.036,241.147,1.3608,242.13723102827268,0,0,,0,0
28.11.2022 19:20:00.000,241.117,241.137,240.796,240.966,1.5564,242.04713633379018,0,0,,0,0
28.11.2022 19:25:00.000,240.956,241.037,240.926,240.937,0.9984,241.96174123119096,0,0,,0,0
28.11.2022 19:30:00.000,240.936,241.287,240.876,241.226,1.302,241.9051457518686,0,0,,0,0
28.11.2022 19:35:00.000,241.227,241.326,241.157,241.236,0.9612,241.85367300172487,0,0,,0,0
28.11.2022 19:40:00.000,241.226,241.487,241.176,241.446,0.5796,241.82231354005376,0,0,,0,0
28.11.2022 19:45:00.000,241.456,241.637,241.346,241.576,0.9492,241.80336634466502,0,0,,0,0
28.11.2022 19:50:00.000,241.586,241.737,241.506,241.687,0.6732,241.79441508738313,0,0,,0,0
28.11.2022 19:55:00.000,241.697,241.717,241.386,241.576,0.846,241.7776139268152,0,0,,0,0
28.11.2022 20:00:00.000,241.586,241.617,241.316,241.497,1.2384,241.7560282401371,0,0,,0,0
28.11.2022 20:05:00.000,241.506,241.547,241.366,241.366,0.942,241.72602606781888,0,0,,0,0
28.11.2022 20:10:00.000,241.387,241.427,241.126,241.166,0.8879999999999999,241.68294713952514,0,0,,0,0
28.11.2022 20:15:00.000,241.166,241.317,241.036,241.266,0.7091999999999999,241.6508742826386,1,0,,0,0
28.11.2022 20:20:00.000,241.266,241.417,240.907,240.946,0.9372,241.5966531839741,1,0,,0,0
28.11.2022 20:25:00.000,240.967,240.987,240.796,240.847,0.762,241.53898755443765,1,0,,0,0
28.11.2022 20:30:00.000,240.847,241.056,240.796,240.897,1.1844,241.48960389640402,1,0,,0,0
28.11.2022 20:35:00.000,240.917,241.376,240.886,241.106,0.978,241.46009590437296,1,0,,0,0
28.11.2022 20:40:00.000,241.107,241.507,241.016,241.477,0.8904,241.4613962194212,0,0,,0,0
28.11.2022 20:45:00.000,241.466,241.527,241.096,241.127,0.9876,241.4356734333119,0,0,,0,0
28.11.2022 20:50:00.000,241.126,241.797,241.126,241.797,1.0572,241.46346778459562,0,0,,0,0
28.11.2022 20:55:00.000,241.807,242.187,241.566,241.637,2.028,241.4768164165498,0,1,244.187,0,0
29.11.2022 15:00:00.000,240.586,241.177,240.506,240.806,2.5956e-06,241.4252151537383,0,0,,0,0
29.11.2022 15:05:00.000,240.817,241.326,240.527,240.977,2.7372e-06,241.3907370649892,0,0,,0,0
29.11.2022 15:10:00.000,240.987,241.146,240.096,240.266,2.4168e-06,241.30421882922082,0,0,,0,0
29.11.2022 15:15:00.000,240.277,240.917,240.256,240.777,2.5884e-06,241.26366353466537,0,0,,0,0
29.11.2022 15:20:00.000,240.786,240.917,240.687,240.896,2.4888e-06,241.2353817243065,0,0,,0,0
29.11.2022 15:25:00.000,240.897,241.157,240.836,241.137,2.5464e-06,241.22781389935986,0,0,,0,0
29.11.2022 15:30:00.000,241.136,241.466,240.767,240.907,2.0124e-06,241.20313590710143,0,0,,0,0
29.11.2022 15:35:00.000,240.906,241.056,240.667,240.956,1.818e-06,241.18412545270903,0,0,,0,0
29.11.2022 15:40:00.000,240.947,241.156,240.776,240.927,2.1192e-06,241.16434657173141,0,0,,0,0
29.11.2022 15:45:00.000,240.936,241.326,240.907,241.156,1.8624e-06,241.1637045277521,0,0,,0,0
29.11.2022 15:50:00.000,241.167,241.256,240.596,240.616,2.0652e-06,241.1215734102327,0,0,,0,0
29.11.2022 15:55:00.000,240.606,240.996,240.577,240.636,2.1924e-06,241.0842216094456,0,0,,0,0
29.11.2022 17:00:00.000,239.657,239.727,239.516,239.717,1.5636e-06,240.97905071641134,0,0,,0,0
29.11.2022 17:05:00.000,239.716,239.887,239.616,239.836,1.5192e-06,240.89112373822587,0,0,,0,0
29.11.2022 17:10:00.000,239.846,239.847,239.406,239.706,1.6836e-06,240.79996037374698,0,2,237.406,0,0
29.11.2022 17:15:00.000,239.717,240.067,239.536,240.056,1.602e-06,240.74273265268954,0,0,,0,0
29.11.2022 17:20:00.000,240.066,240.066,239.576,239.596,1.5504e-06,240.65452244863653,0,0,,0,0
29.11.2022 17:25:00.000,239.596,239.907,239.446,239.556,1.8552e-06,240.57002072181837,0,0,,0,0
29.11.2022 17:30:00.000,239.567,239.867,239.556,239.736,1.5432e-06,240.5058652816785,0,0,,0,0
29.11.2022 17:35:00.000,239.727,240.327,239.536,240.067,2.0628e-06,240.4721064138571,0,0,,0,0
29.11.2022 17:40:00.000,240.066,240.337,240.056,240.267,1.6356e-06,240.45632899740656,0,0,,0,0
29.11.2022 17:45:00.000,240.267,240.316,240.006,240.126,1.374e-06,240.43091907452916,0,0,,0,0
29.11.2022 17:50:00.000,240.137,240.377,240.067,240.097,1.338e-06,240.40523299187308,0,0,,0,0
29.11.2022 17:55:00.000,240.107,240.316,240.026,240.117,1.3284e-06,240.38306122326748,0,0,,0,0
29.11.2022 19:00:00.000,240.066,240.896,240.056,240.666,2.184e-06,240.4048257445546,0,0,,0,0
29.11.2022 19:05:00.000,240.687,240.767,240.276,240.377,1.668e-06,240.40268530266582,0,0,,0,0
29.11.2022 19:10:00.000,240.377,240.596,240.356,240.456,1.338e-06,240.40678643323,0,0,,0,0
29.11.2022 19:15:00.000,240.466,240.527,240.276,240.297,1.1088e-06,240.39834132298154,0,0,,0,0
29.11.2022 19:20:00.000,240.287,240.347,240.016,240.067,1.1952e-06,240.37285352890606,0,0,,0,0
29.11.2022 19:25:00.000,240.056,240.157,239.916,240.046,1.3296e-06,240.34771094975946,0,0,,0,0
29.11.2022 19:30:00.000,240.056,240.087,239.806,239.926,1.5084e-06,240.31527164593183,0,0,,0,0
29.11.2022 19:35:00.000,239.937,240.076,239.637,239.947,1.3404e-06,240.28694305778322,0,0,,0,0
29.11.2022 19:40:00.000,239.956,240.057,239.676,239.776,1.7124e-06,240.24763974564607,0,0,,0,0
29.11.2022 19:45:00.000,239.786,239.837,239.596,239.767,1.476e-06,240.21066745751946,0,0,,0,0
29.11.2022 19:50:00.000,239.766,240.006,239.736,239.856,1.248e-06,240.1833853454026,0,0,,0,0
29.11.2022 19:55:00.000,239.867,240.027,239.786,240.016,1.2684e-06,240.1705095496024,0,0,,0,0
30.11.2022 14:30:00.000,240.276,242.687,239.806,242.557,1.7568,240.3540857380945,0,0,,0,0
30.11.2022 14:35:00.000,242.557,243.107,241.996,242.256,2.2188,240.50038683516416,0,0,,0,0
30.11.2022 14:40:00.000,242.297,243.876,242.256,243.857,2.286,240.75858784784387,0,0,,0,0
30.11.2022 14:45:00.000,243.836,243.937,243.126,243.236,2.364,240.94915801339437,0,1,245.937,0,0
30.11.2022 14:50:00.000,243.236,243.597,242.906,243.196,2.1768,241.12199201236405,0,0,,0,0
30.11.2022 14:55:00.000,243.217,243.697,243.046,243.427,1.4676000000000002,241.2993003191053,0,0,,0,0
30.11.2022 15:00:00.000,243.446,243.777,242.237,242.626,2.4816,241.40135414071258,0,0,,0,0
30.11.2022 15:05:00.000,242.616,243.297,242.386,243.016,1.938,241.52555766835007,0,0,,0,0
30.11.2022 15:10:00.000,243.017,243.167,242.106,242.176,1.6152000000000002,241.57559169386164,0,0,,0,0
30.11.2022 15:15:00.000,242.227,242.417,241.766,241.936,1.3488000000000002,241.60331540971845,0,0,,0,0
30.11.2022 15:20:00.000,241.916,242.117,241.806,241.876,1.1712,241.62429114743244,0,0,,0,0
30.11.2022 15:25:00.000,241.856,241.977,241.597,241.876,1.398,241.64365336686075,0,0,,0,0
30.11.2022 15:30:00.000,241.897,241.947,241.206,241.367,1.4832,241.6223723386407,0,0,,0,0
30.11.2022 15:35:00.000,241.356,241.856,241.306,241.627,1.4244,241.62272831259145,0,0,,0,0
30.11.2022 15:40:00.000,241.627,241.847,241.526,241.646,1.434,241.62451844239214,0,0,,0,0
30.11.2022 15:45:00.000,241.636,241.637,241.066,241.107,1.5612,241.58470933143892,0,0,,0,0
30.11.2022 15:50:00.000,241.086,241.407,240.916,240.947,1.4688,241.5356547674821,0,0,,0,0
30.11.2022 15:55:00.000,240.946,241.287,240.936,241.036,1.6103999999999998,241.4972197853681,0,0,,0,0
30.11.2022 16:00:00.000,241.047,241.326,240.546,240.647,1.6212,241.43181826341672,0,0,,0,0
30.11.2022 16:05:00.000,240.637,241.257,240.637,241.196,1.4628,241.41367839700007,0,0,,0,0
30.11.2022 16:10:00.000,241.216,241.357,240.936,240.937,1.314,241.37701082800007,0,0,,0,0
30.11.2022 16:15:00.000,240.937,241.266,240.816,240.907,1.3583999999999998,241.34085614892317,0,0,,0,0
30.11.2022 16:20:00.000,240.926,241.247,240.756,240.816,1.128,241.30048259900602,0,0,,0,0
30.11.2022 16:25:00.000,240.816,241.446,240.726,241.277,1.4196,241.29867624523635,0,0,,0,0
30.11.2022 16:30:00.000,241.287,241.577,241.066,241.497,1.5791999999999995,241.3139319186797,0,0,,0,0
30.11.2022 16:35:00.000,241.527,241.847,241.437,241.846,1.3596,241.35486023262746,0,0,,0,0
30.11.2022 16:40:00.000,241.847,241.927,241.677,241.767,1.1052,241.38656329165613,0,0,,0,0
30.11.2022 16:45:00.000,241.806,242.126,241.736,242.056,1.2888000000000002,241.43805842306722,0,0,,0,0
30.11.2022 16:50:00.000,242.056,242.217,241.806,242.046,1.3104,241.48482315975437,0,0,,0,0
30.11.2022 16:55:00.000,242.057,242.157,241.746,242.027,1.236,241.5265290705425,0,0,,0,0
30.11.2022 17:00:00.000,242.057,242.467,241.996,242.467,0.9936,241.59887298819308,0,0,,0,0
30.11.2022 17:05:00.000,242.466,242.467,242.156,242.267,1.194,241.6502673737167,0,0,,0,0
30.11.2022 17:10:00.000,242.257,242.306,242.076,242.227,0.9372,241.69463142189235,0,0,,0,0
30.11.2022 17:15:00.000,242.206,242.227,241.666,241.797,1.296,241.70250592790063,0,0,,0,0
30.11.2022 17:20:00.000,241.767,241.866,241.216,241.737,1.6764,241.70515931806213,0,0,,0,0
30.11.2022 17:25:00.000,241.757,241.987,241.636,241.837,0.8544,241.71530090898042,0,0,,0,0
30.11.2022 17:30:00.000,241.806,242.007,241.696,241.976,1.0776,241.7353546852127,0,0,,0,0
30.11.2022 17:35:00.000,241.977,242.037,241.686,241.847,1.0476,241.7439427863502,0,0,,0,0
30.11.2022 17:40:00.000,241.876,242.166,241.706,242.036,1.0884,241.76640872586177,0,0,,0,0
30.11.2022 17:45:00.000,242.036,242.247,241.956,242.066,0.8328,241.7894542084878,0,0,,0,0
30.11.2022 17:50:00.000,242.077,242.117,241.767,242.046,0.8628,241.8091885001426,0,0,,0,0
30.11.2022 17:55:00.000,242.037,242.157,241.756,241.857,1.1628,241.81286630782395,0,0,,0,0
30.11.2022 18:00:00.000,241.846,242.346,241.776,242.307,1.2,241.8508765918375,0,0,,0,0
30.11.2022 18:05:00.000,242.307,242.487,242.126,242.477,1.2168,241.89903993092693,0,0,,0,0
30.11.2022 18:10:00.000,242.486,242.646,242.266,242.477,1.1232,241.9434983977787,0,0,,0,0
30.11.2022 18:15:00.000,242.426,242.557,242.346,242.377,0.8855999999999999,241.97684467487267,0,0,,0,0
30.11.2022 18:20:00.000,242.377,242.497,242.296,242.427,0.8543999999999999,242.01147200757478,0,0,,0,0
30.11.2022 18:25:00.000,242.447,242.477,241.886,242.067,0.8460000000000001,242.01574339160751,0,0,,0,0
30.11.2022 18:30:00.000,242.046,244.516,241.346,243.057,3.8796,242.09584005379156,0,0,,0,0
30.11.2022 18:35:00.000,243.116,245.237,243.056,244.757,3.1668000000000003,242.3005446650384,0,0,,0,0
30.11.2022 18:40:00.000,244.797,245.477,244.256,244.806,2.6388000000000003,242.493271998497,0,0,,0,0
30.11.2022 18:45:00.000,244.807,245.507,243.747,244.947,2.7372,242.68202030630493,0,0,,0,0
30.11.2022 18:50:00.000,244.926,245.337,244.516,245.337,2.2692,242.88624951351227,0,0,,0,0
30.11.2022 18:55:00.000,245.277,246.917,245.277,246.527,2.3532,243.16630724324213,0,0,,0,0
30.11.2022 19:00:00.000,246.467,247.396,246.467,247.257,2.496,243.4809759168389,0,0,,0,0
30.11.2022 19:05:00.000,247.197,248.056,247.196,247.646,2.4264,243.8013623847744,0,0,,0,0
30.11.2022 19:10:00.000,247.607,248.257,247.556,248.056,2.154,244.12864220133025,0,0,,0,0
30.11.2022 19:15:00.000,248.056,249.826,248.056,249.646,2.5224,244.55305433968948,0,0,,0,0
30.11.2022 19:20:00.000,249.686,249.967,249.186,249.736,2.8824,244.9517424674057,0,0,,0,0
30.11.2022 19:25:00.000,249.766,250.116,249.307,249.596,2.7456,245.30899304683604,0,0,,0,0
30.11.2022 19:30:00.000,249.626,249.946,249.196,249.827,2.7276,245.65653204323328,0,0,,0,0
30.11.2022 19:35:00.000,249.817,249.876,249.246,249.617,2.1528,245.96118342452306,0,0,,0,0
30.11.2022 19:40:00.000,249.636,249.787,249.276,249.527,1.9032,246.23547700725206,0,0,,0,0
30.11.2022 19:45:00.000,249.527,250.027,249.396,249.956,2.2068,246.5216710836173,0,0,,0,0
30.11.2022 19:50:00.000,249.957,250.657,249.927,250.066,2.088,246.7943117694929,0,0,,0,0
30.11.2022 19:55:00.000,250.067,250.517,249.796,250.517,1.8024,247.08067240260883,0,0,,0,0
30.11.2022 20:00:00.000,250.506,250.877,250.146,250.666,1.6991999999999998,247.3564668331774,0,0,,0,0
30.11.2022 20:05:00.000,250.696,250.936,250.336,250.746,1.494,247.6172001537022,0,0,,0,0
30.11.2022 20:10:00.000,250.767,250.937,250.536,250.907,1.254,247.87026168034052,0,0,,0,0
30.11.2022 20:15:00.000,250.907,251.637,250.766,251.277,1.5972,248.1323184741605,0,0,,0,0
30.11.2022 20:20:00.000,251.286,251.436,251.066,251.256,1.2996,248.3726016684559,0,0,,0,0
30.11.2022 20:25:00.000,251.267,251.826,251.256,251.807,1.512,248.63678615549776,0,0,,0,0
30.11.2022 20:30:00.000,251.777,252.246,251.736,252.236,1.5588,248.91364875892103,0,0,,0,0
30.11.2022 20:35:00.000,252.247,252.546,251.786,251.826,1.6548,249.13767577746557,0,0,,0,0
30.11.2022 20:40:00.000,251.836,252.096,251.686,252.046,1.5864,249.36139302535284,0,0,,0,0
30.11.2022 20:45:00.000,252.076,252.667,252.076,252.407,1.7040000000000002,249.59567048494108,0,0,,0,0
30.11.2022 20:50:00.000,252.407,254.736,252.376,254.386,2.7672,249.96415737071487,0,0,,0,0
30.11.2022 20:55:00.000,254.387,254.877,254.096,254.877,2.6148,250.34206834219836,0,0,,0,0
01.12.2022 15:00:00.000,254.816,255.016,253.906,254.676,1.3908e-06,250.67544770049082,0,1,257.01599999999996,0,0
01.12.2022 15:05:00.000,254.726,254.946,253.816,253.856,1.0619999999e-06,250.92010556968384,2,0,,0,0
01.12.2022 15:10:00.000,253.907,254.286,252.696,252.866,1.2396e-06,251.06978975663125,2,0,,0,0
01.12.2022 15:15:00.000,252.866,253.086,251.806,252.287,1.146e-06,251.16342131381347,2,0,,0,0
01.12.2022 15:20:00.000,252.286,252.507,251.596,251.617,1.0956e-06,251.19831198198167,2,0,,0,0
01.12.2022 15:25:00.000,251.606,252.257,251.396,251.606,1.0091999999e-06,251.22967259875233,2,0,,0,0
01.12.2022 15:30:00.000,251.617,251.756,250.867,251.736,1.2036e-06,251.2686208603868,2,0,,0,0
01.12.2022 15:35:00.000,251.717,252.197,251.476,252.026,1.2264e-06,251.32688079420322,2,0,,0,0
01.12.2022 15:40:00.000,252.026,252.176,251.716,252.086,9.539999999999916e-07,251.38527457926452,2,0,,0,0
01.12.2022 15:45:00.000,252.057,252.926,251.897,252.797,1.4472e-06,251.49386884239803,2,0,,0,0
01.12.2022 15:50:00.000,252.786,253.587,252.756,253.167,1.1448e-06,251.62257123913668,2,0,,0,0
01.12.2022 15:55:00.000,253.207,253.957,252.976,253.896,1.2468e-06,251.79745037458773,2,0,,0,0
01.12.2022 17:00:00.000,253.176,253.216,252.306,252.406,1.0631999999e-06,251.84426188423484,2,0,,0,0
01.12.2022 17:05:00.000,252.406,252.907,252.406,252.666,8.915999999999923e-07,251.90747250852448,2,0,,0,0
01.12.2022 17:10:00.000,252.667,253.156,252.536,252.897,8.639999999999927e-07,251.98359000786874,2,0,,0,0
01.12.2022 17:15:00.000,252.936,253.256,252.786,252.897,8.075999999999934e-07,252.05385231495578,2,0,,0,0
01.12.2022 17:20:00.000,252.887,253.596,252.886,253.596,7.811999999999938e-07,252.1724790599592,2,0,,0,0
01.12.2022 17:25:00.000,253.596,253.956,253.536,253.797,6.839999999999951e-07,252.29744220919312,2,0,,0,0
01.12.2022 17:30:00.000,253.797,254.307,253.796,254.106,8.255999999999932e-07,252.43656203925522,2,0,,0,0
01.12.2022 17:35:00.000,254.117,254.246,253.796,254.117,8.135999999999934e-07,252.56582649777405,2,0,,0,0
01.12.2022 17:40:00.000,254.137,254.207,253.806,254.016,8.38799999999993e-07,252.6773783056376,2,0,,0,0
01.12.2022 17:45:00.000,253.996,254.237,253.877,253.976,7.115999999999947e-07,252.77727228212703,2,0,,0,0
01.12.2022 17:50:00.000,253.987,254.267,253.906,253.916,9.467999999999916e-07,252.86486672196344,2,0,,0,0
01.12.2022 17:55:00.000,253.936,254.366,253.756,254.247,6.407999999999956e-07,252.9711846664278,2,0,,0,0
01.12.2022 19:00:00.000,254.417,254.487,254.056,254.126,7.343999999999944e-07,253.06001661516413,2,0,,0,0
01.12.2022 19:05:00.000,254.126,254.477,254.106,254.356,9.899999999999943e-07,253.1597076447669,2,0,,0,0
01.12.2022 19:10:00.000,254.357,254.657,254.336,254.627,1.0619999999e-06,253.27257628747716,2,0,,0,0
01.12.2022 19:15:00.000,254.626,254.987,254.487,254.857,1.1268e-06,253.39445503459433,2,0,,0,0
01.12.2022 19:20:00.000,254.867,255.227,254.837,255.227,1.0812e-06,253.53542003193323,2,0,,0,0
01.12.2022 19:25:00.000,255.207,255.347,255.006,255.146,1.3344e-06,253.6593107987076,2,0,,0,0
01.12.2022 19:30:00.000,255.137,255.346,254.887,255.327,1.2228e-06,253.7875945834224,2,0,,0,0
01.12.2022 19:35:00.000,255.337,255.366,254.936,255.247,7.64399999999994e-07,253.89985653854376,2,0,,0,0
01.12.2022 19:40:00.000,255.237,255.516,255.136,255.217,5.999999999999962e-07,254.0011752663481,2,0,,0,0
01.12.2022 19:45:00.000,255.207,255.666,255.176,255.577,8.495999999999929e-07,254.1223925535521,2,0,,0,0
01.12.2022 19:50:00.000,255.576,255.926,255.486,255.787,7.559999999999941e-07,254.25043928020196,2,0,,0,0
01.12.2022 19:55:00.000,255.767,255.937,255.416,255.816,6.551999999999954e-07,254.37086702787877,2,1,257.937,0,0
02.12.2022 14:30:00.000,249.916,251.467,249.706,250.956,2.79,254.10818494881119,0,2,247.706,0,0
02.12.2022 14:35:00.000,250.956,251.057,250.386,250.987,2.8476000000000004,253.86809379890266,0,0,,0,0
02.12.2022 14:40:00.000,250.986,251.126,249.746,250.107,2.5152,253.57877889129477,0,0,,0,0
02.12.2022 14:45:00.000,250.096,250.606,249.766,250.047,2.9148,253.30710359196442,0,0,,0,0
02.12.2022 14:50:00.000,250.046,250.567,249.896,250.216,2.8224,253.06932639258255,0,0,,0,0
02.12.2022 14:55:00.000,250.216,251.156,250.216,250.667,2.934,252.8845320546916,0,0,,0,0
02.12.2022 15:00:00.000,250.666,251.067,250.237,250.266,2.6304000000000003,252.68310651202302,0,0,,0,0
02.12.2022 15:05:00.000,250.277,251.316,250.096,251.266,2.394,252.57409831879048,0,0,,0,0
02.12.2022 15:10:00.000,251.267,252.176,250.937,251.906,2.0952,252.522706140422,0,0,,0,0
02.12.2022 15:15:00.000,251.906,252.196,251.626,251.797,1.8168,252.4668825911588,0,0,,0,0
02.12.2022 15:20:00.000,251.817,252.166,251.716,251.996,1.9968,252.43066085337736,0,0,,0,0
02.12.2022 15:25:00.000,251.977,252.277,251.426,251.697,2.1408,252.37422540311758,0,0,,0,0
02.12.2022 15:30:00.000,251.697,252.367,251.207,252.346,1.9488,252.3720542182624,0,0,,0,0
02.12.2022 15:35:00.000,252.347,252.377,251.466,251.707,1.7880000000000005,252.320896201473,0,0,,0,0
02.12.2022 15:40:00.000,251.707,252.207,251.696,252.017,1.8876,252.29751957059045,0,0,,0,0
02.12.2022 15:45:00.000,252.026,252.257,251.687,252.066,2.034,252.27971037285275,0,0,,0,0
02.12.2022 15:50:00.000,252.067,252.757,251.856,252.216,1.8768,252.27480957494103,0,0,,0,0
02.12.2022 15:55:00.000,252.207,252.217,251.457,251.587,1.7687999999999997,252.2219011460994,0,0,,0,0
02.12.2022 16:00:00.000,251.577,251.757,251.087,251.296,1.8252,252.15067798101487,0,0,,0,0
02.12.2022 16:05:00.000,251.287,251.457,250.956,251.157,1.8204,252.0742412132445,0,0,,0,0
02.12.2022 16:10:00.000,251.156,251.537,250.856,251.357,1.5852,252.0190688122257,0,0,,0,0
02.12.2022 16:15:00.000,251.317,251.667,251.206,251.477,1.47,251.9773712112853,0,0,,0,0
02.12.2022 16:20:00.000,251.467,251.807,251.356,251.697,1.6212000000000002,251.95580419503258,0,0,,0,0
02.12.2022 16:25:00.000,251.687,252.227,251.636,252.227,1.428,251.9766654107993,0,0,,0,0
02.12.2022 16:30:00.000,252.236,252.487,251.926,252.466,1.536,252.01430653304556,0,0,,0,0
02.12.2022 16:35:00.000,252.447,252.837,252.346,252.537,1.5984,252.0545137228113,0,0,,0,0
02.12.2022 16:40:00.000,252.526,253.287,252.466,253.226,1.8024,252.14462805182583,0,0,,0,0
02.12.2022 16:45:00.000,253.246,253.777,253.066,253.117,1.926,252.2194258939931,0,0,,0,0
02.12.2022 16:50:00.000,253.107,253.196,252.846,252.936,1.41,252.27454697907058,0,0,,0,0
02.12.2022 16:55:00.000,252.926,253.166,252.776,252.786,1.4964000000000002,252.3138895191421,0,0,,0,0
02.12.2022 17:00:00.000,252.796,252.827,252.387,252.706,1.3656,252.3440518638235,0,0,,0,0
02.12.2022 17:05:00.000,252.697,253.266,252.616,253.056,1.2372,252.39881710506785,0,0,,0,0
02.12.2022 17:10:00.000,253.067,253.947,253.036,253.897,1.2312,252.51406194313958,0,1,255.947,0,0
02.12.2022 17:15:00.000,253.856,253.867,253.436,253.546,1.3992,252.59344179366732,0,0,,0,0
02.12.2022 17:20:00.000,253.537,253.637,253.337,253.536,1.1784,252.66594627107753,0,0,,0,0
02.12.2022 17:25:00.000,253.547,253.617,253.157,253.286,1.1004,252.7136427117639,0,0,,0,0
02.12.2022 17:30:00.000,253.287,253.417,252.996,253.086,1.1292,252.74228558008977,0,0,,0,0
02.12.2022 17:35:00.000,253.086,253.127,252.496,252.646,1.5924,252.73487899700595,0,0,,0,0
02.12.2022 17:40:00.000,252.606,253.017,252.546,252.976,1.3392,252.75342676646704,0,0,,0,0
02.12.2022 17:45:00.000,252.967,253.137,252.856,253.086,0.7055999999999999,252.77900932289268,0,0,,0,0
02.12.2022 17:50:00.000,253.077,253.117,252.927,253.036,0.7871999999999999,252.79877783651634,0,0,,0,0
02.12.2022 17:55:00.000,253.067,253.297,252.807,252.967,0.9192,252.81171800293816,0,0,,0,0
02.12.2022 18:00:00.000,253.007,253.237,252.816,252.876,1.1760000000000002,252.81666277194293,0,0,,0,0
02.12.2022 18:05:00.000,252.877,252.896,252.457,252.506,1.1544,252.79276563563965,0,0,,0,0
02.12.2022 18:10:00.000,252.506,252.917,252.246,252.866,1.1748,252.79839904828276,0,0,,0,0
02.12.2022 18:15:00.000,252.837,253.277,252.826,253.156,0.9636,252.82590681379946,0,0,,0,0
02.12.2022 18:20:00.000,253.146,253.257,252.986,253.136,1.1352,252.8497601358149,0,0,,0,0
02.12.2022 18:25:00.000,253.177,253.287,252.846,253.287,1.1028,252.88339397152146,0,0,,0,0
02.12.2022 18:30:00.000,253.287,253.316,253.106,253.117,1.0512,252.90136366601982,0,0,,0,0
02.12.2022 18:35:00.000,253.106,253.217,252.926,253.166,0.8832,252.92172030709523,0,0,,0,0
02.12.2022 18:40:00.000,253.176,253.467,253.167,253.356,0.8256000000000001,252.95512643731868,0,0,,0,0
02.12.2022 18:45:00.000,253.356,253.767,253.296,253.607,0.6408,253.00527055752497,0,0,,0,0
02.12.2022 18:50:00.000,253.616,253.637,253.417,253.427,0.7547999999999999,253.0377112838692,0,0,,0,0
02.12.2022 18:55:00.000,253.417,253.467,253.207,253.447,0.9204,253.06919503126392,0,0,,0,0
02.12.2022 19:00:00.000,253.446,253.616,253.307,253.407,0.984,253.095180028859,0,0,,0,0
02.12.2022 19:05:00.000,253.417,253.427,252.986,253.106,1.1988,253.0960123343314,0,0,,0,0
02.12.2022 19:10:00.000,253.096,253.277,252.927,253.267,0.912,253.10916523169053,0,0,,0,0
02.12.2022 19:15:00.000,253.267,253.637,253.236,253.586,0.9024,253.14584482925278,0,0,,0,0
02.12.2022 19:20:00.000,253.596,253.717,253.336,253.517,0.8568,253.1743952270026,0,0,,0,0
02.12.2022 19:25:00.000,253.517,253.657,253.376,253.576,0.7644,253.20528790184858,0,0,,0,0
02.12.2022 19:30:00.000,253.547,253.677,253.287,253.606,0.9336,253.2361119093987,0,0,,0,0
02.12.2022 19:35:00.000,253.586,253.696,253.336,253.417,0.8675999999999999,253.2500263779065,0,0,,0,0
02.12.2022 19:40:00.000,253.417,253.457,253.246,253.427,0.996,253.26363973345215,0,0,,0,0
02.12.2022 19:45:00.000,253.437,253.857,253.297,253.807,1.1172,253.3054366770328,0,0,,0,0
02.12.2022 19:50:00.000,253.817,253.966,253.667,253.886,1.2084,253.3500953941841,0,0,,0,0
02.12.2022 19:55:00.000,253.897,254.477,253.897,254.386,1.5072,253.42978036386228,0,0,,0,0
02.12.2022 20:00:00.000,254.376,255.017,254.126,254.916,1.5480000000000005,253.5441049512575,0,0,,0,0
02.12.2022 20:05:00.000,254.926,255.777,254.766,255.647,1.6428,253.70586610885312,0,0,,0,0
02.12.2022 20:10:00.000,255.646,255.847,255.296,255.737,1.4328,253.8621071774029,0,0,,0,0
02.12.2022 20:15:00.000,255.726,256.046,255.527,255.627,1.668,253.99786816375652,0,1,258.046,0,0
02.12.2022 20:20:00.000,255.616,255.647,255.006,255.116,1.3368,254.08387830500604,0,0,,0,0
02.12.2022 20:25:00.000,255.117,255.217,254.696,254.897,1.1820000000000002,254.14642612769788,0,0,,0,0
02.12.2022 20:30:00.000,254.867,255.106,254.416,254.537,1.1208,254.17647027172114,0,0,,0,0
02.12.2022 20:35:00.000,254.536,254.627,254.096,254.427,1.2456,254.19574178928107,0,0,,0,0
02.12.2022 20:40:00.000,254.437,254.546,254.206,254.336,1.518,254.20653088241332,0,0,,0,0
02.12.2022 20:45:00.000,254.336,254.336,253.826,253.986,1.3236,254.18956696838154,0,0,,0,0
02.12.2022 20:50:00.000,253.836,254.567,253.836,254.437,1.6871999999999998,254.20860027850605,0,0,,0,0
02.12.2022 20:55:00.000,254.436,255.177,254.427,254.747,1.8708,254.2500156416979,0,0,,0,0
05.12.2022 15:00:00.000,252.536,252.536,251.146,252.247,3.3288e-06,254.09593751541345,0,0,,0,0
05.12.2022 15:05:00.000,252.246,252.417,251.636,251.746,2.6664e-06,253.91517309115088,0,0,,0,0
05.12.2022 15:10:00.000,251.747,252.237,251.536,251.877,2.4864e-06,253.75839054567774,0,0,,0,0
05.12.2022 15:15:00.000,251.887,251.966,251.496,251.516,2.1768e-06,253.585898965241,0,0,,0,0
05.12.2022 15:20:00.000,251.507,251.797,251.426,251.736,1.9176e-06,253.44359904483787,0,0,,0,0
05.12.2022 15:25:00.000,251.717,252.337,251.536,251.566,2.1552e-06,253.29916834908113,0,0,,0,0
05.12.2022 15:30:00.000,251.566,252.157,251.196,252.086,2.2116e-06,253.2058477068441,0,0,,0,0
05.12.2022 15:35:00.000,252.087,252.327,251.966,252.147,1.8612e-06,253.12439788324073,0,0,,0,0
05.12.2022 15:40:00.000,252.156,252.737,252.147,252.576,1.974e-06,253.08221343068377,0,0,,0,0
05.12.2022 15:45:00.000,252.567,252.757,252.526,252.726,1.7268e-06,253.05481239755426,0,0,,0,0
05.12.2022 15:50:00.000,252.737,252.847,252.156,252.207,1.7832e-06,252.98959605928087,0,0,,0,0
05.12.2022 15:55:00.000,252.216,252.756,252.216,252.756,1.9896e-06,252.9716271316439,0,0,,0,0
05.12.2022 17:00:00.000,250.876,250.977,250.606,250.626,1.4028e-06,252.79119427536364,0,0,,0,0
05.12.2022 17:05:00.000,250.627,250.766,250.426,250.496,1.3344e-06,252.61464086956644,0,0,,0,0
05.12.2022 17:10:00.000,250.486,250.497,250.086,250.356,1.158e-06,252.4408992642152,0,0,,0,0
05.12.2022 17:15:00.000,250.357,250.797,250.296,250.697,1.0992e-06,252.3067531669679,0,0,,0,0
05.12.2022 17:20:00.000,250.696,250.906,250.696,250.887,9.21599999999992e-07,252.19754138489347,0,0,,0,0
05.12.2022 17:25:00.000,250.886,250.926,250.576,250.666,1.2324e-06,252.07973050913245,0,0,,0,0
05.12.2022 17:30:00.000,250.667,250.757,250.146,250.266,1.26e-06,251.94021277766075,0,0,,0,0
05.12.2022 17:35:00.000,250.267,250.507,249.996,250.077,1.3428e-06,251.79688871784072,0,0,,0,0
05.12.2022 17:40:00.000,250.077,250.077,249.686,249.896,1.1928e-06,251.65066650877606,0,0,,0,0
05.12.2022 17:45:00.000,249.907,250.166,249.706,249.807,1.3032e-06,251.508846008101,0,0,,0,0
05.12.2022 17:50:00.000,249.806,249.827,249.156,249.417,1.23e-06,251.34793477670863,0,0,,0,0
05.12.2022 17:55:00.000,249.417,249.477,249.156,249.166,1.0908e-06,251.18009364003876,0,0,,0,0
05.12.2022 19:00:00.000,248.707,248.757,248.307,248.577,1.4724e-06,250.9798556677281,0,0,,0,0
05.12.2022 19:05:00.000,248.577,248.727,248.496,248.626,1.188e-06,250.79878984713363,0,0,,0,0
05.12.2022 19:10:00.000,248.626,249.117,248.626,249.106,1.1964e-06,250.668575243508,0,0,,0,0
05.12.2022 19:15:00.000,249.106,249.146,248.796,248.826,1.0631999999e-06,250.5268386863151,0,0,,0,0
05.12.2022 19:20:00.000,248.817,248.927,248.606,248.676,1.26e-06,250.3844664796755,0,0,,0,0
05.12.2022 19:25:00.000,248.676,248.767,248.476,248.497,1.2396e-06,250.2392767504697,0,0,,0,0
05.12.2022 19:30:00.000,248.486,248.486,248.037,248.147,1.1676e-06,250.07833238504898,1,0,,0,0
05.12.2022 19:35:00.000,248.137,248.647,248.136,248.486,1.1604e-06,249.95584527850679,1,0,,0,0
05.12.2022 19:40:00.000,248.497,248.597,248.197,248.587,1.2084e-06,249.85054948785242,1,0,,0,0
05.12.2022 19:45:00.000,248.577,248.707,248.246,248.697,1.218e-06,249.76181491186378,1,0,,0,0
05.12.2022 19:50:00.000,248.706,248.847,248.596,248.707,1.0704e-06,249.6806753032589,1,0,,0,0
05.12.2022 19:55:00.000,248.697,248.877,248.497,248.747,1.2348e-06,249.60885412608516,1,0,,0,0
06.12.2022 14:30:00.000,250.757,251.826,250.367,251.246,1.5456,249.73478842407863,0,1,253.826,0,0
06.12.2022 14:35:00.000,251.246,251.606,250.806,251.267,1.9188,249.85265085299568,0,0,,0,0
06.12.2022 14:40:00.000,251.246,251.546,250.007,250.047,1.56,249.86760078738064,0,0,,0,0
06.12.2022 14:45:00.000,250.026,250.026,248.956,249.666,1.212,249.8520930345052,0,0,,0,0
06.12.2022 14:50:00.000,249.666,249.796,248.936,248.937,1.284,249.7817012626202,0,0,,0,0
06.12.2022 14:55:00.000,248.937,249.047,248.196,248.226,1.26,249.66203193472634,0,0,,0,0
06.12.2022 15:00:00.000,248.196,248.276,247.326,247.466,1.4532,249.49310640128587,0,0,,0,0
06.12.2022 15:05:00.000,247.466,247.927,247.046,247.536,1.0764,249.3425597550331,0,0,,0,0
06.12.2022 15:10:00.000,247.537,247.617,247.217,247.517,0.9636,249.20213208156903,0,0,,0,0
06.12.2022 15:15:00.000,247.456,247.727,247.146,247.656,1.1424,249.08319884452527,0,0,,0,0
06.12.2022 15:20:00.000,247.656,247.717,247.226,247.667,0.8088000000000001,248.97426047186948,0,0,,0,0
06.12.2022 15:25:00.000,247.656,247.727,247.146,247.227,1.0559999999999998,248.8398558201872,0,0,,0,0
06.12.2022 15:30:00.000,247.227,247.537,247.046,247.277,1.2852,248.71963614171128,0,0,,0,0
06.12.2022 15:35:00.000,247.237,247.547,246.716,246.927,1.5504,248.58174105388733,0,0,,0,0
06.12.2022 15:40:00.000,246.927,247.066,246.376,247.037,1.9056,248.46291481897293,0,0,,0,0
06.12.2022 15:45:00.000,247.037,247.447,246.977,247.286,2.1228,248.37238290982117,0,0,,0,0
06.12.2022 15:50:00.000,247.276,247.536,247.106,247.136,1.6092,248.27727653214262,0,0,,0,0
06.12.2022 15:55:00.000,247.137,247.317,246.946,247.076,1.6547999999999998,248.18487064505476,0,0,,0,0
06.12.2022 16:00:00.000,247.076,247.256,246.646,246.666,1.6715999999999998,248.06803444158902,0,0,,0,0
06.12.2022 16:05:00.000,246.667,246.907,246.506,246.546,1.7231999999999998,247.95095486915912,0,0,,0,0
06.12.2022 16:10:00.000,246.546,247.207,246.506,246.727,1.5144,247.85680449460844,0,0,,0,0
06.12.2022 16:15:00.000,246.726,246.767,246.196,246.636,1.5048,247.76289645656166,0,0,,0,0
06.12.2022 16:20:00.000,246.636,246.997,246.626,246.846,1.1856,247.69236595990307,0,0,,0,0
06.12.2022 16:25:00.000,246.846,246.907,246.556,246.627,1.0799999999999998,247.61041473221823,0,0,,0,0
06.12.2022 16:30:00.000,246.657,246.997,246.536,246.607,1.3176,247.53322898358607,0,0,,0,0
06.12.2022 16:35:00.000,246.616,246.887,246.386,246.446,1.1976,247.4495959848487,0,0,,0,0
06.12.2022 16:40:00.000,246.467,246.666,246.297,246.637,1.1484,247.3870886013988,0,0,,0,0
06.12.2022 16:45:00.000,246.637,246.927,246.517,246.836,0.87,247.34469717052198,0,0,,0,0
06.12.2022 16:50:00.000,246.837,247.017,246.416,246.426,0.924,247.27402815740493,0,0,,0,0
06.12.2022 16:55:00.000,246.467,246.887,246.246,246.426,1.2792,247.20879522221995,0,0,,0,0
06.12.2022 17:00:00.000,246.437,246.706,246.296,246.476,1.014,247.15242635897226,0,0,,0,0
06.12.2022 17:05:00.000,246.526,246.737,246.386,246.566,1.0176,247.10731663905133,0,0,,0,0
06.12.2022 17:10:00.000,246.606,246.607,246.266,246.307,1.0596,247.04575382066278,0,0,,0,0
06.12.2022 17:15:00.000,246.306,246.447,245.557,245.616,1.386,246.9357727575349,0,0,,0,0
06.12.2022 17:20:00.000,245.627,246.067,245.586,245.987,1.1004,246.86279023772454,1,0,,0,0
06.12.2022 17:25:00.000,245.996,246.346,245.946,246.047,1.2108,246.80003714251498,1,0,,0,0
06.12.2022 17:30:00.000,246.046,246.116,245.776,246.016,0.8340000000000001,246.73972659309078,1,0,,0,0
06.12.2022 17:35:00.000,246.016,246.117,245.576,245.816,0.852,246.6686707013146,1,0,,0,0
06.12.2022 17:40:00.000,245.817,245.906,245.496,245.687,0.8388,246.59315757044425,1,0,,0,0
06.12.2022 17:45:00.000,245.686,245.766,245.346,245.566,0.8424,246.51414544964086,1,0,,0,0
06.12.2022 17:50:00.000,245.536,245.627,245.326,245.417,0.876,246.42974964582237,1,0,,0,0
06.12.2022 17:55:00.000,245.416,245.566,245.176,245.337,0.9696,246.3456919807591,1,0,,0,0
06.12.2022 18:00:00.000,245.337,245.657,245.196,245.386,1.0752,246.27186952070076,1,0,,0,0
06.12.2022 18:05:00.000,245.407,245.427,244.816,244.816,1.0764,246.15987955756995,1,0,,0,0
06.12.2022 18:10:00.000,244.866,245.087,244.786,245.066,1.0848,246.07573497621843,1,0,,0,0
06.12.2022 18:15:00.000,245.066,245.187,244.946,245.016,0.8568,245.9942169011247,1,0,,0,0
06.12.2022 18:20:00.000,245.016,245.117,244.836,244.857,0.936,245.90673867796127,1,0,,0,0
06.12.2022 18:25:00.000,244.856,245.006,244.716,244.796,0.9336,245.82129724119505,1,0,,0,0
06.12.2022 18:30:00.000,244.796,244.897,244.366,244.576,0.9552,245.72550514571853,1,0,,0,0
06.12.2022 18:35:00.000,244.537,244.947,244.536,244.947,0.6996,245.66562013450942,1,0,,0,0
06.12.2022 18:40:00.000,244.957,245.237,244.896,245.216,0.7931999999999999,245.6310339703164,1,0,,0,0
06.12.2022 18:45:00.000,245.227,245.377,245.076,245.207,0.6588,245.59841597259975,1,0,,0,0
06.12.2022 18:50:00.000,245.206,245.407,245.186,245.246,0.8412000000000001,245.57130705163055,1,0,,0,0
06.12.2022 18:55:00.000,245.246,245.337,245.036,245.256,0.8436,245.5470526630436,1,0,,0,0
06.12.2022 19:00:00.000,245.257,245.317,244.886,244.967,0.9384,245.50243322742486,1,0,,0,0
06.12.2022 19:05:00.000,244.967,245.056,244.676,244.857,0.9144,245.45278451762294,1,0,,0,0
06.12.2022 19:10:00.000,244.836,245.047,244.606,244.996,0.7728,245.4176472470366,1,0,,0,0
06.12.2022 19:15:00.000,244.996,245.137,244.746,244.857,0.6611999999999999,245.3745205357261,1,0,,0,0
06.12.2022 19:20:00.000,244.857,244.887,244.537,244.756,0.9012,245.32694203297797,1,0,,0,0
06.12.2022 19:25:00.000,244.746,244.747,244.387,244.446,0.9888,245.25917726121045,1,0,,0,0
06.12.2022 19:30:00.000,244.417,244.557,244.046,244.147,0.7968000000000001,245.17362516419428,1,0,,0,0
06.12.2022 19:35:00.000,244.146,244.366,243.947,244.327,1.0524,245.10850015156396,1,0,,0,0
06.12.2022 19:40:00.000,244.306,244.486,244.166,244.417,1.0008,245.0553078322129,1,0,,0,0
06.12.2022 19:45:00.000,244.416,244.587,244.316,244.516,0.8388,245.01382261435037,1,0,,0,0
06.12.2022 19:50:00.000,244.517,244.836,244.366,244.727,1.0536,244.99175933632344,1,0,,0,0
06.12.2022 19:55:00.000,244.686,244.757,244.396,244.406,1.0392,244.94670092583704,1,0,,0,0
06.12.2022 20:00:00.000,244.426,245.007,244.356,244.706,1.2132,244.92818547000343,1,0,,0,0
06.12.2022 20:05:00.000,244.696,244.857,244.467,244.486,1.032,244.8941712030801,1,0,,0,0
06.12.2022 20:10:00.000,244.517,244.576,244.166,244.267,1.014,244.84592726438163,1,0,,0,0
06.12.2022 20:15:00.000,244.277,244.376,243.856,243.967,1.2132,244.77831747481383,1,0,,0,0
06.12.2022 20:20:00.000,243.966,244.267,243.746,244.156,1.1832,244.73044689982817,1,0,,0,0
06.12.2022 20:25:00.000,244.146,244.296,244.076,244.247,1.2048,244.6932586767645,1,0,,0,0
06.12.2022 20:30:00.000,244.236,244.867,244.186,244.467,1.3716,244.67585416316723,1,0,,0,0
06.12.2022 20:35:00.000,244.516,244.966,244.386,244.886,1.2624,244.692019227539,0,0,,0,0
06.12.2022 20:40:00.000,244.886,245.447,244.616,245.207,1.4028,244.73163313311292,0,0,,0,0
06.12.2022 20:45:00.000,245.236,245.857,245.196,245.807,1.6103999999999998,244.81435366133502,0,0,,0,0
06.12.2022 20:50:00.000,245.756,245.917,245.426,245.457,1.9236,244.8637879950785,0,1,247.917,0,0
06.12.2022 20:55:00.000,245.446,245.647,244.856,245.056,1.896,244.87857353391863,0,0,,0,0
07.12.2022 15:00:00.000,242.896,243.986,242.156,243.906,2.1576e-06,244.80376018515568,0,2,240.156,0,0
07.12.2022 15:05:00.000,243.897,244.476,243.826,244.196,1.9632e-06,244.75700940168218,0,0,,0,0
07.12.2022 15:10:00.000,244.197,244.316,242.587,243.807,3.0696e-06,244.68393175539896,0,0,,0,0
07.12.2022 15:15:00.000,243.827,244.487,243.556,243.906,2.166e-06,244.6240908511375,0,0,,0,0
07.12.2022 15:20:00.000,243.887,244.277,243.597,243.947,2.3976e-06,244.57200693951157,0,0,,0,0
07.12.2022 15:25:00.000,243.987,244.567,243.267,244.517,2.0628e-06,244.56777563647222,0,0,,0,0
07.12.2022 15:30:00.000,244.516,244.827,243.626,243.707,2.208e-06,244.50156212597437,0,0,,0,0
07.12.2022 15:35:00.000,243.706,243.977,243.416,243.447,2.0412e-06,244.4204419624379,0,0,,0,0
07.12.2022 15:40:00.000,243.426,244.287,243.377,244.197,1.9704e-06,244.40325411917348,0,0,,0,0
07.12.2022 15:45:00.000,244.197,245.017,244.197,244.956,2.1384e-06,244.4457730330832,0,0,,0,0
07.12.2022 15:50:00.000,244.936,245.867,244.846,245.567,2.2692e-06,244.5320212613076,0,0,,0,0
07.12.2022 15:55:00.000,245.557,245.847,245.526,245.617,1.9884e-06,244.61548116428392,0,0,,0,0
07.12.2022 17:00:00.000,244.106,244.326,243.777,243.937,1.944e-06,244.56329030549287,0,0,,0,0
07.12.2022 17:05:00.000,243.936,244.027,243.536,243.996,1.6356e-06,244.51965258968573,0,0,,0,0
07.12.2022 17:10:00.000,243.987,244.417,243.806,244.096,1.7064e-06,244.4870639289407,0,0,,0,0
07.12.2022 17:15:00.000,244.066,244.547,244.066,244.236,1.4328e-06,244.4677513190222,0,0,,0,0
07.12.2022 17:20:00.000,244.226,244.497,244.086,244.187,1.4832e-06,244.4461550637128,0,0,,0,0
07.12.2022 17:25:00.000,244.187,244.346,243.946,244.026,1.5444e-06,244.41383544342725,0,0,,0,0
07.12.2022 17:30:00.000,244.027,244.177,243.766,243.877,1.542e-06,244.37254040931745,0,0,,0,0
07.12.2022 17:35:00.000,243.876,244.236,243.866,244.156,1.6596e-06,244.35588345475458,0,0,,0,0
07.12.2022 17:40:00.000,244.146,244.776,244.106,244.646,1.7436e-06,244.37820011208117,0,0,,0,0
07.12.2022 17:45:00.000,244.646,244.927,244.506,244.687,1.3836e-06,244.40195394961341,0,0,,0,0
07.12.2022 17:50:00.000,244.716,245.007,244.446,244.936,1.488e-06,244.4430344150278,0,0,,0,0
07.12.2022 17:55:00.000,244.936,245.097,244.816,244.997,1.1424e-06,244.48564715233337,0,0,,0,0
07.12.2022 19:00:00.000,244.707,244.747,244.087,244.277,1.4796e-06,244.46959737138465,0,0,,0,0
07.12.2022 19:05:00.000,244.277,244.437,244.157,244.416,1.2096e-06,244.46547449666275,0,0,,0,0
07.12.2022 19:10:00.000,244.416,244.897,244.286,244.806,1.2756e-06,244.49166876615027,0,0,,0,0
07.12.2022 19:15:00.000,244.836,244.987,244.676,244.787,1.1556e-06,244.51438655336952,0,0,,0,0
07.12.2022 19:20:00.000,244.796,244.836,244.226,244.487,1.4892e-06,244.51227989541803,0,0,,0,0
07.12.2022 19:25:00.000,244.506,244.896,244.486,244.746,1.3092e-06,244.5302583650013,0,0,,0,0
07.12.2022 19:30:00.000,244.727,244.966,244.506,244.936,1.266e-06,244.56146926000122,0,0,,0,0
07.12.2022 19:35:00.000,244.936,245.067,244.846,245.036,1.1964e-06,244.59797162461652,0,0,,0,0
07.12.2022 19:40:00.000,245.046,245.187,244.656,244.887,1.3548e-06,244.6202045765691,0,0,,0,0
07.12.2022 19:45:00.000,244.887,244.897,244.626,244.746,1.2084e-06,244.62988114760228,0,0,,0,0
07.12.2022 19:50:00.000,244.746,244.807,244.406,244.456,1.2072e-06,244.61650567470983,0,0,,0,0
07.12.2022 19:55:00.000,244.446,244.497,244.046,244.237,1.35e-06,244.58731293050138,0,0,,0,0
08.12.2022 14:30:00.000,244.867,245.027,243.546,243.827,2.2236,244.52882732046282,0,0,,0,0
08.12.2022 14:35:00.000,243.797,244.457,243.567,244.277,2.6244,244.50945598811956,0,0,,0,0
08.12.2022 14:40:00.000,244.257,244.487,243.626,243.656,2.5536,244.443805527495,0,0,,0,0
08.12.2022 14:45:00.000,243.627,244.097,243.036,243.917,2.718,244.40328202538,0,2,241.036,0,0
08.12.2022 14:50:00.000,243.916,245.027,243.766,244.696,2.4144,244.4257987926585,0,0,,0,0
08.12.2022 14:55:00.000,244.706,245.966,244.666,245.886,2.2884,244.538121962454,0,0,,0,0
08.12.2022 15:00:00.000,245.906,246.267,245.656,246.217,2.3244,244.66726642688062,0,0,,0,0
08.12.2022 15:05:00.000,246.227,247.277,246.147,246.816,2.2896,244.8325536248129,0,0,,0,0
08.12.2022 15:10:00.000,246.786,247.067,246.477,246.856,1.5372000000000003,244.98820334598116,0,0,,0,0
08.12.2022 15:15:00.000,246.857,247.116,246.016,246.016,2.0928,245.06726462705956,0,0,,0,0
08.12.2022 15:20:00.000,246.016,246.217,245.736,245.976,2.0712,245.137167348055,0,0,,0,0
08.12.2022 15:25:00.000,245.967,246.987,245.886,246.607,2.2872,245.25023139820462,0,0,,0,0
08.12.2022 15:30:00.000,246.567,246.667,245.886,246.547,2.5788,245.34998282911195,0,0,,0,0
08.12.2022 15:35:00.000,246.547,246.687,245.976,246.116,2.5200000000000005,245.4089072268726,0,0,,0,0
08.12.2022 15:40:00.000,246.127,246.226,245.736,245.926,2.496,245.44868359403625,0,0,,0,0
08.12.2022 15:45:00.000,245.927,246.247,245.746,246.227,2.28,245.50855408680272,0,0,,0,0
08.12.2022 15:50:00.000,246.227,246.617,246.086,246.597,2.1252,245.5922806955102,0,0,,0,0
08.12.2022 15:55:00.000,246.596,246.926,246.556,246.906,2.1096000000000004,245.69333602662482,0,0,,0,0
08.12.2022 16:00:00.000,246.917,247.176,246.516,246.606,2.2056,245.7635409476537,0,0,,0,0
08.12.2022 16:05:00.000,246.607,246.867,246.256,246.286,2.2536,245.8037301055265,0,0,,0,0
08.12.2022 16:10:00.000,246.286,246.946,246.247,246.897,2.0904,245.8878277897168,0,0,,0,0
08.12.2022 16:15:00.000,246.907,246.957,245.897,246.257,2.1252,245.91622565204628,0,0,,0,0
08.12.2022 16:20:00.000,246.266,246.437,245.817,246.226,2.1708,245.94005444804273,0,0,,0,0
08.12.2022 16:25:00.000,246.227,246.887,246.087,246.867,1.9752,246.01135795203948,0,0,,0,0
08.12.2022 16:30:00.000,246.876,247.077,246.786,247.007,1.842,246.08794580188263,0,0,,0,0
08.12.2022 16:35:00.000,246.996,247.437,246.856,247.396,2.0748,246.18856535558396,0,0,,0,0
08.12.2022 16:40:00.000,247.416,247.497,246.986,247.447,1.7928000000000002,246.28536802053907,0,0,,0,0
08.12.2022 16:45:00.000,247.436,247.596,247.117,247.497,1.8084,246.37857048049761,0,0,,0,0
08.12.2022 16:50:00.000,247.497,247.737,247.387,247.596,1.3716,246.47221890507473,0,0,,0,0
08.12.2022 16:55:00.000,247.606,247.687,247.196,247.266,1.4496,246.53327898929976,0,0,,0,0
08.12.2022 17:00:00.000,247.276,247.527,246.876,247.017,1.8048,246.5704882978152,0,0,,0,0
08.12.2022 17:05:00.000,247.017,247.537,246.966,247.487,1.6344,246.64098919798326,0,0,,0,0
08.12.2022 17:10:00.000,247.507,247.637,247.046,247.177,1.7388,246.6822207981384,0,0,,0,0
08.12.2022 17:15:00.000,247.167,247.387,246.896,247.236,1.6056,246.72481919828158,0,0,,0,0
08.12.2022 17:20:00.000,247.236,247.386,246.936,247.276,1.7004,246.7672177214907,0,0,,0,0
08.12.2022 17:25:00.000,247.287,247.296,246.736,246.907,1.5696,246.77797020445297,2,0,,0,0
08.12.2022 17:30:00.000,246.916,247.227,246.676,247.117,1.8336,246.80404941949507,2,0,,0,0
08.12.2022 17:35:00.000,247.116,247.367,246.906,246.976,1.6452,246.81727638722623,2,0,,0,0
08.12.2022 17:40:00.000,246.976,247.267,246.906,247.076,1.6116,246.83717820359345,2,0,,0,0
08.12.2022 17:45:00.000,247.067,247.327,246.886,247.297,1.7256,246.87254911100936,2,0,,0,0
08.12.2022 17:50:00.000,247.296,247.647,247.286,247.597,1.7772,246.9282761024702,2,0,,0,0
08.12.2022 17:55:00.000,247.576,247.626,247.366,247.517,1.5576,246.97356255612632,2,0,,0,0
08.12.2022 18:00:00.000,247.517,247.627,247.366,247.536,1.5744,247.01682697488584,2,0,,0,0
08.12.2022 18:05:00.000,247.547,247.787,247.366,247.556,1.5912,247.05830182297157,2,0,,0,0
08.12.2022 18:10:00.000,247.557,247.587,247.306,247.427,1.3224,247.08666322120453,2,0,,0,0
08.12.2022 18:15:00.000,247.447,247.726,247.317,247.577,1.5804,247.12438143495805,2,0,,0,0
08.12.2022 18:20:00.000,247.587,247.676,247.217,247.666,1.434,247.16604440149973,2,0,,0,0
08.12.2022 18:25:00.000,247.646,248.047,247.577,248.017,1.5012,247.23150252446132,2,0,,0,0
08.12.2022 18:30:00.000,248.026,248.367,248.026,248.176,1.7603999999999995,247.30415617642583,2,0,,0,0
08.12.2022 18:35:00.000,248.176,248.287,248.026,248.257,1.5324,247.37745185516232,2,0,,0,0
08.12.2022 18:40:00.000,248.267,248.637,248.256,248.526,1.722,247.46580171245753,2,0,,0,0
08.12.2022 18:45:00.000,248.516,248.716,248.486,248.616,1.5048,247.55427850380698,2,1,250.716,0,0
08.12.2022 18:50:00.000,248.606,248.607,247.996,248.037,1.4664,247.5914109265911,2,0,,0,0
08.12.2022 18:55:00.000,248.026,248.267,247.926,248.146,1.4135999999999995,247.63407162454564,2,0,,0,0
08.12.2022 19:00:00.000,248.146,248.146,246.936,246.966,2.1576,247.58268149958062,0,0,,0,0
08.12.2022 19:05:00.000,246.967,246.967,246.077,246.607,2.6172,247.50762907653598,0,0,,0,0
08.12.2022 19:10:00.000,246.596,246.607,246.247,246.476,1.8132,247.42827299372553,0,0,,0,0
08.12.2022 19:15:00.000,246.477,246.577,246.227,246.457,2.0796,247.3535596865159,0,0,,0,0
08.12.2022 19:20:00.000,246.456,246.756,246.376,246.526,1.7795999999999998,247.2899012490916,0,0,,0,0
08.12.2022 19:25:00.000,246.537,246.837,246.246,246.386,1.5924,247.22037038377687,0,0,,0,0
08.12.2022 19:30:00.000,246.357,246.777,246.067,246.617,1.8264,247.1739572773325,0,0,,0,0
08.12.2022 19:35:00.000,246.607,246.956,246.526,246.797,1.806,247.14496056369154,0,0,,0,0
08.12.2022 19:40:00.000,246.796,247.037,246.736,246.756,1.494,247.11504052033067,0,0,,0,0
08.12.2022 19:45:00.000,246.757,247.056,246.746,246.877,1.5336,247.0967297110745,0,0,,0,0
08.12.2022 19:50:00.000,246.876,247.297,246.586,247.246,1.9128,247.10821204099184,0,0,,0,0
08.12.2022 19:55:00.000,247.247,247.276,246.716,246.777,1.5552,247.08273419168478,0,0,,0,0
08.12.2022 20:00:00.000,246.777,246.797,246.287,246.467,1.908,247.03537002309366,0,0,,0,0
08.12.2022 20:05:00.000,246.477,247.047,246.066,247.016,1.8864,247.03388002131723,0,0,,0,0
08.12.2022 20:10:00.000,247.027,247.207,246.797,246.867,1.5672,247.02104309660055,0,0,,0,0
08.12.2022 20:15:00.000,246.867,247.247,246.607,247.216,1.8324,247.03603978147746,0,0,,0,0
08.12.2022 20:20:00.000,247.227,247.647,247.057,247.617,1.6752000000000002,247.08072902905613,0,0,,0,0
08.12.2022 20:25:00.000,247.617,247.837,247.536,247.767,1.416,247.13351910374413,0,0,,0,0
08.12.2022 20:30:00.000,247.777,247.906,247.286,247.417,1.7532,247.15532532653305,0,0,,0,0
08.12.2022 20:35:00.000,247.406,247.657,247.276,247.276,1.6152000000000002,247.16460799372283,0,0,,0,0
08.12.2022 20:40:00.000,247.276,247.347,247.056,247.176,1.3644,247.165484301898,0,0,,0,0
08.12.2022 20:45:00.000,247.176,247.176,246.396,246.656,1.6344,247.12629320175202,0,0,,0,0
08.12.2022 20:50:00.000,246.537,247.227,246.366,247.187,1.7039999999999995,247.13096295546342,0,0,,0,0
08.12.2022 20:55:00.000,247.197,247.517,247.036,247.207,2.0352,247.13681195888933,0,0,,0,0
09.12.2022 15:00:00.000,245.376,246.267,244.116,245.667,2.7372e-06,247.02374950051322,0,2,242.116,0,0
09.12.2022 15:05:00.000,245.666,246.207,245.216,245.536,2.658e-06,246.90930723124296,0,0,,0,0
09.12.2022 15:10:00.000,245.556,245.966,244.467,245.156,2.6988e-06,246.77443744422428,0,0,,0,0
09.12.2022 15:15:00.000,245.146,245.496,244.647,244.977,2.6052e-06,246.6361730254378,0,0,,0,0
09.12.2022 15:20:00.000,244.976,245.357,244.516,244.596,2.6136e-06,246.4792366388657,0,0,,0,0
09.12.2022 15:25:00.000,244.607,245.497,244.586,245.496,2.46e-06,246.40360305126066,0,0,,0,0
09.12.2022 15:30:00.000,245.496,246.737,245.467,246.076,2.3592e-06,246.37840281654832,0,0,,0,0
09.12.2022 15:35:00.000,246.087,246.757,245.776,246.676,2.178e-06,246.40129490758306,0,0,,0,0
09.12.2022 15:40:00.000,246.696,246.697,245.796,246.127,2.1e-06,246.38019529930747,0,0,,0,0
09.12.2022 15:45:00.000,246.126,246.147,245.697,245.907,2.2896e-06,246.34379566089922,0,0,,0,0
09.12.2022 15:50:00.000,245.907,246.727,245.787,246.596,2.1408e-06,246.36319599467623,0,0,,0,0
09.12.2022 15:55:00.000,246.597,247.747,246.536,247.737,1.9668e-06,246.468873225855,0,0,,0,0
09.12.2022 17:00:00.000,247.397,247.557,247.107,247.186,1.6152e-06,246.52403682386614,0,0,,0,0
09.12.2022 17:05:00.000,247.186,247.326,246.846,247.157,1.5576e-06,246.57272629895337,0,0,,0,0
09.12.2022 17:10:00.000,247.156,247.577,247.146,247.467,1.5096e-06,246.64151658364926,0,0,,0,0
09.12.2022 17:15:00.000,247.456,247.567,247.176,247.447,1.3536e-06,246.70347684644548,0,0,,0,0
09.12.2022 17:20:00.000,247.466,247.477,246.876,247.136,1.3212e-06,246.73674785825736,0,0,,0,0
09.12.2022 17:25:00.000,247.146,247.437,247.056,247.226,1.4496e-06,246.77438263839144,0,0,,0,0
09.12.2022 17:30:00.000,247.226,247.607,247.146,247.516,1.362e-06,246.83143012774596,0,0,,0,0
09.12.2022 17:35:00.000,247.507,247.777,247.506,247.626,1.2348e-06,246.89255088715012,0,0,,0,0
09.12.2022 17:40:00.000,247.666,247.806,247.277,247.656,1.2096e-06,246.95127774198474,0,0,,0,0
09.12.2022 17:45:00.000,247.656,247.897,247.426,247.497,1.2552e-06,246.9932563772167,0,0,,0,0
09.12.2022 17:50:00.000,247.486,247.547,247.316,247.366,1.1808e-06,247.02192896358468,0,0,,0,0
09.12.2022 17:55:00.000,247.367,247.526,247.297,247.377,1.3668e-06,247.04924212023204,0,0,,0,0
09.12.2022 19:00:00.000,246.926,246.997,246.427,246.506,1.1748e-06,247.00745426482956,0,0,,0,0
09.12.2022 19:05:00.000,246.517,246.576,246.166,246.526,1.272e-06,246.97041932138114,0,0,,0,0
09.12.2022 19:10:00.000,246.517,246.726,246.206,246.716,1.1136e-06,246.95084860435185,0,0,,0,0
09.12.2022 19:15:00.000,246.716,246.977,246.616,246.836,9.011999999999922e-07,246.9420140963248,0,0,,0,0
09.12.2022 19:20:00.000,246.846,246.977,246.656,246.856,1.1688e-06,246.93539762737674,0,0,,0,0
09.12.2022 19:25:00.000,246.876,247.046,246.826,246.937,1.1268e-06,246.93552088680931,0,0,,0,0
09.12.2022 19:30:00.000,246.957,247.037,246.696,246.976,1.2504e-06,246.93863466474707,0,0,,0,0
09.12.2022 19:35:00.000,246.977,247.166,246.966,247.047,1.0523999999e-06,246.94697045976653,0,0,,0,0
09.12.2022 19:40:00.000,247.057,247.097,246.746,246.887,1.1724e-06,246.94235734747681,0,0,,0,0
09.12.2022 19:45:00.000,246.897,247.056,246.776,246.907,1.3608e-06,246.93963755151708,0,0,,0,0
09.12.2022 19:50:00.000,246.896,246.957,246.656,246.946,1.4952e-06,246.94012697063116,0,0,,0,0
09.12.2022 19:55:00.000,246.937,247.057,246.796,246.867,1.4712e-06,246.93450181904416,0,0,,0,0
12.12.2022 14:30:00.000,247.596,249.187,247.086,248.936,1.8624,247.08846321757923,0,0,,0,0
12.12.2022 14:35:00.000,248.936,249.687,248.626,248.766,2.4479999999999995,247.2175045085347,0,0,,0,0
12.12.2022 14:40:00.000,248.737,249.347,248.536,249.276,2.1144,247.3758503155705,0,0,,0,0
12.12.2022 14:45:00.000,249.267,251.667,249.226,251.667,2.4720000000000004,247.70593875283433,0,0,,0,0
12.12.2022 14:50:00.000,251.667,252.126,251.196,251.206,2.0904,247.97517423338553,0,1,254.126,0,0
12.12.2022 14:55:00.000,251.217,251.867,251.047,251.126,2.1528,248.21754544620202,0,0,,0,0
12.12.2022 15:00:00.000,251.196,251.276,250.456,250.717,1.6008000000000002,248.40981118110957,0,0,,0,0
12.12.2022 15:05:00.000,250.716,250.757,250.136,250.337,1.5264,248.5580564748704,0,0,,0,0
12.12.2022 15:10:00.000,250.336,250.936,250.166,250.866,1.4472,248.7355905921881,0,0,,0,0
12.12.2022 15:15:00.000,250.886,250.917,250.406,250.536,1.3176,248.87408362355825,0,0,,0,0
12.12.2022 15:20:00.000,250.556,250.907,250.346,250.696,1.2228,249.0142310371307,0,0,,0,0
12.12.2022 15:25:00.000,250.707,250.977,250.266,250.736,1.3452,249.14667480350528,0,0,,0,0
12.12.2022 15:30:00.000,250.767,250.767,249.786,249.866,1.3008,249.20200751092796,0,0,,0,0
12.12.2022 15:35:00.000,249.876,249.976,249.317,249.567,1.2252,249.2300838562412,0,0,,0,0
12.12.2022 15:40:00.000,249.567,249.766,249.217,249.547,1.1928,249.25446202114574,0,0,,0,0
12.12.2022 15:45:00.000,249.546,249.777,248.837,249.046,1.1676000000000002,249.23842648105762,0,0,,0,0
12.12.2022 15:50:00.000,249.046,249.217,248.757,249.167,1.194,249.2329321363609,0,0,,0,0
12.12.2022 15:55:00.000,249.146,249.816,249.137,249.737,1.1376,249.27170658741005,0,0,,0,0
12.12.2022 16:00:00.000,249.746,250.647,249.716,250.516,1.386,249.36742146530162,0,0,,0,0
12.12.2022 16:05:00.000,250.517,250.897,250.376,250.726,1.506,249.47192750643225,0,0,,0,0
12.12.2022 16:10:00.000,250.716,250.726,250.427,250.526,1.2131999999999998,249.5530100059375,0,0,,0,0
12.12.2022 16:15:00.000,250.577,250.636,250.326,250.527,1.0488,249.6279323131731,0,0,,0,0
12.12.2022 16:20:00.000,250.517,250.737,250.397,250.646,0.9552,249.70624521215979,0,0,,0,0
12.12.2022 16:25:00.000,250.647,250.797,250.276,250.337,1.1628,249.75476481122442,0,0,,0,0
12.12.2022 16:30:00.000,250.347,250.367,249.627,249.716,1.0379999999999998,249.7517829026687,0,0,,0,0
12.12.2022 16:35:00.000,249.696,249.887,249.587,249.816,1.0212,249.7567226793865,0,0,,0,0
12.12.2022 16:40:00.000,249.797,250.226,249.677,250.197,1.2372,249.79059016558756,0,0,,0,0
12.12.2022 16:45:00.000,250.176,250.567,250.176,250.426,1.152,249.83946784515777,0,0,,0,0
12.12.2022 16:50:00.000,250.427,250.507,250.236,250.247,0.8832,249.87081647245333,0,0,,0,0
12.12.2022 16:55:00.000,250.257,250.447,250.196,250.327,0.792,249.90590751303384,0,0,,0,0
12.12.2022 17:00:00.000,250.336,250.386,249.907,250.186,1.1892,249.92745308895434,0,0,,0,0
12.12.2022 17:05:00.000,250.207,250.207,249.716,249.857,0.8052,249.92203362057325,0,0,,0,0
12.12.2022 17:10:00.000,249.867,249.907,249.686,249.807,0.7859999999999999,249.91318488052917,0,0,,0,0
12.12.2022 17:15:00.000,249.817,250.266,249.746,250.256,0.7896000000000001,249.93955527433462,0,0,,0,0
12.12.2022 17:20:00.000,250.266,250.297,249.847,249.997,0.7824,249.94397409938583,0,0,,0,0
12.12.2022 17:25:00.000,249.997,250.016,249.706,249.876,0.7332,249.93874532251002,0,0,,0,0
12.12.2022 17:30:00.000,249.867,250.257,249.686,250.227,0.8784000000000001,249.96091875924003,0,0,,0,0
12.12.2022 17:35:00.000,250.226,250.297,250.006,250.016,1.0476,249.96515577776003,0,0,,0,0
12.12.2022 17:40:00.000,250.017,250.346,250.016,250.297,0.894,249.99068225639388,0,0,,0,0
12.12.2022 17:45:00.000,250.287,250.407,250.226,250.237,0.6023999999999999,250.00962977513282,0,0,,0,0
12.12.2022 17:50:00.000,250.196,250.336,250.116,250.237,0.8496,250.0271197924303,0,0,,0,0
12.12.2022 17:55:00.000,250.246,250.337,250.126,250.227,0.6684,250.0424951930126,0,0,,0,0
12.12.2022 18:00:00.000,250.227,250.867,250.006,250.106,1.416,250.0473801781655,0,1,252.867,0,0
12.12.2022 18:05:00.000,250.117,250.287,249.937,250.077,0.966,250.04965862599892,0,0,,0,0
12.12.2022 18:10:00.000,250.097,250.117,249.757,249.846,1.1052,250.03399257784517,0,0,,0,0
12.12.2022 18:15:00.000,249.846,250.017,249.697,249.796,1.0236,250.01568545647248,0,0,,0,0
12.12.2022 18:20:00.000,249.807,250.067,249.767,249.847,1.0296,250.00270965212846,0,0,,0,0
12.12.2022 18:25:00.000,249.856,250.257,249.816,250.216,0.8496,250.01911660196475,0,0,,0,0
12.12.2022 18:30:00.000,250.197,250.487,250.116,250.316,1.2456,250.04195378642902,0,0,,0,0
12.12.2022 18:35:00.000,250.327,250.477,250.166,250.226,0.9552,250.05611118747296,0,0,,0,0
12.12.2022 18:40:00.000,250.227,250.397,250.186,250.266,0.7512,250.0722564807443,0,0,,0,0
12.12.2022 18:45:00.000,250.267,250.367,250.086,250.347,0.96,250.09339059761015,0,0,,0,0
12.12.2022 18:50:00.000,250.346,250.656,250.336,250.396,0.7908000000000001,250.11666824394783,0,0,,0,0
12.12.2022 18:55:00.000,250.366,250.396,250.236,250.337,0.7212000000000001,250.13361684056724,0,0,,0,0
12.12.2022 19:00:00.000,250.346,250.497,250.196,250.417,0.996,250.15541554513902,0,0,,0,0
12.12.2022 19:05:00.000,250.416,250.437,250.067,250.186,0.7884,250.15776819551297,0,0,,0,0
12.12.2022 19:10:00.000,250.156,250.306,249.996,250.267,0.726,250.166170642012,0,0,,0,0
12.12.2022 19:15:00.000,250.257,250.287,250.016,250.047,0.6227999999999999,250.15700366954954,0,0,,0,0
12.12.2022 19:20:00.000,250.057,250.177,249.886,250.097,0.6132,250.15238800266113,0,0,,0,0
12.12.2022 19:25:00.000,250.107,250.427,249.966,250.126,0.7272000000000001,250.1503581563026,0,0,,0,0
12.12.2022 19:30:00.000,250.116,250.157,249.716,249.876,0.8795999999999998,250.12925368274085,0,0,,0,0
12.12.2022 19:35:00.000,249.877,250.156,249.816,250.106,0.6876,250.12746493791465,0,0,,0,0
12.12.2022 19:40:00.000,250.107,250.457,250.107,250.366,0.7212000000000001,250.14581378884432,0,0,,0,0
12.12.2022 19:45:00.000,250.366,250.686,250.356,250.516,0.8675999999999999,250.17428965124094,0,0,,0,0
12.12.2022 19:50:00.000,250.517,250.877,250.486,250.846,1.1028,250.22595967806856,0,0,,0,0
12.12.2022 19:55:00.000,250.847,251.136,250.837,250.987,1.2396,250.28450124129407,0,0,,0,0
12.12.2022 20:00:00.000,251.007,251.177,250.946,251.097,1.0284,250.34700114580994,0,0,,0,0
12.12.2022 20:05:00.000,251.106,251.377,251.056,251.176,1.1916,250.41077028843995,0,0,,0,0
12.12.2022 20:10:00.000,251.186,251.416,250.746,250.827,1.35,250.44278795855996,0,0,,0,0
12.12.2022 20:15:00.000,250.827,251.037,250.806,250.906,1.0068,250.47841965405536,0,0,,0,0
12.12.2022 20:20:00.000,250.917,251.467,250.817,251.436,1.3368,250.5520796806665,0,0,,0,0
12.12.2022 20:25:00.000,251.467,251.486,251.166,251.226,1.2540000000000002,250.60391970523062,0,0,,0,0
12.12.2022 20:30:00.000,251.237,251.287,251.046,251.266,1.4244,250.65484895867442,0,0,,0,0
12.12.2022 20:35:00.000,251.267,251.317,251.016,251.307,1.224,250.7050144233918,0,0,,0,0
12.12.2022 20:40:00.000,251.317,251.377,250.836,250.907,1.3944,250.72055177543857,0,0,,0,0
12.12.2022 20:45:00.000,250.906,251.357,250.776,251.346,1.3272000000000002,250.76866317732794,0,0,,0,0
12.12.2022 20:50:00.000,251.346,251.627,251.046,251.576,1.35,250.8307660098412,0,0,,0,0
12.12.2022 20:55:00.000,251.587,252.517,251.537,252.377,2.0928,250.94970708600727,0,0,,0,0
13.12.2022 15:00:00.000,262.247,262.486,261.226,261.417,2.418e-06,251.75488346400672,0,1,264.486,0,0
13.12.2022 15:05:00.000,261.406,261.586,260.086,261.527,3.0492e-06,252.5065847360062,0,0,,0,0
13.12.2022 15:10:00.000,261.517,261.887,260.856,261.226,3.0084e-06,253.17730898708265,0,0,,0,0
13.12.2022 15:15:00.000,261.267,261.417,260.576,260.997,3.132e-06,253.778823680384,0,0,,0,0
13.12.2022 15:20:00.000,260.996,261.067,259.126,259.736,3.0252e-06,254.23706801266218,0,0,,0,0
13.12.2022 15:25:00.000,259.737,259.777,258.796,259.556,3.0696e-06,254.6462166270728,0,0,,0,0
13.12.2022 15:30:00.000,259.547,260.437,259.046,260.427,3.2808e-06,255.09089227114413,0,0,,0,0
13.12.2022 15:35:00.000,260.426,260.436,258.346,258.346,3.5076e-06,255.34128517336381,0,0,,0,0
13.12.2022 15:40:00.000,258.347,259.596,258.347,259.577,3.552e-06,255.66710939079738,0,0,,0,0
13.12.2022 15:45:00.000,259.566,260.156,259.027,259.047,3.1872e-06,255.92710097612067,0,0,,0,0
13.12.2022 15:50:00.000,259.077,260.317,258.836,259.837,2.9892e-06,256.22786243949605,0,0,,0,0
13.12.2022 15:55:00.000,259.837,260.187,259.076,259.907,2.7288e-06,256.5108730210733,0,0,,0,0
13.12.2022 17:00:00.000,257.937,258.136,257.526,257.856,2.3628e-06,256.6143443271446,0,0,,0,0
13.12.2022 17:05:00.000,257.856,258.356,257.336,257.356,1.8e-06,256.6713947635181,0,0,,0,0
13.12.2022 17:10:00.000,257.356,257.356,255.906,256.126,2.2248e-06,256.6294413201706,0,0,,0,0
13.12.2022 17:15:00.000,256.106,256.117,254.226,254.256,2.1996e-06,256.4468689109267,0,0,,0,0
13.12.2022 17:20:00.000,254.276,255.357,254.176,254.917,2.3568e-06,256.32918668700927,0,0,,0,0
13.12.2022 17:25:00.000,254.876,255.057,253.956,254.186,2.2968e-06,256.164326172624,0,0,,0,0
13.12.2022 17:30:00.000,254.187,254.346,253.066,253.536,2.6472e-06,255.96214723626832,0,0,,0,0
13.12.2022 17:35:00.000,253.536,254.917,253.366,254.886,1.938e-06,255.8793666796323,0,0,,0,0
13.12.2022 17:40:00.000,254.897,255.106,254.296,255.037,1.9584e-06,255.81456924273752,0,0,,0,0
13.12.2022 17:45:00.000,255.027,255.306,253.607,253.696,2.0964e-06,255.65160237791156,0,0,,0,0
13.12.2022 17:50:00.000,253.686,254.527,253.686,254.027,2.2092e-06,255.52663296422605,0,0,,0,0
13.12.2022 17:55:00.000,254.026,254.687,253.927,254.596,2.334e-06,255.45504581313176,0,0,,0,0
13.12.2022 19:00:00.000,255.577,255.977,255.317,255.596,1.7676e-06,255.46588844289087,0,0,,0,0
13.12.2022 19:05:00.000,255.577,255.667,255.016,255.187,1.776e-06,255.44443548574543,0,0,,0,0
13.12.2022 19:10:00.000,255.187,255.617,255.016,255.497,1.848e-06,255.4484789099189,0,0,,0,0
13.12.2022 19:15:00.000,255.496,255.767,255.276,255.456,1.7412e-06,255.44905745530977,0,0,,0,0
13.12.2022 19:20:00.000,255.447,255.727,255.136,255.717,1.9176e-06,255.46966842028596,0,0,,0,0
13.12.2022 19:25:00.000,255.676,255.987,255.616,255.927,1.4952e-06,255.50484777257168,0,0,,0,0
13.12.2022 19:30:00.000,255.926,256.156,255.546,256.037,1.5324e-06,255.54578255929695,0,0,,0,0
13.12.2022 19:35:00.000,255.996,256.707,255.946,256.637,1.5516e-06,255.62972236242797,0,0,,0,0
13.12.2022 19:40:00.000,256.666,257.326,256.536,257.276,1.68e-06,255.75635910377966,0,0,,0,0
13.12.2022 19:45:00.000,257.237,257.447,256.867,256.867,1.1268e-06,255.84179301887355,0,0,,0,0
13.12.2022 19:50:00.000,256.857,256.866,255.696,255.707,1.548e-06,255.83142432511406,0,0,,0,0
13.12.2022 19:55:00.000,255.717,256.007,255.636,255.907,1.5336e-06,255.83723783856684,0,0,,0,0
14.12.2022 14:30:00.000,257.126,259.276,257.126,259.247,2.1396,256.0995272356002,0,0,,0,0
14.12.2022 14:35:00.000,259.247,259.467,258.636,259.187,2.0748,256.33702514055403,0,0,,0,0
14.12.2022 14:40:00.000,259.197,259.266,258.567,258.876,2.4528000000000003,256.532330898973,0,0,,0,0
14.12.2022 14:45:00.000,258.886,259.146,258.356,259.026,2.1372,256.724151599052,0,0,,0,0
14.12.2022 14:50:00.000,259.047,260.096,259.026,259.947,2.0724,256.97206301450956,0,0,,0,0
14.12.2022 14:55:00.000,259.947,260.787,259.836,260.526,2.0016,257.24544278262425,0,0,,0,0
14.12.2022 15:00:00.000,260.526,260.757,259.796,260.267,2.1984,257.47787026088395,0,0,,0,0
14.12.2022 15:05:00.000,260.256,260.796,260.216,260.557,1.8696,257.71472639466214,0,0,,0,0
14.12.2022 15:10:00.000,260.557,260.737,260.316,260.386,1.7388,257.92020897968814,0,0,,0,0
14.12.2022 15:15:00.000,260.377,260.687,260.006,260.677,1.5312,258.13226982740446,0,0,,0,0
14.12.2022 15:20:00.000,260.706,260.737,260.346,260.357,1.5275999999999998,258.3034029176041,0,0,,0,0
14.12.2022 15:25:00.000,260.386,260.976,260.346,260.837,1.536,258.4982950008653,0,0,,0,0
14.12.2022 15:30:00.000,260.827,260.847,260.226,260.466,1.7903999999999998,258.6496569238757,0,0,,0,0
14.12.2022 15:35:00.000,260.467,260.547,260.017,260.167,1.5792000000000002,258.7663756220391,0,0,,0,0
14.12.2022 15:40:00.000,260.167,261.096,260.156,260.916,1.6464,258.9317313434207,0,0,,0,0
14.12.2022 15:45:00.000,260.927,261.087,260.636,260.796,1.5984,259.07513662469603,0,0,,0,0
14.12.2022 15:50:00.000,260.797,260.937,260.496,260.856,1.6212,259.212126115104,0,0,,0,0
14.12.2022 15:55:00.000,260.857,260.906,260.406,260.647,1.5504,259.3225010293268,0,0,,0,0
14.12.2022 16:00:00.000,260.656,261.267,260.606,261.167,1.4892,259.46438556553244,0,0,,0,0
14.12.2022 16:05:00.000,261.177,261.187,260.616,260.736,1.4484,259.5622020604915,0,0,,0,0
14.12.2022 16:10:00.000,260.707,260.777,260.497,260.706,1.3763999999999998,259.65018651737677,0,0,,0,0
14.12.2022 16:15:00.000,260.707,261.116,260.466,261.106,1.4316,259.76217216988624,0,0,,0,0
14.12.2022 16:20:00.000,261.097,261.577,260.926,261.456,1.668,259.89246661835654,0,0,,0,0
14.12.2022 16:25:00.000,261.466,261.687,261.116,261.646,1.7795999999999998,260.0273538015599,0,0,,0,0
14.12.2022 16:30:00.000,261.616,261.826,261.346,261.657,1.4759999999999998,260.1527112014399,0,0,,0,0
14.12.2022 16:35:00.000,261.677,262.116,261.496,261.996,1.2828,260.294502647483,0,0,,0,0
14.12.2022 16:40:00.000,261.986,262.357,261.937,262.227,1.2852,260.44315628998436,0,0,,0,0
14.12.2022 16:45:00.000,262.217,262.567,262.106,262.287,1.4484,260.584990421524,0,1,264.567,0,0
14.12.2022 16:50:00.000,262.296,262.527,262.096,262.126,1.1771999999999998,260.70352961986833,0,0,,0,0
14.12.2022 16:55:00.000,262.127,262.217,261.747,261.777,1.3044,260.7861042644939,0,0,,0,0
14.12.2022 17:00:00.000,261.797,261.797,261.206,261.267,1.2456,260.8230962441482,2,0,,0,0
14.12.2022 17:05:00.000,261.286,261.477,261.156,261.256,1.2048,260.85639653305986,2,0,,0,0
14.12.2022 17:10:00.000,261.246,261.296,261.026,261.137,1.2612,260.8779814151322,2,0,,0,0
14.12.2022 17:15:00.000,261.136,261.277,261.056,261.267,1.4292,260.9079059216605,2,0,,0,0
14.12.2022 17:20:00.000,261.246,261.377,261.006,261.237,1.0824,260.9332208507635,2,0,,0,0
14.12.2022 17:25:00.000,261.236,261.307,260.747,261.026,1.4496,260.94035770839713,2,0,,0,0
14.12.2022 17:30:00.000,261.036,261.197,260.626,260.777,1.3944,260.9277917308281,0,0,,0,0
14.12.2022 17:35:00.000,260.777,260.886,260.366,260.886,1.2648,260.9245769823029,0,0,,0,0
14.12.2022 17:40:00.000,260.887,261.197,260.497,261.146,1.1544,260.94160952212576,0,0,,0,0
14.12.2022 17:45:00.000,261.137,261.147,260.846,260.977,1.2084,260.9443318665776,0,0,,0,0
14.12.2022 17:50:00.000,260.987,261.257,260.807,261.206,1.386,260.9644601845332,0,0,,0,0
14.12.2022 17:55:00.000,261.226,261.397,260.807,260.847,0.9864,260.955424785723,0,0,,0,0
14.12.2022 18:00:00.000,260.846,261.577,260.727,261.506,1.2024,260.9977767252828,0,0,,0,0
14.12.2022 18:05:00.000,261.506,261.697,261.447,261.527,1.0644,261.0384862079534,0,0,,0,0
14.12.2022 18:10:00.000,261.526,261.716,260.886,260.947,1.0956,261.0314488073416,0,0,,0,0
14.12.2022 18:15:00.000,260.967,261.036,260.436,260.487,1.2048,260.98956812985375,0,0,,0,0
14.12.2022 18:20:00.000,260.486,260.926,260.447,260.796,1.0824,260.97467827371116,0,0,,0,0
14.12.2022 18:25:00.000,260.796,261.157,260.636,261.066,1.2396,260.98170302188726,0,0,,0,0
14.12.2022 18:30:00.000,261.066,261.377,261.036,261.187,1.3763999999999998,260.9974950971267,0,0,,0,0
14.12.2022 18:35:00.000,261.186,262.057,261.176,262.006,1.2732,261.07507239734775,0,0,,0,0
14.12.2022 18:40:00.000,261.987,262.037,261.576,261.867,1.3752,261.1359899052441,0,0,,0,0
14.12.2022 18:45:00.000,261.837,262.006,261.376,261.427,1.2084,261.15837529714844,0,0,,0,0
14.12.2022 18:50:00.000,261.427,261.467,261.076,261.216,0.9924,261.16280796659856,0,0,,0,0
14.12.2022 18:55:00.000,261.207,261.836,261.186,261.426,1.0596,261.18305350762944,0,0,,0,0
14.12.2022 19:00:00.000,261.427,261.427,256.616,258.457,2.2248,260.97335708396565,0,0,,0,0
14.12.2022 19:05:00.000,258.446,258.946,256.556,257.196,3.2148,260.6827911544299,0,0,,0,0
14.12.2022 19:10:00.000,257.277,258.847,256.667,258.197,3.1823999999999995,260.491576450243,0,0,,0,0
14.12.2022 19:15:00.000,258.196,258.386,257.416,257.886,2.7840000000000003,260.291147492532,0,0,,0,0
14.12.2022 19:20:00.000,257.887,258.197,257.316,257.636,2.3292,260.08690537772185,0,0,,0,0
14.12.2022 19:25:00.000,257.657,258.277,257.266,257.627,2.436,259.8976818871279,0,0,,0,0
14.12.2022 19:30:00.000,257.617,257.946,254.366,254.457,2.7467999999999995,259.47916789581035,0,0,,0,0
14.12.2022 19:35:00.000,254.446,255.916,254.217,255.246,3.2784000000000004,259.15353959613265,0,0,,0,0
14.12.2022 19:40:00.000,255.247,257.517,254.997,256.786,1.8864,258.9714211656609,0,0,,0,0
14.12.2022 19:45:00.000,256.786,256.927,254.996,256.196,1.956,258.75792722984085,0,0,,0,0
14.12.2022 19:50:00.000,256.147,256.827,255.237,256.336,2.1972,258.5716251352377,0,0,,0,0
14.12.2022 19:55:00.000,256.337,257.046,255.837,256.587,2.8404,258.41896166329633,0,0,,0,0
14.12.2022 20:00:00.000,256.586,258.607,256.096,258.476,3.006,258.42334922765815,0,0,,0,0
14.12.2022 20:05:00.000,258.537,258.637,257.516,258.186,2.6448,258.40509159476136,0,0,,0,0
14.12.2022 20:10:00.000,258.127,260.536,258.086,259.656,3.0816,258.50131531824127,0,0,,0,0
14.12.2022 20:15:00.000,259.537,259.787,257.946,259.107,3.0203999999999995,258.5479064476073,0,0,,0,0
14.12.2022 20:20:00.000,259.107,259.376,258.316,258.836,2.6376,258.57006749009906,0,0,,0,0
14.12.2022 20:25:00.000,258.787,259.037,256.666,256.726,2.6171999999999995,258.4282161447068,0,0,,0,0
14.12.2022 20:30:00.000,256.687,256.977,255.697,256.556,2.8656,258.2841995181909,0,0,,0,0
14.12.2022 20:35:00.000,256.586,257.317,255.956,256.636,2.2956000000000003,258.15741493986854,0,0,,0,0
14.12.2022 20:40:00.000,256.687,257.556,256.366,257.547,2.418,258.11045994449404,0,0,,0,0
14.12.2022 20:45:00.000,257.546,257.616,256.496,257.457,2.3772,258.0601937949176,0,0,,0,0
14.12.2022 20:50:00.000,257.427,258.747,257.197,257.987,2.7636,258.0545635030009,0,0,,0,0
14.12.2022 20:55:00.000,258.017,258.017,257.116,257.117,2.3424,257.9824432335393,0,0,,0,0
15.12.2022 15:00:00.000,251.216,251.347,250.186,250.227,2.97e-06,257.3858706771132,0,0,,0,0
15.12.2022 15:05:00.000,250.217,250.887,250.156,250.696,3.5052e-06,256.8712652404122,0,0,,0,0
15.12.2022 15:10:00.000,250.697,250.956,250.476,250.576,3.228e-06,256.3870140680728,0,0,,0,0
15.12.2022 15:15:00.000,250.576,251.557,250.296,251.327,3.3276e-06,255.9977822166826,0,0,,0,0
15.12.2022 15:20:00.000,251.327,251.416,250.796,251.126,3.1776e-06,255.62302973847625,0,0,,0,0
15.12.2022 15:25:00.000,251.126,251.227,250.566,250.566,2.7192e-06,255.23402745090118,0,0,,0,0
15.12.2022 15:30:00.000,250.567,250.737,249.816,250.477,2.5752e-06,254.86810226237031,0,0,,0,0
15.12.2022 15:35:00.000,250.476,250.976,250.407,250.857,2.4984e-06,254.55955593449568,0,0,,0,0
15.12.2022 15:40:00.000,250.856,251.237,250.596,251.217,2.0676e-06,254.30243624722678,0,0,,0,0
15.12.2022 15:45:00.000,251.216,251.316,250.587,250.587,2.0616e-06,254.0166334589786,0,0,,0,0
15.12.2022 15:50:00.000,250.596,250.737,250.206,250.336,2.2116e-06,253.73350780828792,0,0,,0,0
15.12.2022 15:55:00.000,250.326,250.417,249.496,249.776,1.9848e-06,253.42908413072732,0,0,,0,0
15.12.2022 17:00:00.000,248.576,249.007,248.556,248.676,1.9068e-06,253.06346227451755,0,0,,0,0
15.12.2022 17:05:00.000,248.677,248.887,248.436,248.806,1.8096e-06,252.73596517647775,0,0,,0,0
15.12.2022 17:10:00.000,248.787,248.917,248.416,248.876,1.728e-06,252.43904477828718,0,0,,0,0
15.12.2022 17:15:00.000,248.876,249.317,248.696,249.206,1.422e-06,252.19034902611128,0,0,,0,0
15.12.2022 17:20:00.000,249.197,249.227,248.617,248.697,1.7172e-06,251.92162987025657,0,0,,0,0
15.12.2022 17:25:00.000,248.697,249.007,248.686,248.876,1.6776e-06,251.68735064946762,0,0,,0,0
15.12.2022 17:30:00.000,248.877,249.407,248.736,249.346,1.7604e-06,251.50724675335474,0,0,,0,0
15.12.2022 17:35:00.000,249.347,249.447,248.996,249.077,1.4772e-06,251.3203046954044,0,0,,0,0
15.12.2022 17:40:00.000,249.087,249.147,248.666,248.666,1.3584e-06,251.11612741114254,0,0,,0,0
15.12.2022 17:45:00.000,248.676,248.927,248.596,248.907,1.4172e-06,250.94619453336236,0,0,,0,0
15.12.2022 17:50:00.000,248.926,249.177,248.796,248.866,1.2204e-06,250.78617956925757,0,0,,0,0
15.12.2022 17:55:00.000,248.866,248.907,248.156,248.476,1.6416e-06,250.60847344854548,0,0,,0,0
15.12.2022 19:00:00.000,248.086,248.387,247.976,247.997,1.4016e-06,250.40759087558044,0,0,,0,0
15.12.2022 19:05:00.000,247.996,248.307,247.916,247.997,1.2228e-06,250.2221608082281,0,0,,0,0
15.12.2022 19:10:00.000,247.997,248.277,247.966,248.277,1.2108e-06,250.07253305374903,0,0,,0,0
15.12.2022 19:15:00.000,248.256,248.387,248.086,248.257,1.104e-06,249.93287666499913,0,0,,0,0
15.12.2022 19:20:00.000,248.267,248.456,248.147,248.257,1.242e-06,249.80396307538382,0,0,,0,0
15.12.2022 19:25:00.000,248.247,248.377,248.047,248.266,1.3548e-06,249.68565822343123,0,0,,0,0
15.12.2022 19:30:00.000,248.277,248.836,248.236,248.766,1.4988e-06,249.6149152831673,1,0,,0,0
15.12.2022 19:35:00.000,248.767,249.316,248.456,248.957,1.842e-06,249.56430641523139,1,0,,0,0
15.12.2022 19:40:00.000,248.967,249.497,248.917,249.467,1.6896e-06,249.55682130636745,1,0,,0,0
15.12.2022 19:45:00.000,249.487,249.487,248.777,248.937,1.5396e-06,249.50914274433921,1,0,,0,0
15.12.2022 19:50:00.000,248.916,249.457,248.767,249.387,1.4532e-06,249.49974714862083,1,0,,0,0
15.12.2022 19:55:00.000,249.407,249.766,249.256,249.667,1.5264e-06,249.5126127525731,0,0,,0,0
16.12.2022 14:30:00.000,248.437,249.776,248.196,249.336,2.772,249.49902715622133,0,1,251.776,0,0
16.12.2022 14:35:00.000,249.377,249.707,248.576,248.746,3.0048000000000004,249.44110199035816,0,0,,0,0
16.12.2022 14:40:00.000,248.746,249.147,248.247,248.516,1.908,249.36994029879216,0,0,,0,0
16.12.2022 14:45:00.000,248.517,249.266,247.846,249.226,2.6616,249.35886796811585,0,0,,0,0
16.12.2022 14:50:00.000,249.217,249.767,248.776,249.086,2.4228,249.33787812441463,0,0,,0,0
16.12.2022 14:55:00.000,249.087,249.197,248.546,248.556,2.0988,249.27773365330583,0,0,,0,0
16.12.2022 15:00:00.000,248.586,248.586,247.586,247.917,1.9536,249.17306183382078,0,0,,0,0
16.12.2022 15:05:00.000,247.936,248.127,247.166,247.276,2.0952,249.02713400045,0,0,,0,0
16.12.2022 15:10:00.000,247.286,247.627,246.806,246.897,1.926,248.86327753887693,0,0,,0,0
16.12.2022 15:15:00.000,246.887,247.317,246.676,246.926,2.22,248.71425618973257,0,0,,0,0
16.12.2022 15:20:00.000,246.927,247.017,246.006,246.006,1.8384,248.5059287905224,0,0,,0,0
16.12.2022 15:25:00.000,246.017,246.567,245.847,245.887,2.274,248.304472729713,0,0,,0,0
16.12.2022 15:30:00.000,245.917,246.317,245.257,245.296,2.3508,248.07305175050433,0,0,,0,0
16.12.2022 15:35:00.000,245.337,245.767,245.086,245.667,2.2248,247.8879708466194,0,0,,0,0
16.12.2022 15:40:00.000,245.667,246.126,245.447,245.847,2.1936,247.73097308918716,0,0,,0,0
16.12.2022 15:45:00.000,245.846,246.037,244.996,245.066,2.3688,247.5259751592497,0,0,,0,0
16.12.2022 15:50:00.000,245.087,245.457,244.797,245.226,1.8096,247.34905399315357,0,0,,0,0
16.12.2022 15:55:00.000,245.236,245.487,245.046,245.466,2.0784,247.20420368598792,0,0,,0,0
16.12.2022 16:00:00.000,245.477,245.577,244.926,245.057,2.0952,247.03903417168118,0,0,,0,0
16.12.2022 16:05:00.000,245.056,245.347,244.657,244.717,2.0363999999999995,246.86041615847495,0,0,,0,0
16.12.2022 16:10:00.000,244.716,245.336,244.257,245.296,2.3508,246.74007645397688,0,0,,0,0
16.12.2022 16:15:00.000,245.296,245.546,244.876,244.996,2.0208,246.60591672674792,0,0,,0,0
16.12.2022 16:20:00.000,245.007,245.137,244.156,244.167,2.202,246.41830774776733,0,0,,0,0
16.12.2022 16:25:00.000,244.146,244.576,243.996,244.136,1.884,246.2427456133237,0,0,,0,0
16.12.2022 16:30:00.000,244.136,244.756,244.126,244.596,2.136,246.11607287383728,0,0,,0,0
16.12.2022 16:35:00.000,244.616,244.906,244.496,244.707,1.83,246.00768265277287,0,0,,0,0
16.12.2022 16:40:00.000,244.716,244.837,244.336,244.627,1.8492,245.90147629486728,0,0,,0,0
16.12.2022 16:45:00.000,244.636,244.817,243.757,243.827,1.9824,245.7419011952621,0,0,,0,0
16.12.2022 16:50:00.000,243.826,244.306,243.826,244.267,1.7352,245.62844725716502,0,0,,0,0
16.12.2022 16:55:00.000,244.266,244.266,243.576,243.777,1.7124,245.4860282373831,0,0,,0,0
16.12.2022 17:00:00.000,243.777,243.956,243.536,243.806,2.04,245.35679529604596,1,2,241.536,0,0
16.12.2022 17:05:00.000,243.796,243.946,243.616,243.647,1.6404,245.2252725809655,1,0,,0,0
16.12.2022 17:10:00.000,243.627,243.936,243.536,243.757,1.4388,245.11232853627587,1,2,241.536,0,0
16.12.2022 17:15:00.000,243.747,244.137,243.577,244.037,1.5755999999999997,245.02961095656235,1,0,,0,0
16.12.2022 17:20:00.000,244.036,244.146,243.756,244.097,1.6344,244.95787165221142,1,0,,0,0
16.12.2022 17:25:00.000,244.096,244.446,244.056,244.406,1.3536,244.91541998665673,1,0,,0,0
16.12.2022 17:30:00.000,244.447,244.596,244.236,244.566,1.4051999999999998,244.88854152614468,1,0,,0,0
16.12.2022 17:35:00.000,244.556,245.077,244.486,244.646,1.47,244.86988448567203,1,0,,0,0
16.12.2022 17:40:00.000,244.647,244.647,243.957,244.006,1.458,244.80343183292806,1,0,,0,0
16.12.2022 17:45:00.000,244.007,244.117,243.807,243.977,1.1724,244.73986015347205,1,0,,0,0
16.12.2022 17:50:00.000,243.946,244.167,243.787,243.887,1.3764,244.6742555262819,1,0,,0,0
16.12.2022 17:55:00.000,243.887,243.947,243.666,243.857,1.2816,244.61138971656794,1,0,,0,0
16.12.2022 18:00:00.000,243.866,244.117,243.796,244.077,1.2168,244.5702828152935,1,0,,0,0
16.12.2022 18:05:00.000,244.087,244.377,243.936,244.116,1.2588,244.53533798334786,1,0,,0,0
16.12.2022 18:10:00.000,244.117,244.167,243.846,243.977,1.3512,244.49238890770573,1,0,,0,0
16.12.2022 18:15:00.000,243.976,244.487,243.926,244.106,1.3608,244.46266668403607,1,0,,0,0
16.12.2022 18:20:00.000,244.106,244.107,243.867,243.956,1.3308,244.42369232372562,1,0,,0,0
16.12.2022 18:25:00.000,243.957,243.996,243.746,243.756,1.1964,244.37233137574674,1,0,,0,0
16.12.2022 18:30:00.000,243.757,244.237,243.646,244.047,1.3043999999999998,244.3473058853047,1,0,,0,0
16.12.2022 18:35:00.000,244.026,244.407,243.946,243.957,1.3128,244.3172823556659,1,0,,0,0
16.12.2022 18:40:00.000,243.957,244.277,243.946,244.226,1.5108,244.3102606359993,1,0,,0,0
16.12.2022 18:45:00.000,244.236,244.627,244.167,244.526,1.3572,244.32685597169166,0,0,,0,0
16.12.2022 18:50:00.000,244.536,244.567,244.246,244.367,1.3452,244.32994397386923,0,0,,0,0
16.12.2022 18:55:00.000,244.366,244.456,244.066,244.146,1.4784,244.31579443741776,0,0,,0,0
16.12.2022 19:00:00.000,244.147,244.466,244.016,244.317,1.3476,244.31588717300102,0,0,,0,0
16.12.2022 19:05:00.000,244.337,244.576,244.206,244.566,1.2912,244.33512662123172,0,0,,0,0
16.12.2022 19:10:00.000,244.576,244.977,244.536,244.906,1.4472000000000005,244.37903995806005,0,0,,0,0
16.12.2022 19:15:00.000,244.907,245.097,244.586,244.777,1.3044,244.40965226897853,0,0,,0,0
16.12.2022 19:20:00.000,244.786,244.847,244.546,244.637,1.4628,244.4271405559802,0,0,,0,0
16.12.2022 19:25:00.000,244.626,244.696,244.366,244.376,1.3224,244.42320666705865,0,0,,0,0
16.12.2022 19:30:00.000,244.376,244.417,243.766,243.827,1.302,244.37734461574644,0,0,,0,0
16.12.2022 19:35:00.000,243.816,244.227,243.816,244.146,1.3043999999999998,244.35954887607366,0,0,,0,0
16.12.2022 19:40:00.000,244.147,244.316,244.056,244.167,0.9972,244.344737424068,0,0,,0,0
16.12.2022 19:45:00.000,244.176,244.396,244.056,244.377,1.0944,244.34721916067818,0,0,,0,0
16.12.2022 19:50:00.000,244.366,244.686,244.336,244.617,1.3512,244.36797153293372,0,0,,0,0
16.12.2022 19:55:00.000,244.617,245.467,244.546,245.056,1.8924,244.42089679963112,0,0,,0,0
16.12.2022 20:00:00.000,245.067,245.427,244.886,244.977,2.1204,244.4636739688903,0,0,,0,0
16.12.2022 20:05:00.000,244.977,244.977,244.587,244.747,1.7592,244.48546827897567,0,0,,0,0
16.12.2022 20:10:00.000,244.757,245.756,244.677,245.667,1.8756,244.57635533443909,0,0,,0,0
16.12.2022 20:15:00.000,245.657,246.247,245.636,245.707,2.1564,244.66332800102072,0,0,,0,0
16.12.2022 20:20:00.000,245.686,246.247,245.586,246.176,1.7988000000000002,244.7796873855576,0,0,,0,0
16.12.2022 20:25:00.000,246.157,246.627,245.987,246.407,2.0916,244.90486527897625,0,0,,0,0
16.12.2022 20:30:00.000,246.407,247.087,246.407,246.886,2.466,245.05726025751656,0,0,,0,0
16.12.2022 20:35:00.000,246.887,247.337,246.437,246.987,2.0424,245.20570177616915,0,0,,0,0
16.12.2022 20:40:00.000,246.966,247.487,246.667,246.676,2.0808,245.31880163954077,0,1,249.487,0,0
16.12.2022 20:45:00.000,246.677,247.077,246.157,246.286,2.448,245.39320151342227,0,0,,0,0
16.12.2022 20:50:00.000,246.247,246.416,243.576,244.157,2.9436,245.2981090893129,0,0,,0,0
16.12.2022 20:55:00.000,244.177,246.056,244.076,244.436,2.4204,245.23179300551962,0,0,,0,0
19.12.2022 15:00:00.000,241.616,241.637,240.566,240.857,2.6772e-06,244.89527046663352,0,0,,0,0
19.12.2022 15:05:00.000,240.826,240.917,240.276,240.837,2.4216e-06,244.58309581535403,0,2,238.276,0,0
19.12.2022 15:10:00.000,240.836,241.507,240.786,241.447,2.4408e-06,244.34185767571142,0,0,,0,0
19.12.2022 15:15:00.000,241.447,241.957,241.296,241.917,2.1612e-06,244.15533016219518,0,0,,0,0
19.12.2022 15:20:00.000,241.916,242.926,241.846,242.507,2.538e-06,244.02853553433405,0,0,,0,0
19.12.2022 15:25:00.000,242.517,242.847,242.456,242.706,2.496e-06,243.926802031693,0,0,,0,0
19.12.2022 15:30:00.000,242.696,242.897,242.376,242.616,2.4252e-06,243.82597110617817,0,0,,0,0
19.12.2022 15:35:00.000,242.627,242.867,241.927,241.976,2.1468e-06,243.68366563647217,0,0,,0,0
19.12.2022 15:40:00.000,241.976,242.887,241.857,242.587,1.8996e-06,243.59930674135893,0,0,,0,0
19.12.2022 15:45:00.000,242.597,242.677,242.176,242.427,2.1504e-06,243.50912929971594,0,0,,0,0
19.12.2022 15:50:00.000,242.416,242.576,241.876,242.126,2.262e-06,243.40273473819934,0,0,,0,0
19.12.2022 15:55:00.000,242.107,242.166,241.226,241.237,2.16e-06,243.23613975833788,0,0,,0,0
19.12.2022 17:00:00.000,240.817,241.106,240.776,241.026,1.32e-06,243.0661290076965,0,0,,0,0
19.12.2022 17:05:00.000,241.026,241.146,240.906,240.907,1.1568e-06,242.90004216095065,0,0,,0,0
19.12.2022 17:10:00.000,240.937,241.047,240.716,241.047,1.23e-06,242.75750045626216,0,0,,0,0
19.12.2022 17:15:00.000,241.046,241.307,240.936,241.236,9.17999999999992e-07,242.64046195962663,0,0,,0,0
19.12.2022 17:20:00.000,241.237,241.347,240.756,240.797,9.707999999999929e-07,242.49865719350151,0,0,,0,0
19.12.2022 17:25:00.000,240.836,240.907,240.607,240.607,1.0007999999e-06,242.35314510169374,0,0,,0,0
19.12.2022 17:30:00.000,240.607,240.727,240.417,240.667,9.26399999999992e-07,242.2234416323327,0,0,,0,0
19.12.2022 17:35:00.000,240.667,241.186,240.626,240.796,1.0175999999e-06,242.1136384298456,0,0,,0,0
19.12.2022 17:40:00.000,240.797,240.977,240.746,240.926,1.0247999999e-06,242.02228162754977,0,0,,0,0
19.12.2022 17:45:00.000,240.927,241.237,240.736,241.177,1.1964e-06,241.9572599638921,0,0,,0,0
19.12.2022 17:50:00.000,241.176,241.196,240.667,240.677,1.0127999999e-06,241.8587784282081,0,0,,0,0
19.12.2022 17:55:00.000,240.676,240.817,240.436,240.666,1.0043999999e-06,241.76702624142288,0,0,,0,0
19.12.2022 19:00:00.000,239.397,239.467,238.716,238.796,1.404e-06,241.53848576131344,0,0,,0,0
19.12.2022 19:05:00.000,238.817,239.257,238.756,239.227,1.2996e-06,241.36067916428934,0,0,,0,0
19.12.2022 19:10:00.000,239.266,239.317,239.077,239.157,1.0668e-06,241.19116538242096,0,0,,0,0
19.12.2022 19:15:00.000,239.166,239.306,238.896,238.906,9.611999999999922e-07,241.01538342992706,0,0,,0,0
19.12.2022 19:20:00.000,238.907,239.407,238.846,239.037,1.6464e-06,240.86320008916346,0,0,,0,0
19.12.2022 19:25:00.000,239.036,239.207,238.946,238.977,1.3536e-06,240.71810777461243,1,0,,0,0
19.12.2022 19:30:00.000,238.976,239.356,238.956,239.306,1.8e-06,240.60948409964226,1,0,,0,0
19.12.2022 19:35:00.000,239.297,239.446,239.076,239.387,1.6488e-06,240.51544686120826,1,0,,0,0
19.12.2022 19:40:00.000,239.386,239.406,239.106,239.406,1.6008e-06,240.4301047949615,1,0,,0,0
19.12.2022 19:45:00.000,239.416,239.876,239.397,239.476,2.0916e-06,240.356712118426,1,0,,0,0
19.12.2022 19:50:00.000,239.456,239.486,238.956,239.186,1.764e-06,240.26665734008554,1,0,,0,0
19.12.2022 19:55:00.000,239.187,239.516,239.106,239.357,1.62e-06,240.19668369854054,1,0,,0,0
20.12.2022 14:30:00.000,239.036,240.577,238.996,240.247,2.3124,240.2005541832682,0,0,,0,0
20.12.2022 14:35:00.000,240.246,240.467,239.536,239.807,3.3168,240.17028078455527,0,0,,0,0
20.12.2022 14:40:00.000,239.807,239.937,238.746,238.787,2.9904,240.06387457035873,0,0,,0,0
20.12.2022 14:45:00.000,238.816,238.986,238.406,238.926,2.9532,239.97634575725425,0,2,236.406,0,0
20.12.2022 14:50:00.000,238.936,239.547,238.546,239.006,2.9639999999999995,239.90170377592702,0,0,,0,0
20.12.2022 14:55:00.000,239.026,240.837,238.906,240.557,3.2172,239.95211117777882,0,0,,0,0
20.12.2022 15:00:00.000,240.607,241.236,240.546,240.907,2.844,240.02556416410354,0,0,,0,0
20.12.2022 15:05:00.000,240.917,241.507,240.267,240.287,2.6064,240.04567461301866,0,0,,0,0
20.12.2022 15:10:00.000,240.286,240.647,239.996,240.277,2.532,240.06346887355568,0,0,,0,0
20.12.2022 15:15:00.000,240.276,240.476,239.956,240.406,2.6652,240.0898174217437,0,0,,0,0
20.12.2022 15:20:00.000,240.417,241.437,240.276,241.357,2.8416,240.1872930046865,0,0,,0,0
20.12.2022 15:25:00.000,241.346,241.636,241.116,241.517,2.4504,240.28957815817216,0,0,,0,0
20.12.2022 15:30:00.000,241.527,242.486,241.527,241.956,2.8404000000000003,240.4177644536974,0,1,244.486,0,0
20.12.2022 15:35:00.000,241.937,242.206,241.797,241.836,2.3772,240.52685949572071,0,0,,0,0
20.12.2022 15:40:00.000,241.837,241.937,241.387,241.757,2.7551999999999994,240.6214856883576,0,0,,0,0
20.12.2022 15:45:00.000,241.736,242.147,241.387,241.997,2.628,240.72729448156088,0,0,,0,0
20.12.2022 15:50:00.000,241.997,242.097,241.606,241.886,2.448,240.81642567528698,0,0,,0,0
20.12.2022 15:55:00.000,241.886,241.986,241.066,241.146,2.8284,240.84177754641877,0,0,,0,0
20.12.2022 16:00:00.000,241.146,241.637,240.827,241.546,2.7048,240.89594850438658,0,0,,0,0
20.12.2022 16:05:00.000,241.577,241.727,241.266,241.356,2.4288000000000003,240.93133708097224,0,0,,0,0
20.12.2022 16:10:00.000,241.357,241.647,240.897,241.237,2.5632000000000006,240.95484961320517,0,0,,0,0
20.12.2022 16:15:00.000,241.227,241.337,239.947,240.186,2.7888,240.89570733526634,0,0,,0,0
20.12.2022 16:20:00.000,240.196,240.306,239.746,239.916,2.2968,240.82034523255354,0,0,,0,0
20.12.2022 16:25:00.000,239.917,240.036,239.247,239.577,2.4372000000000003,240.7247032915879,0,0,,0,0
20.12.2022 16:30:00.000,239.566,239.947,239.466,239.856,2.2512,240.65787996146577,0,0,,0,0
20.12.2022 16:35:00.000,239.856,239.967,239.546,239.836,2.154,240.59465842596842,0,0,,0,0
20.12.2022 16:40:00.000,239.836,240.267,239.626,240.217,2.76,240.56560777781704,0,0,,0,0
20.12.2022 16:45:00.000,240.246,240.597,239.976,240.597,2.61,240.56802256413883,0,0,,0,0
20.12.2022 16:50:00.000,240.637,240.737,240.297,240.666,2.2848,240.57555928997434,0,0,,0,0
20.12.2022 16:55:00.000,240.667,241.197,240.457,241.147,2.382,240.61951626766864,0,0,,0,0
20.12.2022 17:00:00.000,241.157,241.476,241.116,241.197,2.4564,240.66393809323262,0,0,,0,0
20.12.2022 17:05:00.000,241.206,241.947,241.096,241.746,2.2380000000000004,240.74717362452245,0,0,,0,0
20.12.2022 17:10:00.000,241.756,242.117,241.496,241.727,2.2344,240.8225448841746,0,0,,0,0
20.12.2022 17:15:00.000,241.746,241.826,241.497,241.586,1.9248,240.88127220077655,0,0,,0,0
20.12.2022 17:20:00.000,241.587,242.097,241.556,242.056,1.8552,240.9716358776399,0,0,,0,0
20.12.2022 17:25:00.000,242.066,242.197,241.686,241.697,2.1792,241.02743311782146,0,0,,0,0
20.12.2022 17:30:00.000,241.696,241.796,240.996,241.047,2.3088,241.02893826260444,0,0,,0,0
20.12.2022 17:35:00.000,241.036,241.126,240.896,241.017,1.9296,241.0280199347118,0,0,,0,0
20.12.2022 17:40:00.000,241.027,241.597,240.997,241.246,1.932,241.04478763204168,0,0,,0,0
20.12.2022 17:45:00.000,241.266,241.677,241.186,241.556,1.8804,241.0841116603462,0,0,,0,0
20.12.2022 17:50:00.000,241.557,241.627,241.436,241.577,1.7315999999999998,241.12202614801188,0,0,,0,0
20.12.2022 17:55:00.000,241.566,241.946,241.466,241.896,1.842,241.18156259816482,0,0,,0,0
20.12.2022 18:00:00.000,241.907,242.057,241.756,241.756,1.8444,241.22575009061367,0,0,,0,0
20.12.2022 18:05:00.000,241.757,241.827,241.376,241.536,1.656,241.24961546825878,0,0,,0,0
20.12.2022 18:10:00.000,241.536,241.567,241.106,241.346,1.776,241.25702966300813,0,0,,0,0
20.12.2022 18:15:00.000,241.346,241.857,241.317,241.376,1.6668,241.26618122739214,0,0,,0,0
20.12.2022 18:20:00.000,241.426,241.837,241.186,241.757,1.8324,241.30393651759275,0,0,,0,0
20.12.2022 18:25:00.000,241.757,242.337,241.757,242.167,1.8132,241.3703260162395,0,0,,0,0
20.12.2022 18:30:00.000,242.186,242.546,242.146,242.447,1.8024,241.4531470919134,0,0,,0,0
20.12.2022 18:35:00.000,242.436,242.797,242.266,242.656,1.8828,241.54567423868932,0,0,,0,0
20.12.2022 18:40:00.000,242.647,242.847,242.327,242.677,1.8612,241.6326992972517,0,0,,0,0
20.12.2022 18:45:00.000,242.676,242.896,242.496,242.526,1.6991999999999998,241.70141473592463,0,1,244.896,0,0
20.12.2022 18:50:00.000,242.526,242.587,242.286,242.347,1.56,241.75107514085352,0,0,,0,0
20.12.2022 18:55:00.000,242.357,242.457,242.006,242.066,1.5588,241.77530013001865,0,0,,0,0
20.12.2022 19:00:00.000,242.077,242.517,241.916,242.366,1.8756,241.8207385815557,0,0,,0,0
20.12.2022 19:05:00.000,242.357,242.727,242.196,242.597,1.8408,241.88045099835912,0,0,,0,0
20.12.2022 19:10:00.000,242.597,242.797,242.556,242.636,1.6524,241.9385701523315,0,0,,0,0
20.12.2022 19:15:00.000,242.656,242.737,242.246,242.316,1.7879999999999998,241.96760321753678,0,0,,0,0
20.12.2022 19:20:00.000,242.326,242.367,241.816,241.816,1.6092,241.95594143157243,0,0,,0,0
20.12.2022 19:25:00.000,241.857,242.096,241.796,241.976,1.7867999999999995,241.95748439837456,0,0,,0,0
20.12.2022 19:30:00.000,241.986,242.277,241.856,242.217,1.746,241.97744713696116,0,0,,0,0
20.12.2022 19:35:00.000,242.226,242.237,241.656,241.956,1.9668,241.97579735719492,0,0,,0,0
20.12.2022 19:40:00.000,241.956,242.117,241.467,241.757,2.0304,241.95896679125687,0,0,,0,0
20.12.2022 19:45:00.000,241.767,241.947,241.606,241.727,1.6212,241.94112319192945,0,0,,0,0
20.12.2022 19:50:00.000,241.717,241.877,241.437,241.856,2.0532000000000004,241.93457525408874,0,0,,0,0
20.12.2022 19:55:00.000,241.857,241.946,241.536,241.656,1.7544,241.9131463883896,0,0,,0,0
20.12.2022 20:00:00.000,241.657,241.707,241.336,241.496,2.3364000000000003,241.88105820466734,0,0,,0,0
20.12.2022 20:05:00.000,241.496,241.686,241.316,241.587,2.1348000000000003,241.8584383427699,0,2,239.316,0,0
20.12.2022 20:10:00.000,241.586,241.806,241.426,241.786,1.8276,241.85286616255684,0,0,,0,0
20.12.2022 20:15:00.000,241.786,241.987,241.566,241.616,1.8996,241.834645688514,0,0,,0,0
20.12.2022 20:20:00.000,241.607,241.907,241.506,241.757,1.7508,241.8286729432437,0,0,,0,0
20.12.2022 20:25:00.000,241.757,242.357,241.756,242.176,1.656,241.85539040914804,0,0,,0,0
20.12.2022 20:30:00.000,242.186,242.267,241.856,242.097,1.8492,241.8739757622905,0,0,,0,0
20.12.2022 20:35:00.000,242.096,242.667,242.076,242.606,1.7532,241.9302853190374,0,0,,0,0
20.12.2022 20:40:00.000,242.606,242.606,242.146,242.356,1.7832,241.9630326021884,0,0,,0,0
20.12.2022 20:45:00.000,242.346,242.536,242.196,242.487,1.866,242.00333778663546,0,0,,0,0
20.12.2022 20:50:00.000,242.487,242.517,242.156,242.296,2.3124,242.02585026458658,0,0,,0,0
20.12.2022 20:55:00.000,242.317,242.326,241.656,241.836,2.0916,242.01124639807995,0,0,,0,0
21.12.2022 15:00:00.000,242.097,243.047,241.836,242.247,1.6812e-06,242.02938129053535,0,0,,0,0
21.12.2022 15:05:00.000,242.247,243.257,242.236,243.257,1.5216e-06,242.1238134989557,0,0,,0,0
21.12.2022 15:10:00.000,243.266,243.666,243.156,243.286,1.896e-06,242.2132124605745,0,0,,0,0
21.12.2022 15:15:00.000,243.266,243.397,242.786,242.916,1.4376e-06,242.2672730405303,0,0,,0,0
21.12.2022 15:20:00.000,242.907,243.207,242.487,242.977,1.7016e-06,242.321867422028,0,0,,0,0
21.12.2022 15:25:00.000,242.967,243.147,242.776,243.126,2.3616e-06,242.38372377417969,0,0,,0,0
21.12.2022 15:30:00.000,243.146,243.777,242.876,243.726,2.6316e-06,242.4869757915505,0,0,,0,0
21.12.2022 15:35:00.000,243.736,244.247,243.546,244.247,2.1156e-06,242.62236226912356,0,0,,0,0
21.12.2022 15:40:00.000,244.246,244.496,244.006,244.157,2.2752e-06,242.74041132534484,0,0,,0,0
21.12.2022 15:45:00.000,244.167,244.327,243.736,243.907,1.7472e-06,242.83014891570295,0,0,,0,0
21.12.2022 15:50:00.000,243.887,244.046,243.746,243.976,2.2296e-06,242.91829130680276,0,0,,0,0
21.12.2022 15:55:00.000,243.957,244.467,243.957,244.366,2.0796e-06,243.0296535139718,0,0,,0,0
21.12.2022 17:00:00.000,243.666,243.707,243.456,243.597,2.0148e-06,243.0732955513586,0,0,,0,0
21.12.2022 17:05:00.000,243.607,243.977,243.546,243.647,1.968e-06,243.11742666279255,0,0,,0,0
21.12.2022 17:10:00.000,243.647,243.947,243.516,243.907,2.2368e-06,243.178163073347,0,0,,0,0
21.12.2022 17:15:00.000,243.916,244.087,243.647,243.997,1.9884e-06,243.2411505292434,0,0,,0,0
21.12.2022 17:20:00.000,243.997,244.447,243.916,244.366,1.7952e-06,243.32767741160933,0,0,,0,0
21.12.2022 17:25:00.000,244.367,244.397,244.026,244.216,2.0796e-06,243.39600991840862,0,0,,0,0
21.12.2022 17:30:00.000,244.226,244.767,244.216,244.576,2.0064e-06,243.48677838622336,0,0,,0,0
21.12.2022 17:35:00.000,244.557,244.777,244.446,244.726,1.8984e-06,243.58210312574465,0,0,,0,0
21.12.2022 17:40:00.000,244.736,244.807,244.536,244.767,1.3548e-06,243.6732490391489,0,0,,0,0
21.12.2022 17:45:00.000,244.766,244.807,244.546,244.706,1.4856e-06,243.75269142075285,0,0,,0,0
21.12.2022 17:50:00.000,244.707,244.857,244.626,244.767,1.4496e-06,243.83071515761804,0,0,,0,0
21.12.2022 17:55:00.000,244.777,245.166,244.686,245.067,1.5348e-06,243.92581399164746,0,0,,0,0
21.12.2022 18:00:00.000,245.056,245.557,244.806,245.547,1.7988e-06,244.0505206076746,0,0,,0,0
21.12.2022 18:05:00.000,245.537,245.596,245.336,245.486,1.5504e-06,244.16094209939195,0,1,247.596,0,0
21.12.2022 18:10:00.000,245.506,245.566,245.166,245.346,1.5984e-06,244.25210039943872,0,0,,0,0
21.12.2022 18:15:00.000,245.347,245.427,245.016,245.136,1.5792e-06,244.32009267640498,0,0,,0,0
21.12.2022 18:20:00.000,245.147,245.206,244.626,244.756,1.6176e-06,244.35362400898924,0,0,,0,0
21.12.2022 18:25:00.000,244.757,245.017,244.646,244.657,1.6932e-06,244.37696062368238,0,0,,0,0
21.12.2022 18:30:00.000,244.666,244.907,244.536,244.756,1.4196e-06,244.40611749878377,2,0,,0,0
21.12.2022 18:35:00.000,244.777,244.867,244.507,244.627,1.452e-06,244.42310846041582,2,0,,0,0
21.12.2022 18:40:00.000,244.627,244.757,244.396,244.736,1.6236e-06,244.44717704038385,2,0,,0,0
21.12.2022 18:45:00.000,244.727,245.087,244.727,245.077,1.6512e-06,244.49562496035435,2,0,,0,0
21.12.2022 18:50:00.000,245.076,245.116,244.636,244.897,1.482e-06,244.526499963404,2,0,,0,0
21.12.2022 18:55:00.000,244.896,244.946,244.686,244.767,1.1496e-06,244.5449999662191,2,0,,0,0
22.12.2022 14:30:00.000,241.086,241.777,240.306,240.387,2.3304,244.2251538149715,0,0,,0,0
22.12.2022 14:35:00.000,240.367,240.467,239.526,239.557,2.766,243.8660650599737,0,0,,0,0
22.12.2022 14:40:00.000,239.566,239.717,239.136,239.576,2.8212,243.53606005536034,0,0,,0,0
22.12.2022 14:45:00.000,239.577,239.647,239.027,239.216,2.7468000000000004,243.20374774340956,0,0,,0,0
22.12.2022 14:50:00.000,239.216,239.547,239.076,239.096,1.9644,242.88776714776267,0,0,,0,0
22.12.2022 14:55:00.000,239.096,239.497,238.926,239.417,1.4772,242.62078505947323,0,0,,0,0
22.12.2022 15:00:00.000,239.416,239.416,238.077,238.086,1.7796,242.27195543951376,0,0,,0,0
22.12.2022 15:05:00.000,238.086,238.197,237.526,237.636,2.1096,241.9153434826281,0,0,,0,0
22.12.2022 15:10:00.000,237.637,237.717,237.006,237.446,1.8804,241.57154783011825,0,0,,0,0
22.12.2022 15:15:00.000,237.456,237.617,237.046,237.397,1.5551999999999997,241.250428766263,0,0,,0,0
22.12.2022 15:20:00.000,237.407,237.476,236.876,236.877,1.59,240.9140111688582,0,0,,0,0
22.12.2022 15:25:00.000,236.847,236.897,236.347,236.347,1.3163999999999998,240.56270261740758,0,0,,0,0
22.12.2022 15:30:00.000,236.327,236.327,234.706,234.947,1.9104,240.13072549299162,0,2,232.706,0,0
22.12.2022 15:35:00.000,234.927,236.026,234.926,236.026,1.7772,239.81497737814612,0,0,,0,0
22.12.2022 15:40:00.000,236.026,236.066,235.716,235.737,1.902,239.50128681059644,0,0,,0,0
22.12.2022 15:45:00.000,235.756,236.387,235.626,236.127,2.1312,239.24172628670442,0,0,,0,0
22.12.2022 15:50:00.000,236.126,236.487,236.016,236.276,1.7664000000000004,239.01359349541946,0,0,,0,0
22.12.2022 15:55:00.000,236.286,236.347,236.036,236.177,1.7892,238.79539399577183,0,0,,0,0
22.12.2022 16:00:00.000,236.176,236.417,235.946,236.207,2.052,238.59628676532785,0,0,,0,0
22.12.2022 16:05:00.000,236.196,236.447,236.057,236.206,1.7519999999999998,238.41241855261035,0,0,,0,0
22.12.2022 16:10:00.000,236.206,236.397,235.656,236.217,1.4172,238.24354020240955,0,0,,0,0
22.12.2022 16:15:00.000,236.216,236.456,236.016,236.036,1.6944,238.07372941760883,0,0,,0,0
22.12.2022 16:20:00.000,236.026,236.137,235.796,235.957,1.7412,237.9109040777928,0,0,,0,0
22.12.2022 16:25:00.000,235.966,236.087,235.756,236.047,1.74,237.7675268410395,0,0,,0,0
22.12.2022 16:30:00.000,236.056,236.297,235.756,235.927,2.0112,237.62594785326726,0,0,,0,0
22.12.2022 16:35:00.000,235.927,236.047,235.546,235.546,1.9128,237.4659518645544,0,0,,0,0
22.12.2022 16:40:00.000,235.546,235.687,235.016,235.656,1.8948,237.32672479805024,0,0,,0,0
22.12.2022 16:45:00.000,235.656,235.706,235.316,235.626,2.0148,237.19589981358484,0,0,,0,0
22.12.2022 16:50:00.000,235.626,236.047,235.447,236.006,1.7963999999999998,237.10436905869372,0,0,,0,0
22.12.2022 16:55:00.000,236.036,236.127,235.746,236.047,2.0844,237.02303297725575,0,0,,0,0
22.12.2022 17:00:00.000,236.056,236.137,235.846,235.927,1.9464,236.93872274823607,1,0,,0,0
22.12.2022 17:05:00.000,235.927,236.387,235.797,236.377,1.8552,236.8955133060641,1,0,,0,0
22.12.2022 17:10:00.000,236.377,236.407,235.986,236.016,1.668,236.82785843636688,1,0,,0,0
22.12.2022 17:15:00.000,236.017,236.276,235.896,236.026,1.758,236.7661770181848,1,0,,0,0
22.12.2022 17:20:00.000,236.027,236.127,235.296,235.346,2.112,236.6569326321706,1,0,,0,0
22.12.2022 17:25:00.000,235.327,235.507,234.986,235.217,2.0448,236.5461685835421,1,0,,0,0
22.12.2022 17:30:00.000,235.207,235.497,235.157,235.327,1.9608,236.45238638480814,1,0,,0,0
22.12.2022 17:35:00.000,235.327,235.547,234.907,235.087,1.8396,236.3473566628998,1,0,,0,0
22.12.2022 17:40:00.000,235.076,235.257,234.796,235.217,1.968,236.26040615036908,1,0,,0,0
22.12.2022 17:45:00.000,235.236,235.347,234.886,235.257,1.9668,236.18322106187915,1,0,,0,0
22.12.2022 17:50:00.000,235.217,235.336,235.146,235.267,1.7075999999999998,236.1127425186577,1,0,,0,0
22.12.2022 17:55:00.000,235.247,235.447,235.146,235.437,1.6956,236.0607623249148,1,0,,0,0
22.12.2022 18:00:00.000,235.446,235.446,234.796,234.997,1.9632,235.97893445376752,1,0,,0,0
22.12.2022 18:05:00.000,234.976,235.177,234.796,234.947,2.0592,235.89955488040079,1,0,,0,0
22.12.2022 18:10:00.000,234.936,235.127,234.926,235.007,1.8204,235.83089681267765,1,0,,0,0
22.12.2022 18:15:00.000,235.017,235.017,234.556,234.646,1.7868,235.73975090401015,1,0,,0,0
22.12.2022 18:20:00.000,234.667,234.697,234.376,234.446,1.4328,235.6402316037017,1,0,,0,0
22.12.2022 18:25:00.000,234.456,234.687,234.376,234.487,1.6487999999999998,235.55152148034003,1,0,,0,0
22.12.2022 18:30:00.000,234.496,234.527,233.876,234.046,1.8396,235.43571213569848,1,0,,0,0
22.12.2022 18:35:00.000,234.026,234.437,233.836,234.417,1.7544,235.3573496637217,1,2,231.836,0,0
22.12.2022 18:40:00.000,234.416,235.147,234.306,235.136,1.6608,235.34032276651234,1,0,,0,0
22.12.2022 18:45:00.000,235.136,235.147,234.856,234.957,1.6764,235.31083639985755,1,0,,0,0
22.12.2022 18:50:00.000,234.976,235.036,234.777,234.916,1.6968,235.2804643690993,1,0,,0,0
22.12.2022 18:55:00.000,234.927,235.037,234.677,234.996,1.7808000000000002,235.25858249455322,1,0,,0,0
22.12.2022 19:00:00.000,234.996,235.497,234.996,235.087,2.1108,235.24538384112606,1,0,,0,0
22.12.2022 19:05:00.000,235.096,235.507,235.056,235.187,1.6824,235.24089277642406,1,0,,0,0
22.12.2022 19:10:00.000,235.196,236.027,235.136,235.946,2.0232,235.29513179362223,0,0,,0,0
22.12.2022 19:15:00.000,235.956,235.966,235.426,235.477,1.4988,235.30912165565132,0,0,,0,0
22.12.2022 19:20:00.000,235.467,235.747,235.086,235.736,1.956,235.34195845137046,0,0,,0,0
22.12.2022 19:25:00.000,235.737,236.167,235.476,236.106,1.6656,235.40073087818814,0,0,,0,0
22.12.2022 19:30:00.000,236.086,236.277,235.726,236.237,2.0376,235.46505927217368,0,0,,0,0
22.12.2022 19:35:00.000,236.247,236.287,235.646,235.847,2.1156,235.49443932816033,0,0,,0,0
22.12.2022 19:40:00.000,235.836,236.027,235.547,235.757,1.8996,235.51463630291724,0,0,,0,0
22.12.2022 19:45:00.000,235.766,236.207,235.707,236.196,1.9812,235.56704889500054,0,0,,0,0
22.12.2022 19:50:00.000,236.206,236.447,235.956,236.437,2.1528,235.63396821076975,0,0,,0,0
22.12.2022 19:55:00.000,236.436,236.846,236.256,236.786,2.1804,235.72258604071055,0,0,,0,0
22.12.2022 20:00:00.000,236.787,236.987,236.536,236.657,2.3244,235.794464037579,0,0,,0,0
22.12.2022 20:05:00.000,236.667,237.207,236.426,237.046,2.4744,235.8907360346883,0,0,,0,0
22.12.2022 20:10:00.000,237.047,237.067,236.486,236.626,2.37,235.94729480125076,0,0,,0,0
22.12.2022 20:15:00.000,236.616,237.276,236.586,237.226,2.4048,236.0456567396161,0,0,,0,0
22.12.2022 20:20:00.000,237.236,237.717,237.127,237.606,2.3832,236.16568314426104,0,0,,0,0
22.12.2022 20:25:00.000,237.606,237.837,237.346,237.637,2.4792,236.2788613639333,0,0,,0,0
22.12.2022 20:30:00.000,237.646,237.797,237.316,237.416,2.526,236.36633356670768,0,0,,0,0
22.12.2022 20:35:00.000,237.416,237.577,237.096,237.367,2.6232,236.44330790773017,0,0,,0,0
22.12.2022 20:40:00.000,237.347,237.587,236.866,237.296,2.4024,236.50889960713556,0,0,,0,0
22.12.2022 20:45:00.000,237.296,237.737,236.976,237.676,2.5632,236.59867656043284,0,0,,0,0
22.12.2022 20:50:00.000,237.677,238.617,237.646,238.446,3.1452,236.7407783634765,0,0,,0,0
22.12.2022 20:55:00.000,238.437,238.517,237.977,238.136,3.1776,236.84810310474754,0,0,,0,0
23.12.2022 15:00:00.000,234.466,236.286,234.096,234.487,2.6532e-06,236.66647978899775,0,0,,0,0
23.12.2022 15:05:00.000,234.487,235.347,233.906,235.067,2.2884e-06,236.5434428821518,0,2,231.906,0,0
23.12.2022 15:10:00.000,235.056,235.957,234.876,235.216,2.1048e-06,236.44133189121706,0,0,,0,0
23.12.2022 15:15:00.000,235.216,237.417,235.026,237.346,2.184e-06,236.51092174573884,0,0,,0,0
23.12.2022 15:20:00.000,237.406,237.426,236.636,237.247,1.7952e-06,236.56754314991278,0,0,,0,0
23.12.2022 15:25:00.000,237.246,237.496,236.846,237.196,1.7592e-06,236.61588598453488,0,0,,0,0
23.12.2022 15:30:00.000,237.236,237.907,237.166,237.677,2.3892e-06,236.69751013957068,0,0,,0,0
23.12.2022 15:35:00.000,237.696,238.537,237.356,238.456,2.2464e-06,236.83277859037295,0,0,,0,0
23.12.2022 15:40:00.000,238.477,238.697,238.006,238.167,1.9764e-06,236.93541100649813,0,0,,0,0
23.12.2022 15:45:00.000,238.137,238.207,237.476,237.626,2.2596e-06,236.98853323676752,0,0,,0,0
23.12.2022 15:50:00.000,237.636,237.657,236.586,237.156,2.6628e-06,237.00141529547773,0,0,,0,0
23.12.2022 15:55:00.000,237.146,237.457,236.756,236.896,2.748e-06,236.9933064265948,0,0,,0,0
23.12.2022 17:00:00.000,237.916,238.356,237.796,237.807,1.9128e-06,237.05589823993367,0,0,,0,0
23.12.2022 17:05:00.000,237.807,237.997,237.516,237.627,1.5516e-06,237.09982914455418,0,0,,0,0
23.12.2022 17:10:00.000,237.627,237.976,237.496,237.876,1.4724e-06,237.15953459497308,0,0,,0,0
23.12.2022 17:15:00.000,237.877,238.197,237.587,238.097,1.6728e-06,237.23164731843673,0,0,,0,0
23.12.2022 17:20:00.000,238.107,238.667,237.956,238.526,1.6188e-06,237.33121290932624,0,0,,0,0
23.12.2022 17:25:00.000,238.526,238.587,238.216,238.216,1.6164e-06,237.3992734547627,0,0,,0,0
23.12.2022 17:30:00.000,238.216,238.567,238.207,238.426,1.2216e-06,237.47825241978097,0,0,,0,0
23.12.2022 17:35:00.000,238.446,238.817,238.206,238.237,1.3392e-06,237.53661761825938,0,1,240.817,0,0
23.12.2022 17:40:00.000,238.267,238.407,237.696,237.786,1.6392e-06,237.55580087839328,0,0,,0,0
23.12.2022 17:45:00.000,237.787,238.127,237.606,237.697,1.4388e-06,237.56666234928613,0,0,,0,0
23.12.2022 17:50:00.000,237.656,238.047,237.597,237.766,1.4628e-06,237.5819960147257,0,0,,0,0
23.12.2022 17:55:00.000,237.777,238.097,237.706,237.857,1.4088e-06,237.6031501674391,0,0,,0,0
23.12.2022 19:00:00.000,237.426,237.627,237.166,237.287,1.2072e-06,237.57883092378995,0,0,,0,0
23.12.2022 19:05:00.000,237.287,237.487,237.196,237.227,1.116e-06,237.55176700657535,0,0,,0,0
23.12.2022 19:10:00.000,237.226,237.667,237.226,237.617,1.0103999999e-06,237.5567849291465,0,0,,0,0
23.12.2022 19:15:00.000,237.617,237.867,237.506,237.777,1.08e-06,237.5737245499814,0,0,,0,0
23.12.2022 19:20:00.000,237.816,237.836,237.266,237.336,1.0031999999e-06,237.55543804613666,0,0,,0,0
23.12.2022 19:25:00.000,237.336,237.767,237.286,237.627,1.1556e-06,237.56094281181845,0,0,,0,0
23.12.2022 19:30:00.000,237.657,237.936,237.646,237.786,1.1172e-06,237.57825490321704,0,0,,0,0
23.12.2022 19:35:00.000,237.786,238.106,237.717,238.056,1.0836e-06,237.61500452604653,0,0,,0,0
23.12.2022 19:40:00.000,238.016,238.076,237.686,237.856,1.1124e-06,237.6335426394276,0,0,,0,0
23.12.2022 19:45:00.000,237.867,238.036,237.647,237.736,8.195999999999933e-07,237.64142397485625,0,0,,0,0
23.12.2022 19:50:00.000,237.766,238.126,237.736,238.096,8.915999999999923e-07,237.6763913614058,0,0,,0,0
23.12.2022 19:55:00.000,238.096,238.236,238.006,238.136,1.0884e-06,237.7117458720669,0,0,,0,0
27.12.2022 15:00:00.000,236.796,236.796,235.846,236.506,1.9656e-06,237.61899618960024,0,2,233.846,0,0
27.12.2022 15:05:00.000,236.507,236.776,236.296,236.576,1.6968e-06,237.53876571347715,0,0,,0,0
27.12.2022 15:10:00.000,236.576,237.107,236.196,237.036,1.7292e-06,237.50009142782508,0,0,,0,0
27.12.2022 15:15:00.000,237.047,238.047,236.796,237.726,2.0904e-06,237.5174690103001,0,0,,0,0
27.12.2022 15:20:00.000,237.736,238.486,237.686,237.846,2.0664e-06,237.54274062489242,0,1,240.486,0,0
27.12.2022 15:25:00.000,237.847,238.237,237.676,237.777,1.884e-06,237.56076057682378,0,0,,0,0
27.12.2022 15:30:00.000,237.777,238.007,237.167,237.996,1.7364e-06,237.59424053245274,0,0,,0,0
27.12.2022 15:35:00.000,238.007,238.147,237.707,238.147,1.4424e-06,237.63676049149484,0,0,,0,0
27.12.2022 15:40:00.000,238.146,238.227,237.637,237.806,2.3352e-06,237.64977891522602,0,0,,0,0
27.12.2022 15:45:00.000,237.786,238.437,237.786,238.047,1.8336e-06,237.68033438328558,0,0,,0,0
27.12.2022 15:50:00.000,238.046,238.056,237.486,237.727,2.0064e-06,237.68392404610978,0,0,,0,0
27.12.2022 15:55:00.000,237.747,237.797,237.286,237.466,2.1144e-06,237.6671606579475,0,0,,0,0
27.12.2022 17:00:00.000,237.517,237.966,237.476,237.847,1.1868e-06,237.68099445349003,0,0,,0,0
27.12.2022 17:05:00.000,237.846,237.966,237.776,237.817,1.0944e-06,237.69145641860618,0,0,,0,0
27.12.2022 17:10:00.000,237.816,238.406,237.816,238.266,1.35e-06,237.7356520787134,0,0,,0,0
27.12.2022 17:15:00.000,238.276,238.277,237.866,237.957,1.4004e-06,237.7526788418893,0,0,,0,0
27.12.2022 17:20:00.000,237.956,237.977,237.556,237.846,1.4604e-06,237.7598573925132,0,0,,0,0
27.12.2022 17:25:00.000,237.867,237.947,237.626,237.627,1.2132e-06,237.74963759308912,0,0,,0,0
27.12.2022 17:30:00.000,237.627,237.816,237.596,237.686,1.2684e-06,237.74474239362073,0,0,,0,0
27.12.2022 17:35:00.000,237.696,237.867,237.616,237.787,1.0571999999e-06,237.74799297872684,0,0,,0,0
27.12.2022 17:40:00.000,237.777,237.907,237.296,237.377,1.3884e-06,237.71945505728632,0,0,,0,0
27.12.2022 17:45:00.000,237.387,237.387,236.826,236.926,1.4184e-06,237.6584200528797,0,0,,0,0
27.12.2022 17:50:00.000,236.927,237.216,236.846,237.057,1.2972e-06,237.61215697188896,0,0,,0,0
27.12.2022 17:55:00.000,237.057,237.317,236.926,237.256,1.2744e-06,237.58476028174368,0,0,,0,0
27.12.2022 19:00:00.000,236.626,237.207,236.547,237.146,1.2852e-06,237.55100949084033,0,0,,0,0
27.12.2022 19:05:00.000,237.147,237.147,236.837,236.977,9.407999999999916e-07,237.50685491462187,0,0,,0,0
27.12.2022 19:10:00.000,236.987,237.077,236.696,236.856,9.83999999999994e-07,237.45678915195865,0,0,,0,0
27.12.2022 19:15:00.000,236.857,236.877,236.406,236.486,1.1748e-06,237.38211306334645,0,0,,0,0
27.12.2022 19:20:00.000,236.487,236.556,236.316,236.507,1.0487999999e-06,237.31479667385827,0,0,,0,0
27.12.2022 19:25:00.000,236.507,236.667,236.206,236.356,9.99599999999995e-07,237.2410430835615,0,0,,0,0
27.12.2022 19:30:00.000,236.356,236.487,236.246,236.437,9.563999999999918e-07,237.17919361559524,0,0,,0,0
27.12.2022 19:35:00.000,236.456,236.517,236.116,236.127,8.123999999999934e-07,237.09825564516484,0,0,,0,0
27.12.2022 19:40:00.000,236.126,236.197,235.956,236.147,1.1772e-06,237.02508213399832,0,2,233.956,0,0
27.12.2022 19:45:00.000,236.146,236.667,236.127,236.637,1.2552e-06,236.99522966215233,0,0,,0,0
27.12.2022 19:50:00.000,236.637,236.846,236.536,236.666,1.296e-06,236.96990430352523,0,0,,0,0
27.12.2022 19:55:00.000,236.666,236.747,236.436,236.587,1.3536e-06,236.940450126331,0,0,,0,0
28.12.2022 14:30:00.000,236.977,238.887,236.506,238.836,2.7312,237.0862616550748,0,0,,0,0
28.12.2022 14:35:00.000,238.876,239.216,238.296,238.406,3.0564,237.1877799892998,0,0,,0,0
28.12.2022 14:40:00.000,238.417,238.917,238.077,238.237,2.7768,237.26848922089215,0,0,,0,0
28.12.2022 14:45:00.000,238.247,238.637,238.036,238.337,3.0492,237.35068235774662,0,0,,0,0
28.12.2022 14:50:00.000,238.327,238.367,237.386,237.817,2.8344000000000005,237.38655294561227,0,0,,0,0
28.12.2022 14:55:00.000,237.827,238.526,237.787,238.517,2.8272,237.47351041133442,0,0,,0,0
28.12.2022 15:00:00.000,238.516,239.156,238.167,238.447,2.7492,237.54839422584715,0,0,,0,0
28.12.2022 15:05:00.000,238.436,238.906,238.386,238.716,2.8932,237.63821005462816,0,0,,0,0
28.12.2022 15:10:00.000,238.716,239.137,238.567,239.126,2.9004000000000003,237.75265543504142,0,0,,0,0
28.12.2022 15:15:00.000,239.116,239.566,239.016,239.566,2.8308,237.8921434784998,0,0,,0,0
28.12.2022 15:20:00.000,239.567,239.707,238.956,239.036,2.2068,237.98013244169212,0,1,241.707,0,0
28.12.2022 15:25:00.000,239.037,239.057,237.806,237.997,3.0216,237.98142994617737,0,0,,0,0
28.12.2022 15:30:00.000,238.007,238.717,237.846,238.397,2.8488,238.0133968733945,0,0,,0,0
28.12.2022 15:35:00.000,238.397,238.597,237.936,238.087,2.6316,238.01905865236418,0,0,,0,0
28.12.2022 15:40:00.000,238.106,238.536,238.036,238.067,2.3231999999999995,238.02274644833616,0,0,,0,0
28.12.2022 15:45:00.000,238.066,238.406,238.026,238.237,2.2668,238.03922749077188,0,0,,0,0
28.12.2022 15:50:00.000,238.247,238.307,237.606,237.627,2.5211999999999994,238.00751768378944,0,0,,0,0
28.12.2022 15:55:00.000,237.637,237.717,236.886,236.927,2.4792,237.9244009388826,0,0,,0,0
28.12.2022 16:00:00.000,236.937,237.166,236.397,236.896,2.4684,237.84529317435317,0,0,,0,0
28.12.2022 16:05:00.000,236.896,236.897,236.416,236.496,2.2908,237.74150139171064,0,0,,0,0
28.12.2022 16:10:00.000,236.507,236.886,236.297,236.486,2.1612,237.64492436157906,0,0,,0,0
28.12.2022 16:15:00.000,236.487,236.697,236.076,236.667,2.0772,237.56969941068837,0,0,,0,0
28.12.2022 16:20:00.000,236.647,236.856,236.406,236.516,2.1024000000000003,237.48864560986618,0,0,,0,0
28.12.2022 16:25:00.000,236.517,236.667,236.356,236.457,1.8684,237.4092882552611,0,0,,0,0
28.12.2022 16:30:00.000,236.477,236.556,235.906,235.976,1.9872,237.2990353125487,0,0,,0,0
28.12.2022 16:35:00.000,235.967,236.236,235.916,236.047,1.992,237.20272490389115,0,0,,0,0
28.12.2022 16:40:00.000,236.056,236.246,235.696,236.056,1.8048,237.11451529589954,0,0,,0,0
28.12.2022 16:45:00.000,236.057,236.097,235.536,235.596,1.9884,236.9977064269842,0,0,,0,0
28.12.2022 16:50:00.000,235.597,235.957,235.566,235.787,2.0436,236.90457516337003,0,0,,0,0
28.12.2022 16:55:00.000,235.797,235.886,235.636,235.757,1.686,236.81630015080313,0,0,,0,0
28.12.2022 17:00:00.000,235.756,236.047,235.396,235.446,2.2956,236.7108924468952,0,0,,0,0
28.12.2022 17:05:00.000,235.437,235.836,235.396,235.787,2.0508,236.63982379713406,0,0,,0,0
28.12.2022 17:10:00.000,235.787,235.867,235.246,235.246,1.7988,236.53260658196993,0,0,,0,0
28.12.2022 17:15:00.000,235.246,235.587,235.227,235.397,1.626,236.44525222951071,0,2,233.227,0,0
28.12.2022 17:20:00.000,235.396,235.606,235.326,235.477,1.7568,236.3707712887791,0,0,,0,0
28.12.2022 17:25:00.000,235.497,235.857,235.437,235.847,1.6068,236.33048118964228,0,0,,0,0
28.12.2022 17:30:00.000,235.866,236.346,235.837,236.237,1.9152,236.32329032890058,0,0,,0,0
28.12.2022 17:35:00.000,236.226,236.456,236.046,236.187,1.8528,236.3128064574467,0,0,,0,0
28.12.2022 17:40:00.000,236.186,236.277,236.036,236.227,1.7064,236.30620596072004,0,0,,0,0
28.12.2022 17:45:00.000,236.217,236.737,236.206,236.646,1.974,236.3323439637416,0,0,,0,0
28.12.2022 17:50:00.000,236.677,236.677,236.486,236.536,1.65,236.34800981268458,0,0,,0,0
28.12.2022 17:55:00.000,236.547,236.957,236.316,236.847,1.9788,236.3863936732473,0,0,,0,0
28.12.2022 18:00:00.000,236.866,237.336,236.736,237.167,2.3472,236.44644031376677,0,0,,0,0
28.12.2022 18:05:00.000,237.176,237.547,237.156,237.326,2.1768,236.51409875116934,0,0,,0,0
28.12.2022 18:10:00.000,237.327,237.717,237.177,237.217,1.8804,236.5681680780025,0,1,239.717,0,0
28.12.2022 18:15:00.000,237.216,237.357,237.026,237.216,1.8756,236.61800130277155,0,0,,0,0
28.12.2022 18:20:00.000,237.217,237.366,236.726,236.756,1.8924,236.62861658717372,0,0,,0,0
28.12.2022 18:25:00.000,236.787,236.907,236.626,236.827,1.6596,236.64387684969884,0,0,,0,0
28.12.2022 18:30:00.000,236.816,236.847,236.386,236.387,1.5072,236.62411709202973,0,0,,0,0
28.12.2022 18:35:00.000,236.387,236.637,236.256,236.316,1.4508,236.6004157772582,0,0,,0,0
28.12.2022 18:40:00.000,236.316,236.777,236.316,236.447,1.7496,236.58861456362297,0,0,,0,0
28.12.2022 18:45:00.000,236.457,236.667,236.276,236.357,1.4531999999999998,236.5707980587289,0,0,,0,0
28.12.2022 18:50:00.000,236.366,236.397,235.996,236.307,1.5636,236.55050590036515,0,0,,0,0
28.12.2022 18:55:00.000,236.306,236.387,236.057,236.167,1.6488,236.5210054464909,0,0,,0,0
28.12.2022 19:00:00.000,236.177,236.447,236.106,236.387,1.7999999999999998,236.5106973352224,0,0,,0,0
28.12.2022 19:05:00.000,236.386,236.477,236.006,236.067,1.8936,236.47656677097453,0,0,,0,0
28.12.2022 19:10:00.000,236.056,236.267,235.876,236.257,1.5744,236.4596770193611,0,0,,0,0
28.12.2022 19:15:00.000,236.257,236.296,235.877,236.287,1.836,236.44639417171794,0,0,,0,0
28.12.2022 19:20:00.000,236.276,236.307,235.936,236.017,1.4988,236.41336385081655,0,0,,0,0
28.12.2022 19:25:00.000,236.007,236.056,235.736,235.746,1.5096,236.3620281699845,0,0,,0,0
28.12.2022 19:30:00.000,235.756,236.026,235.586,235.637,1.7808000000000002,236.3062567722934,0,0,,0,0
28.12.2022 19:35:00.000,235.636,235.717,235.477,235.617,1.7088,236.25323702057855,0,0,,0,0
28.12.2022 19:40:00.000,235.596,236.187,235.596,236.167,1.9476,236.24660340361098,0,0,,0,0
28.12.2022 19:45:00.000,236.166,236.376,236.046,236.117,1.9188000000000005,236.23663391102554,0,0,,0,0
28.12.2022 19:50:00.000,236.116,236.117,235.747,235.816,1.7376,236.20427745633128,0,0,,0,0
28.12.2022 19:55:00.000,235.817,235.886,235.636,235.696,1.3656,236.16517919045964,0,0,,0,0
28.12.2022 20:00:00.000,235.707,235.727,235.346,235.417,1.8612,236.1076269450397,0,0,,0,0
28.12.2022 20:05:00.000,235.406,235.667,235.367,235.527,1.608,236.0629633338828,0,0,,0,0
28.12.2022 20:10:00.000,235.537,235.577,235.106,235.117,1.7436,235.99019692358414,0,0,,0,0
28.12.2022 20:15:00.000,235.117,235.576,235.007,235.306,2.4504,235.93756639100076,0,0,,0,0
28.12.2022 20:20:00.000,235.316,235.357,234.816,234.946,1.5732,235.8612920532315,0,0,,0,0
28.12.2022 20:25:00.000,234.946,235.257,234.906,235.156,1.9836,235.80703881836754,0,0,,0,0
28.12.2022 20:30:00.000,235.147,235.317,235.046,235.136,2.0664,235.7554204477239,0,0,,0,0
28.12.2022 20:35:00.000,235.137,235.337,234.696,234.917,1.8876,235.69092656712976,0,0,,0,0
28.12.2022 20:40:00.000,234.936,235.097,234.556,234.556,2.01,235.6036245235044,0,0,,0,0
28.12.2022 20:45:00.000,234.556,234.907,234.436,234.727,1.9428,235.53619186785025,0,0,,0,0
28.12.2022 20:50:00.000,234.727,234.866,234.197,234.277,2.298,235.4393309549387,0,2,232.197,0,0
28.12.2022 20:55:00.000,234.296,234.787,234.276,234.486,2.2584,235.36599780455882,0,0,,0,0
29.12.2022 15:00:00.000,238.056,238.407,237.686,237.927,2.7516e-06,235.5629979734389,0,0,,0,0
29.12.2022 15:05:00.000,237.936,238.557,237.796,238.236,2.5596e-06,235.76861351394362,0,0,,0,0
29.12.2022 15:10:00.000,238.236,238.457,238.057,238.307,2.4444e-06,235.96387401287103,0,0,,0,0
29.12.2022 15:15:00.000,238.316,238.817,238.306,238.717,2.5644e-06,236.1756529349579,0,0,,0,0
29.12.2022 15:20:00.000,238.737,238.947,238.526,238.716,2.5008e-06,236.37106424765346,0,0,,0,0
29.12.2022 15:25:00.000,238.726,238.847,238.466,238.706,2.2404e-06,236.55067469014168,0,0,,0,0
29.12.2022 15:30:00.000,238.736,239.347,238.716,239.336,2.2416e-06,236.7649304832077,0,0,,0,0
29.12.2022 15:35:00.000,239.316,239.507,239.156,239.417,1.9548e-06,236.96893583065327,0,0,,0,0
29.12.2022 15:40:00.000,239.427,239.747,239.386,239.567,1.848e-06,237.16878692060303,0,0,,0,0
29.12.2022 15:45:00.000,239.567,239.847,239.457,239.537,1.9752e-06,237.35095715747974,0,0,,0,0
29.12.2022 15:50:00.000,239.557,239.887,239.557,239.746,2.0088e-06,237.535191222289,0,0,,0,0
29.12.2022 15:55:00.000,239.747,239.957,239.686,239.837,1.8804e-06,237.7122534359591,0,0,,0,0
29.12.2022 17:00:00.000,240.746,240.867,240.626,240.706,1.4976e-06,237.94254163319303,0,0,,0,0
29.12.2022 17:05:00.000,240.707,240.707,240.496,240.637,1.4028e-06,238.14980766140897,0,0,,0,0
29.12.2022 17:10:00.000,240.636,240.756,240.426,240.456,1.3368e-06,238.32720707206983,0,0,,0,0
29.12.2022 17:15:00.000,240.446,241.047,240.376,240.826,1.278e-06,238.51942191267983,0,0,,0,0
29.12.2022 17:20:00.000,240.836,241.047,240.776,240.876,1.1964e-06,238.70069715016604,0,0,,0,0
29.12.2022 17:25:00.000,240.876,241.007,240.716,240.936,1.2708e-06,238.87264352323018,0,0,,0,0
29.12.2022 17:30:00.000,240.937,241.127,240.756,240.777,1.0992e-06,239.01913248298172,0,0,,0,0
29.12.2022 17:35:00.000,240.777,240.817,240.306,240.417,1.4196e-06,239.1266607535216,0,0,,0,0
29.12.2022 17:40:00.000,240.406,240.607,240.306,240.526,1.2924e-06,239.23430223401996,0,0,,0,0
29.12.2022 17:45:00.000,240.536,240.537,240.306,240.337,1.1676e-06,239.31912513909535,0,0,,0,0
29.12.2022 17:50:00.000,240.336,240.647,240.336,240.567,1.35e-06,239.41511551301113,0,0,,0,0
29.12.2022 17:55:00.000,240.576,240.777,240.556,240.567,1.284e-06,239.50372201201031,0,0,,0,0
29.12.2022 19:00:00.000,241.027,241.537,241.026,241.396,1.458e-06,239.6492818572403,0,1,243.537,0,0
29.12.2022 19:05:00.000,241.406,241.477,241.076,241.216,1.2396e-06,239.7697986374526,0,0,,0,0
29.12.2022 19:10:00.000,241.226,241.236,240.946,241.097,1.2816e-06,239.87189104995628,0,0,,0,0
29.12.2022 19:15:00.000,241.087,241.157,240.926,241.076,1.128e-06,239.96451481534424,0,0,,0,0
29.12.2022 19:20:00.000,241.077,241.306,241.006,241.306,1.1376e-06,240.06770598339472,0,0,,0,0
29.12.2022 19:25:00.000,241.306,241.337,240.986,240.986,1.2576e-06,240.13834398467205,0,0,,0,0
29.12.2022 19:30:00.000,240.976,241.167,240.857,241.126,1.2216e-06,240.21431752431266,2,0,,0,0
29.12.2022 19:35:00.000,241.117,241.297,241.066,241.256,8.483999999999929e-07,240.2944469455194,2,0,,0,0
29.12.2022 19:40:00.000,241.256,241.417,241.196,241.247,1.1232e-06,240.36772025740257,2,0,,0,0
29.12.2022 19:45:00.000,241.227,241.366,241.116,241.206,1.2876e-06,240.43220331452548,2,0,,0,0
29.12.2022 19:50:00.000,241.197,241.236,240.956,241.006,1.2456e-06,240.47634152110047,2,0,,0,0
29.12.2022 19:55:00.000,241.007,241.067,240.816,240.846,1.1544e-06,240.50477678870814,2,0,,0,0
30.12.2022 14:30:00.000,237.947,238.916,237.766,238.516,3.3288,240.35179395880752,0,0,,0,0
30.12.2022 14:35:00.000,238.497,238.786,238.007,238.087,3.4356,240.17757903889927,0,0,,0,0
30.12.2022 14:40:00.000,238.067,238.267,237.416,237.997,3.2052,240.0098421897532,0,0,,0,0
30.12.2022 14:45:00.000,238.007,238.157,236.647,236.797,3.5004,239.7627004828491,0,2,234.647,0,0
30.12.2022 14:50:00.000,236.787,237.327,236.687,237.206,3.3444000000000003,239.56603121493765,0,0,,0,0
30.12.2022 14:55:00.000,237.207,238.047,237.146,238.006,3.3492,239.44602881378862,0,0,,0,0
30.12.2022 15:00:00.000,238.006,238.167,237.326,237.537,3.3132,239.2991804434972,0,0,,0,0
30.12.2022 15:05:00.000,237.536,237.556,237.136,237.236,3.138,239.14047425553588,0,0,,0,0
30.12.2022 15:10:00.000,237.237,237.627,237.216,237.497,2.8884,239.01405315895622,0,0,,0,0
30.12.2022 15:15:00.000,237.496,238.357,237.336,238.176,2.8632,238.9495875313442,0,0,,0,0
30.12.2022 15:20:00.000,238.176,238.347,237.867,238.206,2.9352,238.8923884904716,0,0,,0,0
30.12.2022 15:25:00.000,238.197,238.217,237.527,237.686,2.9004,238.79958937581995,0,0,,0,0
30.12.2022 15:30:00.000,237.696,237.696,237.266,237.576,2.7696,238.7054671161415,0,0,,0,0
30.12.2022 15:35:00.000,237.596,237.916,237.446,237.776,2.3544,238.63396964566908,0,0,,0,0
30.12.2022 15:40:00.000,237.776,238.147,237.666,238.026,2.5632,238.5872027498484,0,0,,0,0
30.12.2022 15:45:00.000,238.037,238.997,238.006,238.887,2.7132000000000005,238.61026407678312,0,0,,0,0
30.12.2022 15:50:00.000,238.897,238.897,238.086,238.186,2.652,238.57762837856905,0,0,,0,0
30.12.2022 15:55:00.000,238.197,238.297,237.836,237.987,2.4924,238.53219542637146,0,0,,0,0
30.12.2022 16:00:00.000,237.966,238.207,237.787,238.157,2.5392,238.5033342397275,0,0,,0,0
30.12.2022 16:05:00.000,238.166,238.376,238.076,238.317,2.2488,238.48900083667155,0,0,,0,0
30.12.2022 16:10:00.000,238.307,238.367,237.816,237.907,2.4948,238.44423154154296,0,0,,0,0
30.12.2022 16:15:00.000,237.906,238.056,237.646,237.777,2.214,238.39290603834735,0,0,,0,0
30.12.2022 16:20:00.000,237.777,237.797,237.507,237.566,2.1576,238.3292978815514,0,0,,0,0
30.12.2022 16:25:00.000,237.566,237.807,237.516,237.746,1.9548,238.28442881373977,0,0,,0,0
30.12.2022 16:30:00.000,237.756,238.267,237.656,238.177,2.4012,238.27616505883674,0,0,,0,0
30.12.2022 16:35:00.000,238.196,238.607,238.077,238.537,1.5288,238.29622928508007,0,0,,0,0
30.12.2022 16:40:00.000,238.537,238.747,238.337,238.457,1.83,238.30859626315086,0,0,,0,0
30.12.2022 16:45:00.000,238.467,238.747,238.316,238.626,1.746,238.3330119352162,0,0,,0,0
30.12.2022 16:50:00.000,238.636,238.647,238.417,238.487,1.6032000000000002,238.3448571709688,0,0,,0,0
30.12.2022 16:55:00.000,238.497,238.926,238.276,238.836,2.2356000000000003,238.3826373885866,0,0,,0,0
30.12.2022 17:00:00.000,238.837,238.877,238.496,238.496,2.0172,238.39135758946458,0,0,,0,0
30.12.2022 17:05:00.000,238.517,238.566,238.376,238.496,1.74,238.39940700565964,0,0,,0,0
30.12.2022 17:10:00.000,238.506,238.877,238.496,238.647,1.9092,238.41845262060892,0,0,,0,0
30.12.2022 17:15:00.000,238.657,239.167,238.636,238.946,1.9572000000000005,238.45903318825438,0,0,,0,0
30.12.2022 17:20:00.000,238.946,239.137,238.816,239.057,1.7808,238.50503063531175,0,0,,0,0
30.12.2022 17:25:00.000,239.047,239.157,238.896,239.026,1.662,238.54510520182626,0,0,,0,0
30.12.2022 17:30:00.000,239.036,239.277,238.966,239.146,1.5768,238.59132787860887,0,0,,0,0
30.12.2022 17:35:00.000,239.126,239.367,238.856,238.897,1.6992,238.6148411187159,0,1,241.367,0,0
30.12.2022 17:40:00.000,238.907,239.026,238.796,238.886,1.6956,238.6356994941993,0,0,,0,0
30.12.2022 17:45:00.000,238.896,239.087,238.777,238.866,1.566,238.65341491772244,0,0,,0,0
30.12.2022 17:50:00.000,238.857,239.087,238.626,238.666,1.7832,238.65438300097458,0,0,,0,0
30.12.2022 17:55:00.000,238.677,239.187,238.616,239.187,1.8924000000000003,238.69535353936115,0,0,,0,0
30.12.2022 18:00:00.000,239.197,239.207,238.746,238.886,2.7708000000000004,238.71001865171797,0,0,,0,0
30.12.2022 18:05:00.000,238.896,238.897,238.666,238.716,2.2524,238.71047875543198,0,0,,0,0
30.12.2022 18:10:00.000,238.717,238.807,238.606,238.636,1.7640000000000002,238.7047496203988,0,0,,0,0
30.12.2022 18:15:00.000,238.647,238.687,238.177,238.266,1.9704,238.67099964959888,0,0,,0,0
30.12.2022 18:20:00.000,238.267,238.267,237.526,237.717,2.4384,238.5976150611682,0,0,,0,0
30.12.2022 18:25:00.000,237.716,237.946,237.257,237.906,2.61,238.5444139026168,0,0,,0,0
30.12.2022 18:30:00.000,237.906,238.247,237.817,238.106,2.3472,238.51068975626168,0,0,,0,0
30.12.2022 18:35:00.000,238.107,238.316,237.896,237.966,1.9236,238.46879054424159,0,0,,0,0
30.12.2022 18:40:00.000,237.957,237.957,237.717,237.786,1.9932,238.41626819468456,0,0,,0,0
30.12.2022 18:45:00.000,237.786,237.846,237.586,237.687,1.6188,238.3601706412473,0,0,,0,0
30.12.2022 18:50:00.000,237.696,237.897,237.626,237.897,1.6512000000000002,238.32454213038216,0,0,,0,0
30.12.2022 18:55:00.000,237.897,237.897,237.537,237.567,1.554,238.2662696588143,0,0,,0,0
30.12.2022 19:00:00.000,237.577,237.647,237.216,237.227,1.8240000000000005,238.18632583890553,0,0,,0,0
30.12.2022 19:05:00.000,237.217,237.317,237.056,237.077,1.7004,238.10099308206668,0,0,,0,0
30.12.2022 19:10:00.000,237.067,237.437,237.006,237.226,1.7231999999999998,238.03368592190773,0,2,235.006,0,0
30.12.2022 19:15:00.000,237.226,237.227,237.077,237.126,1.8636,237.96386392791484,0,0,,0,0
30.12.2022 19:20:00.000,237.137,237.327,237.056,237.246,1.3812,237.90864362576755,0,0,,0,0
30.12.2022 19:25:00.000,237.256,237.577,237.216,237.537,1.566,237.88005565455467,0,0,,0,0
30.12.2022 19:30:00.000,237.547,237.787,237.497,237.717,1.6296,237.86751291189663,0,0,,0,0
30.12.2022 19:35:00.000,237.717,237.727,237.417,237.576,1.4664,237.84508884175074,0,0,,0,0
30.12.2022 19:40:00.000,237.587,237.606,237.386,237.456,1.3824,237.81515893084685,0,0,,0,0
30.12.2022 19:45:00.000,237.467,237.627,237.296,237.326,1.5516,237.77753132078172,0,0,,0,0
30.12.2022 19:50:00.000,237.356,237.747,237.316,237.677,1.7592,237.76979814226007,0,0,,0,0
30.12.2022 19:55:00.000,237.687,237.767,237.496,237.696,1.8108,237.76412136208623,0,0,,0,0
30.12.2022 20:00:00.000,237.707,238.366,237.646,238.147,2.2212,237.79357356500267,0,0,,0,0
30.12.2022 20:05:00.000,238.136,238.347,237.996,238.226,1.9404,237.82683713692555,0,0,,0,0
30.12.2022 20:10:00.000,238.226,238.747,238.156,238.567,2.1012000000000004,237.88377274177745,0,0,,0,0
30.12.2022 20:15:00.000,238.577,238.997,238.577,238.607,2.388,237.93940560779458,0,0,,0,0
30.12.2022 20:20:00.000,238.607,238.717,238.366,238.387,1.6391999999999998,237.97383594565656,0,0,,0,0
30.12.2022 20:25:00.000,238.397,238.407,238.126,238.166,1.6812,237.98861779599068,0,0,,0,0
30.12.2022 20:30:00.000,238.176,238.607,238.056,238.526,2.1684,238.0299548886068,0,0,,0,0
30.12.2022 20:35:00.000,238.527,238.617,238.336,238.547,2.2356000000000003,238.0697275894832,0,0,,0,0
30.12.2022 20:40:00.000,238.546,238.707,238.436,238.516,2.1804,238.10405623644604,0,0,,0,0
30.12.2022 20:45:00.000,238.507,239.347,238.476,239.336,2.2992,238.1988211413348,0,0,,0,0
30.12.2022 20:50:00.000,239.296,239.627,239.106,239.307,2.8476,238.28406566892443,0,0,,0,0
30.12.2022 20:55:00.000,239.296,239.757,239.197,239.736,1.8804,238.39575292516102,0,0,,0,0
03.01.2023 14:30:00.000,243.037,243.997,241.676,243.227,2.4275999999999995,238.76738731553328,0,0,,0,0
03.01.2023 14:35:00.000,243.247,244.917,242.446,244.686,2.9544,239.22266521433843,0,0,,0,0
03.01.2023 14:40:00.000,244.737,245.716,244.276,244.386,2.5524,239.6198448132355,0,1,247.716,0,0
03.01.2023 14:45:00.000,244.456,244.696,242.856,243.357,3.0288,239.90731828914048,0,0,,0,0
03.01.2023 14:50:00.000,243.306,243.547,241.676,241.906,3.0264,240.06106303612967,0,0,,0,0
03.01.2023 14:55:00.000,241.907,242.217,241.197,241.206,2.8908,240.14913511027356,0,0,,0,0
03.01.2023 15:00:00.000,241.206,241.797,241.136,241.316,2.1456,240.23889394794483,0,0,,0,0
03.01.2023 15:05:00.000,241.316,241.756,241.006,241.167,2.4072,240.31028672117986,0,0,,0,0
03.01.2023 15:10:00.000,241.137,241.206,240.156,240.247,1.974,240.30541851185833,0,0,,0,0
03.01.2023 15:15:00.000,240.297,240.547,239.746,239.877,2.1948,240.2724632417154,0,0,,0,0
03.01.2023 15:20:00.000,239.877,240.147,239.556,239.876,2.0532000000000004,240.24196606927578,0,0,,0,0
03.01.2023 15:25:00.000,239.897,240.027,239.316,239.727,1.6884,240.20235329471612,0,0,,0,0
03.01.2023 15:30:00.000,239.726,239.726,238.596,238.796,1.9476,240.09417227204565,0,0,,0,0
03.01.2023 15:35:00.000,238.806,239.287,238.796,238.926,1.6092,240.0043128665037,0,0,,0,0
03.01.2023 15:40:00.000,238.926,239.466,238.746,238.776,1.398,239.90982726138807,0,0,,0,0
03.01.2023 15:45:00.000,238.806,239.567,238.756,239.046,1.0452,239.84337901051208,0,0,,0,0
03.01.2023 15:50:00.000,239.057,239.157,238.216,238.267,1.1124,239.72211908662655,0,0,,0,0
03.01.2023 15:55:00.000,238.337,239.746,238.266,239.566,1.0392,239.71010992611684,0,0,,0,0
03.01.2023 16:00:00.000,239.586,239.827,238.706,238.776,0.8052,239.63825531641558,0,0,,0,0
03.01.2023 16:05:00.000,238.817,238.866,237.727,237.887,0.9348,239.503543368999,0,0,,0,0
03.01.2023 16:10:00.000,237.907,238.156,237.496,237.567,1.0728,239.3545784944606,0,2,235.496,0,0
03.01.2023 16:15:00.000,237.567,238.197,237.526,238.047,1.152,239.25399553334825,0,0,,0,0
03.01.2023 16:20:00.000,238.026,238.476,237.776,238.176,1.3152,239.17107280001377,0,0,,0,0
03.01.2023 16:25:00.000,238.176,238.387,237.767,238.297,1.0272,239.10383643078194,0,0,,0,0
03.01.2023 16:30:00.000,238.297,238.297,237.496,237.917,1.1052,239.0125413207218,0,2,235.496,0,0
03.01.2023 16:35:00.000,237.917,238.566,237.916,238.396,0.9012,238.96511506528168,0,0,,0,0
03.01.2023 16:40:00.000,238.377,238.436,237.946,237.947,0.8652,238.8867985217985,0,0,,0,0
03.01.2023 16:45:00.000,238.047,238.216,237.696,238.086,0.7824,238.82519863550633,0,0,,0,0
03.01.2023 16:50:00.000,238.077,238.366,237.846,238.066,1.0464,238.76679874046738,0,0,,0,0
03.01.2023 16:55:00.000,238.076,238.277,237.846,238.156,0.9096,238.71981422196993,0,0,,0,0
03.01.2023 17:00:00.000,238.126,238.287,237.956,238.036,0.7847999999999999,238.66721312797225,0,0,,0,0
03.01.2023 17:05:00.000,238.037,238.657,237.956,238.346,0.9228,238.64250442582056,0,0,,0,0
03.01.2023 17:10:00.000,238.367,238.597,238.116,238.467,0.6456000000000001,238.62900408537286,0,0,,0,0
03.01.2023 17:15:00.000,238.466,238.487,237.897,237.986,0.7571999999999999,238.57954223265187,0,0,,0,0
03.01.2023 17:20:00.000,238.036,238.367,237.596,237.696,0.7716,238.5115774455248,0,0,,0,0
03.01.2023 17:25:00.000,237.667,238.226,237.606,238.147,0.6072,238.4835330266383,0,0,,0,0
03.01.2023 17:30:00.000,238.157,238.967,238.116,238.807,0.75,238.5084151015123,0,0,,0,0
03.01.2023 17:35:00.000,238.806,238.937,238.356,238.427,0.6744,238.502152401396,0,0,,0,0
03.01.2023 17:40:00.000,238.427,238.537,238.137,238.237,0.6216,238.4817560628271,0,0,,0,0
03.01.2023 17:45:00.000,238.237,238.316,237.596,237.767,0.8735999999999999,238.42677482722502,0,0,,0,0
03.01.2023 17:50:00.000,237.767,237.947,237.766,237.806,0.6528,238.3790229174385,0,0,,0,0
03.01.2023 17:55:00.000,237.807,238.337,237.676,238.137,0.7128,238.36040576994327,0,0,,0,0
03.01.2023 18:00:00.000,238.057,238.206,237.777,238.006,0.6612,238.33314378763995,0,0,,0,0
03.01.2023 18:05:00.000,237.967,238.016,237.637,237.806,0.6228,238.29259426551383,0,0,,0,0
03.01.2023 18:10:00.000,237.827,238.167,237.636,237.787,0.6492,238.25370239893587,0,0,,0,0
03.01.2023 18:15:00.000,237.806,237.846,237.566,237.626,0.5892,238.20541759901772,0,0,,0,0
03.01.2023 18:20:00.000,237.627,237.697,237.396,237.607,0.6155999999999999,238.15938547601638,0,2,235.396,0,0
03.01.2023 18:25:00.000,237.587,238.587,237.587,238.426,1.098,238.1798942855536,0,0,,0,0
03.01.2023 18:30:00.000,238.436,238.457,238.126,238.216,0.8688,238.18267164820332,0,0,,0,0
03.01.2023 18:35:00.000,238.216,238.437,238.127,238.187,0.8004,238.18300459834157,0,0,,0,0
03.01.2023 18:40:00.000,238.206,238.607,238.206,238.387,1.002,238.1986965523153,0,0,,0,0
03.01.2023 18:45:00.000,238.367,238.386,238.026,238.197,0.8508,238.19856604829107,0,0,,0,0
03.01.2023 18:50:00.000,238.197,238.757,238.036,238.527,0.8171999999999999,238.22383019842255,0,0,,0,0
03.01.2023 18:55:00.000,238.506,238.587,238.346,238.517,0.9084,238.24638172162082,0,0,,0,0
03.01.2023 19:00:00.000,238.517,238.896,238.327,238.557,1.0392,238.2702754353423,0,0,,0,0
03.01.2023 19:05:00.000,238.556,238.906,238.476,238.826,0.8892,238.31302347877755,0,0,,0,0
03.01.2023 19:10:00.000,238.836,238.897,238.346,238.687,0.9372,238.34179090348698,0,0,,0,0
03.01.2023 19:15:00.000,238.716,238.936,238.497,238.566,0.7992,238.35903775706493,0,0,,0,0
03.01.2023 19:20:00.000,238.586,238.677,238.206,238.257,0.9612,238.35118869882916,0,0,,0,0
03.01.2023 19:25:00.000,238.257,238.617,238.187,238.536,0.7488,238.3654049527654,0,0,,0,0
03.01.2023 19:30:00.000,238.556,238.657,237.886,238.126,1.026,238.34698918716808,0,0,,0,0
03.01.2023 19:35:00.000,238.157,238.366,238.086,238.267,0.816,238.34083617277054,0,0,,0,0
03.01.2023 19:40:00.000,238.267,238.947,238.236,238.947,1.0104000000000002,238.38746415948052,0,0,,0,0
03.01.2023 19:45:00.000,238.926,239.946,238.856,239.747,1.3056,238.49204383952048,0,0,,0,0
03.01.2023 19:50:00.000,239.757,239.787,239.176,239.506,0.9144,238.5700404672497,0,0,,0,0
03.01.2023 19:55:00.000,239.476,239.847,239.216,239.387,0.8435999999999999,238.63288350823052,0,0,,0,0
03.01.2023 20:00:00.000,239.427,239.827,239.146,239.506,1.284,238.70004631528974,0,0,,0,0
03.01.2023 20:05:00.000,239.516,239.647,239.226,239.387,0.8868,238.7528889064213,0,0,,0,0
03.01.2023 20:10:00.000,239.337,239.937,239.337,239.867,0.8003999999999999,238.83858975977353,0,0,,0,0
03.01.2023 20:15:00.000,239.916,240.347,239.826,239.837,0.8844000000000001,238.91539054748327,0,1,242.347,0,0
03.01.2023 20:20:00.000,239.836,239.847,239.207,239.317,1.0836,238.94628358229227,0,0,,0,0
03.01.2023 20:25:00.000,239.307,239.626,239.246,239.437,0.894,238.98403099903902,0,0,,0,0
03.01.2023 20:30:00.000,239.457,239.907,239.376,239.736,1.0176,239.04187476834372,0,0,,0,0
03.01.2023 20:35:00.000,239.757,239.896,239.416,239.606,0.9695999999999998,239.0852690169327,0,0,,0,0
03.01.2023 20:40:00.000,239.596,239.836,239.336,239.337,0.8868,239.1046329387071,0,0,,0,0
03.01.2023 20:45:00.000,239.387,239.697,239.126,239.506,1.0452,239.13550732803736,0,0,,0,0
03.01.2023 20:50:00.000,239.546,239.827,239.216,239.536,1.1316000000000002,239.16631445664987,0,0,,0,0
03.01.2023 20:55:00.000,239.547,239.737,239.306,239.547,1.2876,239.19559795998453,0,0,,0,0
04.01.2023 15:00:00.000,228.956,229.436,227.366,227.597,3.0348e-06,238.3033981169088,0,0,,0,0
04.01.2023 15:05:00.000,227.596,227.807,226.566,226.707,2.2104e-06,237.4113674925312,0,0,,0,0
04.01.2023 15:10:00.000,226.707,227.096,225.956,227.007,2.0316e-06,236.61103153156728,0,2,223.956,0,0
04.01.2023 15:15:00.000,227.006,227.307,226.816,227.056,1.6632e-06,235.8760291060621,0,0,,0,0
04.01.2023 15:20:00.000,227.076,227.217,226.627,226.786,1.7628e-06,235.1767960979035,0,0,,0,0
04.01.2023 15:25:00.000,226.797,227.136,226.456,227.066,1.704e-06,234.55288870575708,0,0,,0,0
04.01.2023 15:30:00.000,227.057,227.087,226.256,226.847,1.6536e-06,233.96012803608346,0,0,,0,0
04.01.2023 15:35:00.000,226.847,227.216,226.776,226.957,1.5288e-06,233.42142587946165,0,0,,0,0
04.01.2023 15:40:00.000,226.957,227.917,226.656,227.826,1.3356e-06,232.99100850411844,0,0,,0,0
04.01.2023 15:45:00.000,227.827,228.557,227.827,228.386,2.1912e-06,232.63677708072473,0,0,,0,0
04.01.2023 15:50:00.000,228.376,228.526,227.557,227.947,1.7508e-06,232.2760249975921,0,0,,0,0
04.01.2023 15:55:00.000,227.957,227.977,227.287,227.516,1.3236e-06,231.90986922854657,0,0,,0,0
04.01.2023 17:00:00.000,228.857,228.997,228.536,228.797,1.5804e-06,231.6704177494276,0,0,,0,0
04.01.2023 17:05:00.000,228.806,228.826,228.326,228.507,1.0355999999e-06,231.42707792254856,0,0,,0,0
04.01.2023 17:10:00.000,228.506,229.076,228.486,229.076,9.299999999999918e-07,231.24622577466022,0,0,,0,0
04.01.2023 17:15:00.000,229.107,229.557,229.046,229.347,8.591999999999928e-07,231.10013148430176,0,0,,0,0
04.01.2023 17:20:00.000,229.336,229.746,229.156,229.636,8.075999999999934e-07,230.98750598550933,0,0,,0,0
04.01.2023 17:25:00.000,229.627,229.627,228.996,228.996,8.195999999999933e-07,230.83431321739323,0,0,,0,0
04.01.2023 17:30:00.000,229.006,229.227,228.976,229.136,7.727999999999939e-07,230.70367373913223,0,0,,0,0
04.01.2023 17:35:00.000,229.177,229.637,229.026,229.626,9.21599999999992e-07,230.62077575919898,0,0,,0,0
04.01.2023 17:40:00.000,229.636,229.636,229.206,229.366,8.207999999999933e-07,230.52425454695293,0,0,,0,0
04.01.2023 17:45:00.000,229.346,229.426,228.996,229.247,7.63199999999994e-07,230.42600419718732,0,0,,0,0
04.01.2023 17:50:00.000,229.226,229.306,228.796,228.906,8.915999999999923e-07,230.30908079740368,0,0,,0,0
04.01.2023 17:55:00.000,228.896,228.897,227.956,227.966,1.0944e-06,230.12884381298804,0,0,,0,0
04.01.2023 19:00:00.000,228.526,229.346,226.537,227.336,2.0568e-06,229.91400967352743,0,0,,0,0
04.01.2023 19:05:00.000,227.296,228.277,226.996,227.087,1.7844e-06,229.6965473909484,0,0,,0,0
04.01.2023 19:10:00.000,227.086,227.657,226.886,227.556,1.596e-06,229.53188989933702,0,0,,0,0
04.01.2023 19:15:00.000,227.526,228.546,227.487,228.186,1.362e-06,229.42835990708033,0,0,,0,0
04.01.2023 19:20:00.000,228.217,228.297,227.036,227.176,1.5252e-06,229.25510145268956,0,0,,0,0
04.01.2023 19:25:00.000,227.177,227.247,226.046,226.136,2.4e-06,229.01517057171344,0,0,,0,0
04.01.2023 19:30:00.000,226.127,226.597,225.947,226.476,2.25e-06,228.81984975850472,1,0,,0,0
04.01.2023 19:35:00.000,226.476,226.777,226.386,226.676,2.0532e-06,228.65493823861974,1,0,,0,0
04.01.2023 19:40:00.000,226.657,227.337,226.476,226.926,1.974e-06,228.52194298949516,1,0,,0,0
04.01.2023 19:45:00.000,226.926,227.267,226.806,226.926,1.6248e-06,228.39917814414937,1,0,,0,0
04.01.2023 19:50:00.000,226.897,227.486,226.696,227.276,2.0592e-06,228.31277982536866,1,0,,0,0
04.01.2023 19:55:00.000,227.266,228.307,227.246,228.087,1.9092e-06,228.29541214649416,1,0,,0,0
05.01.2023 14:30:00.000,227.087,227.496,224.726,225.417,2.2656,228.07399582753308,1,0,,0,0
05.01.2023 14:35:00.000,225.466,225.886,224.496,224.876,2.3652,227.82799614849208,1,0,,0,0
05.01.2023 14:40:00.000,224.876,224.947,223.696,224.567,1.9164,227.57715029091577,1,0,,0,0
05.01.2023 14:45:00.000,224.567,224.567,223.656,223.667,1.734,227.27636949930687,1,0,,0,0
05.01.2023 14:50:00.000,223.667,224.827,223.656,224.727,1.4556,227.08026415320634,1,0,,0,0
05.01.2023 14:55:00.000,224.777,225.297,224.556,225.056,1.584,226.92455152603665,1,0,,0,0
05.01.2023 15:00:00.000,225.096,225.796,224.856,225.007,1.6824,226.77704756249537,1,0,,0,0
05.01.2023 15:05:00.000,225.106,226.156,224.397,225.157,1.8312,226.6524285192265,1,0,,0,0
05.01.2023 15:10:00.000,225.207,225.797,224.786,225.026,1.8552,226.52731863313215,1,0,,0,0
05.01.2023 15:15:00.000,224.996,225.177,224.646,225.057,1.596,226.4142171998143,1,0,,0,0
05.01.2023 15:20:00.000,225.026,225.357,224.426,224.746,1.3992000000000002,226.2858927998286,1,0,,0,0
05.01.2023 15:25:00.000,224.877,225.357,224.537,225.046,1.0764,226.190516430611,1,0,,0,0
05.01.2023 15:30:00.000,225.046,225.197,224.416,224.547,1.1424,226.0640920897948,1,0,,0,0
05.01.2023 15:35:00.000,224.506,224.506,223.946,223.947,1.3224,225.90123885211827,1,0,,0,0
05.01.2023 15:40:00.000,223.957,224.697,223.916,224.477,1.2396000000000005,225.79168201733995,1,0,,0,0
05.01.2023 15:45:00.000,224.487,224.607,223.917,224.126,1.0559999999999998,225.66355263139073,1,0,,0,0
05.01.2023 15:50:00.000,224.127,224.307,223.826,224.266,1.1364,225.55604858282223,1,0,,0,0
05.01.2023 15:55:00.000,224.267,224.446,223.996,224.147,1.1747999999999998,225.44766023029746,1,0,,0,0
05.01.2023 16:00:00.000,224.146,224.347,223.806,224.177,1.062,225.34991713565918,1,0,,0,0
05.01.2023 16:05:00.000,224.237,224.327,223.836,224.106,1.0392,225.25423120214694,1,0,,0,0
05.01.2023 16:10:00.000,224.116,224.757,224.046,224.186,1.098,225.17205957121257,1,0,,0,0
05.01.2023 16:15:00.000,224.236,224.447,224.046,224.096,0.87,225.08928575804237,1,0,,0,0
05.01.2023 16:20:00.000,224.097,224.216,223.626,223.686,0.9528,224.98134069973142,1,0,,0,0
05.01.2023 16:25:00.000,223.696,223.997,223.676,223.866,0.8868,224.89554526129055,1,0,,0,0
05.01.2023 16:30:00.000,223.866,223.967,223.576,223.576,0.9108,224.79404177965282,1,0,,0,0
05.01.2023 16:35:00.000,223.587,223.967,223.496,223.566,0.8507999999999999,224.69957702737184,1,0,,0,0
05.01.2023 16:40:00.000,223.506,223.927,223.506,223.666,0.9192,224.6200711021894,1,0,,0,0
05.01.2023 16:45:00.000,223.637,223.927,223.326,223.477,0.8532,224.53214255586715,1,0,,0,0
05.01.2023 16:50:00.000,223.496,223.897,223.446,223.556,0.7272,224.45705466695432,1,0,,0,0
05.01.2023 16:55:00.000,223.577,223.796,223.076,223.077,0.7416,224.35089661565016,1,0,,0,0
05.01.2023 17:00:00.000,223.076,223.457,223.057,223.186,0.6996,224.26128918367706,1,0,,0,0
05.01.2023 17:05:00.000,223.157,223.627,222.996,223.337,0.8904000000000001,224.19019001570192,1,0,,0,0
05.01.2023 17:10:00.000,223.296,223.337,222.956,223.036,0.8772,224.10140616834025,1,0,,0,0
05.01.2023 17:15:00.000,223.037,223.097,222.566,222.656,0.8604,223.99022107846793,1,0,,0,0
05.01.2023 17:20:00.000,222.666,223.127,222.646,223.086,0.822,223.92066561089348,1,0,,0,0
05.01.2023 17:25:00.000,223.097,223.286,222.917,223.077,0.75,223.8557682562094,1,0,,0,0
05.01.2023 17:30:00.000,223.077,223.587,223.036,223.477,0.7031999999999999,223.82663223650098,1,0,,0,0
05.01.2023 17:35:00.000,223.497,223.647,222.996,223.097,0.6672,223.77050667984707,1,0,,0,0
05.01.2023 17:40:00.000,223.097,223.137,222.806,222.876,0.6215999999999999,223.70169847370502,1,0,,0,0
05.01.2023 17:45:00.000,222.866,222.937,222.616,222.627,0.6456,223.6190293603431,1,0,,0,0
05.01.2023 17:50:00.000,222.636,222.747,222.466,222.527,0.6228,223.53502710185515,1,0,,0,0
05.01.2023 17:55:00.000,222.527,222.566,222.226,222.227,0.7428,223.4344096324817,1,0,,0,0
05.01.2023 18:00:00.000,222.247,222.297,222.017,222.106,0.6299999999999999,223.33222427613697,1,0,,0,0
05.01.2023 18:05:00.000,222.106,222.427,222.106,222.267,0.6624,223.25028394720337,1,0,,0,0
05.01.2023 18:10:00.000,222.236,222.257,221.796,221.817,0.6864,223.14003133588005,1,0,,0,0
05.01.2023 18:15:00.000,221.797,221.927,221.756,221.847,0.7524,223.0405673869662,1,2,219.756,0,0
05.01.2023 18:20:00.000,221.856,223.187,221.847,222.886,1.6991999999999998,223.0286775879688,1,0,,0,0
05.01.2023 18:25:00.000,222.907,223.246,222.676,222.676,1.2744,223.00154854274044,1,0,,0,0
05.01.2023 18:30:00.000,222.686,223.266,222.686,223.136,1.2888,223.01189096252963,0,0,,0,0
05.01.2023 18:35:00.000,223.147,223.377,222.856,223.136,1.0956,223.02143781156582,0,0,,0,0
05.01.2023 18:40:00.000,223.117,223.357,222.926,223.106,0.852,223.02794259529153,0,0,,0,0
05.01.2023 18:45:00.000,223.107,223.707,222.996,223.206,0.9276,223.04163931873066,0,0,,0,0
05.01.2023 18:50:00.000,223.207,223.637,223.046,223.547,0.666,223.08051321728985,0,0,,0,0
05.01.2023 18:55:00.000,223.556,223.717,223.346,223.566,0.9528,223.1178583544214,0,0,,0,0
05.01.2023 19:00:00.000,223.557,223.747,223.297,223.326,0.8699999999999999,223.13386925023514,0,0,,0,0
05.01.2023 19:05:00.000,223.327,223.756,223.326,223.697,0.72,223.17718700021706,0,0,,0,0
05.01.2023 19:10:00.000,223.697,223.817,222.996,222.996,0.7847999999999999,223.16324953866192,0,0,,0,0
05.01.2023 19:15:00.000,222.997,223.487,222.997,223.436,0.7668,223.18423034338025,0,0,,0,0
05.01.2023 19:20:00.000,223.446,223.486,223.216,223.407,0.7128000000000001,223.20136647081253,0,0,,0,0
05.01.2023 19:25:00.000,223.406,223.617,223.167,223.236,0.6732,223.20403058844235,0,0,,0,0
05.01.2023 19:30:00.000,223.236,223.647,223.177,223.407,0.7824,223.21964362010064,0,0,,0,0
05.01.2023 19:35:00.000,223.397,224.247,223.296,224.016,1.0656,223.28090180316983,0,0,,0,0
05.01.2023 19:40:00.000,224.017,224.217,223.906,223.996,0.7619999999999999,223.33590935677216,0,0,,0,0
05.01.2023 19:45:00.000,223.987,224.657,223.966,224.436,1.5612,223.42053171394355,0,1,226.657,0,0
05.01.2023 19:50:00.000,224.487,224.626,224.387,224.526,1.254,223.50556773594792,0,0,,0,0
05.01.2023 19:55:00.000,224.556,224.637,224.216,224.267,1.2264,223.56413944856735,0,0,,0,0
05.01.2023 20:00:00.000,224.266,224.277,223.826,223.917,1.2684000000000002,223.59128256790834,0,0,,0,0
05.01.2023 20:05:00.000,223.927,223.936,223.517,223.546,1.5396,223.58779929345386,0,0,,0,0
05.01.2023 20:10:00.000,223.536,223.596,223.246,223.386,1.4988,223.57227627088048,0,0,,0,0
05.01.2023 20:15:00.000,223.396,223.517,223.086,223.177,1.3847999999999998,223.54187040388967,0,0,,0,0
05.01.2023 20:20:00.000,223.187,223.247,222.916,223.036,1.4711999999999998,223.50295729589817,0,0,,0,0
05.01.2023 20:25:00.000,223.027,223.036,222.836,222.846,1.5228,223.45242211929062,0,0,,0,0
05.01.2023 20:30:00.000,222.897,222.897,222.636,222.706,1.6248,223.39500503319135,0,0,,0,0
05.01.2023 20:35:00.000,222.706,222.897,222.686,222.757,1.4987999999999997,223.34592772294587,0,0,,0,0
05.01.2023 20:40:00.000,222.756,222.807,222.226,222.337,1.3572,223.26831789810387,0,0,,0,0
05.01.2023 20:45:00.000,222.337,222.557,222.156,222.307,1.5348,223.1943703674805,0,0,,0,0
05.01.2023 20:50:00.000,222.187,222.267,221.806,221.906,1.6404,223.0952649545974,0,0,,0,0
05.01.2023 20:55:00.000,221.917,222.497,221.917,222.246,1.7628,223.02993688116686,0,0,,0,0
06.01.2023 15:00:00.000,220.047,221.127,220.047,220.267,2.9004e-06,222.81740327492327,0,0,,0,0
06.01.2023 15:05:00.000,220.306,221.437,219.966,220.836,3.2868e-06,222.66498763839073,0,2,217.966,0,0
06.01.2023 15:10:00.000,220.827,221.557,220.747,221.236,2.8416e-06,222.55506551236067,0,0,,0,0
06.01.2023 15:15:00.000,221.246,222.447,221.246,222.037,2.6892e-06,222.51521431910217,0,0,,0,0
06.01.2023 15:20:00.000,222.057,222.216,221.106,221.597,2.7216e-06,222.44458244840203,0,0,,0,0
06.01.2023 15:25:00.000,221.596,221.696,221.096,221.386,2.5188e-06,222.36315302929418,0,0,,0,0
06.01.2023 15:30:00.000,221.387,222.387,221.276,222.366,2.2356e-06,222.36337202704078,0,0,,0,0
06.01.2023 15:35:00.000,222.376,223.126,222.296,222.897,2.1744e-06,222.40442033265305,0,0,,0,0
06.01.2023 15:40:00.000,222.897,223.146,222.236,222.326,2.4156e-06,222.39838799937206,0,0,,0,0
06.01.2023 15:45:00.000,222.347,222.976,222.016,222.936,2.2656e-06,222.43974276865114,0,0,,0,0
06.01.2023 15:50:00.000,222.947,223.067,222.596,222.907,2.1744e-06,222.47568563260108,0,0,,0,0
06.01.2023 15:55:00.000,222.886,223.096,222.546,222.827,2.154e-06,222.5027098147087,0,0,,0,0
06.01.2023 17:00:00.000,222.877,223.007,222.696,222.727,1.2264e-06,222.51996290588497,0,0,,0,0
06.01.2023 17:05:00.000,222.717,222.947,222.586,222.817,1.3584e-06,222.54281191312458,0,0,,0,0
06.01.2023 17:10:00.000,222.827,223.046,222.757,222.826,1.278e-06,222.56459561211503,0,0,,0,0
06.01.2023 17:15:00.000,222.836,223.007,222.446,222.926,1.4016e-06,222.59239594964464,0,0,,0,0
06.01.2023 17:20:00.000,222.947,223.047,222.476,222.557,1.5552e-06,222.58967318428736,0,0,,0,0
06.01.2023 17:25:00.000,222.557,222.956,222.556,222.726,1.3752e-06,222.60015986241913,0,0,,0,0
06.01.2023 17:30:00.000,222.736,222.957,222.166,222.176,1.3764e-06,222.5675321806946,0,0,,0,0
06.01.2023 17:35:00.000,222.197,222.287,221.896,222.286,1.2492e-06,222.54587585910272,0,0,,0,0
06.01.2023 17:40:00.000,222.287,222.306,221.926,222.217,1.2768e-06,222.52057771609483,0,0,,0,0
06.01.2023 17:45:00.000,222.237,222.377,222.116,222.157,1.3044e-06,222.49261019947215,0,0,,0,0
06.01.2023 17:50:00.000,222.157,222.207,221.906,222.136,1.2228e-06,222.4651786456666,0,0,,0,0
06.01.2023 17:55:00.000,222.146,222.367,221.896,222.296,1.3992e-06,222.45216490369228,0,0,,0,0
06.01.2023 19:00:00.000,224.037,224.326,223.936,224.296,1.5288e-06,222.59399837263902,0,0,,0,0
06.01.2023 19:05:00.000,224.296,224.397,223.997,224.326,1.182e-06,222.72722926705143,0,0,,0,0
06.01.2023 19:10:00.000,224.327,224.946,224.306,224.666,1.518e-06,222.87636547727826,0,0,,0,0
06.01.2023 19:15:00.000,224.676,225.036,224.596,224.896,1.3416e-06,223.0317219790261,0,0,,0,0
06.01.2023 19:20:00.000,224.897,225.657,224.896,225.656,1.4736e-06,223.233589519101,0,0,,0,0
06.01.2023 19:25:00.000,225.656,225.716,225.226,225.606,1.7172e-06,223.41608263301632,0,0,,0,0
06.01.2023 19:30:00.000,225.606,225.647,225.077,225.187,1.2972e-06,223.55230704586123,0,0,,0,0
06.01.2023 19:35:00.000,225.196,225.277,224.927,225.226,1.32e-06,223.68105265771806,0,0,,0,0
06.01.2023 19:40:00.000,225.216,225.227,224.926,224.967,1.1964e-06,223.77997168404744,0,0,,0,0
06.01.2023 19:45:00.000,224.966,225.237,224.696,225.216,1.68e-06,223.8904354006592,0,0,,0,0
06.01.2023 19:50:00.000,225.236,225.657,225.216,225.656,1.6644e-06,224.02624806214695,0,0,,0,0
06.01.2023 19:55:00.000,225.646,225.687,225.316,225.417,1.3668e-06,224.13322898044336,0,0,,0,0
09.01.2023 14:30:00.000,226.866,227.866,226.406,227.016,1.7868,224.35498059733234,0,0,,0,0
09.01.2023 14:35:00.000,227.016,227.707,226.776,227.557,1.7676,224.60128978215295,0,0,,0,0
09.01.2023 14:40:00.000,227.556,227.626,226.367,227.556,1.4244,224.8285751835258,0,0,,0,0
09.01.2023 14:45:00.000,227.556,228.017,227.516,227.887,1.5624000000000002,225.06383863094692,0,0,,0,0
09.01.2023 14:50:00.000,227.887,228.986,227.676,228.527,1.4651999999999998,225.33023565933564,0,0,,0,0
09.01.2023 14:55:00.000,228.526,228.987,228.357,228.927,1.3992000000000002,225.60690983938673,0,0,,0,0
09.01.2023 15:00:00.000,228.906,229.317,228.646,229.146,1.4832,225.8791475440493,0,0,,0,0
09.01.2023 15:05:00.000,229.156,229.167,228.697,228.817,1.2395999999999998,226.10513619450705,0,0,,0,0
09.01.2023 15:10:00.000,228.767,229.136,228.136,228.197,1.2972,226.26604879492962,0,0,,0,0
09.01.2023 15:15:00.000,228.196,228.827,228.177,228.666,0.8232,226.4506604260889,0,0,,0,0
09.01.2023 15:20:00.000,228.667,229.066,228.287,228.537,0.9588,226.61114808562053,0,0,,0,0
09.01.2023 15:25:00.000,228.586,228.967,228.426,228.877,1.2456,226.78544438672665,0,0,,0,0
09.01.2023 15:30:00.000,228.877,229.357,228.876,229.066,1.2,226.96087174159385,0,0,,0,0
09.01.2023 15:35:00.000,229.057,229.826,229.046,229.817,1.0824,227.1805739153174,0,0,,0,0
09.01.2023 15:40:00.000,229.826,230.217,229.506,229.866,1.0644,227.38714515260068,0,0,,0,0
09.01.2023 15:45:00.000,229.867,230.176,229.796,230.046,0.8664,227.5916724485545,0,0,,0,0
09.01.2023 15:50:00.000,230.057,230.186,229.796,229.927,0.6948,227.77131302943494,0,0,,0,0
09.01.2023 15:55:00.000,229.926,229.977,229.386,229.456,0.7607999999999999,227.90090433486304,0,0,,0,0
09.01.2023 16:00:00.000,229.466,230.187,229.426,230.177,1.0368,228.07598861679668,2,0,,0,0
09.01.2023 16:05:00.000,230.177,230.716,229.986,230.577,0.99,228.26837410781235,2,0,,0,0
09.01.2023 16:10:00.000,230.607,230.876,230.486,230.857,0.8483999999999999,228.46749917644217,2,0,,0,0
09.01.2023 16:15:00.000,230.876,231.207,230.446,230.447,0.9168,228.619768470562,2,1,233.207,0,0
09.01.2023 16:20:00.000,230.447,230.867,230.397,230.436,0.8424,228.7594785882111,2,0,,0,0
09.01.2023 16:25:00.000,230.456,230.597,230.396,230.497,0.7488,228.89313408142564,2,0,,0,0
09.01.2023 16:30:00.000,230.506,230.716,230.167,230.196,0.8268,228.99335453670062,2,0,,0,0
09.01.2023 16:35:00.000,230.197,230.637,230.196,230.376,0.6816,229.09971188003135,2,0,,0,0
09.01.2023 16:40:00.000,230.386,230.537,230.296,230.446,0.4931999999999999,229.20327250464436,2,0,,0,0
09.01.2023 16:45:00.000,230.446,230.626,230.156,230.386,0.5760000000000001,229.29425154274867,2,0,,0,0
09.01.2023 16:50:00.000,230.406,230.667,230.226,230.577,0.6864,229.3929245009988,2,0,,0,0
09.01.2023 16:55:00.000,230.586,230.586,230.196,230.297,0.828,229.46246877015273,2,0,,0,0
09.01.2023 17:00:00.000,230.297,230.336,230.046,230.176,0.6072000000000001,229.51735578783328,2,0,,0,0
09.01.2023 17:05:00.000,230.207,230.367,230.007,230.367,0.594,229.58271303492305,2,0,,0,0
09.01.2023 17:10:00.000,230.367,230.687,230.326,230.647,0.6407999999999999,229.66458126300589,2,0,,0,0
09.01.2023 17:15:00.000,230.616,230.697,230.336,230.526,0.6876,229.73084424277468,2,0,,0,0
09.01.2023 17:20:00.000,230.526,230.856,230.516,230.776,0.6816,229.81124083948433,2,0,,0,0
09.01.2023 17:25:00.000,230.776,230.887,230.636,230.796,0.6024,229.8869915441394,2,0,,0,0
09.01.2023 17:30:00.000,230.797,230.827,230.586,230.606,0.5472,229.9422998868979,2,0,,0,0
09.01.2023 17:35:00.000,230.626,230.737,230.336,230.566,0.9204,229.990276818675,2,0,,0,0
09.01.2023 17:40:00.000,230.587,230.607,230.146,230.146,0.642,230.0022555249308,2,0,,0,0
09.01.2023 17:45:00.000,230.156,230.606,230.147,230.397,0.8375999999999999,230.03262048455153,2,0,,0,0
09.01.2023 17:50:00.000,230.416,230.726,230.336,230.716,0.6912,230.08518813958605,2,0,,0,0
09.01.2023 17:55:00.000,230.727,230.827,230.616,230.726,0.9876,230.13448135961792,2,0,,0,0
09.01.2023 18:00:00.000,230.716,230.926,230.497,230.537,0.9612,230.165444331955,2,1,232.926,0,0
09.01.2023 18:05:00.000,230.527,230.857,230.496,230.656,0.5880000000000001,230.2031793833431,2,0,,0,0
09.01.2023 18:10:00.000,230.636,230.836,230.566,230.806,0.6576,230.24955020000903,2,0,,0,0
09.01.2023 18:15:00.000,230.807,230.886,230.616,230.697,0.5688,230.28396941539296,2,0,,0,0
09.01.2023 18:20:00.000,230.696,230.826,230.567,230.617,0.546,230.30958715267045,2,0,,0,0
09.01.2023 18:25:00.000,230.617,230.617,230.416,230.517,0.5172,230.32554198708044,2,0,,0,0
09.01.2023 18:30:00.000,230.566,230.566,230.147,230.247,0.624,230.31950029576657,0,0,,0,0
09.01.2023 18:35:00.000,230.217,230.237,229.516,229.906,0.9828,230.28769258070764,0,0,,0,0
09.01.2023 18:40:00.000,229.897,229.937,229.006,229.086,1.11,230.195254689884,0,0,,0,0
09.01.2023 18:45:00.000,229.087,229.097,228.666,228.987,1.2768000000000002,230.10231202143137,0,0,,0,0
09.01.2023 18:50:00.000,228.926,229.186,228.716,229.047,0.888,230.02113417362898,0,0,,0,0
09.01.2023 18:55:00.000,229.047,229.267,228.796,229.147,0.9552000000000002,229.95389308334984,0,0,,0,0
09.01.2023 19:00:00.000,229.147,229.677,229.066,229.446,0.8495999999999999,229.91482438463063,0,0,,0,0
09.01.2023 19:05:00.000,229.447,229.617,228.796,229.596,0.846,229.89029943196675,0,0,,0,0
09.01.2023 19:10:00.000,229.577,229.767,229.306,229.546,0.9816,229.86381486027702,0,0,,0,0
09.01.2023 19:15:00.000,229.536,229.726,229.307,229.707,0.966,229.85175217871725,0,0,,0,0
09.01.2023 19:20:00.000,229.706,229.957,229.646,229.727,1.1628,229.84215585727748,0,0,,0,0
09.01.2023 19:25:00.000,229.727,229.846,229.186,229.506,1.0452,229.81629771440998,0,0,,0,0
09.01.2023 19:30:00.000,229.587,229.757,229.157,229.307,0.9468,229.7771209671477,0,0,,0,0
09.01.2023 19:35:00.000,229.307,229.357,228.786,229.006,0.9996,229.7178039696748,0,0,,0,0
09.01.2023 19:40:00.000,228.937,229.096,228.706,228.936,1.0488,229.65766520277677,0,0,,0,0
09.01.2023 19:45:00.000,228.916,228.986,228.516,228.687,0.8291999999999999,229.58299864871702,0,0,,0,0
09.01.2023 19:50:00.000,228.656,228.816,228.516,228.597,0.9456,229.5071525988157,0,0,,0,0
09.01.2023 19:55:00.000,228.626,228.636,227.716,227.906,1.1243999999999998,229.38398701429145,0,0,,0,0
09.01.2023 20:00:00.000,227.907,228.087,227.816,228.086,1.14,229.28414185934597,0,0,,0,0
09.01.2023 20:05:00.000,228.067,228.177,227.676,227.987,1.0368,229.18436171631936,0,0,,0,0
09.01.2023 20:10:00.000,227.987,227.996,227.416,227.476,1.1724,229.0529492766025,0,0,,0,0
09.01.2023 20:15:00.000,227.517,227.727,227.416,227.596,1.1928,228.9408762553254,0,0,,0,0
09.01.2023 20:20:00.000,227.546,227.977,227.516,227.597,1.032,228.83750115876194,0,0,,0,0
09.01.2023 20:25:00.000,227.597,227.747,227.416,227.456,1.0344,228.73123183885718,0,0,,0,0
09.01.2023 20:30:00.000,227.477,227.547,226.836,227.327,1.3847999999999998,228.62321400509893,0,0,,0,0
09.01.2023 20:35:00.000,227.317,227.427,227.016,227.027,1.2528,228.50042831239904,0,0,,0,0
09.01.2023 20:40:00.000,227.066,227.716,226.996,227.716,1.2888,228.44008767298374,0,0,,0,0
09.01.2023 20:45:00.000,227.716,227.756,226.886,227.176,1.4724000000000002,228.3428501596773,0,0,,0,0
09.01.2023 20:50:00.000,227.177,227.457,226.957,227.106,1.7016,228.24770783970214,0,0,,0,0
09.01.2023 20:55:00.000,227.117,227.147,226.746,227.057,1.7111999999999998,228.15611492895584,0,2,224.746,0,0
10.01.2023 15:00:00.000,229.816,230.077,229.316,230.027,2.2692e-06,228.30002916519004,0,0,,0,0
10.01.2023 15:05:00.000,229.986,230.247,229.787,229.916,2.1984e-06,228.42433461402157,0,0,,0,0
10.01.2023 15:10:00.000,229.956,230.957,229.846,230.467,2.3028e-06,228.58146272063533,0,0,,0,0
10.01.2023 15:15:00.000,230.467,231.287,230.456,230.616,2.1768e-06,228.73796558827877,0,1,233.287,0,0
10.01.2023 15:20:00.000,230.656,230.716,229.826,230.187,2.2332e-06,228.8494297737958,0,0,,0,0
10.01.2023 15:25:00.000,230.186,230.567,229.006,229.296,2.2884e-06,228.88378132965767,0,0,,0,0
10.01.2023 15:30:00.000,229.336,229.336,227.996,228.087,3.0552e-06,228.82249045814555,0,0,,0,0
10.01.2023 15:35:00.000,228.086,228.847,228.046,228.666,2.6628e-06,228.8104527305959,0,0,,0,0
10.01.2023 15:40:00.000,228.666,228.816,227.426,227.567,2.7396e-06,228.71480252055008,0,0,,0,0
10.01.2023 15:45:00.000,227.566,228.167,227.326,228.046,2.8728e-06,228.66335617281547,0,0,,0,0
10.01.2023 15:50:00.000,228.027,229.077,228.016,228.656,2.826e-06,228.66279031336813,0,0,,0,0
10.01.2023 15:55:00.000,228.667,229.167,228.496,228.706,2.6928e-06,228.66611413541673,0,0,,0,0
10.01.2023 17:00:00.000,228.177,228.216,227.426,227.626,2.2404e-06,228.58610535576932,0,0,,0,0
10.01.2023 17:05:00.000,227.626,228.277,227.626,228.256,1.9296e-06,228.5607126360948,0,0,,0,0
10.01.2023 17:10:00.000,228.226,228.477,228.086,228.327,1.7028e-06,228.5427347410106,0,0,,0,0
10.01.2023 17:15:00.000,228.317,228.357,227.926,227.937,1.8648e-06,228.4961397609329,0,0,,0,0
10.01.2023 17:20:00.000,227.946,228.167,227.697,228.146,1.8768e-06,228.46920593316884,0,0,,0,0
10.01.2023 17:25:00.000,228.146,228.317,227.966,228.086,1.698e-06,228.43972855369432,0,0,,0,0
10.01.2023 17:30:00.000,228.067,228.387,227.996,228.177,1.548e-06,228.4195186649486,0,0,,0,0
10.01.2023 17:35:00.000,228.177,228.877,228.076,228.847,1.8744e-06,228.45240184456796,0,0,,0,0
10.01.2023 17:40:00.000,228.846,228.877,228.396,228.396,1.8e-06,228.44806324113966,0,0,,0,0
10.01.2023 17:45:00.000,228.396,228.537,228.316,228.316,2.0772e-06,228.43790453028276,0,0,,0,0
10.01.2023 17:50:00.000,228.336,228.487,228.276,228.307,1.6452e-06,228.42783495103023,0,0,,0,0
10.01.2023 17:55:00.000,228.306,228.407,228.196,228.257,1.4832e-06,228.414693800951,0,0,,0,0
10.01.2023 19:00:00.000,228.716,228.967,228.606,228.726,1.7196e-06,228.4386404316471,0,0,,0,0
10.01.2023 19:05:00.000,228.727,228.866,228.496,228.796,1.6836e-06,228.46612962921273,0,0,,0,0
10.01.2023 19:10:00.000,228.797,228.867,228.526,228.546,1.5e-06,228.4722735038887,0,0,,0,0
10.01.2023 19:15:00.000,228.526,228.716,228.526,228.606,1.23e-06,228.4825601574357,0,0,,0,0
10.01.2023 19:20:00.000,228.566,228.766,228.357,228.496,1.4532e-06,228.48359399147913,0,0,,0,0
10.01.2023 19:25:00.000,228.466,228.497,228.286,228.426,1.4268e-06,228.47916368444228,0,0,,0,0
10.01.2023 19:30:00.000,228.427,228.697,228.217,228.576,1.6356e-06,228.4866126317929,0,0,,0,0
10.01.2023 19:35:00.000,228.557,228.716,228.426,228.447,1.4436e-06,228.48356550627037,0,0,,0,0
10.01.2023 19:40:00.000,228.427,228.487,228.146,228.236,1.3104e-06,228.46452200578804,0,0,,0,0
10.01.2023 19:45:00.000,228.237,228.247,228.006,228.056,1.524e-06,228.43309723611205,0,0,,0,0
10.01.2023 19:50:00.000,228.056,228.106,227.876,227.977,1.074e-06,228.3980128333342,0,0,,0,0
10.01.2023 19:55:00.000,227.967,228.157,227.866,228.047,1.242e-06,228.3710118461547,0,0,,0,0
11.01.2023 14:30:00.000,231.546,232.587,230.996,232.456,2.1108,228.6852417041428,0,0,,0,0
11.01.2023 14:35:00.000,232.446,233.707,232.446,233.357,1.8336,229.04460772690106,0,0,,0,0
11.01.2023 14:40:00.000,233.397,233.837,233.006,233.397,1.6356000000000002,229.37940713252405,0,0,,0,0
11.01.2023 14:45:00.000,233.396,233.557,232.856,232.867,1.7268,229.64768350694527,0,0,,0,0
11.01.2023 14:50:00.000,232.866,233.067,231.996,232.167,1.2888000000000002,229.84147708333413,0,0,,0,0
11.01.2023 14:55:00.000,232.167,232.197,231.797,231.936,1.2408,230.00259423076997,0,0,,0,0
11.01.2023 15:00:00.000,231.976,232.196,231.446,231.637,1.3571999999999995,230.12831775147998,0,0,,0,0
11.01.2023 15:05:00.000,231.637,232.397,231.636,232.246,1.38,230.29121638598153,0,0,,0,0
11.01.2023 15:10:00.000,232.246,232.756,232.207,232.637,1.1831999999999998,230.47166127936757,0,0,,0,0
11.01.2023 15:15:00.000,232.666,232.907,232.496,232.596,1.2732,230.63507195018545,0,0,,0,0
11.01.2023 15:20:00.000,232.597,233.107,232.486,233.067,1.1172,230.82214333863274,0,0,,0,0
11.01.2023 15:25:00.000,233.077,233.657,232.976,233.526,1.1112,231.03013231258407,0,0,,0,0
11.01.2023 15:30:00.000,233.557,233.607,232.676,232.747,1.0344,231.16219905776993,0,0,,0,0
11.01.2023 15:35:00.000,232.807,233.026,232.426,232.627,1.3236,231.2748760533261,0,0,,0,0
11.01.2023 15:40:00.000,232.617,232.977,232.596,232.896,0.8136000000000001,231.39957789537794,0,0,,0,0
11.01.2023 15:45:00.000,232.896,233.117,232.816,232.917,0.7667999999999999,231.51630267265656,0,0,,0,0
11.01.2023 15:50:00.000,232.916,232.957,232.266,232.526,1.0632,231.59397169783685,0,0,,0,0
11.01.2023 15:55:00.000,232.586,232.646,232.136,232.476,0.9912,231.6618200287725,0,0,,0,0
11.01.2023 16:00:00.000,232.537,232.817,232.476,232.536,0.8795999999999999,231.72906464194384,0,0,,0,0
11.01.2023 16:05:00.000,232.537,233.207,232.476,233.187,0.6960000000000001,231.84121351564048,0,0,,0,0
11.01.2023 16:10:00.000,233.196,233.647,233.096,233.606,0.798,231.97696632212967,0,0,,0,0
11.01.2023 16:15:00.000,233.606,233.867,233.336,233.386,0.858,232.0853535281197,0,0,,0,0
11.01.2023 16:20:00.000,233.396,233.506,233.076,233.396,0.6372,232.18617248749513,0,0,,0,0
11.01.2023 16:25:00.000,233.436,233.617,233.356,233.376,0.8688,232.27769768076473,0,0,,0,0
11.01.2023 16:30:00.000,233.377,233.547,233.247,233.336,0.5784,232.35910555147515,0,0,,0,0
11.01.2023 16:35:00.000,233.337,233.366,233.076,233.226,0.7488000000000001,232.42578973982322,0,0,,0,0
11.01.2023 16:40:00.000,233.277,233.656,233.226,233.597,0.5808,232.51588283675989,0,0,,0,0
11.01.2023 16:45:00.000,233.596,233.906,233.546,233.786,0.7415999999999999,232.61358415700914,0,0,,0,0
11.01.2023 16:50:00.000,233.787,233.967,233.496,233.766,0.6228,232.7022315295469,0,0,,0,0
11.01.2023 16:55:00.000,233.766,233.927,233.536,233.767,0.6095999999999999,232.78413679650487,0,0,,0,0
11.01.2023 17:00:00.000,233.786,233.967,233.627,233.627,0.7163999999999999,232.84897242754298,2,0,,0,0
11.01.2023 17:05:00.000,233.627,234.197,233.606,233.847,0.582,232.92574377927045,2,0,,0,0
11.01.2023 17:10:00.000,233.906,234.066,233.826,233.897,0.54,233.00045579624967,2,0,,0,0
11.01.2023 17:15:00.000,233.897,234.237,233.826,233.977,0.6564000000000001,233.07557458115355,2,0,,0,0
11.01.2023 17:20:00.000,233.977,234.276,233.826,234.046,0.7476,233.15022269029558,2,0,,0,0
11.01.2023 17:25:00.000,234.056,234.057,233.686,233.687,0.6744,233.19151325258053,2,0,,0,0
11.01.2023 17:30:00.000,233.727,233.937,233.686,233.727,0.6048,233.2327045408436,2,0,,0,0
11.01.2023 17:35:00.000,233.727,233.867,233.497,233.707,0.3923999999999999,233.26918880693256,2,0,,0,0
11.01.2023 17:40:00.000,233.707,233.826,233.596,233.636,0.3732,233.29740505255316,2,0,,0,0
11.01.2023 17:45:00.000,233.657,233.667,233.456,233.657,0.5916,233.32506620235677,2,0,,0,0
11.01.2023 17:50:00.000,233.667,233.947,233.566,233.856,0.5508,233.36590726371395,2,0,,0,0
11.01.2023 17:55:00.000,233.856,233.947,233.726,233.786,0.4296,233.39822208958213,2,0,,0,0
11.01.2023 18:00:00.000,233.797,234.117,233.666,234.106,0.7188,233.4526665442297,2,0,,0,0
11.01.2023 18:05:00.000,234.116,234.267,233.876,234.226,0.5579999999999999,233.5121537331351,2,0,,0,0
11.01.2023 18:10:00.000,234.226,234.426,233.926,234.147,0.654,233.5609880613555,2,1,236.426,0,0
11.01.2023 18:15:00.000,234.077,234.147,233.056,233.486,1.0104,233.55521974894356,0,2,231.056,0,0
11.01.2023 18:20:00.000,233.486,233.847,233.436,233.807,0.6576,233.5745874605633,0,0,,0,0
11.01.2023 18:25:00.000,233.806,234.017,233.696,233.917,0.5796,233.60092688667382,0,0,,0,0
11.01.2023 18:30:00.000,233.926,234.077,233.866,233.967,0.6179999999999999,233.6290863569297,0,0,,0,0
11.01.2023 18:35:00.000,233.947,234.077,233.856,233.956,0.4608,233.6542335602428,0,0,,0,0
11.01.2023 18:40:00.000,233.917,234.206,233.906,234.086,0.528,233.68744636330104,0,0,,0,0
11.01.2023 18:45:00.000,234.087,234.226,233.946,233.987,0.4692,233.71048895073943,0,0,,0,0
11.01.2023 18:50:00.000,233.987,234.007,233.676,233.806,0.5088,233.7178359545287,0,0,,0,0
11.01.2023 18:55:00.000,233.806,234.036,233.806,233.976,0.4259999999999999,233.7376947272573,0,0,,0,0
11.01.2023 19:00:00.000,233.977,234.147,233.866,234.017,0.6492000000000001,233.75917974823753,0,0,,0,0
11.01.2023 19:05:00.000,234.006,234.087,233.867,234.016,0.5796,233.77893515221928,0,0,,0,0
11.01.2023 19:10:00.000,234.027,234.117,233.886,233.887,0.534,233.7872478328178,0,0,,0,0
11.01.2023 19:15:00.000,233.887,234.117,233.816,234.017,0.5136000000000001,233.80492107644722,0,0,,0,0
11.01.2023 19:20:00.000,234.057,234.117,233.796,233.866,0.4308,233.80961945518206,0,0,,0,0
11.01.2023 19:25:00.000,233.866,234.026,233.706,233.707,0.3528,233.8017256509373,0,0,,0,0
11.01.2023 19:30:00.000,233.706,233.996,233.667,233.737,0.4356,233.79674675471136,0,0,,0,0
11.01.2023 19:35:00.000,233.736,234.076,233.736,234.016,0.4968,233.81361238896434,0,0,,0,0
11.01.2023 19:40:00.000,234.016,234.357,233.936,234.287,0.4044,233.85002682058249,0,0,,0,0
11.01.2023 19:45:00.000,234.266,234.397,234.166,234.296,0.5327999999999999,233.88433244976846,0,0,,0,0
11.01.2023 19:50:00.000,234.296,234.426,234.256,234.367,0.4427999999999999,233.9214607228632,0,0,,0,0
11.01.2023 19:55:00.000,234.366,234.436,234.246,234.367,0.6144,233.95573297495065,0,0,,0,0
11.01.2023 20:00:00.000,234.367,234.437,234.246,234.356,0.5136000000000001,233.9865227461083,0,0,,0,0
11.01.2023 20:05:00.000,234.337,234.387,234.136,234.197,0.4152,234.00271330409998,0,0,,0,0
11.01.2023 20:10:00.000,234.166,234.467,234.146,234.346,0.5616,234.02911997301538,0,0,,0,0
11.01.2023 20:15:00.000,234.347,234.646,234.316,234.596,0.5568,234.0727261289373,0,0,,0,0
11.01.2023 20:20:00.000,234.637,234.637,234.226,234.267,0.5388,234.08767027286518,0,0,,0,0
11.01.2023 20:25:00.000,234.266,234.467,234.226,234.266,0.4968,234.10138794418327,0,0,,0,0
11.01.2023 20:30:00.000,234.267,234.287,234.016,234.117,0.5459999999999999,234.1025888715538,0,0,,0,0
11.01.2023 20:35:00.000,234.127,234.317,234.027,234.127,0.6384000000000001,234.10446665066505,0,0,,0,0
11.01.2023 20:40:00.000,234.127,234.506,234.016,234.426,0.8783999999999998,234.12919998522926,0,0,,0,0
11.01.2023 20:45:00.000,234.366,234.646,234.276,234.607,0.7704,234.1659538325193,0,0,,0,0
11.01.2023 20:50:00.000,234.516,234.986,234.376,234.946,1.2024,234.225957383864,0,0,,0,0
11.01.2023 20:55:00.000,234.957,235.786,234.916,235.607,1.7124,234.3321914312591,0,0,,0,0
12.01.2023 15:00:00.000,234.697,236.246,234.596,236.206,1.6164e-06,234.4763305519315,0,0,,0,0
12.01.2023 15:05:00.000,236.227,236.426,235.416,236.067,2.0244e-06,234.59868974024448,0,0,,0,0
12.01.2023 15:10:00.000,236.067,238.237,236.067,238.136,2.2728e-06,234.87079052945646,0,0,,0,0
12.01.2023 15:15:00.000,238.197,238.887,238.026,238.427,1.7136e-06,235.14434510411368,0,0,,0,0
12.01.2023 15:20:00.000,238.436,238.706,238.066,238.566,1.4136e-06,235.40754932687418,0,0,,0,0
12.01.2023 15:25:00.000,238.617,238.797,238.026,238.136,1.3956e-06,235.61743014788388,0,0,,0,0
12.01.2023 15:30:00.000,238.136,238.476,237.576,238.196,1.3476e-06,235.81578167496977,0,0,,0,0
12.01.2023 15:35:00.000,238.207,239.127,238.196,239.006,1.2948e-06,236.0611830845875,0,0,,0,0
12.01.2023 15:40:00.000,239.017,239.077,236.806,237.067,1.4256e-06,236.13855361654234,0,0,,0,0
12.01.2023 15:45:00.000,237.066,237.267,236.316,236.946,1.7292e-06,236.20066487680833,0,0,,0,0
12.01.2023 15:50:00.000,236.947,237.847,236.876,237.676,1.7736e-06,236.31415219397692,0,0,,0,0
12.01.2023 15:55:00.000,237.697,237.987,237.236,237.236,1.362e-06,236.385063563671,0,0,,0,0
12.01.2023 17:00:00.000,238.757,238.866,238.246,238.356,8.831999999999925e-07,236.53667405877323,0,0,,0,0
12.01.2023 17:05:00.000,238.336,238.847,237.947,238.646,9.023999999999922e-07,236.69892990040606,0,0,,0,0
12.01.2023 17:10:00.000,238.677,238.916,238.576,238.716,8.171999999999933e-07,236.85408913883637,0,0,,0,0
12.01.2023 17:15:00.000,238.766,239.177,238.666,238.946,7.763999999999938e-07,237.0150053589259,0,0,,0,0
12.01.2023 17:20:00.000,238.957,239.216,238.896,239.077,5.771999999999965e-07,237.17362033131622,0,0,,0,0
12.01.2023 17:25:00.000,239.077,239.257,239.037,239.216,6.995999999999949e-07,237.33072645967653,0,0,,0,0
12.01.2023 17:30:00.000,239.226,239.296,239.106,239.256,6.707999999999952e-07,237.4788244243168,0,0,,0,0
12.01.2023 17:35:00.000,239.266,239.357,239.176,239.297,5.32799999999997e-07,237.61868408398476,0,0,,0,0
12.01.2023 17:40:00.000,239.337,239.346,238.896,238.947,6.167999999999959e-07,237.72086223137057,0,0,,0,0
12.01.2023 17:45:00.000,238.966,239.366,238.966,239.087,6.599999999999954e-07,237.82594975203438,0,0,,0,0
12.01.2023 17:50:00.000,239.127,239.367,239.086,239.166,6.803999999999951e-07,237.92903054033945,0,0,,0,0
12.01.2023 17:55:00.000,239.256,239.616,239.136,239.226,6.11999999999996e-07,238.02879742185183,0,0,,0,0
12.01.2023 19:00:00.000,239.676,239.836,239.186,239.246,7.61999999999994e-07,238.1224283894017,0,1,241.836,0,0
12.01.2023 19:05:00.000,239.247,239.407,238.896,239.007,7.823999999999938e-07,238.19047235944774,0,0,,0,0
12.01.2023 19:10:00.000,239.027,239.126,238.746,239.006,9.11999999999992e-07,238.25320525487484,0,0,,0,0
12.01.2023 19:15:00.000,239.056,239.186,238.746,238.957,8.243999999999932e-07,238.3073433121922,2,0,,0,0
12.01.2023 19:20:00.000,238.976,239.167,238.447,238.987,8.903999999999924e-07,238.35962459586972,2,0,,0,0
12.01.2023 19:25:00.000,238.987,239.096,238.626,238.666,1.0115999999e-06,238.38319193464898,2,0,,0,0
12.01.2023 19:30:00.000,238.726,238.867,238.416,238.507,1.0295999999e-06,238.3927156319837,2,0,,0,0
12.01.2023 19:35:00.000,238.517,238.917,238.176,238.597,9.371999999999916e-07,238.4084298141388,2,0,,0,0
12.01.2023 19:40:00.000,238.617,238.747,238.296,238.456,7.583999999999941e-07,238.41208905920504,2,0,,0,0
12.01.2023 19:45:00.000,238.457,238.786,238.317,238.576,7.307999999999944e-07,238.42469759311237,2,0,,0,0
12.01.2023 19:50:00.000,238.576,238.587,238.016,238.197,9.99599999999995e-07,238.4071823936422,0,0,,0,0
12.01.2023 19:55:00.000,238.157,238.326,237.906,238.276,8.615999999999927e-07,238.3970914402851,0,0,,0,0
13.01.2023 14:30:00.000,236.997,237.167,234.926,235.586,1.4088,238.18085363718626,0,2,232.926,0,0
13.01.2023 14:35:00.000,235.707,236.566,235.546,236.116,1.4196,238.0220187420181,0,0,,0,0
13.01.2023 14:40:00.000,236.187,236.917,235.906,236.307,1.3176,237.89009422340132,0,0,,0,0
13.01.2023 14:45:00.000,236.306,236.797,235.736,236.196,1.4616,237.7597792831397,0,0,,0,0
13.01.2023 14:50:00.000,236.197,236.947,236.056,236.587,1.4652,237.66956549212898,0,0,,0,0
13.01.2023 14:55:00.000,236.547,237.097,236.246,236.426,1.3704,237.57390660811907,0,0,,0,0
13.01.2023 15:00:00.000,236.426,237.407,236.246,236.646,1.3667999999999998,237.50252917672532,0,0,,0,0
13.01.2023 15:05:00.000,236.646,237.366,236.357,236.646,1.5564,237.43664231697724,0,0,,0,0
13.01.2023 15:10:00.000,236.697,237.277,236.646,236.717,1.2936,237.3812852156713,0,0,,0,0
13.01.2023 15:15:00.000,236.686,237.087,236.136,236.337,1.4940000000000002,237.3009555836966,0,0,,0,0
13.01.2023 15:20:00.000,236.347,236.926,236.306,236.766,1.4268,237.2598051541815,0,0,,0,0
13.01.2023 15:25:00.000,236.786,236.926,236.416,236.746,1.2432,237.22028168078293,0,0,,0,0
13.01.2023 15:30:00.000,236.706,236.907,236.146,236.316,1.1208,237.15072155149193,0,0,,0,0
13.01.2023 15:35:00.000,236.307,236.677,236.306,236.516,0.8904000000000001,237.10189681676178,0,0,,0,0
13.01.2023 15:40:00.000,236.517,236.957,236.386,236.386,1.1736,237.04682783085704,0,0,,0,0
13.01.2023 15:45:00.000,236.386,236.816,236.206,236.537,1.1316,237.00761030540653,0,0,,0,0
13.01.2023 15:50:00.000,236.567,236.617,236.396,236.557,0.8460000000000001,236.97294797422143,0,0,,0,0
13.01.2023 15:55:00.000,236.556,236.787,236.306,236.537,0.9756,236.93941351466594,0,0,,0,0
13.01.2023 16:00:00.000,236.516,236.737,236.046,236.296,1.1831999999999998,236.88992016738396,0,0,,0,0
13.01.2023 16:05:00.000,236.296,236.317,235.856,235.906,0.9264,236.81423400066214,0,0,,0,0
13.01.2023 16:10:00.000,235.857,235.947,235.496,235.526,1.1183999999999998,236.7151390775343,0,0,,0,0
13.01.2023 16:15:00.000,235.616,235.656,235.056,235.366,1.0836,236.61135914849322,0,0,,0,0
13.01.2023 16:20:00.000,235.387,236.176,235.336,235.986,0.8472000000000001,236.56325459860912,0,0,,0,0
13.01.2023 16:25:00.000,235.986,235.987,235.537,235.827,0.7871999999999999,236.50661962948536,0,0,,0,0
13.01.2023 16:30:00.000,235.826,235.946,235.316,235.396,1.0428,236.4211873502942,0,0,,0,0
13.01.2023 16:35:00.000,235.396,235.596,235.236,235.247,0.7787999999999999,236.33086524642542,0,0,,0,0
13.01.2023 16:40:00.000,235.306,235.417,235.086,235.377,0.8363999999999999,236.25749099670043,0,0,,0,0
13.01.2023 16:45:00.000,235.376,235.427,234.946,235.266,0.936,236.1812224584927,0,2,232.946,0,0
13.01.2023 16:50:00.000,235.267,235.647,235.117,235.417,0.7896000000000001,236.12243611553174,0,0,,0,0
13.01.2023 16:55:00.000,235.417,235.596,235.116,235.497,0.7008000000000001,236.07432564510623,1,0,,0,0
13.01.2023 17:00:00.000,235.496,235.737,235.416,235.516,0.5592,236.03137751855962,1,0,,0,0
13.01.2023 17:05:00.000,235.517,235.837,235.456,235.766,0.5267999999999999,236.01096386328584,1,0,,0,0
13.01.2023 17:10:00.000,235.676,235.886,235.516,235.847,0.5748000000000001,235.99835125841773,1,0,,0,0
13.01.2023 17:15:00.000,235.847,236.147,235.796,236.007,0.4728,235.9990165462318,0,0,,0,0
13.01.2023 17:20:00.000,236.007,236.047,235.866,236.046,0.5124,236.00263065806013,0,0,,0,0
13.01.2023 17:25:00.000,236.046,236.227,235.996,236.067,0.5952,236.00758214590167,0,0,,0,0
13.01.2023 17:30:00.000,236.066,236.277,235.846,236.197,0.5952000000000001,236.0221527500631,0,0,,0,0
13.01.2023 17:35:00.000,236.247,236.247,236.006,236.067,0.5004,236.0256025385198,0,0,,0,0
13.01.2023 17:40:00.000,236.106,236.317,236.006,236.317,0.4884,236.04801772786442,0,0,,0,0
13.01.2023 17:45:00.000,236.276,236.457,236.116,236.316,0.6900000000000001,236.06863174879794,0,0,,0,0
13.01.2023 17:50:00.000,236.316,236.366,236.096,236.137,0.5676,236.07389084504428,0,0,,0,0
13.01.2023 17:55:00.000,236.137,236.456,236.096,236.407,0.7824000000000001,236.09951462619472,0,0,,0,0
13.01.2023 18:00:00.000,236.416,236.607,236.317,236.416,0.6107999999999999,236.12385965494897,0,0,,0,0
13.01.2023 18:05:00.000,236.417,236.487,236.256,236.437,0.6528,236.14794737379907,0,0,,0,0
13.01.2023 18:10:00.000,236.437,236.676,236.416,236.486,0.5232000000000001,236.17395142196838,0,0,,0,0
13.01.2023 18:15:00.000,236.496,236.537,236.176,236.436,0.5304,236.1941090048939,0,0,,0,0
13.01.2023 18:20:00.000,236.436,236.486,236.237,236.416,0.3935999999999999,236.211177542979,0,0,,0,0
13.01.2023 18:25:00.000,236.416,236.697,236.376,236.657,0.5532,236.24547157813447,0,0,,0,0
13.01.2023 18:30:00.000,236.706,236.927,236.607,236.836,0.45,236.2908968413549,0,0,,0,0
13.01.2023 18:35:00.000,236.836,236.936,236.556,236.936,0.3948,236.3405201612507,0,0,,0,0
13.01.2023 18:40:00.000,236.926,237.387,236.816,237.336,0.6768,236.4170955334622,0,0,,0,0
13.01.2023 18:45:00.000,237.317,237.607,237.126,237.547,0.7596,236.50401126165744,0,0,,0,0
13.01.2023 18:50:00.000,237.557,237.587,237.256,237.386,0.798,236.57185654922225,0,0,,0,0
13.01.2023 18:55:00.000,237.386,237.607,237.356,237.547,0.6155999999999999,236.6468675838975,0,0,,0,0
13.01.2023 19:00:00.000,237.556,237.797,237.496,237.567,0.732,236.71764700052077,0,0,,0,0
13.01.2023 19:05:00.000,237.526,237.716,237.396,237.417,0.4632,236.77144338509612,0,0,,0,0
13.01.2023 19:10:00.000,237.407,237.697,237.406,237.557,0.63,236.83187081701183,0,0,,0,0
13.01.2023 19:15:00.000,237.566,237.737,237.476,237.506,0.6156,236.88372690801094,0,0,,0,0
13.01.2023 19:20:00.000,237.547,237.557,237.306,237.537,0.5484,236.9339786843178,0,0,,0,0
13.01.2023 19:25:00.000,237.577,238.077,237.506,237.966,0.5664,237.01336493937026,0,0,,0,0
13.01.2023 19:30:00.000,237.996,238.237,237.996,238.086,0.5664,237.0958753286495,0,0,,0,0
13.01.2023 19:35:00.000,238.086,238.437,238.046,238.387,0.5112,237.1951926110611,0,0,,0,0
13.01.2023 19:40:00.000,238.387,238.427,238.166,238.267,0.4032,237.27763933328717,0,0,,0,0
13.01.2023 19:45:00.000,238.316,238.416,238.046,238.146,0.4944,237.34443630764972,0,0,,0,0
13.01.2023 19:50:00.000,238.147,238.197,237.916,237.946,0.5484,237.39071043783053,2,0,,0,0
13.01.2023 19:55:00.000,237.937,238.166,237.807,238.107,0.6360000000000001,237.4458096349205,2,0,,0,0
13.01.2023 20:00:00.000,238.107,238.357,238.096,238.217,0.7068,237.50513197069586,2,0,,0,0
13.01.2023 20:05:00.000,238.216,238.237,237.996,238.167,0.5988,237.55604489602695,2,0,,0,0
13.01.2023 20:10:00.000,238.166,238.347,238.087,238.146,0.8484,237.60142605787104,2,0,,0,0
13.01.2023 20:15:00.000,238.167,238.416,238.127,238.277,0.7272000000000001,237.65339328418867,2,0,,0,0
13.01.2023 20:20:00.000,238.256,238.477,238.236,238.437,0.8003999999999999,237.71367072386647,2,0,,0,0
13.01.2023 20:25:00.000,238.426,238.636,238.406,238.576,0.6576,237.78000374510754,2,0,,0,0
13.01.2023 20:30:00.000,238.596,238.666,238.516,238.656,0.9552,237.84738807240697,2,0,,0,0
13.01.2023 20:35:00.000,238.656,239.236,238.617,239.197,1.104,237.95120437452954,2,0,,0,0
13.01.2023 20:40:00.000,239.197,239.236,238.857,238.997,0.756,238.03165019187344,2,0,,0,0
13.01.2023 20:45:00.000,238.997,239.047,238.836,238.977,0.9612,238.10436940788318,2,0,,0,0
13.01.2023 20:50:00.000,239.016,239.197,238.856,239.137,1.1256000000000002,238.18380253035372,2,0,,0,0
13.01.2023 20:55:00.000,239.126,239.357,239.126,239.176,0.804,238.26012541263424,2,0,,0,0
17.01.2023 14:30:00.000,237.947,239.267,237.697,238.046,3.3528,238.24365422704702,0,0,,0,0
17.01.2023 14:35:00.000,238.066,238.597,237.566,237.596,3.4944,238.19383467112033,0,0,,0,0
17.01.2023 14:40:00.000,237.607,238.226,237.057,237.957,3.7824,238.17561661949568,0,2,235.057,0,0
17.01.2023 14:45:00.000,237.956,239.076,237.956,238.597,3.5388,238.20803072568833,0,0,,0,0
17.01.2023 14:50:00.000,238.617,239.446,238.336,239.327,3.3288,238.29410528525077,0,0,,0,0
17.01.2023 14:55:00.000,239.326,239.766,239.056,239.606,3.0552,238.39502026330842,0,0,,0,0
17.01.2023 15:00:00.000,239.707,240.406,239.486,239.986,2.1468000000000003,238.51740331997703,0,0,,0,0
17.01.2023 15:05:00.000,239.996,240.397,239.896,240.376,1.758,238.66037229536343,0,0,,0,0
17.01.2023 15:10:00.000,240.387,240.887,240.347,240.437,1.9452,238.79703596495088,0,1,242.887,0,0
17.01.2023 15:15:00.000,240.456,240.467,240.017,240.317,2.292,238.9139562753393,0,0,,0,0
17.01.2023 15:20:00.000,240.297,240.647,240.286,240.436,3.0768000000000004,239.0310365618517,0,0,,0,0
17.01.2023 15:25:00.000,240.446,240.556,239.937,240.147,2.9976000000000003,239.11687990324774,0,0,,0,0
17.01.2023 15:30:00.000,240.157,240.237,239.757,239.907,2.5668,239.17765837222868,0,0,,0,0
17.01.2023 15:35:00.000,239.896,239.967,239.336,239.356,2.1888,239.19137695898033,0,0,,0,0
17.01.2023 15:40:00.000,239.336,239.556,238.356,238.906,2.9076000000000004,239.16942488521263,0,0,,0,0
17.01.2023 15:45:00.000,238.887,239.537,238.716,239.397,2.5836,239.18693066327322,0,0,,0,0
17.01.2023 15:50:00.000,239.407,239.817,239.157,239.567,2.4792,239.21616676609835,0,0,,0,0
17.01.2023 15:55:00.000,239.567,239.767,239.316,239.686,2.5104,239.2523077840908,0,0,,0,0
17.01.2023 16:00:00.000,239.667,239.847,238.846,239.056,2.5992,239.2372071853146,0,0,,0,0
17.01.2023 16:05:00.000,239.056,239.057,238.286,238.727,2.694,239.19796047875195,0,0,,0,0
17.01.2023 16:10:00.000,238.736,238.757,238.186,238.487,2.6724,239.14327121115565,0,0,,0,0
17.01.2023 16:15:00.000,238.486,238.916,238.446,238.896,2.2464,239.12425034875906,0,0,,0,0
17.01.2023 16:20:00.000,238.906,238.926,238.316,238.367,2.2572,239.06600032193145,0,0,,0,0
17.01.2023 16:25:00.000,238.357,238.856,238.316,238.767,1.8396,239.0430002971675,0,0,,0,0
17.01.2023 16:30:00.000,238.777,239.236,238.726,239.067,1.8312,239.04484642815464,0,0,,0,0
17.01.2023 16:35:00.000,239.056,239.357,238.996,239.317,1.8384,239.0657813182966,0,0,,0,0
17.01.2023 16:40:00.000,239.307,239.447,239.166,239.316,1.9896,239.08502890919686,0,0,,0,0
17.01.2023 16:45:00.000,239.316,239.456,239.216,239.357,1.5444,239.10594976233557,0,0,,0,0
17.01.2023 16:50:00.000,239.347,239.507,239.087,239.166,1.4580000000000002,239.1105690113867,0,0,,0,0
17.01.2023 16:55:00.000,239.176,239.457,239.067,239.317,1.6344,239.1264483182031,0,0,,0,0
17.01.2023 17:00:00.000,239.336,239.626,239.226,239.576,1.5443999999999998,239.16102921680286,0,0,,0,0
17.01.2023 17:05:00.000,239.577,239.577,239.026,239.056,1.65,239.15295004627959,0,0,,0,0
17.01.2023 17:10:00.000,239.057,239.257,238.916,239.226,1.7207999999999997,239.15856927348887,0,0,,0,0
17.01.2023 17:15:00.000,239.227,239.356,239.057,239.247,1.7904,239.16537163706667,0,0,,0,0
17.01.2023 17:20:00.000,239.237,239.426,239.016,239.197,1.8096,239.16780458806156,0,0,,0,0
17.01.2023 17:25:00.000,239.176,239.327,238.996,239.166,1.7208,239.1676657735953,0,0,,0,0
17.01.2023 17:30:00.000,239.177,239.467,239.086,239.397,1.7268,239.18530686793414,0,0,,0,0
17.01.2023 17:35:00.000,239.386,239.716,239.376,239.596,1.338,239.21689864732383,0,0,,0,0
17.01.2023 17:40:00.000,239.586,239.657,239.226,239.256,1.3992,239.21990644368356,0,0,,0,0
17.01.2023 17:45:00.000,239.246,239.357,239.156,239.227,1.3236,239.22045210186175,0,0,,0,0
17.01.2023 17:50:00.000,239.216,239.697,239.176,239.546,1.5264000000000002,239.24549424787241,0,0,,0,0
17.01.2023 17:55:00.000,239.557,239.607,239.366,239.466,1.3896,239.26245622880532,0,0,,0,0
17.01.2023 18:00:00.000,239.477,239.587,239.346,239.556,1.4472,239.28503651889724,0,0,,0,0
17.01.2023 18:05:00.000,239.556,239.597,239.446,239.547,1.158,239.30518755590518,0,0,,0,0
17.01.2023 18:10:00.000,239.536,239.557,239.216,239.256,1.3188,239.30140389775863,0,0,,0,0
17.01.2023 18:15:00.000,239.267,239.656,239.246,239.587,1.1952,239.3233728287003,0,0,,0,0
17.01.2023 18:20:00.000,239.596,239.617,239.237,239.316,1.3284,239.32280568803105,0,0,,0,0
17.01.2023 18:25:00.000,239.316,239.626,239.316,239.476,1.2324,239.33458986587482,0,0,,0,0
17.01.2023 18:30:00.000,239.487,239.557,239.336,239.496,1.4124,239.3470060300383,0,0,,0,0
17.01.2023 18:35:00.000,239.487,239.987,239.447,239.927,1.5359999999999998,239.3916209508046,0,0,,0,0
17.01.2023 18:40:00.000,239.926,240.136,239.716,239.987,1.4568,239.43741933920427,0,0,,0,0
17.01.2023 18:45:00.000,239.976,240.047,239.546,239.777,1.4676,239.46354092849626,0,0,,0,0
17.01.2023 18:50:00.000,239.766,240.357,239.756,240.307,1.5144000000000002,239.52842239553502,0,0,,0,0
17.01.2023 18:55:00.000,240.296,240.776,240.286,240.667,1.404,239.61600528818616,0,1,242.776,0,0
17.01.2023 19:00:00.000,240.656,240.746,240.456,240.606,1.338,239.69215872755646,0,0,,0,0
17.01.2023 19:05:00.000,240.606,240.637,240.226,240.327,1.1988,239.74099267159062,0,0,,0,0
17.01.2023 19:10:00.000,240.316,240.456,239.777,240.007,1.3692,239.76145477377597,0,0,,0,0
17.01.2023 19:15:00.000,239.997,240.107,239.546,240.096,2.2584,239.78718902194709,0,0,,0,0
17.01.2023 19:20:00.000,240.086,240.127,239.616,240.046,1.8576,239.80709755872041,0,0,,0,0
17.01.2023 19:25:00.000,240.046,240.227,240.016,240.116,1.488,239.8308592849727,0,0,,0,0
17.01.2023 19:30:00.000,240.127,240.567,240.116,240.436,1.5876,239.87740857074405,0,0,,0,0
17.01.2023 19:35:00.000,240.437,240.627,240.427,240.477,1.2288,239.92353098837913,0,0,,0,0
17.01.2023 19:40:00.000,240.466,240.607,240.346,240.437,1.1484,239.96302860465767,0,0,,0,0
17.01.2023 19:45:00.000,240.437,240.437,240.146,240.227,1.2648,239.9833340966071,0,0,,0,0
17.01.2023 19:50:00.000,240.237,240.257,239.936,240.016,1.0908,239.98584685840657,0,0,,0,0
17.01.2023 19:55:00.000,240.006,240.017,239.596,239.796,1.338,239.97124325391377,0,0,,0,0
17.01.2023 20:00:00.000,239.807,240.227,239.756,240.187,1.4532,239.98783992668965,0,0,,0,0
17.01.2023 20:05:00.000,240.187,240.237,240.097,240.136,1.3368,239.99923685540585,0,0,,0,0
17.01.2023 20:10:00.000,240.126,240.187,239.926,240.037,1.6368,240.00214171268232,0,0,,0,0
17.01.2023 20:15:00.000,240.047,240.236,239.936,239.987,1.4472,240.00097696555292,0,0,,0,0
17.01.2023 20:20:00.000,239.986,240.106,239.806,240.017,1.416,240.00220950666426,0,0,,0,0
17.01.2023 20:25:00.000,240.017,240.186,239.926,240.026,1.1736,240.00403954461316,0,0,,0,0
17.01.2023 20:30:00.000,240.016,240.267,239.986,240.217,1.422,240.02042111810448,0,0,,0,0
17.01.2023 20:35:00.000,240.217,240.427,240.157,240.317,1.098,240.0432348782503,0,0,,0,0
17.01.2023 20:40:00.000,240.337,240.416,240.046,240.156,1.4016000000000002,240.0519091183849,0,0,,0,0
17.01.2023 20:45:00.000,240.166,240.166,239.787,239.916,1.7171999999999998,240.04145457081685,0,0,,0,0
17.01.2023 20:50:00.000,239.907,239.927,239.126,239.437,1.7076,239.99495806536942,0,0,,0,0
17.01.2023 20:55:00.000,239.436,240.387,239.406,240.356,2.1132,240.02273052187948,0,0,,0,0
18.01.2023 15:00:00.000,241.016,241.646,241.016,241.327,2.2548e-06,240.12305894327338,0,0,,0,0
18.01.2023 15:05:00.000,241.336,242.027,241.306,241.386,2.562e-06,240.22020825532928,0,1,244.027,0,0
18.01.2023 15:10:00.000,241.406,241.596,240.736,240.737,2.6112e-06,240.2599614664578,0,0,,0,0
18.01.2023 15:15:00.000,240.736,241.377,240.296,240.647,2.7132e-06,240.28973366134568,0,0,,0,0
18.01.2023 15:20:00.000,240.646,240.776,239.996,240.526,2.514e-06,240.30790799508833,0,0,,0,0
18.01.2023 15:25:00.000,240.557,240.667,240.076,240.417,2.3064e-06,240.31629968777386,0,0,,0,0
18.01.2023 15:30:00.000,240.407,240.417,239.496,239.577,2.592e-06,240.25943048102204,0,0,,0,0
18.01.2023 15:35:00.000,239.566,239.716,238.786,238.887,2.4384e-06,240.15385890555882,0,0,,0,0
18.01.2023 15:40:00.000,238.887,238.987,238.006,238.276,2.2116e-06,240.00940822051584,0,0,,0,0
18.01.2023 15:45:00.000,238.266,238.737,238.116,238.126,2.2908e-06,239.86453066509156,0,0,,0,0
18.01.2023 15:50:00.000,238.116,238.297,237.787,237.956,2.5092e-06,239.7177206139307,0,0,,0,0
18.01.2023 15:55:00.000,237.936,238.357,237.546,238.237,2.3988e-06,239.60381902824375,0,0,,0,0
18.01.2023 17:00:00.000,237.336,237.527,237.166,237.237,1.6512e-06,239.42175602607117,0,0,,0,0
18.01.2023 17:05:00.000,237.226,237.516,237.126,237.357,1.5252e-06,239.26292863945034,0,0,,0,0
18.01.2023 17:10:00.000,237.347,237.527,237.206,237.457,1.5792e-06,239.12401105180032,0,0,,0,0
18.01.2023 17:15:00.000,237.437,237.557,237.197,237.306,1.6044e-06,238.98416404781568,0,0,,0,0
18.01.2023 17:20:00.000,237.307,237.377,237.087,237.167,1.5168e-06,238.84438219798372,0,0,,0,0
18.01.2023 17:25:00.000,237.146,237.287,236.876,237.077,1.806e-06,238.70842972121574,0,0,,0,0
18.01.2023 17:30:00.000,237.066,237.387,237.016,237.247,1.6536e-06,238.596012050353,0,0,,0,0
18.01.2023 17:35:00.000,237.246,237.547,237.117,237.466,1.464e-06,238.50908804647972,0,0,,0,0
18.01.2023 17:40:00.000,237.466,237.667,237.436,237.537,1.2744e-06,238.43431204290437,0,0,,0,0
18.01.2023 17:45:00.000,237.537,237.587,237.376,237.517,1.3464e-06,238.36374957806558,0,0,,0,0
18.01.2023 17:50:00.000,237.536,237.617,237.276,237.296,1.422e-06,238.28161499513746,0,0,,0,0
18.01.2023 17:55:00.000,237.297,237.537,237.036,237.176,1.4844e-06,238.19656768781923,0,0,,0,0
18.01.2023 19:00:00.000,237.116,237.217,236.786,237.047,1.4196e-06,238.10813940414084,0,0,,0,0
18.01.2023 19:05:00.000,237.037,237.237,236.816,237.097,1.686e-06,238.03035944997617,0,0,,0,0
18.01.2023 19:10:00.000,237.106,237.587,237.106,237.587,1.0415999999e-06,237.9962548769011,0,0,,0,0
18.01.2023 19:15:00.000,237.556,237.666,237.387,237.537,9.011999999999922e-07,237.96092757867797,0,0,,0,0
18.01.2023 19:20:00.000,237.547,237.647,237.466,237.606,1.3308e-06,237.93362545724122,0,0,,0,0
18.01.2023 19:25:00.000,237.597,237.897,237.546,237.797,1.2108e-06,237.92311580668422,0,0,,0,0
18.01.2023 19:30:00.000,237.797,237.947,237.666,237.816,1.1412e-06,237.914876129247,0,0,,0,0
18.01.2023 19:35:00.000,237.816,237.817,237.166,237.227,1.2744e-06,237.8619625808434,0,0,,0,0
18.01.2023 19:40:00.000,237.227,237.337,237.086,237.277,1.4064e-06,237.81696545924007,0,0,,0,0
18.01.2023 19:45:00.000,237.277,237.347,236.926,236.947,1.1472e-06,237.75004503929853,0,0,,0,0
18.01.2023 19:50:00.000,236.966,237.027,236.837,236.956,1.272e-06,237.68896465166017,0,0,,0,0
18.01.2023 19:55:00.000,236.927,237.257,236.846,237.127,1.1964e-06,237.64573660153246,0,0,,0,0
19.01.2023 14:30:00.000,233.916,235.217,233.916,234.716,2.298,237.42037224756842,0,0,,0,0
19.01.2023 14:35:00.000,234.706,234.706,233.796,234.666,2.4828,237.20849745929394,1,0,,0,0
19.01.2023 14:40:00.000,234.667,235.056,233.096,233.157,2.712,236.89684380857904,1,0,,0,0
19.01.2023 14:45:00.000,233.136,233.247,232.037,232.276,2.892,236.5413942848422,1,0,,0,0
19.01.2023 14:50:00.000,232.287,232.617,231.926,232.137,2.8968,236.20259472446972,1,0,,0,0
19.01.2023 14:55:00.000,232.147,233.296,232.136,232.876,3.0804,235.94670282258744,1,0,,0,0
19.01.2023 15:00:00.000,232.837,233.366,232.606,232.966,2.9136,235.71741799008075,1,0,,0,0
19.01.2023 15:05:00.000,232.976,233.127,232.606,232.927,2.9928,235.50277045238224,1,0,,0,0
19.01.2023 15:10:00.000,232.937,233.067,232.096,232.586,3.198,235.27840349450668,1,0,,0,0
19.01.2023 15:15:00.000,232.587,233.237,232.216,232.707,2.7648,235.0806032256985,1,0,,0,0
19.01.2023 15:20:00.000,232.707,233.067,232.556,232.757,2.5152,234.9018645160294,1,0,,0,0
19.01.2023 15:25:00.000,232.756,233.066,232.636,232.876,2.5632,234.74602878402715,1,0,,0,0
19.01.2023 15:30:00.000,232.867,232.967,231.996,232.047,2.592,234.53841118525582,1,0,,0,0
19.01.2023 15:35:00.000,232.057,232.357,231.577,232.126,2.5572,234.35284109408232,1,0,,0,0
19.01.2023 15:40:00.000,232.136,232.606,231.987,232.086,2.682,234.17846870222985,1,0,,0,0
19.01.2023 15:45:00.000,232.086,232.126,231.576,231.866,2.5548,234.00058649436602,1,0,,0,0
19.01.2023 15:50:00.000,231.867,231.986,231.456,231.456,2.5608,233.8048490717225,1,0,,0,0
19.01.2023 15:55:00.000,231.467,231.467,230.807,231.087,2.2656,233.59578375851308,1,0,,0,0
19.01.2023 16:00:00.000,231.087,231.357,230.846,231.147,2.3412,233.40741577708903,1,0,,0,0
19.01.2023 16:05:00.000,231.157,231.817,231.097,231.676,2.2704,233.2742299480822,1,0,,0,0
19.01.2023 16:10:00.000,231.686,232.067,231.636,231.856,2.3400000000000003,233.16513533669126,1,0,,0,0
19.01.2023 16:15:00.000,231.856,231.926,231.626,231.667,2.0784,233.04989415694578,1,0,,0,0
19.01.2023 16:20:00.000,231.667,231.687,231.036,231.146,1.8984,232.90344076025767,1,0,,0,0
19.01.2023 16:25:00.000,231.156,231.417,230.996,231.006,1.7880000000000005,232.7574837786994,1,0,,0,0
19.01.2023 16:30:00.000,231.006,231.127,230.696,230.746,1.932,232.60275425726098,1,0,,0,0
19.01.2023 16:35:00.000,230.736,231.127,230.676,230.947,1.8348,232.475388545164,1,2,228.676,0,0
19.01.2023 16:40:00.000,230.947,231.177,230.796,230.907,1.914,232.3547432724591,1,0,,0,0
19.01.2023 16:45:00.000,230.916,231.506,230.867,231.486,1.8192,232.28791686688533,1,0,,0,0
19.01.2023 16:50:00.000,231.486,231.517,231.006,231.096,1.4688,232.196230954048,1,0,,0,0
19.01.2023 16:55:00.000,231.086,231.267,230.906,231.007,1.5288,232.1047516498905,1,0,,0,0
19.01.2023 17:00:00.000,231.007,231.567,230.996,231.466,2.0904000000000003,232.05561690759123,1,0,,0,0
19.01.2023 17:05:00.000,231.456,231.697,231.106,231.307,1.3956,231.99803099162267,1,0,,0,0
19.01.2023 17:10:00.000,231.307,231.627,231.306,231.607,1.1748,231.96795168457479,1,0,,0,0
19.01.2023 17:15:00.000,231.606,231.817,231.236,231.286,1.1664,231.91549386268443,1,0,,0,0
19.01.2023 17:20:00.000,231.267,231.327,230.996,231.047,1.3596,231.84868664247796,1,0,,0,0
19.01.2023 17:25:00.000,231.036,231.147,230.906,230.997,1.2408,231.7831722853643,1,0,,0,0
19.01.2023 17:30:00.000,231.006,231.247,230.907,231.147,1.4376,231.7342359557209,1,0,,0,0
19.01.2023 17:35:00.000,231.157,231.387,231.086,231.266,1.3992,231.69821780528085,1,0,,0,0
19.01.2023 17:40:00.000,231.277,231.516,231.226,231.306,1.5408,231.66804720487465,1,0,,0,0
19.01.2023 17:45:00.000,231.317,231.437,231.116,231.197,1.4472,231.6318128044997,1,0,,0,0
19.01.2023 17:50:00.000,231.187,231.327,231.057,231.096,1.4796,231.59059643492282,1,0,,0,0
19.01.2023 17:55:00.000,231.086,231.647,231.057,231.617,1.2828,231.5926274783903,0,0,,0,0
19.01.2023 18:00:00.000,231.636,232.267,231.557,232.196,2.0712,231.63904074928337,0,0,,0,0
19.01.2023 18:05:00.000,232.186,232.227,231.666,231.777,1.632,231.6496529993385,0,0,,0,0
19.01.2023 18:10:00.000,231.787,232.057,231.656,232.006,1.5576,231.6770643070817,0,0,,0,0
19.01.2023 18:15:00.000,232.037,232.427,231.686,232.357,2.1432,231.72936705269083,0,0,,0,0
19.01.2023 18:20:00.000,232.367,232.787,232.196,232.437,2.0964,231.78380035633,0,0,,0,0
19.01.2023 18:25:00.000,232.447,232.467,232.037,232.266,1.9176,231.8208926366123,0,0,,0,0
19.01.2023 18:30:00.000,232.277,232.676,232.266,232.586,2.016,231.8797470491806,0,0,,0,0
19.01.2023 18:35:00.000,232.587,233.447,232.496,233.436,1.9176,231.99945881462827,0,0,,0,0
19.01.2023 18:40:00.000,233.447,233.957,233.367,233.436,2.2548000000000004,232.1099619827338,0,0,,0,0
19.01.2023 18:45:00.000,233.436,233.587,233.307,233.476,1.6032000000000002,232.21504183021582,0,0,,0,0
19.01.2023 18:50:00.000,233.437,233.607,233.226,233.227,1.6068,232.2928847663531,0,0,,0,0
19.01.2023 18:55:00.000,233.237,233.267,233.026,233.216,1.5408,232.3638936304798,0,0,,0,0
19.01.2023 19:00:00.000,233.197,233.536,232.876,233.447,1.9284,232.44720950505828,0,0,,0,0
19.01.2023 19:05:00.000,233.457,233.507,233.186,233.487,1.6044,232.5271933892846,0,0,,0,0
19.01.2023 19:10:00.000,233.487,233.947,233.426,233.837,1.782,232.62794774395502,0,0,,0,0
19.01.2023 19:15:00.000,233.837,233.956,233.566,233.596,1.5576,232.70241330211235,0,0,,0,0
19.01.2023 19:20:00.000,233.576,234.037,233.457,233.957,1.8732,232.79891997118065,0,0,,0,0
19.01.2023 19:25:00.000,233.956,234.037,233.686,233.746,1.89,232.87177228108982,0,0,,0,0
19.01.2023 19:30:00.000,233.757,233.897,233.506,233.886,1.596,232.9497897979291,0,0,,0,0
19.01.2023 19:35:00.000,233.887,234.147,233.846,233.927,1.6487999999999998,233.024959813473,0,0,,0,0
19.01.2023 19:40:00.000,233.916,234.366,233.746,234.177,1.668,233.1135782893597,0,0,,0,0
19.01.2023 19:45:00.000,234.207,234.377,233.946,234.007,1.8132,233.18230303633206,0,0,,0,0
19.01.2023 19:50:00.000,233.997,234.007,233.687,233.796,1.6056,233.22951049507574,0,0,,0,0
19.01.2023 19:55:00.000,233.787,234.077,233.736,233.846,1.608,233.2769327646853,0,0,,0,0
19.01.2023 20:00:00.000,233.847,234.067,233.847,233.907,1.5432,233.32539947509414,0,0,,0,0
19.01.2023 20:05:00.000,233.916,233.917,233.336,233.467,1.6356000000000002,233.33629182316383,0,0,,0,0
19.01.2023 20:10:00.000,233.467,233.747,233.387,233.557,1.6536,233.35326937522817,0,0,,0,0
19.01.2023 20:15:00.000,233.546,233.836,233.356,233.646,1.6908,233.37578711559524,0,0,,0,0
19.01.2023 20:20:00.000,233.637,233.767,233.427,233.696,1.5672,233.40041887593406,0,0,,0,0
19.01.2023 20:25:00.000,233.697,233.867,233.576,233.697,1.6584,233.42323280855453,0,0,,0,0
19.01.2023 20:30:00.000,233.707,233.846,233.317,233.716,1.8804,233.44575336174265,0,0,,0,0
19.01.2023 20:35:00.000,233.717,233.946,233.637,233.786,1.4496000000000002,233.47192618007017,2,0,,0,0
19.01.2023 20:40:00.000,233.796,233.827,233.137,233.236,1.4087999999999998,233.45377801237248,0,0,,0,0
19.01.2023 20:45:00.000,233.216,233.396,232.826,233.036,1.7268,233.42164124219,0,0,,0,0
19.01.2023 20:50:00.000,233.037,233.037,232.266,232.376,1.542,233.3412073004831,0,0,,0,0
19.01.2023 20:55:00.000,232.396,232.396,231.556,231.806,1.7879999999999998,233.22311443121515,0,2,229.556,0,0
20.01.2023 15:00:00.000,235.687,235.687,235.156,235.447,3.1164e-06,233.3941825518909,0,0,,0,0
20.01.2023 15:05:00.000,235.447,235.957,235.446,235.746,3.0432e-06,233.57509158636086,0,0,,0,0
20.01.2023 15:10:00.000,235.756,235.937,235.406,235.567,2.7288e-06,233.72831531048698,0,0,,0,0
20.01.2023 15:15:00.000,235.567,235.747,235.126,235.477,2.4384e-06,233.86282951737263,0,0,,0,0
20.01.2023 15:20:00.000,235.527,235.896,235.356,235.836,2.6868e-06,234.01461186219012,0,0,,0,0
20.01.2023 15:25:00.000,235.837,236.457,235.476,236.367,2.826e-06,234.19556479586782,0,0,,0,0
20.01.2023 15:30:00.000,236.376,236.727,236.086,236.357,2.07e-06,234.36182904233954,0,0,,0,0
20.01.2023 15:35:00.000,236.356,236.367,235.776,235.966,2.232e-06,234.48522680831343,0,0,,0,0
20.01.2023 15:40:00.000,235.977,236.177,235.666,235.677,2.3088e-06,234.5769016692124,0,0,,0,0
20.01.2023 15:45:00.000,235.687,236.096,235.606,236.006,2.2152e-06,234.68683231004223,0,0,,0,0
20.01.2023 15:50:00.000,235.996,236.326,235.736,236.276,1.5804e-06,234.80907597850052,0,0,,0,0
20.01.2023 15:55:00.000,236.267,236.507,236.046,236.087,1.428e-06,234.9073778263082,0,0,,0,0
20.01.2023 17:00:00.000,238.467,238.717,238.417,238.717,1.5612e-06,235.20042568582298,0,0,,0,0
20.01.2023 17:05:00.000,238.727,238.797,238.556,238.556,1.5408e-06,235.45854678691353,0,0,,0,0
20.01.2023 17:10:00.000,238.547,238.616,238.326,238.376,1.7928e-06,235.68296626484326,0,0,,0,0
20.01.2023 17:15:00.000,238.366,238.587,238.296,238.456,1.5192e-06,235.89627655216302,0,0,,0,0
20.01.2023 17:20:00.000,238.467,238.527,238.197,238.336,1.4064e-06,236.08394758661203,0,0,,0,0
20.01.2023 17:25:00.000,238.346,238.557,238.216,238.427,1.3992e-06,236.26418238764188,0,0,,0,0
20.01.2023 17:30:00.000,238.416,238.416,238.096,238.187,1.656e-06,236.41209143474637,0,0,,0,0
20.01.2023 17:35:00.000,238.197,238.307,238.096,238.216,1.416e-06,236.55085363207357,0,0,,0,0
20.01.2023 17:40:00.000,238.226,238.457,238.216,238.336,1.4664e-06,236.68817258345254,0,0,,0,0
20.01.2023 17:45:00.000,238.347,238.677,238.297,238.656,1.4124e-06,236.83954392318697,0,0,,0,0
20.01.2023 17:50:00.000,238.647,238.817,238.586,238.726,1.3452e-06,236.98465592909568,0,0,,0,0
20.01.2023 17:55:00.000,238.736,238.757,238.296,238.297,1.2948e-06,237.0856054730114,0,0,,0,0
20.01.2023 19:00:00.000,239.487,239.576,239.346,239.506,1.482e-06,237.27178966739518,0,0,,0,0
20.01.2023 19:05:00.000,239.497,239.516,239.196,239.317,1.0764e-06,237.42911353913402,0,0,,0,0
20.01.2023 19:10:00.000,239.306,239.517,239.286,239.317,1.2156e-06,237.57433557458526,0,0,,0,0
20.01.2023 19:15:00.000,239.306,239.427,239.116,239.176,1.0595999999e-06,237.6975405303864,0,0,,0,0
20.01.2023 19:20:00.000,239.166,239.457,239.086,239.317,1.1028e-06,237.82211433574128,0,0,,0,0
20.01.2023 19:25:00.000,239.327,239.327,239.076,239.127,9.695999999999928e-07,237.92249015606887,0,0,,0,0
20.01.2023 19:30:00.000,239.137,239.477,239.137,239.296,1.2468e-06,238.0281447594482,2,0,,0,0
20.01.2023 19:35:00.000,239.306,239.487,239.276,239.446,1.14e-06,238.13721054718297,2,0,,0,0
20.01.2023 19:40:00.000,239.457,239.717,239.396,239.687,1.1304e-06,238.25642512047662,2,0,,0,0
20.01.2023 19:45:00.000,239.687,239.797,239.336,239.427,1.3344e-06,238.34646934197843,2,0,,0,0
20.01.2023 19:50:00.000,239.436,239.467,239.186,239.327,1.296e-06,238.42189477721087,2,0,,0,0
20.01.2023 19:55:00.000,239.316,239.567,239.096,239.507,1.1796e-06,238.50536440973312,2,0,,0,0
23.01.2023 14:30:00.000,240.886,240.996,239.626,240.027,2.5152,238.62241330129214,2,0,,0,0
23.01.2023 14:35:00.000,240.077,241.397,239.796,241.116,2.5788,238.81422766273124,2,0,,0,0
23.01.2023 14:40:00.000,241.176,242.297,241.106,241.106,2.6952000000000003,238.99051784252117,2,0,,0,0
23.01.2023 14:45:00.000,241.147,241.796,240.676,241.576,2.4084,239.18940108540417,2,0,,0,0
23.01.2023 14:50:00.000,241.576,242.087,241.446,241.486,2.6196,239.3660625403731,2,0,,0,0
23.01.2023 14:55:00.000,241.517,241.726,241.296,241.497,2.9184,239.52998080649823,2,0,,0,0
23.01.2023 15:00:00.000,241.496,242.006,241.416,241.526,2.34,239.6835207444599,2,0,,0,0
23.01.2023 15:05:00.000,241.516,241.516,240.566,240.706,2.7792,239.7621729948861,2,0,,0,0
23.01.2023 15:10:00.000,240.686,241.356,240.587,240.927,3.0264,239.85177507220257,2,0,,0,0
23.01.2023 15:15:00.000,240.926,241.646,240.887,241.606,2.8536,239.9867154512639,2,0,,0,0
23.01.2023 15:20:00.000,241.626,242.246,241.566,242.237,2.6856,240.15981426270514,2,0,,0,0
23.01.2023 15:25:00.000,242.236,242.497,241.936,242.246,2.4840000000000004,240.3202900886509,2,0,,0,0
23.01.2023 15:30:00.000,242.246,242.527,242.176,242.407,2.2416,240.48080623567776,2,0,,0,0
23.01.2023 15:35:00.000,242.417,242.777,242.277,242.656,2.1468000000000003,240.64812883293334,2,0,,0,0
23.01.2023 15:40:00.000,242.657,242.747,242.316,242.567,2.5068,240.79573430732307,2,0,,0,0
23.01.2023 15:45:00.000,242.566,243.277,242.447,243.217,2.2176,240.98198551445208,2,0,,0,0
23.01.2023 15:50:00.000,243.207,243.337,242.796,242.847,1.5155999999999998,241.12544816718656,2,0,,0,0
23.01.2023 15:55:00.000,242.857,243.097,242.606,242.607,1.3404,241.2394136927876,2,0,,0,0
23.01.2023 16:00:00.000,242.607,243.477,242.606,243.457,1.5648,241.40999725488086,2,0,,0,0
23.01.2023 16:05:00.000,243.476,244.347,243.317,244.256,2.0436,241.62892054296697,2,0,,0,0
23.01.2023 16:10:00.000,244.266,244.387,244.076,244.147,2.1216,241.82261896273877,2,0,,0,0
23.01.2023 16:15:00.000,244.176,244.767,243.996,244.697,2.0268,242.04372519637425,2,0,,0,0
23.01.2023 16:20:00.000,244.686,244.876,244.496,244.556,2.0328,242.2369771043455,2,0,,0,0
23.01.2023 16:25:00.000,244.556,244.586,243.886,243.987,2.2476,242.3715942501651,2,0,,0,0
23.01.2023 16:30:00.000,243.967,244.227,243.896,244.036,2.0844,242.49962546169087,2,0,,0,0
23.01.2023 16:35:00.000,244.027,244.576,243.866,244.557,2.3268,242.6578850415608,2,0,,0,0
23.01.2023 16:40:00.000,244.577,244.947,244.476,244.927,1.5048,242.83243234605615,2,0,,0,0
23.01.2023 16:45:00.000,244.936,245.147,244.776,245.027,1.7484,243.0012452425134,2,1,247.147,0,0
23.01.2023 16:50:00.000,245.017,245.037,244.686,244.907,1.9524,243.14784176232007,2,0,,0,0
23.01.2023 16:55:00.000,244.887,244.897,244.496,244.567,1.5192,243.25700778060315,2,0,,0,0
23.01.2023 17:00:00.000,244.556,244.566,244.226,244.456,1.7424000000000002,243.34923795132602,2,0,,0,0
23.01.2023 17:05:00.000,244.477,244.486,243.866,243.916,2.0004,243.39283503199326,2,0,,0,0
23.01.2023 17:10:00.000,243.917,244.127,243.726,244.077,1.7064,243.44546310645532,2,0,,0,0
23.01.2023 17:15:00.000,244.076,244.327,244.006,244.307,1.5204,243.51173517518953,2,0,,0,0
23.01.2023 17:20:00.000,244.307,244.537,244.056,244.497,1.4316,243.58752477709805,2,0,,0,0
23.01.2023 17:25:00.000,244.507,244.517,244.216,244.276,1.4628,243.64048440962898,2,0,,0,0
23.01.2023 17:30:00.000,244.317,244.317,243.806,243.996,1.3956,243.66783176273447,2,0,,0,0
23.01.2023 17:35:00.000,244.007,244.197,243.846,244.087,1.4436,243.70007547329337,2,0,,0,0
23.01.2023 17:40:00.000,244.097,244.147,243.776,244.017,1.3632,243.72445428304005,2,0,,0,0
23.01.2023 17:45:00.000,244.046,244.056,243.596,244.017,1.1891999999999998,243.74695779972927,2,0,,0,0
23.01.2023 17:50:00.000,244.006,244.487,243.956,244.196,1.4448,243.78149950744242,2,0,,0,0
23.01.2023 17:55:00.000,244.216,244.347,244.036,244.176,1.2996,243.8118456991776,2,0,,0,0
23.01.2023 18:00:00.000,244.176,244.476,244.046,244.237,1.6404,243.84454987616397,2,0,,0,0
23.01.2023 18:05:00.000,244.246,244.286,244.046,244.167,1.05,243.86935373184366,2,0,,0,0
23.01.2023 18:10:00.000,244.167,244.247,243.956,244.116,1.1604,243.88832652170186,2,0,,0,0
23.01.2023 18:15:00.000,244.116,244.256,244.037,244.147,1.0392,243.90822448157095,2,0,,0,0
23.01.2023 18:20:00.000,244.146,244.447,244.126,244.196,1.1244,243.93036105991166,2,0,,0,0
23.01.2023 18:25:00.000,244.206,244.297,244.007,244.097,1.1064,243.94317943991848,2,0,,0,0
23.01.2023 18:30:00.000,244.106,244.227,244.026,244.086,1.2648,243.95416563684785,2,0,,0,0
23.01.2023 18:35:00.000,244.096,244.407,244.006,244.336,1.1388,243.9835375109365,2,0,,0,0
23.01.2023 18:40:00.000,244.336,244.437,244.066,244.347,1.0428,244.0114961639414,2,0,,0,0
23.01.2023 18:45:00.000,244.387,244.506,244.296,244.407,0.9828,244.0419195359459,2,0,,0,0
23.01.2023 18:50:00.000,244.407,244.467,244.016,244.086,1.0404,244.04531034087316,2,0,,0,0
23.01.2023 18:55:00.000,244.097,244.136,243.706,243.756,1.152,244.02305569926753,0,0,,0,0
23.01.2023 19:00:00.000,243.747,243.846,243.016,243.056,1.8588,243.9486667993239,0,0,,0,0
23.01.2023 19:05:00.000,243.056,243.367,243.036,243.136,1.5504,243.8861539686067,0,0,,0,0
23.01.2023 19:10:00.000,243.136,243.436,243.046,243.396,1.5059999999999998,243.84844981717544,0,0,,0,0
23.01.2023 19:15:00.000,243.406,243.587,243.326,243.557,1.476,243.82603060046964,0,0,,0,0
23.01.2023 19:20:00.000,243.566,243.607,243.426,243.557,1.1784,243.80533593889507,0,0,,0,0
23.01.2023 19:25:00.000,243.546,243.606,243.306,243.337,1.7184,243.7693100974416,0,0,,0,0
23.01.2023 19:30:00.000,243.357,243.586,243.266,243.346,1.9536,243.73674778225381,0,0,,0,0
23.01.2023 19:35:00.000,243.336,243.347,242.666,242.836,2.4384,243.66745949131123,0,0,,0,0
23.01.2023 19:40:00.000,242.847,243.047,242.696,242.737,2.0088,243.5958856842873,0,0,,0,0
23.01.2023 19:45:00.000,242.727,242.727,241.616,241.897,3.1152,243.46520217011138,0,0,,0,0
23.01.2023 19:50:00.000,241.866,242.147,241.737,242.087,2.712,243.35918661856437,0,0,,0,0
23.01.2023 19:55:00.000,242.086,242.526,242.086,242.507,2.478,243.29363380175175,0,0,,0,0
23.01.2023 20:00:00.000,242.526,242.577,242.257,242.266,2.3856,243.21458504777087,0,0,,0,0
23.01.2023 20:05:00.000,242.257,242.356,242.056,242.186,2.4504,243.13546312101926,0,0,,0,0
23.01.2023 20:10:00.000,242.176,242.807,242.026,242.656,2.2368,243.09858134247932,0,0,,0,0
23.01.2023 20:15:00.000,242.697,242.747,242.306,242.346,2.1096000000000004,243.04069046998092,0,0,,0,0
23.01.2023 20:20:00.000,242.327,242.507,242.137,242.376,1.9188,242.98956043382856,0,0,,0,0
23.01.2023 20:25:00.000,242.386,242.546,242.056,242.546,1.9896,242.95544040045715,0,0,,0,0
23.01.2023 20:30:00.000,242.567,242.636,242.126,242.236,2.0124,242.90009883119123,0,0,,0,0
23.01.2023 20:35:00.000,242.237,242.717,242.167,242.526,2.3412,242.87132199802267,0,0,,0,0
23.01.2023 20:40:00.000,242.527,242.527,242.027,242.466,2.3328,242.8401433827902,0,0,,0,0
23.01.2023 20:45:00.000,242.476,242.577,242.176,242.456,2.196,242.81059389180635,0,0,,0,0
23.01.2023 20:50:00.000,242.467,243.046,242.467,242.667,1.7628,242.79954820782126,0,0,,0,0
23.01.2023 20:55:00.000,242.677,242.806,242.286,242.446,2.1444,242.772352191835,0,0,,0,0
24.01.2023 15:00:00.000,241.897,242.347,241.636,241.877,1.2084e-06,242.70347894630927,0,0,,0,0
24.01.2023 15:05:00.000,241.876,242.617,241.606,242.536,1.4232e-06,242.69059595043933,0,0,,0,0
24.01.2023 15:10:00.000,242.576,243.347,242.486,243.117,1.5264e-06,242.723396261944,0,0,,0,0
24.01.2023 15:15:00.000,243.146,243.896,242.396,242.406,1.278e-06,242.6989811648714,0,1,245.896,0,0
24.01.2023 15:20:00.000,242.406,242.776,242.156,242.636,1.2984e-06,242.69413645988132,0,0,,0,0
24.01.2023 15:25:00.000,242.646,243.116,242.637,243.066,1.674e-06,242.72274134758277,0,0,,0,0
24.01.2023 15:30:00.000,243.057,243.447,242.746,243.007,1.5516e-06,242.7446073977687,0,0,,0,0
24.01.2023 15:35:00.000,243.007,243.007,242.076,242.236,1.5936e-06,242.7054837517865,0,0,,0,0
24.01.2023 15:40:00.000,242.217,242.987,241.996,242.826,1.8108e-06,242.7147542324183,0,0,,0,0
24.01.2023 15:45:00.000,242.827,243.237,242.666,242.916,1.4256e-06,242.73023467607842,0,0,,0,0
24.01.2023 15:50:00.000,242.886,243.047,242.286,242.547,1.236e-06,242.71613970099548,0,0,,0,0
24.01.2023 15:55:00.000,242.536,243.187,242.436,242.887,1.4208e-06,242.72928280091892,0,0,,0,0
24.01.2023 17:00:00.000,242.016,242.016,241.436,241.697,1.1052e-06,242.64987643161749,0,2,239.436,0,0
24.01.2023 17:05:00.000,241.737,242.166,241.626,241.726,8.267999999999932e-07,242.57880901380076,0,0,,0,0
24.01.2023 17:10:00.000,241.727,242.267,241.636,242.267,8.471999999999929e-07,242.55482370504689,0,0,,0,0
24.01.2023 17:15:00.000,242.266,242.456,242.187,242.427,5.459999999999969e-07,242.54499111235097,0,0,,0,0
24.01.2023 17:20:00.000,242.426,242.437,241.996,242.126,6.767999999999952e-07,242.51276102678554,0,0,,0,0
24.01.2023 17:25:00.000,242.127,242.186,241.776,242.107,6.839999999999951e-07,242.48154864010974,0,0,,0,0
24.01.2023 17:30:00.000,242.066,242.087,241.746,241.847,5.819999999999964e-07,242.43273720625515,0,0,,0,0
24.01.2023 17:35:00.000,241.807,241.957,241.647,241.687,9.539999999999916e-07,242.37537280577402,0,0,,0,0
24.01.2023 17:40:00.000,241.706,241.937,241.506,241.877,1.1844e-06,242.3370364360991,0,0,,0,0
24.01.2023 17:45:00.000,241.846,242.117,241.767,241.986,9.71999999999993e-07,242.3100336333223,0,0,,0,0
24.01.2023 17:50:00.000,241.967,241.987,241.636,241.827,1.1124e-06,242.27287719998984,0,0,,0,0
24.01.2023 17:55:00.000,241.816,241.866,241.627,241.787,9.73199999999993e-07,242.23550203075985,0,0,,0,0
24.01.2023 19:00:00.000,242.377,242.377,241.566,241.796,6.87599999999995e-07,242.20169418223986,0,0,,0,0
24.01.2023 19:05:00.000,241.796,241.916,241.656,241.706,6.059999999999961e-07,242.1635638605291,0,0,,0,0
24.01.2023 19:10:00.000,241.707,242.226,241.706,242.096,5.663999999999966e-07,242.15836664048842,0,0,,0,0
24.01.2023 19:15:00.000,242.096,242.257,241.996,242.107,5.039999999999974e-07,242.15441536045088,0,0,,0,0
24.01.2023 19:20:00.000,242.126,242.467,242.106,242.386,5.903999999999963e-07,242.17222956349312,0,0,,0,0
24.01.2023 19:25:00.000,242.367,242.537,242.256,242.407,5.615999999999967e-07,242.19028882783982,0,0,,0,0
24.01.2023 19:30:00.000,242.417,242.606,242.216,242.217,5.987999999999962e-07,242.19234353339064,0,0,,0,0
24.01.2023 19:35:00.000,242.207,242.437,242.197,242.306,5.171999999999972e-07,242.20108633851444,0,0,,0,0
24.01.2023 19:40:00.000,242.307,242.536,242.256,242.416,4.931999999999976e-07,242.21761815862874,0,0,,0,0
24.01.2023 19:45:00.000,242.417,242.627,242.316,242.316,5.903999999999963e-07,242.2251859925804,0,1,244.627,0,0
24.01.2023 19:50:00.000,242.326,242.386,242.186,242.296,4.871999999999976e-07,242.2306332239204,0,0,,0,0
24.01.2023 19:55:00.000,242.297,242.546,242.196,242.477,5.507999999999968e-07,242.24958451438806,0,0,,0,0
25.01.2023 14:30:00.000,234.007,234.937,232.496,232.556,2.1096000000000004,241.50392416712745,0,0,,0,0
25.01.2023 14:35:00.000,232.517,233.977,231.966,233.627,2.1216,240.8980069235023,0,0,,0,0
25.01.2023 14:40:00.000,233.626,234.166,232.736,232.827,1.9608,240.27716023707904,0,0,,0,0
25.01.2023 14:45:00.000,232.787,233.067,231.746,232.066,1.8516,239.6455325265345,0,0,,0,0
25.01.2023 14:50:00.000,232.067,232.637,231.496,231.917,1.8816,239.0510300244934,0,0,,0,0
25.01.2023 14:55:00.000,231.917,232.307,230.877,231.396,2.0964,238.46218156107085,0,2,228.877,0,0
25.01.2023 15:00:00.000,231.396,232.287,231.106,232.257,1.5156,237.98485990252695,0,0,,0,0
25.01.2023 15:05:00.000,232.257,232.777,231.996,232.717,2.118,237.57963991002487,0,0,,0,0
25.01.2023 15:10:00.000,232.717,232.937,232.307,232.386,2.0016,237.18012914771526,0,0,,0,0
25.01.2023 15:15:00.000,232.437,233.967,232.216,233.746,2.0268,236.91596536712177,0,0,,0,0
25.01.2023 15:20:00.000,233.756,233.987,233.096,233.726,1.7004,236.67058341580474,0,0,,0,0
25.01.2023 15:25:00.000,233.717,234.437,233.586,234.287,1.7375999999999998,236.48723084535823,0,0,,0,0
25.01.2023 15:30:00.000,234.297,235.317,233.787,233.806,2.3160000000000003,236.2809823187922,0,0,,0,0
25.01.2023 15:35:00.000,233.796,234.136,233.356,234.086,1.5528,236.11213752503897,0,0,,0,0
25.01.2023 15:40:00.000,234.036,234.467,233.777,234.086,1.6932,235.9562807923437,0,0,,0,0
25.01.2023 15:45:00.000,234.126,234.647,233.827,233.857,1.7112,235.79479765447113,0,0,,0,0
25.01.2023 15:50:00.000,233.847,234.267,233.496,234.206,1.422,235.67258245028106,0,0,,0,0
25.01.2023 15:55:00.000,234.206,234.956,233.966,234.546,1.3836,235.58592226179792,0,0,,0,0
25.01.2023 16:00:00.000,234.546,234.807,234.246,234.747,1.1496,235.52138978012118,0,0,,0,0
25.01.2023 16:05:00.000,234.756,234.987,234.436,234.587,1.2084,235.4495136431888,0,0,,0,0
25.01.2023 16:10:00.000,234.587,236.347,234.556,236.267,1.8684,235.51239720909734,0,0,,0,0
25.01.2023 16:15:00.000,236.267,237.456,235.756,237.346,1.9404000000000003,235.65344357762834,0,0,,0,0
25.01.2023 16:20:00.000,237.347,237.587,236.876,236.917,1.7112,235.7506402255031,0,0,,0,0
25.01.2023 16:25:00.000,236.947,237.297,236.767,236.916,1.3464,235.8402832850798,0,0,,0,0
25.01.2023 16:30:00.000,236.917,238.437,236.856,238.327,1.4880000000000002,236.03156918622753,0,0,,0,0
25.01.2023 16:35:00.000,238.327,239.267,237.706,238.647,1.7916,236.23275617190234,0,0,,0,0
25.01.2023 16:40:00.000,238.667,239.296,238.057,238.576,1.5612,236.41300569714065,0,0,,0,0
25.01.2023 16:45:00.000,238.577,239.607,238.466,239.427,1.608,236.64485141274523,0,0,,0,0
25.01.2023 16:50:00.000,239.457,240.606,239.387,240.186,1.9008,236.9172474579187,0,0,,0,0
25.01.2023 16:55:00.000,240.177,240.887,240.177,240.376,1.77,237.18330534577115,0,0,,0,0
25.01.2023 17:00:00.000,240.426,240.646,239.616,239.696,1.458,237.37658954994262,0,0,,0,0
25.01.2023 17:05:00.000,239.716,239.867,239.336,239.487,1.1736,237.53892881533167,0,0,,0,0
25.01.2023 17:10:00.000,239.487,239.837,239.296,239.696,1.044,237.7048573679985,0,0,,0,0
25.01.2023 17:15:00.000,239.686,239.957,239.047,239.116,1.0356,237.8134068012294,0,0,,0,0
25.01.2023 17:20:00.000,239.106,239.276,238.576,238.776,0.966,237.88745243190408,0,0,,0,0
25.01.2023 17:25:00.000,238.767,238.917,238.147,238.406,1.0308,237.927340706373,0,0,,0,0
25.01.2023 17:30:00.000,238.417,238.556,237.886,238.027,1.3752,237.93500680588278,0,0,,0,0
25.01.2023 17:35:00.000,238.037,238.686,238.036,238.667,1.2708,237.99131397466104,0,0,,0,0
25.01.2023 17:40:00.000,238.646,239.416,238.607,238.806,1.2288,238.05398213045635,0,0,,0,0
25.01.2023 17:45:00.000,238.816,239.526,238.726,239.176,1.0295999999999998,238.1402911973443,0,0,,0,0
25.01.2023 17:50:00.000,239.167,239.407,239.136,239.267,0.9108,238.22696110524092,0,0,,0,0
25.01.2023 17:55:00.000,239.277,239.417,238.856,239.186,0.9684,238.30073332791468,0,0,,0,0
25.01.2023 18:00:00.000,239.186,239.817,238.917,238.997,1.3763999999999998,238.35429230269048,0,0,,0,0
25.01.2023 18:05:00.000,238.997,239.456,238.996,239.407,0.9048,238.43526981786817,0,0,,0,0
25.01.2023 18:10:00.000,239.407,240.027,239.336,239.897,0.9444,238.5477106011091,0,0,,0,0
25.01.2023 18:15:00.000,239.886,240.326,239.646,239.836,0.8028,238.64680978563916,0,0,,0,0
25.01.2023 18:20:00.000,239.836,240.306,239.736,240.306,0.7584000000000001,238.77443980212846,0,0,,0,0
25.01.2023 18:25:00.000,240.297,241.047,240.056,240.996,1.2396,238.9453290481186,0,0,,0,0
25.01.2023 18:30:00.000,241.006,241.296,240.456,240.457,1.5468,239.06161142903258,0,0,,0,0
25.01.2023 18:35:00.000,240.457,240.767,240.456,240.576,0.912,239.17810285756855,0,0,,0,0
25.01.2023 18:40:00.000,240.587,241.157,240.576,240.917,0.9924,239.3118641762171,0,0,,0,0
25.01.2023 18:45:00.000,240.916,241.497,240.907,241.127,1.128,239.45149000881582,2,0,,0,0
25.01.2023 18:50:00.000,241.127,241.257,240.626,240.627,1.26,239.54191385429152,2,0,,0,0
25.01.2023 18:55:00.000,240.607,240.647,239.937,240.296,1.1004,239.5999204808845,2,0,,0,0
25.01.2023 19:00:00.000,240.297,240.696,239.836,240.607,0.8892,239.6773881362011,2,0,,0,0
25.01.2023 19:05:00.000,240.537,240.837,240.386,240.736,0.7931999999999999,239.75881981803178,2,0,,0,0
25.01.2023 19:10:00.000,240.756,241.487,240.626,241.417,1.2191999999999998,239.88637213972166,2,0,,0,0
25.01.2023 19:15:00.000,241.447,243.196,241.416,242.946,1.7532,240.12172812897387,2,1,245.196,0,0
25.01.2023 19:20:00.000,242.986,243.106,242.106,242.206,1.4772,240.28205673443742,2,0,,0,0
25.01.2023 19:25:00.000,242.257,242.257,241.626,241.786,1.0704,240.39774467794226,2,0,,0,0
25.01.2023 19:30:00.000,241.747,241.837,240.986,241.067,1.0368,240.4492258565621,2,0,,0,0
25.01.2023 19:35:00.000,241.046,241.426,240.906,241.137,1.1148,240.5021315599035,2,0,,0,0
25.01.2023 19:40:00.000,241.126,241.666,241.046,241.347,1.0896,240.56712143991092,2,0,,0,0
25.01.2023 19:45:00.000,241.347,241.347,240.916,241.046,0.8964000000000001,240.60395825222548,2,0,,0,0
25.01.2023 19:50:00.000,241.046,241.887,240.996,241.656,1.0596,240.68488454051584,2,0,,0,0
25.01.2023 19:55:00.000,241.686,241.817,241.217,241.327,0.9612,240.73427803739926,2,0,,0,0
25.01.2023 20:00:00.000,241.316,242.086,241.316,241.887,1.3248,240.82294895759932,2,0,,0,0
25.01.2023 20:05:00.000,241.886,241.967,241.627,241.646,1.1760000000000002,240.88626057624555,2,0,,0,0
25.01.2023 20:10:00.000,241.636,241.916,241.106,241.127,1.1304,240.90477899345746,2,0,,0,0
25.01.2023 20:15:00.000,241.146,241.427,240.796,240.887,1.0656,240.90341137857612,0,0,,0,0
25.01.2023 20:20:00.000,240.867,241.227,240.786,240.876,1.1447999999999998,240.90130281099334,0,0,,0,0
25.01.2023 20:25:00.000,240.846,241.057,240.386,240.406,1.2696,240.8632025947631,0,0,,0,0
25.01.2023 20:30:00.000,240.406,240.797,240.316,240.567,1.2036,240.84041777978135,0,0,,0,0
25.01.2023 20:35:00.000,240.577,241.217,240.146,240.867,1.638,240.84246256595202,0,0,,0,0
25.01.2023 20:40:00.000,240.866,240.937,240.386,240.387,1.3212000000000002,240.8074269839557,0,0,,0,0
25.01.2023 20:45:00.000,240.366,240.457,239.896,239.996,1.6296,240.74500952365145,0,0,,0,0
25.01.2023 20:50:00.000,239.996,240.387,239.536,240.066,1.7460000000000002,240.6927780218321,0,2,237.536,0,0
25.01.2023 20:55:00.000,240.026,240.646,240.026,240.526,1.8756,240.67994894322968,0,0,,0,0
26.01.2023 15:00:00.000,243.146,244.387,242.756,243.976,2.6184e-06,240.93349133221204,0,0,,0,0
26.01.2023 15:05:00.000,243.976,244.117,243.286,243.557,2.2548e-06,241.13529969127268,0,0,,0,0
26.01.2023 15:10:00.000,243.556,244.417,243.206,244.236,2.1804e-06,241.37381509963632,0,0,,0,0
26.01.2023 15:15:00.000,244.247,245.037,244.127,244.766,2.1384e-06,241.6347523996643,0,0,,0,0
26.01.2023 15:20:00.000,244.767,245.447,244.286,245.277,2.1708e-06,241.91492529199783,0,0,,0,0
26.01.2023 15:25:00.000,245.267,245.387,244.396,244.857,2.5044e-06,242.14123873107494,0,0,,0,0
26.01.2023 15:30:00.000,244.857,245.027,244.326,244.946,2.172e-06,242.35698959791534,0,0,,0,0
26.01.2023 15:35:00.000,244.967,245.117,243.787,243.837,2.4732e-06,242.47083655192188,0,0,,0,0
26.01.2023 15:40:00.000,243.867,244.217,243.556,243.607,2.3964e-06,242.5582337402356,0,0,,0,0
26.01.2023 15:45:00.000,243.586,244.016,243.396,243.967,2.1276e-06,242.66660037560212,0,0,,0,0
26.01.2023 15:50:00.000,243.967,244.047,242.536,242.637,2.6292e-06,242.66432342363274,0,0,,0,0
26.01.2023 15:55:00.000,242.636,242.847,241.996,242.456,3.0396e-06,242.6482985448918,0,0,,0,0
26.01.2023 17:00:00.000,244.576,245.057,244.456,244.836,2.2248e-06,242.81658327220782,0,0,,0,0
26.01.2023 17:05:00.000,244.827,245.426,244.676,245.397,1.9668e-06,243.0150768666534,0,0,,0,0
26.01.2023 17:10:00.000,245.387,245.567,245.286,245.446,1.9992e-06,243.20207095383392,0,0,,0,0
26.01.2023 17:15:00.000,245.456,245.597,245.206,245.327,1.6692e-06,243.36552703430823,0,0,,0,0
26.01.2023 17:20:00.000,245.307,245.697,245.246,245.426,1.5876e-06,243.52402495474607,0,0,,0,0
26.01.2023 17:25:00.000,245.426,245.547,245.107,245.117,1.6764e-06,243.6465614966887,0,0,,0,0
26.01.2023 17:30:00.000,245.116,245.316,244.946,245.056,1.7004e-06,243.75497984309726,0,0,,0,0
26.01.2023 17:35:00.000,245.037,245.307,245.016,245.136,1.2492e-06,243.86121216285903,0,0,,0,0
26.01.2023 17:40:00.000,245.117,245.317,244.777,244.827,1.6464e-06,243.93550353494683,0,0,,0,0
26.01.2023 17:45:00.000,244.816,245.117,244.446,244.507,1.638e-06,243.9794648014894,0,0,,0,0
26.01.2023 17:50:00.000,244.507,244.867,244.446,244.746,1.7316e-06,244.0384290475287,0,0,,0,0
26.01.2023 17:55:00.000,244.757,244.817,244.246,244.247,1.6224e-06,244.0544729669496,0,0,,0,0
26.01.2023 19:00:00.000,244.696,245.036,244.427,244.997,1.7016e-06,244.12697504641503,0,0,,0,0
26.01.2023 19:05:00.000,245.007,245.287,244.896,245.286,1.344e-06,244.21613081207545,0,0,,0,0
26.01.2023 19:10:00.000,245.286,245.566,245.226,245.486,1.194e-06,244.31381305730042,0,0,,0,0
26.01.2023 19:15:00.000,245.487,245.717,245.276,245.686,1.1652e-06,244.41936589904654,0,0,,0,0
26.01.2023 19:20:00.000,245.717,245.916,245.656,245.696,1.1028e-06,244.51756852219683,0,0,,0,0
26.01.2023 19:25:00.000,245.706,245.887,245.516,245.876,1.1532e-06,244.62206325125862,0,0,,0,0
26.01.2023 19:30:00.000,245.897,246.127,245.817,245.947,9.85199999999994e-07,244.7239814627003,0,0,,0,0
26.01.2023 19:35:00.000,245.936,246.177,245.886,245.947,1.3128e-06,244.81805981172337,0,0,,0,0
26.01.2023 19:40:00.000,245.947,246.396,245.947,246.276,1.3812e-06,244.93020905697543,0,0,,0,0
26.01.2023 19:45:00.000,246.277,246.357,246.047,246.086,1.2048e-06,245.01911605259272,0,0,,0,0
26.01.2023 19:50:00.000,246.087,246.197,245.726,245.876,1.53e-06,245.08503020239328,0,0,,0,0
26.01.2023 19:55:00.000,245.836,246.187,245.836,246.157,1.4112e-06,245.1674894175938,0,0,,0,0
27.01.2023 14:30:00.000,248.506,249.307,247.767,247.907,2.6052,245.37822100085583,0,1,251.307,0,0
27.01.2023 14:35:00.000,247.906,248.596,247.616,248.037,2.1408,245.5827424623285,0,0,,0,0
27.01.2023 14:40:00.000,248.026,248.206,247.317,247.956,2.2248,245.76530073445707,0,0,,0,0
27.01.2023 14:45:00.000,247.957,248.487,247.496,247.677,2.2284,245.91235452411422,0,0,,0,0
27.01.2023 14:50:00.000,247.676,248.677,247.667,248.617,2.424,246.12040417610547,0,0,,0,0
27.01.2023 14:55:00.000,248.637,248.677,247.567,247.827,2.0484,246.25168077794353,0,0,,0,0
27.01.2023 15:00:00.000,247.857,248.646,247.346,248.187,1.9728,246.4005514873325,2,0,,0,0
27.01.2023 15:05:00.000,248.187,248.787,247.967,248.396,2.1684,246.55404752676847,2,0,,0,0
27.01.2023 15:10:00.000,248.406,248.847,247.837,248.106,2.4012,246.67342848624781,2,0,,0,0
27.01.2023 15:15:00.000,248.116,248.437,248.016,248.417,2.3712,246.80754937192108,2,0,,0,0
27.01.2023 15:20:00.000,248.397,248.627,247.916,248.547,2.4372,246.94135326638872,2,0,,0,0
27.01.2023 15:25:00.000,248.556,248.947,248.076,248.887,2.286,247.09101839974343,2,0,,0,0
27.01.2023 15:30:00.000,248.886,248.947,248.296,248.307,2.2584,247.18455544591703,2,0,,0,0
27.01.2023 15:35:00.000,248.306,248.487,248.106,248.296,1.9932,247.2700511808465,2,0,,0,0
27.01.2023 15:40:00.000,248.296,248.616,248.037,248.267,2.3388,247.34673955155066,2,0,,0,0
27.01.2023 15:45:00.000,248.266,248.286,247.296,247.576,2.808,247.36437497066214,2,0,,0,0
27.01.2023 15:50:00.000,247.576,247.577,247.046,247.187,2.766,247.3507307421497,0,0,,0,0
27.01.2023 15:55:00.000,247.187,247.736,246.826,247.477,2.5704,247.36044376198436,0,0,,0,0
27.01.2023 16:00:00.000,247.507,247.897,247.297,247.517,2.2056,247.37248654952404,0,0,,0,0
27.01.2023 16:05:00.000,247.506,247.667,247.136,247.477,2.484,247.3805260457145,0,0,,0,0
27.01.2023 16:10:00.000,247.476,247.757,247.246,247.607,1.8288,247.39794711912108,0,0,,0,0
27.01.2023 16:15:00.000,247.606,248.147,247.476,247.847,2.0472,247.4324896484195,0,0,,0,0
27.01.2023 16:20:00.000,247.837,248.337,247.816,248.157,1.9188,247.4882212139257,0,0,,0,0
27.01.2023 16:25:00.000,248.147,248.397,247.926,248.056,1.8228,247.5318965051622,0,0,,0,0
27.01.2023 16:30:00.000,248.106,248.707,247.926,248.677,2.2428,247.61998138938048,0,0,,0,0
27.01.2023 16:35:00.000,248.686,248.796,248.366,248.456,1.9248,247.6842905132743,0,0,,0,0
27.01.2023 16:40:00.000,248.467,248.837,248.456,248.576,1.9392,247.75288355071476,0,0,,0,0
27.01.2023 16:45:00.000,248.587,248.756,248.356,248.566,1.8732,247.81543096989057,0,0,,0,0
27.01.2023 16:50:00.000,248.567,248.706,248.256,248.317,1.812,247.85401320297592,0,0,,0,0
27.01.2023 16:55:00.000,248.326,248.527,248.266,248.307,1.7592,247.88885834120856,0,0,,0,0
27.01.2023 17:00:00.000,248.306,248.457,247.946,247.947,2.0448,247.89333077650022,0,0,,0,0
27.01.2023 17:05:00.000,247.947,248.567,247.917,248.437,1.9668,247.93515148600022,0,0,,0,0
27.01.2023 17:10:00.000,248.417,248.617,248.246,248.506,1.9296,247.97906291015406,0,0,,0,0
27.01.2023 17:15:00.000,248.497,248.737,248.436,248.507,1.8252,248.01967345552683,0,0,,0,0
27.01.2023 17:20:00.000,248.506,248.607,248.246,248.366,2.2116,248.04631395894785,0,0,,0,0
27.01.2023 17:25:00.000,248.357,248.397,247.936,248.177,1.9668,248.0563667313365,0,0,,0,0
27.01.2023 17:30:00.000,248.176,248.527,248.076,248.446,1.7448,248.0863385212337,0,0,,0,0
27.01.2023 17:35:00.000,248.456,248.697,248.326,248.686,1.6368,248.13246632729266,0,0,,0,0
27.01.2023 17:40:00.000,248.687,248.816,248.387,248.426,1.9104,248.15504584057786,0,0,,0,0
27.01.2023 17:45:00.000,248.437,248.737,248.336,248.706,1.872,248.1974269297642,0,0,,0,0
27.01.2023 17:50:00.000,248.706,248.757,248.416,248.597,1.5132,248.22816331978234,0,0,,0,0
27.01.2023 17:55:00.000,248.606,248.647,248.386,248.546,1.6452,248.2526122951837,0,0,,0,0
27.01.2023 18:00:00.000,248.546,248.687,248.256,248.526,2.0112,248.27364211863113,0,0,,0,0
27.01.2023 18:05:00.000,248.527,248.567,248.196,248.257,1.7292,248.2723619556595,0,0,,0,0
27.01.2023 18:10:00.000,248.247,248.297,248.096,248.136,1.6692,248.26187257445494,0,0,,0,0
27.01.2023 18:15:00.000,248.146,248.167,247.766,247.937,1.6860000000000002,248.23688237641997,0,2,245.766,0,0
27.01.2023 18:20:00.000,247.936,248.067,247.796,247.957,1.4748,248.2153529628492,0,0,,0,0
27.01.2023 18:25:00.000,247.957,248.076,247.767,247.977,1.4880000000000002,248.19701811955315,0,0,,0,0
27.01.2023 18:30:00.000,247.976,248.307,247.976,248.216,1.3392,248.19847826420292,0,0,,0,0
27.01.2023 18:35:00.000,248.217,248.356,248.136,248.306,1.2876,248.20674916695654,0,0,,0,0
27.01.2023 18:40:00.000,248.326,248.356,247.937,248.277,1.452,248.2121530771907,0,0,,0,0
27.01.2023 18:45:00.000,248.257,248.447,248.217,248.436,1.3752,248.22937207125298,0,0,,0,0
27.01.2023 18:50:00.000,248.416,248.437,248.276,248.316,1.4148,248.23603575807968,0,0,,0,0
27.01.2023 18:55:00.000,248.307,248.547,248.307,248.457,1.5,248.25303300745819,0,0,,0,0
27.01.2023 19:00:00.000,248.446,248.737,248.436,248.567,1.6692000000000002,248.2771843145768,0,0,,0,0
27.01.2023 19:05:00.000,248.567,248.657,248.296,248.447,1.4988,248.29024705960936,0,0,,0,0
27.01.2023 19:10:00.000,248.456,248.687,248.436,248.657,1.3068,248.3184588242548,0,0,,0,0
27.01.2023 19:15:00.000,248.657,248.727,248.486,248.606,1.5012,248.34057737623522,0,0,,0,0
27.01.2023 19:20:00.000,248.616,248.637,248.307,248.407,1.3488000000000002,248.3456868088325,0,0,,0,0
27.01.2023 19:25:00.000,248.416,248.497,248.326,248.366,1.1028,248.34724936199925,0,0,,0,0
27.01.2023 19:30:00.000,248.376,248.477,248.196,248.206,1.1652,248.33638402646085,0,0,,0,0
27.01.2023 19:35:00.000,248.206,248.557,248.206,248.526,1.2839999999999998,248.35096987057926,0,0,,0,0
27.01.2023 19:40:00.000,248.526,248.637,248.476,248.507,1.2828,248.36297218822702,0,0,,0,0
27.01.2023 19:45:00.000,248.476,248.667,248.397,248.656,1.4496,248.38551278913263,0,0,,0,0
27.01.2023 19:50:00.000,248.666,248.727,248.456,248.707,1.29,248.410242574584,0,0,,0,0
27.01.2023 19:55:00.000,248.706,248.757,248.526,248.596,1.1184,248.42453160730832,0,0,,0,0
27.01.2023 20:00:00.000,248.587,249.257,248.586,249.217,1.5192,248.48549071443847,0,0,,0,0
27.01.2023 20:05:00.000,249.226,249.697,249.176,249.567,1.7016,248.56868373640475,0,0,,0,0
27.01.2023 20:10:00.000,249.557,249.627,249.196,249.276,1.7424,248.62309267975823,0,0,,0,0
27.01.2023 20:15:00.000,249.297,249.357,249.056,249.316,1.6728,248.67639324285375,0,0,,0,0
27.01.2023 20:20:00.000,249.326,249.387,248.996,249.257,1.6428,248.72105530109576,0,0,,0,0
27.01.2023 20:25:00.000,249.267,249.457,249.076,249.437,1.4892,248.77612797024227,0,0,,0,0
27.01.2023 20:30:00.000,249.427,249.707,249.266,249.677,1.464,248.8454258186852,0,0,,0,0
27.01.2023 20:35:00.000,249.647,249.757,249.427,249.577,1.2408,248.9017007557094,0,0,,0,0
27.01.2023 20:40:00.000,249.586,249.807,249.106,249.216,1.5168,248.92587762065486,0,1,251.807,0,0
27.01.2023 20:45:00.000,249.187,249.207,248.726,248.967,1.9932,248.92904088060448,0,0,,0,0
27.01.2023 20:50:00.000,248.966,249.007,247.776,248.347,1.8936,248.88426850517337,0,0,,0,0
27.01.2023 20:55:00.000,248.326,248.456,247.786,248.157,2.1276,248.8283247740062,0,0,,0,0
30.01.2023 14:30:00.000,244.246,245.527,244.156,244.556,1.9032e-06,248.49968440677497,0,0,,0,0
30.01.2023 14:35:00.000,244.527,245.187,244.317,245.046,1.8528e-06,248.2340163754846,0,0,,0,0
30.01.2023 14:40:00.000,245.006,245.126,243.907,244.357,2.316e-06,247.93578434660117,0,0,,0,0
30.01.2023 14:45:00.000,244.366,245.367,244.267,245.037,2.0844e-06,247.71280093532417,0,0,,0,0
30.01.2023 14:50:00.000,245.056,245.097,243.526,243.666,2.1624e-06,247.40150855568388,0,0,,0,0
30.01.2023 14:55:00.000,243.667,245.116,243.536,244.706,2.214e-06,247.1941617437082,0,0,,0,0
30.01.2023 16:00:00.000,242.986,243.067,242.676,242.887,1.8384e-06,246.86284160957683,0,0,,0,0
30.01.2023 16:05:00.000,242.886,243.157,242.756,243.087,1.512e-06,246.572392254994,0,0,,0,0
30.01.2023 16:10:00.000,243.097,243.607,243.057,243.337,1.9932e-06,246.32351592768677,0,0,,0,0
30.01.2023 16:15:00.000,243.326,243.817,243.237,243.687,1.536e-06,246.12070701017242,0,0,,0,0
30.01.2023 16:20:00.000,243.697,243.837,243.476,243.667,1.884e-06,245.93196031708226,0,0,,0,0
30.01.2023 16:25:00.000,243.667,243.947,243.337,243.796,2.1432e-06,245.7676556773067,0,0,,0,0
30.01.2023 16:30:00.000,243.796,244.057,243.596,243.676,2.0952e-06,245.60675908674466,0,0,,0,0
30.01.2023 16:35:00.000,243.667,243.736,243.256,243.376,2.028e-06,245.43516223391816,0,0,,0,0
30.01.2023 16:40:00.000,243.387,243.617,243.326,243.617,1.818e-06,245.29530360053985,0,0,,0,0
30.01.2023 16:45:00.000,243.627,243.757,243.096,243.196,1.9452e-06,245.13381870819066,0,0,,0,0
30.01.2023 16:50:00.000,243.186,243.437,242.967,242.986,1.7496e-06,244.9686018844837,0,0,,0,0
30.01.2023 16:55:00.000,242.996,243.726,242.736,243.656,2.1036e-06,244.86763250875418,0,0,,0,0
30.01.2023 18:00:00.000,242.906,243.157,242.666,243.126,1.6668e-06,244.73366077731157,0,0,,0,0
30.01.2023 18:05:00.000,243.127,243.277,242.986,243.187,1.4724e-06,244.61468687136454,0,0,,0,0
30.01.2023 18:10:00.000,243.196,243.286,243.096,243.167,1.3104e-06,244.50332634279806,0,0,,0,0
30.01.2023 18:15:00.000,243.166,243.556,242.996,243.316,1.818e-06,244.41199354719822,0,0,,0,0
30.01.2023 18:20:00.000,243.316,243.526,243.277,243.476,1.3548e-06,244.3399940435676,0,0,,0,0
30.01.2023 18:25:00.000,243.477,243.487,243.206,243.256,1.2516e-06,244.2566098863701,0,0,,0,0
30.01.2023 18:30:00.000,243.257,243.257,242.796,242.916,1.6284e-06,244.153486048957,0,0,,0,0
30.01.2023 18:35:00.000,242.907,243.007,242.776,242.986,1.5468e-06,244.06367942980648,0,0,,0,0
30.01.2023 18:40:00.000,242.976,243.036,242.496,242.776,1.2384e-06,243.96462716597523,0,0,,0,0
30.01.2023 18:45:00.000,242.777,242.807,242.496,242.746,1.08e-06,243.87088661474638,0,0,,0,0
30.01.2023 18:50:00.000,242.757,242.817,242.446,242.626,1.2912e-06,243.77512610591975,0,0,,0,0
30.01.2023 18:55:00.000,242.626,242.947,242.506,242.886,1.1484e-06,243.70673179007977,1,0,,0,0
30.01.2023 20:00:00.000,242.606,243.086,242.596,242.986,1.5852e-06,243.65129088315058,1,0,,0,0
30.01.2023 20:05:00.000,242.987,243.037,242.446,242.637,1.4976e-06,243.57326850752364,1,0,,0,0
30.01.2023 20:10:00.000,242.626,242.727,242.396,242.417,1.5036e-06,243.48432477617567,1,0,,0,0
30.01.2023 20:15:00.000,242.427,242.537,242.316,242.467,1.3728e-06,243.40606902416215,1,0,,0,0
30.01.2023 20:20:00.000,242.477,242.507,242.196,242.246,1.362e-06,243.31683294538044,1,2,240.196,0,0
30.01.2023 20:25:00.000,242.246,242.527,242.206,242.367,1.5216e-06,243.24376887265888,1,0,,0,0
30.01.2023 20:30:00.000,242.367,242.837,242.197,242.716,1.578e-06,243.20317126706976,1,0,,0,0
30.01.2023 20:35:00.000,242.706,243.016,242.696,243.016,1.464e-06,243.18877347729517,1,0,,0,0
30.01.2023 20:40:00.000,243.026,243.217,242.766,243.147,1.4868e-06,243.18556013288784,1,0,,0,0
30.01.2023 20:45:00.000,243.176,243.387,243.016,243.146,1.4748e-06,243.18251704574266,1,0,,0,0
30.01.2023 20:50:00.000,243.136,243.596,242.956,243.007,2.016e-06,243.16901573453168,1,0,,0,0
30.01.2023 20:55:00.000,243.036,243.046,242.487,242.707,1.8756e-06,243.13347606264463,1,0,,0,0
31.01.2023 14:30:00.000,243.536,244.096,243.126,243.467,1.9932,243.15913175013353,0,0,,0,0
31.01.2023 14:35:00.000,243.537,243.897,242.886,243.527,1.908,243.1874293078156,0,0,,0,0
31.01.2023 14:40:00.000,243.567,244.387,243.176,243.606,1.7304000000000002,243.21962705336824,0,0,,0,0
31.01.2023 14:45:00.000,243.606,244.587,243.316,244.397,1.8492,243.31019420310918,0,0,,0,0
31.01.2023 14:50:00.000,244.416,244.617,244.006,244.297,1.6896,243.38610234133156,0,0,,0,0
31.01.2023 14:55:00.000,244.366,244.727,243.756,243.756,1.7760000000000002,243.414556007383,0,0,,0,0
31.01.2023 15:00:00.000,243.816,244.657,243.797,243.996,1.9404,243.45928246835354,0,0,,0,0
31.01.2023 15:05:00.000,244.006,244.607,243.586,243.767,2.07,243.482953047711,0,0,,0,0
31.01.2023 15:10:00.000,243.756,244.997,243.596,244.956,2.5728,243.59626435173323,0,0,,0,0
31.01.2023 15:15:00.000,244.976,245.157,244.676,244.966,2.0064,243.70162863236914,0,0,,0,0
31.01.2023 15:20:00.000,244.967,245.127,244.496,244.776,1.356,243.78427258372537,0,0,,0,0
31.01.2023 15:25:00.000,244.777,245.237,244.416,245.187,1.7592000000000003,243.89217469266958,0,0,,0,0
31.01.2023 15:30:00.000,245.176,245.397,244.817,245.116,1.4304,243.9863151009258,0,0,,0,0
31.01.2023 15:35:00.000,245.126,245.386,244.996,245.277,1.8468,244.08559855470074,0,0,,0,0
31.01.2023 15:40:00.000,245.267,245.527,244.976,245.176,1.8204,244.16947558895455,0,0,,0,0
31.01.2023 15:45:00.000,245.176,245.277,244.886,244.996,1.7976,244.23305438980424,0,0,,0,0
31.01.2023 15:50:00.000,245.017,245.517,244.566,244.856,1.7304,244.2809732828962,0,0,,0,0
31.01.2023 15:55:00.000,244.846,244.887,244.506,244.666,1.524,244.31059072267342,0,0,,0,0
31.01.2023 16:00:00.000,244.687,245.246,244.677,245.186,1.5912000000000002,244.37792989785243,0,0,,0,0
31.01.2023 16:05:00.000,245.177,245.196,244.826,245.047,1.5468,244.42939682878685,0,0,,0,0
31.01.2023 16:10:00.000,245.057,245.246,244.776,245.207,1.9908,244.48921245734172,0,0,,0,0
31.01.2023 16:15:00.000,245.217,245.417,245.026,245.346,2.094,244.55511919139235,0,0,,0,0
31.01.2023 16:20:00.000,245.346,245.937,245.276,245.847,1.4940000000000002,244.65449463820835,0,0,,0,0
31.01.2023 16:25:00.000,245.836,246.047,245.677,245.937,1.9272,244.75314889680772,0,0,,0,0
31.01.2023 16:30:00.000,245.916,246.176,245.866,246.037,1.4808,244.85190667397637,0,0,,0,0
31.01.2023 16:35:00.000,246.036,246.347,245.847,246.027,1.5324,244.94229846828588,0,0,,0,0
31.01.2023 16:40:00.000,246.026,246.207,245.896,245.967,1.4171999999999998,245.02112166303314,0,0,,0,0
31.01.2023 16:45:00.000,245.966,246.106,245.816,245.877,1.4424,245.08695845818445,0,0,,0,0
31.01.2023 16:50:00.000,245.877,246.177,245.756,246.157,1.4508,245.16926934601642,0,0,,0,0
31.01.2023 16:55:00.000,246.166,246.187,245.846,245.846,1.3608,245.221325550169,0,0,,0,0
31.01.2023 17:00:00.000,245.857,245.887,245.237,245.537,1.8024,245.24560820015603,2,0,,0,0
31.01.2023 17:05:00.000,245.527,245.677,245.357,245.646,1.566,245.2764075693748,2,0,,0,0
31.01.2023 17:10:00.000,245.657,245.737,245.316,245.527,1.3548,245.29568391019214,2,0,,0,0
31.01.2023 17:15:00.000,245.527,246.137,245.476,245.996,1.3776,245.3495543786389,2,0,,0,0
31.01.2023 17:20:00.000,246.017,246.087,245.786,245.907,1.2852,245.39243481105132,2,0,,0,0
31.01.2023 17:25:00.000,245.897,246.016,245.696,245.716,1.1208,245.41732444097048,2,0,,0,0
31.01.2023 17:30:00.000,245.716,245.917,245.636,245.836,1.0992,245.44953025320353,2,0,,0,0
31.01.2023 17:35:00.000,245.836,246.307,245.736,246.306,0.9804,245.51541254141867,2,0,,0,0
31.01.2023 17:40:00.000,246.276,246.457,246.226,246.346,0.8988,245.5793038843865,2,0,,0,0
31.01.2023 17:45:00.000,246.366,246.397,246.186,246.207,0.81,245.62758820097216,2,0,,0,0
31.01.2023 17:50:00.000,246.196,246.317,246.016,246.187,0.9264,245.67061987782049,2,0,,0,0
31.01.2023 17:55:00.000,246.186,246.237,246.016,246.156,1.1303999999999998,245.70795681029585,2,0,,0,0
31.01.2023 18:00:00.000,246.167,246.317,246.026,246.276,0.9348,245.75165244027312,2,0,,0,0
31.01.2023 18:05:00.000,246.276,246.307,245.966,245.966,0.8615999999999999,245.76814071409828,2,0,,0,0
31.01.2023 18:10:00.000,245.987,246.107,245.767,245.926,0.852,245.78028373609072,2,0,,0,0
31.01.2023 18:15:00.000,245.936,246.137,245.886,246.127,0.8172,245.80695421792993,2,0,,0,0
31.01.2023 18:20:00.000,246.127,246.177,245.626,245.707,0.8675999999999999,245.79926543193534,0,0,,0,0
31.01.2023 18:25:00.000,245.707,245.887,245.656,245.866,0.7548,245.80439886024803,0,0,,0,0
31.01.2023 18:30:00.000,245.877,246.097,245.866,245.957,0.7104,245.8161374094597,0,0,,0,0
31.01.2023 18:35:00.000,245.956,246.007,245.726,245.856,0.7548,245.8192037625782,0,0,,0,0
31.01.2023 18:40:00.000,245.856,246.017,245.806,245.907,0.9492,245.82595731930297,0,0,,0,0
31.01.2023 18:45:00.000,245.917,246.477,245.896,246.386,1.092,245.86903752551046,0,0,,0,0
31.01.2023 18:50:00.000,246.376,246.647,246.326,246.587,0.7416,245.9242654081635,0,0,,0,0
31.01.2023 18:55:00.000,246.586,246.737,246.576,246.656,0.8376,245.98055268445862,0,0,,0,0
31.01.2023 19:00:00.000,246.647,246.827,246.616,246.686,1.2672,246.0348178625772,0,0,,0,0
31.01.2023 19:05:00.000,246.697,247.017,246.676,246.956,0.9156,246.10567802699435,0,1,249.017,0,0
31.01.2023 19:10:00.000,246.936,246.977,246.616,246.686,0.9492,246.15031817876405,0,0,,0,0
31.01.2023 19:15:00.000,246.677,246.777,246.506,246.606,0.9708,246.18537062655145,0,0,,0,0
31.01.2023 19:20:00.000,246.606,246.727,246.526,246.556,0.9,246.21388057835517,0,0,,0,0
31.01.2023 19:25:00.000,246.576,246.727,246.526,246.677,0.6384,246.24950514925095,0,0,,0,0
31.01.2023 19:30:00.000,246.727,246.837,246.596,246.716,0.9516,246.28538936853934,0,0,,0,0
31.01.2023 19:35:00.000,246.726,246.837,246.586,246.757,1.0908,246.32166710942096,0,0,,0,0
31.01.2023 19:40:00.000,246.756,246.896,246.707,246.836,1.116,246.36123117792707,0,0,,0,0
31.01.2023 19:45:00.000,246.816,246.887,246.637,246.827,1.1076,246.3970595488558,0,0,,0,0
31.01.2023 19:50:00.000,246.827,246.987,246.656,246.666,1.0824,246.4177472758669,0,0,,0,0
31.01.2023 19:55:00.000,246.657,246.747,246.556,246.597,0.8939999999999999,246.43153594695406,0,0,,0,0
31.01.2023 20:00:00.000,246.597,246.877,246.556,246.726,0.8412,246.4541870279576,0,0,,0,0
31.01.2023 20:05:00.000,246.747,246.907,246.596,246.597,0.8075999999999999,246.46517264119163,0,0,,0,0
31.01.2023 20:10:00.000,246.607,246.667,246.266,246.427,1.1208,246.4622362841769,0,0,,0,0
31.01.2023 20:15:00.000,246.437,246.456,246.056,246.157,1.1556,246.43875657000945,0,0,,0,0
31.01.2023 20:20:00.000,246.157,246.367,246.156,246.207,1.11,246.4209291415472,0,0,,0,0
31.01.2023 20:25:00.000,246.207,246.287,245.966,246.127,1.4052,246.39831920758203,0,0,,0,0
31.01.2023 20:30:00.000,246.147,246.487,246.126,246.396,1.2672,246.3981408069988,0,0,,0,0
31.01.2023 20:35:00.000,246.397,246.597,246.326,246.387,1.2804000000000002,246.3972838218451,0,0,,0,0
31.01.2023 20:40:00.000,246.397,246.807,246.327,246.806,1.2456,246.42872352785702,0,0,,0,0
31.01.2023 20:45:00.000,246.797,246.876,246.376,246.436,1.74,246.42928325648342,0,0,,0,0
31.01.2023 20:50:00.000,246.407,247.127,246.407,247.047,2.2236,246.47679992906163,0,0,,0,0
31.01.2023 20:55:00.000,247.046,247.887,246.657,247.797,2.364,246.57835378067227,0,1,249.887,0,0
01.02.2023 15:00:00.000,247.246,247.357,246.036,246.266,2.844e-06,246.55432656677442,0,0,,0,0
01.02.2023 15:05:00.000,246.277,246.346,245.626,246.077,3.0708e-06,246.51760913856103,0,0,,0,0
01.02.2023 15:10:00.000,246.076,246.297,245.697,246.257,2.886e-06,246.49756228174866,0,0,,0,0
01.02.2023 15:15:00.000,246.256,246.417,245.607,246.306,2.7516e-06,246.48282672161417,0,2,243.607,0,0
01.02.2023 15:20:00.000,246.316,246.526,245.726,246.086,2.802e-06,246.45230158918233,0,0,,0,0
01.02.2023 15:25:00.000,246.076,246.227,245.746,246.187,2.3136e-06,246.43189377462986,0,0,,0,0
01.02.2023 15:30:00.000,246.207,246.397,246.036,246.187,1.8684e-06,246.41305579196603,0,0,,0,0
01.02.2023 15:35:00.000,246.197,246.826,245.826,246.706,2.1876e-06,246.4355899618148,0,0,,0,0
01.02.2023 15:40:00.000,246.696,247.287,246.016,246.016,1.7544e-06,246.40331381090596,0,0,,0,0
01.02.2023 15:45:00.000,246.036,246.566,245.996,246.166,1.7616e-06,246.38505890237474,0,0,,0,0
01.02.2023 15:50:00.000,246.166,246.247,245.716,246.196,2.202e-06,246.3705159098844,0,0,,0,0
01.02.2023 15:55:00.000,246.217,246.397,245.996,246.136,1.5168e-06,246.3524762245087,0,0,,0,0
01.02.2023 17:00:00.000,247.177,247.197,246.817,246.886,1.9956e-06,246.39351651493115,0,0,,0,0
01.02.2023 17:05:00.000,246.887,247.067,246.727,246.887,1.8444e-06,246.43147678301338,0,0,,0,0
01.02.2023 17:10:00.000,246.896,247.117,246.827,246.947,1.8372e-06,246.4711324150893,0,0,,0,0
01.02.2023 17:15:00.000,246.947,247.027,246.696,246.876,2.0172e-06,246.50227607546708,0,0,,0,0
01.02.2023 17:20:00.000,246.876,247.267,246.806,247.237,1.5864e-06,246.55879330043118,0,0,,0,0
01.02.2023 17:25:00.000,247.226,247.297,246.996,247.057,1.7448e-06,246.5971168927057,0,0,,0,0
01.02.2023 17:30:00.000,247.036,247.127,246.896,247.077,1.8624e-06,246.6340309778822,0,0,,0,0
01.02.2023 17:35:00.000,247.086,247.157,246.896,246.986,1.5852e-06,246.66110551804513,0,0,,0,0
01.02.2023 17:40:00.000,246.986,247.246,246.946,247.246,1.7172e-06,246.70609740127244,0,0,,0,0
01.02.2023 17:45:00.000,247.257,247.267,246.916,246.927,1.578e-06,246.72308990886688,0,0,,0,0
01.02.2023 17:50:00.000,246.926,246.966,246.786,246.877,1.3464e-06,246.73492914664638,0,0,,0,0
01.02.2023 17:55:00.000,246.876,247.087,246.806,246.896,1.4724e-06,246.74731921228897,0,0,,0,0
01.02.2023 19:00:00.000,247.026,247.597,245.917,246.757,2.844e-06,246.74806388826676,0,0,,0,0
01.02.2023 19:05:00.000,246.757,248.476,246.536,247.957,2.73e-06,246.8410589737847,0,0,,0,0
01.02.2023 19:10:00.000,247.956,248.607,247.856,248.046,3.0744e-06,246.93374674503204,0,0,,0,0
01.02.2023 19:15:00.000,248.017,248.147,247.027,247.607,3.4248e-06,246.98553545695265,0,0,,0,0
01.02.2023 19:20:00.000,247.637,247.966,247.516,247.637,2.916e-06,247.03564811411016,0,0,,0,0
01.02.2023 19:25:00.000,247.636,247.737,247.387,247.417,2.8908e-06,247.06498287456324,0,0,,0,0
01.02.2023 19:30:00.000,247.416,247.806,245.437,246.426,3.9252e-06,247.0158303457507,0,2,243.437,0,0
01.02.2023 19:35:00.000,246.407,249.526,246.116,249.237,4.0812e-06,247.18668954992373,0,0,,0,0
01.02.2023 19:40:00.000,249.246,250.966,249.096,250.827,3.6108e-06,247.46671343069883,0,0,,0,0
01.02.2023 19:45:00.000,250.836,252.667,250.526,252.196,2.2332e-06,247.83050470526047,0,0,,0,0
01.02.2023 19:50:00.000,252.196,253.067,252.006,252.297,3.3012e-06,248.1740812663943,0,0,,0,0
01.02.2023 19:55:00.000,252.316,252.636,251.777,252.146,3.4572e-06,248.47961347667166,0,0,,0,0
02.02.2023 14:30:00.000,259.107,260.577,258.996,260.097,3.6096,249.37325859385078,0,0,,0,0
02.02.2023 14:35:00.000,260.086,260.396,258.496,259.177,3.2148000000000003,250.12739254816998,0,0,,0,0
02.02.2023 14:40:00.000,259.157,259.466,258.296,258.886,3.4092,250.80113158292613,0,0,,0,0
02.02.2023 14:45:00.000,258.856,259.827,258.036,259.737,3.4476,251.4885060765472,0,0,,0,0
02.02.2023 14:50:00.000,259.727,259.796,258.617,259.307,3.4944,252.08992868604358,0,0,,0,0
02.02.2023 14:55:00.000,259.267,259.317,258.056,258.086,3.1392,252.55116494096333,0,0,,0,0
02.02.2023 15:00:00.000,258.087,258.516,257.406,258.316,3.3528,252.99461379165848,0,0,,0,0
02.02.2023 15:05:00.000,258.317,258.776,257.657,257.747,3.6912,253.3601819615309,0,0,,0,0
02.02.2023 15:10:00.000,257.747,258.126,257.217,257.567,3.5832,253.68378334910548,0,0,,0,0
02.02.2023 15:15:00.000,257.567,258.627,257.516,258.556,3.4392,254.05856924532816,0,0,,0,0
02.02.2023 15:20:00.000,258.546,258.847,258.087,258.426,3.3492,254.39452545722602,0,0,,0,0
02.02.2023 15:25:00.000,258.436,259.117,258.296,258.876,3.3048,254.73925426820864,0,0,,0,0
02.02.2023 15:30:00.000,258.876,260.107,258.876,259.926,3.1919999999999997,255.1382347091157,0,0,,0,0
02.02.2023 15:35:00.000,259.927,260.217,259.816,260.126,2.8020000000000005,255.52190896226065,0,0,,0,0
02.02.2023 15:40:00.000,260.137,260.526,259.997,260.157,2.6352,255.87845442670218,0,0,,0,0
02.02.2023 15:45:00.000,260.176,260.716,260.056,260.307,2.6316,256.2191117784943,0,0,,0,0
02.02.2023 15:50:00.000,260.297,260.777,260.046,260.477,2.7108,256.5466416416871,0,0,,0,0
02.02.2023 15:55:00.000,260.477,260.556,260.126,260.126,2.7072,256.82197690001885,0,0,,0,0
02.02.2023 16:00:00.000,260.156,260.496,259.836,260.326,2.7528,257.09151713847893,0,0,,0,0
02.02.2023 16:05:00.000,260.327,260.517,259.886,260.357,2.508,257.3427081278267,0,0,,0,0
02.02.2023 16:10:00.000,260.366,260.857,260.046,260.666,2.574,257.59834596414777,0,0,,0,0
02.02.2023 16:15:00.000,260.667,260.737,260.296,260.347,2.7828,257.80978088998256,0,0,,0,0
02.02.2023 16:20:00.000,260.357,261.296,260.346,261.137,2.6604,258.0657208215224,0,0,,0,0
02.02.2023 16:25:00.000,261.127,261.226,260.677,261.106,2.4372000000000003,258.29958845063607,0,0,,0,0
02.02.2023 16:30:00.000,261.106,263.097,261.087,262.277,3.0672,258.6055431852026,0,1,265.097,0,0
02.02.2023 16:35:00.000,262.286,262.437,261.676,262.007,2.532,258.8671937094178,0,0,,0,0
02.02.2023 16:40:00.000,262.007,262.096,261.556,261.966,2.6904,259.10556342407796,2,0,,0,0
02.02.2023 16:45:00.000,261.997,262.217,261.286,261.717,2.6124,259.30644316068737,2,0,,0,0
02.02.2023 16:50:00.000,261.727,262.077,261.536,262.066,2.3628,259.51871676371144,2,0,,0,0
02.02.2023 16:55:00.000,262.076,262.147,261.296,261.387,2.3256,259.6624308588106,2,0,,0,0
02.02.2023 17:00:00.000,261.377,261.846,261.116,261.327,2.4312,259.7904746389021,2,0,,0,0
02.02.2023 17:05:00.000,261.317,261.386,260.646,260.676,2.3712,259.85859197437117,2,0,,0,0
02.02.2023 17:10:00.000,260.687,261.297,260.607,261.297,2.3136,259.9692387455734,2,0,,0,0
02.02.2023 17:15:00.000,261.307,261.627,261.216,261.237,2.01,260.06675884206777,2,0,,0,0
02.02.2023 17:20:00.000,261.236,261.307,260.866,261.067,1.9092,260.1437004696011,2,0,,0,0
02.02.2023 17:25:00.000,261.066,261.136,260.726,260.776,1.9968000000000004,260.1923388950164,2,0,,0,0
02.02.2023 17:30:00.000,260.777,261.456,260.726,261.456,2.1192,260.2895435953998,2,0,,0,0
02.02.2023 17:35:00.000,261.437,261.627,261.116,261.336,2.0376,260.3700402419075,2,0,,0,0
02.02.2023 17:40:00.000,261.336,261.347,260.996,261.246,2.0688,260.43742176176073,2,0,,0,0
02.02.2023 17:45:00.000,261.246,261.467,261.016,261.276,2.0268,260.5019277800868,2,0,,0,0
02.02.2023 17:50:00.000,261.287,261.707,261.216,261.687,2.196,260.5930871816186,2,0,,0,0
02.02.2023 17:55:00.000,261.677,261.847,261.526,261.587,2.0328,260.66954201380184,2,0,,0,0
02.02.2023 18:00:00.000,261.586,261.866,261.546,261.707,1.8408,260.74934647427864,2,0,,0,0
02.02.2023 18:05:00.000,261.717,261.817,261.267,261.436,1.92,260.80216597625724,2,0,,0,0
02.02.2023 18:10:00.000,261.456,261.807,261.407,261.756,1.8672,260.8755378242374,2,0,,0,0
02.02.2023 18:15:00.000,261.716,262.097,261.496,262.086,1.8108,260.9686502992961,2,0,,0,0
02.02.2023 18:20:00.000,262.096,262.277,262.076,262.166,1.8468,261.06075412242717,2,0,,0,0
02.02.2023 18:25:00.000,262.177,262.247,261.736,262.006,2.0964,261.13346534377894,2,0,,0,0
02.02.2023 18:30:00.000,262.017,262.627,262.007,262.516,2.0148,261.2398141634883,2,0,,0,0
02.02.2023 18:35:00.000,262.506,262.777,262.496,262.707,1.5768,261.35267461245076,2,0,,0,0
02.02.2023 18:40:00.000,262.717,263.197,262.716,262.776,2.0304,261.4621611807238,2,0,,0,0
02.02.2023 18:45:00.000,262.817,263.307,262.687,263.186,2.01,261.59476416682196,2,0,,0,0
02.02.2023 18:50:00.000,263.166,263.537,263.166,263.517,1.8348,261.7426284616818,2,0,,0,0
02.02.2023 18:55:00.000,263.497,264.537,263.496,264.317,2.0532,261.94065704155247,2,0,,0,0
02.02.2023 19:00:00.000,264.327,264.667,263.916,263.926,2.2116,262.09337573066387,2,1,266.667,0,0
02.02.2023 19:05:00.000,263.926,264.167,263.767,263.797,1.8468,262.22442375138206,2,0,,0,0
02.02.2023 19:10:00.000,263.787,263.867,263.087,263.176,2.7732,262.29762192435265,2,0,,0,0
02.02.2023 19:15:00.000,263.176,263.257,262.776,262.886,2.604,262.34288177632556,2,0,,0,0
02.02.2023 19:20:00.000,262.876,262.957,262.296,262.407,2.6616000000000004,262.34781394737746,2,0,,0,0
02.02.2023 19:25:00.000,262.407,262.797,262.337,262.646,2.6112,262.37075133604077,2,0,,0,0
02.02.2023 19:30:00.000,262.647,262.837,261.616,261.767,2.8188000000000004,262.32430892557613,0,0,,0,0
02.02.2023 19:35:00.000,261.777,262.217,261.326,261.667,3.1344000000000003,262.27374670053183,0,0,,0,0
02.02.2023 19:40:00.000,261.657,261.916,261.406,261.636,2.9136,262.2246892620294,0,0,,0,0
02.02.2023 19:45:00.000,261.646,261.757,260.896,261.737,3.042,262.1871747034118,0,0,,0,0
02.02.2023 19:50:00.000,261.736,262.027,261.386,261.756,2.976,262.154007418534,0,0,,0,0
02.02.2023 19:55:00.000,261.757,261.787,261.117,261.437,3.24,262.0988530017237,0,0,,0,0
02.02.2023 20:00:00.000,261.447,261.677,260.856,261.187,3.5628,262.0287104631296,0,0,,0,0
02.02.2023 20:05:00.000,261.186,261.917,261.056,261.356,3.4872,261.9769635044273,0,0,,0,0
02.02.2023 20:10:00.000,261.376,262.117,261.356,262.046,3.0048000000000004,261.9822740040868,0,0,,0,0
02.02.2023 20:15:00.000,262.037,262.287,261.586,262.097,3.1236,261.9910990806955,0,0,,0,0
02.02.2023 20:20:00.000,262.086,262.367,261.916,262.096,2.9484,261.99916838218047,0,0,,0,0
02.02.2023 20:25:00.000,262.107,262.427,261.797,262.146,2.9076000000000004,262.01046312201277,0,0,,0,0
02.02.2023 20:30:00.000,262.127,262.767,262.127,262.747,2.5584,262.06711980493486,0,0,,0,0
02.02.2023 20:35:00.000,262.767,262.987,262.217,262.267,2.772,262.0824952045553,0,0,,0,0
02.02.2023 20:40:00.000,262.266,262.477,261.756,262.006,3.006,262.07661095805105,0,0,,0,0
02.02.2023 20:45:00.000,262.017,262.457,261.826,262.266,3.0588,262.0911793458933,0,0,,0,0
02.02.2023 20:50:00.000,262.297,263.516,262.297,263.397,2.898,262.1916270885169,0,0,,0,0
02.02.2023 20:55:00.000,263.357,264.606,263.166,264.597,3.006,262.3766557740156,0,1,266.606,0,0
03.02.2023 15:00:00.000,261.726,261.817,260.566,261.007,3.036e-06,262.2712976375529,0,2,258.566,0,0
03.02.2023 15:05:00.000,260.997,262.026,260.716,261.556,3.6876e-06,262.2162747423565,0,0,,0,0
03.02.2023 15:10:00.000,261.547,262.407,261.127,262.346,3.6228e-06,262.2262536083291,0,0,,0,0
03.02.2023 15:15:00.000,262.357,263.097,261.947,262.697,3.5352e-06,262.2624648692269,0,0,,0,0
03.02.2023 15:20:00.000,262.726,264.177,262.646,263.576,3.1608e-06,262.3635060331325,0,0,,0,0
03.02.2023 15:25:00.000,263.587,263.847,262.376,262.406,2.8044e-06,262.36677479981466,0,0,,0,0
03.02.2023 15:30:00.000,262.447,262.667,261.906,262.636,2.5152e-06,262.3874844305982,0,0,,0,0
03.02.2023 15:35:00.000,262.666,263.126,262.376,262.806,2.76e-06,262.4196779359368,0,0,,0,0
03.02.2023 15:40:00.000,262.787,263.146,262.356,262.966,2.5848e-06,262.46170271009555,0,0,,0,0
03.02.2023 15:45:00.000,262.976,263.057,262.517,262.717,2.5056e-06,262.4813409631651,0,0,,0,0
03.02.2023 15:50:00.000,262.726,262.796,261.846,261.857,2.7816e-06,262.4333147352293,0,0,,0,0
03.02.2023 15:55:00.000,261.846,261.997,261.307,261.756,2.5224e-06,262.3812136017501,0,0,,0,0
03.02.2023 17:00:00.000,261.376,262.117,261.226,261.916,2.9772e-06,262.34542794007706,0,0,,0,0
03.02.2023 17:05:00.000,261.907,262.276,261.766,261.997,2.5212e-06,262.3186257908404,0,0,,0,0
03.02.2023 17:10:00.000,261.986,262.457,261.946,262.376,2.274e-06,262.323039191545,0,0,,0,0
03.02.2023 17:15:00.000,262.396,262.756,262.236,262.626,2.28e-06,262.3463438691184,0,0,,0,0
03.02.2023 17:20:00.000,262.636,262.797,262.316,262.426,2.2368e-06,262.35247126380165,0,0,,0,0
03.02.2023 17:25:00.000,262.447,262.616,262.286,262.396,1.9752e-06,262.3558196281246,0,0,,0,0
03.02.2023 17:30:00.000,262.397,262.636,262.286,262.586,1.938e-06,262.37352581057655,0,0,,0,0
03.02.2023 17:35:00.000,262.566,262.727,262.206,262.296,1.974e-06,262.36756228668605,0,0,,0,0
03.02.2023 17:40:00.000,262.286,262.637,262.246,262.366,1.8024e-06,262.3674421107871,0,0,,0,0
03.02.2023 17:45:00.000,262.347,262.617,262.076,262.176,2.0568e-06,262.35271579457276,0,0,,0,0
03.02.2023 17:50:00.000,262.177,262.376,261.766,261.906,2.2992e-06,262.31835304114406,0,0,,0,0
03.02.2023 17:55:00.000,261.907,261.957,260.126,260.407,2.9628e-06,262.171325884133,0,0,,0,0
03.02.2023 19:00:00.000,258.686,258.837,258.366,258.506,2.3676e-06,261.88937773919974,0,0,,0,0
03.02.2023 19:05:00.000,258.507,258.907,258.316,258.657,2.4984e-06,261.6407332977229,0,0,,0,0
03.02.2023 19:10:00.000,258.636,258.747,258.236,258.637,2.2476e-06,261.40967689020573,0,0,,0,0
03.02.2023 19:15:00.000,258.646,258.726,258.066,258.217,2.4276e-06,261.1640863601899,0,0,,0,0
03.02.2023 19:20:00.000,258.217,258.507,257.796,257.906,2.1492e-06,260.913464332483,0,0,,0,0
03.02.2023 19:25:00.000,257.897,258.217,257.766,258.077,1.9704e-06,260.69527476844587,0,0,,0,0
03.02.2023 19:30:00.000,258.086,258.287,257.556,257.937,2.1636e-06,260.48309978625775,0,0,,0,0
03.02.2023 19:35:00.000,257.926,258.567,257.876,258.477,2.1e-06,260.3287844180841,0,0,,0,0
03.02.2023 19:40:00.000,258.487,258.567,258.037,258.077,2.298e-06,260.15557023207765,0,0,,0,0
03.02.2023 19:45:00.000,258.116,258.257,257.836,258.087,2.2104e-06,259.99644944499477,0,0,,0,0
03.02.2023 19:50:00.000,258.076,258.136,257.616,258.077,2.2044e-06,259.8487994876875,0,0,,0,0
03.02.2023 19:55:00.000,258.057,258.156,257.416,257.697,2.4816e-06,259.6832764501731,0,0,,0,0
06.02.2023 14:30:00.000,256.726,257.717,256.506,257.526,1.7112000000000005,259.5173321078521,0,0,,0,0
06.02.2023 14:35:00.000,257.537,257.596,256.136,256.196,1.8684,259.2618450226327,0,0,,0,0
06.02.2023 14:40:00.000,256.206,256.757,255.656,256.416,2.1,259.04293386704563,0,0,,0,0
06.02.2023 14:45:00.000,256.417,257.256,256.196,256.836,1.98,258.87316972342677,0,0,,0,0
06.02.2023 14:50:00.000,256.847,257.497,256.636,256.776,1.9404,258.7118489754709,0,0,,0,0
06.02.2023 14:55:00.000,256.777,257.027,256.376,256.606,1.7208,258.5498605927424,0,0,,0,0
06.02.2023 15:00:00.000,256.657,257.716,256.286,257.357,1.956,258.4581020856084,0,0,,0,0
06.02.2023 15:05:00.000,257.356,257.887,257.136,257.887,2.3904,258.41417115594624,0,0,,0,0
06.02.2023 15:10:00.000,257.897,257.897,256.676,256.746,1.674,258.28585029779657,0,0,,0,0
06.02.2023 15:15:00.000,256.746,256.796,255.876,256.057,1.8528,258.1144002748892,0,0,,0,0
06.02.2023 15:20:00.000,255.997,256.066,255.256,255.477,2.1384000000000003,257.91152333066697,0,0,,0,0
06.02.2023 15:25:00.000,255.487,255.837,255.196,255.307,1.3644,257.7111753821541,0,0,,0,0
06.02.2023 15:30:00.000,255.307,255.506,254.766,255.347,1.5708000000000002,257.52931573737305,0,2,252.766,0,0
06.02.2023 15:35:00.000,255.346,255.917,255.196,255.736,1.6835999999999998,257.3913683729598,0,0,,0,0
06.02.2023 15:40:00.000,255.736,256.157,255.606,255.906,1.5468,257.2771092673475,1,0,,0,0
06.02.2023 15:45:00.000,255.946,256.357,255.806,256.276,1.9416,257.20010086216695,1,0,,0,0
06.02.2023 15:50:00.000,256.286,257.006,256.206,256.767,2.1288,257.16678541123105,1,0,,0,0
06.02.2023 15:55:00.000,256.777,257.187,256.696,257.106,1.6128,257.1621096103671,1,0,,0,0
06.02.2023 16:00:00.000,257.106,257.416,257.006,257.297,1.7699999999999998,257.17248579418504,0,0,,0,0
06.02.2023 16:05:00.000,257.266,257.847,256.747,256.877,1.7675999999999998,257.1497561177093,0,0,,0,0
06.02.2023 16:10:00.000,256.907,257.327,256.796,257.246,1.2132,257.1571594932701,0,0,,0,0
06.02.2023 16:15:00.000,257.267,257.837,257.076,257.746,1.6716,257.2024549168647,0,0,,0,0
06.02.2023 16:20:00.000,257.737,257.897,257.486,257.736,1.5000000000000002,257.24349684633665,0,0,,0,0
06.02.2023 16:25:00.000,257.757,258.227,257.626,257.997,1.8408,257.3014586273877,0,0,,0,0
06.02.2023 16:30:00.000,257.996,258.266,257.736,257.817,1.6979999999999995,257.3411156560502,0,1,260.266,0,0
06.02.2023 16:35:00.000,257.827,257.976,257.626,257.956,0.9012,257.38841445173864,0,0,,0,0
06.02.2023 16:40:00.000,257.916,257.996,257.636,257.706,1.0728,257.4128441092972,0,0,,0,0
06.02.2023 16:45:00.000,257.696,257.936,257.326,257.437,1.4435999999999998,257.4147022547359,0,0,,0,0
06.02.2023 16:50:00.000,257.437,257.766,257.236,257.516,1.3152,257.422494388987,0,0,,0,0
06.02.2023 16:55:00.000,257.486,257.556,256.866,256.947,1.3764,257.38591789752644,0,0,,0,0
06.02.2023 17:00:00.000,256.936,257.107,256.666,256.927,1.3296,257.35061652079366,0,0,,0,0
06.02.2023 17:05:00.000,256.907,257.187,256.826,256.927,1.1616,257.3180306345788,0,0,,0,0
06.02.2023 17:10:00.000,256.926,257.167,256.846,256.957,1.434,257.2902590473035,0,0,,0,0
06.02.2023 17:15:00.000,256.957,257.136,256.566,256.617,1.9008,257.23846988981865,0,0,,0,0
06.02.2023 17:20:00.000,256.616,256.946,256.537,256.726,1.6427999999999998,257.1990491290634,0,0,,0,0
06.02.2023 17:25:00.000,256.736,256.927,256.616,256.787,1.2468,257.16735304221237,0,0,,0,0
06.02.2023 17:30:00.000,256.797,257.317,256.786,257.016,1.0008,257.15571050050374,0,0,,0,0
06.02.2023 17:35:00.000,257.017,257.097,256.846,256.867,1.4268,257.133502000465,0,0,,0,0
06.02.2023 17:40:00.000,256.856,257.027,256.526,256.686,1.4784000000000002,257.09907876966,0,0,,0,0
06.02.2023 17:45:00.000,256.676,257.197,256.636,257.046,1.2936,257.09499578737854,0,0,,0,0
06.02.2023 17:50:00.000,257.046,257.137,256.506,256.546,1.4328,257.0527653421956,0,0,,0,0
06.02.2023 17:55:00.000,256.546,256.856,256.476,256.756,1.0476,257.02993723894974,0,0,,0,0
06.02.2023 18:00:00.000,256.746,256.956,256.346,256.846,1.0932,257.015788220569,0,0,,0,0
06.02.2023 18:05:00.000,256.846,257.057,256.426,256.726,1.344,256.9934968189868,0,0,,0,0
06.02.2023 18:10:00.000,256.727,257.017,256.156,256.887,1.158,256.98530475598784,0,0,,0,0
06.02.2023 18:15:00.000,256.856,256.937,256.396,256.547,1.1364,256.95158900552724,0,0,,0,0
06.02.2023 18:20:00.000,256.597,256.637,256.226,256.377,1.2204000000000002,256.9073898512559,0,0,,0,0
06.02.2023 18:25:00.000,256.397,256.416,255.816,255.826,1.3224,256.82420601654394,0,0,,0,0
06.02.2023 18:30:00.000,255.837,256.207,255.746,256.037,1.302,256.763651707579,0,0,,0,0
06.02.2023 18:35:00.000,256.037,256.247,255.876,256.087,1.1627999999999998,256.71160157622677,0,0,,0,0
06.02.2023 18:40:00.000,256.076,256.107,255.726,255.816,1.3068000000000002,256.64270914728627,0,0,,0,0
06.02.2023 18:45:00.000,255.797,255.957,255.666,255.907,1.2336,256.58611613595656,0,2,253.666,0,0
06.02.2023 18:50:00.000,255.857,256.177,255.756,255.796,1.1208,256.5253379716522,0,0,,0,0
06.02.2023 18:55:00.000,255.816,256.247,255.756,256.176,1.344,256.4984658199867,0,0,,0,0
06.02.2023 19:00:00.000,256.176,256.847,256.166,256.437,1.5179999999999998,256.4937376799877,0,0,,0,0
06.02.2023 19:05:00.000,256.477,256.627,256.416,256.566,1.1328,256.4992963199887,0,0,,0,0
06.02.2023 19:10:00.000,256.586,256.806,256.426,256.586,1.3272000000000002,256.5059658338357,0,0,,0,0
06.02.2023 19:15:00.000,256.586,257.017,256.506,256.817,1.2684,256.5298915389253,0,0,,0,0
06.02.2023 19:20:00.000,256.866,256.956,256.676,256.777,1.194,256.5488998820849,0,0,,0,0
06.02.2023 19:25:00.000,256.766,256.976,256.596,256.927,1.0488,256.57798450653996,0,0,,0,0
06.02.2023 19:30:00.000,256.966,257.247,256.706,256.917,1.3608,256.6040626214215,0,0,,0,0
06.02.2023 19:35:00.000,256.916,257.047,256.656,256.887,1.3956,256.62582703515835,0,0,,0,0
06.02.2023 19:40:00.000,256.887,257.037,256.496,256.956,1.3368,256.6512249555308,0,0,,0,0
06.02.2023 19:45:00.000,256.967,257.226,256.817,257.036,1.3032,256.6808230358746,0,0,,0,0
06.02.2023 19:50:00.000,257.047,257.156,256.866,257.156,1.2912,256.7173751100381,0,0,,0,0
06.02.2023 19:55:00.000,257.127,257.167,256.616,256.997,1.1412,256.7388847169583,0,0,,0,0
06.02.2023 20:00:00.000,256.996,257.177,256.877,257.017,1.1304,256.7602782002692,0,0,,0,0
06.02.2023 20:05:00.000,257.037,257.167,256.706,257.167,1.5252,256.79156449255623,0,0,,0,0
06.02.2023 20:10:00.000,257.137,257.177,256.556,256.607,1.3704,256.77736722389807,0,0,,0,0
06.02.2023 20:15:00.000,256.616,256.937,256.496,256.706,1.3164000000000002,256.7718774374444,0,0,,0,0
06.02.2023 20:20:00.000,256.757,256.947,256.536,256.606,0.9648,256.75911763456406,0,0,,0,0
06.02.2023 20:25:00.000,256.626,256.716,256.326,256.427,1.296,256.733570124213,0,0,,0,0
06.02.2023 20:30:00.000,256.437,256.677,256.027,256.576,1.986,256.72144934542735,0,0,,0,0
06.02.2023 20:35:00.000,256.537,257.106,256.537,256.827,1.8276,256.7295686265483,0,0,,0,0
06.02.2023 20:40:00.000,256.807,256.996,256.626,256.686,1.7808,256.72621719373694,0,0,,0,0
06.02.2023 20:45:00.000,256.707,256.787,256.417,256.576,1.7904,256.71466202498794,0,0,,0,0
06.02.2023 20:50:00.000,256.586,257.196,256.507,256.797,1.6415999999999995,256.72099571537353,0,0,,0,0
06.02.2023 20:55:00.000,256.807,256.967,256.506,256.727,2.0532000000000004,256.72145758342174,0,0,,0,0
07.02.2023 15:00:00.000,260.746,261.247,260.536,261.236,1.8996e-06,257.0687300770047,0,0,,0,0
07.02.2023 15:05:00.000,261.176,261.687,261.097,261.386,2.178e-06,257.400827763389,0,0,,0,0
07.02.2023 15:10:00.000,261.337,261.637,261.046,261.297,2.4696e-06,257.70053332005136,0,0,,0,0
07.02.2023 15:15:00.000,261.317,262.106,261.086,262.046,2.19e-06,258.03479998773975,0,0,,0,0
07.02.2023 15:20:00.000,262.037,262.326,261.816,261.907,1.8636e-06,258.3326615271444,0,0,,0,0
07.02.2023 15:25:00.000,261.917,262.507,261.886,262.047,1.9116e-06,258.6183798712102,0,0,,0,0
07.02.2023 15:30:00.000,262.037,263.307,262.016,263.306,2.112e-06,258.97896603496326,0,0,,0,0
07.02.2023 15:35:00.000,263.307,263.647,262.896,262.956,1.8852e-06,259.2848917245815,0,0,,0,0
07.02.2023 15:40:00.000,262.947,263.166,262.326,262.916,1.8768e-06,259.56420774576753,0,0,,0,0
07.02.2023 15:45:00.000,262.927,263.217,262.636,263.197,1.656e-06,259.84365330378546,0,0,,0,0
07.02.2023 15:50:00.000,263.197,263.326,262.496,262.587,1.4904e-06,260.05467997272507,0,0,,0,0
07.02.2023 15:55:00.000,262.597,262.817,262.496,262.516,1.2708e-06,260.2440122825155,0,0,,0,0
07.02.2023 17:00:00.000,264.117,264.347,263.956,264.216,1.1364e-06,260.5495497992451,0,0,,0,0
07.02.2023 17:05:00.000,264.266,264.396,264.117,264.266,8.591999999999928e-07,260.83543058391854,0,0,,0,0
07.02.2023 17:10:00.000,264.286,264.396,263.977,264.037,8.543999999999928e-07,261.0817051543863,0,0,,0,0
07.02.2023 17:15:00.000,264.017,264.017,263.626,263.676,9.827999999999938e-07,261.28126629635665,0,0,,0,0
07.02.2023 17:20:00.000,263.656,263.697,263.146,263.296,9.623999999999925e-07,261.4362458120215,0,0,,0,0
07.02.2023 17:25:00.000,263.296,263.617,262.836,262.947,9.359999999999918e-07,261.5524576726353,0,0,,0,0
07.02.2023 17:30:00.000,262.887,263.367,262.837,262.926,9.73199999999993e-07,261.6581147747403,0,0,,0,0
07.02.2023 17:35:00.000,262.926,263.427,262.866,263.427,6.575999999999954e-07,261.7941828689911,0,0,,0,0
07.02.2023 17:40:00.000,263.396,264.807,263.036,264.516,1.554e-06,262.00355341753027,0,0,,0,0
07.02.2023 17:45:00.000,264.607,266.577,264.456,266.527,2.5596e-06,262.35151084695104,0,0,,0,0
07.02.2023 17:50:00.000,266.536,267.916,265.906,267.656,2.3172e-06,262.75954847410867,0,0,,0,0
07.02.2023 17:55:00.000,267.686,268.267,267.146,267.266,2.0496e-06,263.10619859148494,0,0,,0,0
07.02.2023 19:00:00.000,262.466,263.687,262.366,263.496,2.3592e-06,263.1361833152169,0,0,,0,0
07.02.2023 19:05:00.000,263.487,264.557,263.327,264.177,2.6676e-06,263.2162461371233,0,0,,0,0
07.02.2023 19:10:00.000,264.187,265.237,264.116,265.037,2.7648e-06,263.3563041265753,0,0,,0,0
07.02.2023 19:15:00.000,265.037,265.957,265.036,265.926,2.5284e-06,263.5539730399157,0,0,,0,0
07.02.2023 19:20:00.000,265.937,265.937,264.586,265.166,2.2992e-06,263.67797511376835,0,0,,0,0
07.02.2023 19:25:00.000,265.166,265.547,264.637,265.026,1.9608e-06,263.7816693357862,0,0,,0,0
07.02.2023 19:30:00.000,265.067,266.496,264.906,266.346,2.5116e-06,263.97892554072575,0,0,,0,0
07.02.2023 19:35:00.000,266.347,266.376,265.827,266.206,1.7808e-06,264.1502389606699,0,0,,0,0
07.02.2023 19:40:00.000,266.206,266.767,265.786,266.187,2.0952e-06,264.30691288677224,0,0,,0,0
07.02.2023 19:45:00.000,266.196,266.956,266.186,266.816,2.1648e-06,264.49991958778975,0,0,,0,0
07.02.2023 19:50:00.000,266.816,267.307,266.497,267.186,2.1384e-06,264.7065411579598,0,0,,0,0
07.02.2023 19:55:00.000,267.166,267.197,266.466,266.566,1.9884e-06,264.84957645350136,0,0,,0,0
08.02.2023 14:30:00.000,272.757,275.757,272.757,275.747,3.204,265.68783980323207,0,0,,0,0
08.02.2023 14:35:00.000,275.786,276.736,275.156,275.777,2.6376,266.4639290491373,0,1,278.736,0,0
08.02.2023 14:40:00.000,275.757,275.977,275.097,275.676,2.8212,267.1725498915114,0,0,,0,0
08.02.2023 14:45:00.000,275.667,275.797,274.746,274.747,2.8044,267.7551998998567,0,0,,0,0
08.02.2023 14:50:00.000,274.777,274.777,272.377,272.726,2.9772,268.13756913832924,0,0,,0,0
08.02.2023 14:55:00.000,272.706,272.927,270.996,272.627,2.922,268.48290997384237,0,0,,0,0
08.02.2023 15:00:00.000,272.627,273.107,270.756,271.607,2.4468,268.7232245912391,0,0,,0,0
08.02.2023 15:05:00.000,271.606,271.907,270.596,271.747,2.1828,268.95582269960533,0,0,,0,0
08.02.2023 15:10:00.000,271.707,273.267,271.706,273.127,2.2032,269.2766824919434,0,0,,0,0
08.02.2023 15:15:00.000,273.126,274.317,273.096,273.647,2.4072,269.6128607617939,0,0,,0,0
08.02.2023 15:20:00.000,273.627,273.707,272.606,273.086,2.1252,269.880025318579,0,0,,0,0
08.02.2023 15:25:00.000,273.097,273.427,272.136,272.367,1.9608,270.07133106330366,0,0,,0,0
08.02.2023 15:30:00.000,272.357,272.357,270.386,270.997,2.7612,270.1425363661265,0,0,,0,0
08.02.2023 15:35:00.000,270.986,271.857,270.576,271.466,1.9188,270.24434126103984,0,0,,0,0
08.02.2023 15:40:00.000,271.446,271.577,270.956,271.117,1.8444,270.31146885634445,0,0,,0,0
08.02.2023 15:45:00.000,271.117,271.486,270.827,270.936,1.7448,270.35950971354873,0,0,,0,0
08.02.2023 15:50:00.000,270.936,271.097,270.046,271.037,2.2212,270.41162435096805,0,0,,0,0
08.02.2023 15:55:00.000,270.986,271.067,270.286,270.286,1.6067999999999998,270.40196093935515,0,0,,0,0
08.02.2023 16:00:00.000,270.286,270.287,269.547,270.017,2.5512,270.37234855940477,0,0,,0,0
08.02.2023 16:05:00.000,270.036,270.507,269.116,269.496,1.9704,270.30493713175827,0,0,,0,0
08.02.2023 16:10:00.000,269.497,269.746,268.096,268.096,1.9368,270.1350188908538,0,0,,0,0
08.02.2023 16:15:00.000,268.126,269.306,268.096,269.156,2.1072,270.05970974540355,0,0,,0,0
08.02.2023 16:20:00.000,269.217,269.586,268.387,268.517,1.71,269.9410397649879,0,0,,0,0
08.02.2023 16:25:00.000,268.527,268.577,267.596,268.227,2.196,269.80919055229657,0,0,,0,0
08.02.2023 16:30:00.000,268.187,268.287,267.556,267.756,2.1396,269.65125281750454,0,2,265.556,0,0
08.02.2023 16:35:00.000,267.757,269.026,267.757,268.907,2.2428,269.5940026007734,0,0,,0,0
08.02.2023 16:40:00.000,268.907,268.926,268.016,268.246,1.7028,269.49031009302166,0,0,,0,0
08.02.2023 16:45:00.000,268.256,268.807,268.186,268.466,1.782,269.41151700894306,0,0,,0,0
08.02.2023 16:50:00.000,268.477,269.127,268.186,269.037,1.806,269.3827080082551,0,0,,0,0
08.02.2023 16:55:00.000,269.037,269.726,268.857,269.616,1.5311999999999997,269.4006535460817,0,0,,0,0
08.02.2023 17:00:00.000,269.616,269.676,268.896,268.957,1.8108,269.36652635022926,0,0,,0,0
08.02.2023 17:05:00.000,268.937,269.267,268.816,269.136,1.98,269.3487935540578,0,0,,0,0
08.02.2023 17:10:00.000,269.127,269.576,268.696,268.747,1.8648,269.3025017422072,0,0,,0,0
08.02.2023 17:15:00.000,268.716,269.407,268.506,269.336,1.5852,269.3050785312682,0,0,,0,0
08.02.2023 17:20:00.000,269.356,270.226,269.276,270.056,1.3403999999999998,269.36284172117064,0,0,,0,0
08.02.2023 17:25:00.000,270.056,270.127,269.636,269.896,1.152,269.40385389646525,0,0,,0,0
08.02.2023 17:30:00.000,269.897,270.027,269.277,269.277,1.326,269.3940959044295,0,0,,0,0
08.02.2023 17:35:00.000,269.306,269.517,268.636,268.707,1.44,269.3412423733196,0,0,,0,0
08.02.2023 17:40:00.000,268.707,269.366,268.566,269.247,0.9912,269.3339929599873,0,0,,0,0
08.02.2023 17:45:00.000,269.267,269.637,269.247,269.606,1.1652,269.35491657844983,0,0,,0,0
08.02.2023 17:50:00.000,269.606,269.937,269.516,269.557,1.4172,269.3704614570306,0,0,,0,0
08.02.2023 17:55:00.000,269.567,269.767,269.296,269.666,1.5768,269.3931951911052,0,0,,0,0
08.02.2023 18:00:00.000,269.677,270.117,269.396,269.837,1.7976,269.4273340225586,0,0,,0,0
08.02.2023 18:05:00.000,269.847,270.526,269.546,270.127,1.392,269.48115448236183,0,1,272.526,0,0
08.02.2023 18:10:00.000,270.127,270.397,269.816,269.986,1.1736,269.5199887529494,0,0,,0,0
08.02.2023 18:15:00.000,269.997,270.157,269.536,269.956,1.0332,269.5535280796456,0,0,,0,0
08.02.2023 18:20:00.000,270.007,270.107,269.677,269.876,0.8795999999999999,269.57833361198055,0,0,,0,0
08.02.2023 18:25:00.000,269.887,270.077,269.126,269.166,1.8372,269.5466156418282,0,0,,0,0
08.02.2023 18:30:00.000,269.166,269.357,268.716,268.837,1.4448,269.49202982322606,0,0,,0,0
08.02.2023 18:35:00.000,268.806,269.066,268.196,268.386,1.4592,269.40695060605486,0,0,,0,0
08.02.2023 18:40:00.000,268.386,268.526,268.076,268.337,1.4448,269.3246467132814,0,0,,0,0
08.02.2023 18:45:00.000,268.346,268.667,268.047,268.357,1.6092,269.2502123507213,0,0,,0,0
08.02.2023 18:50:00.000,268.397,268.507,268.117,268.366,1.1591999999999998,269.18219601605045,0,0,,0,0
08.02.2023 18:55:00.000,268.367,268.897,268.296,268.807,1.4256,269.1533347840466,0,0,,0,0
08.02.2023 19:00:00.000,268.807,269.137,268.506,268.797,1.4448,269.125924416043,0,0,,0,0
08.02.2023 19:05:00.000,268.816,269.077,268.497,269.046,1.374,269.1197763840397,0,0,,0,0
08.02.2023 19:10:00.000,269.087,269.557,268.886,269.157,1.3655999999999997,269.1226397391136,0,0,,0,0
08.02.2023 19:15:00.000,269.167,269.477,268.746,269.017,1.4256000000000002,269.1145136053357,0,0,,0,0
08.02.2023 19:20:00.000,269.017,269.076,268.407,268.516,1.398,269.0684740972329,0,0,,0,0
08.02.2023 19:25:00.000,268.537,268.606,267.997,268.107,1.6404,268.99451455129196,0,0,,0,0
08.02.2023 19:30:00.000,268.116,268.277,267.686,267.767,1.7976,268.90009035503874,0,0,,0,0
08.02.2023 19:35:00.000,267.767,267.886,267.496,267.727,1.662,268.8098526354204,0,0,,0,0
08.02.2023 19:40:00.000,267.727,267.876,266.866,267.127,2.0784,268.68040243269576,0,0,,0,0
08.02.2023 19:45:00.000,267.096,267.117,266.656,266.896,1.7004,268.5431407071038,0,0,,0,0
08.02.2023 19:50:00.000,266.886,267.447,266.886,267.276,1.6176,268.44566834501893,0,0,,0,0
08.02.2023 19:55:00.000,267.267,267.636,267.186,267.446,1.7639999999999998,268.3687707800175,0,0,,0,0
08.02.2023 20:00:00.000,267.457,267.537,266.776,266.846,1.7196000000000002,268.25163456617,0,0,,0,0
08.02.2023 20:05:00.000,266.856,266.897,266.427,266.826,1.788,268.1419703687723,0,0,,0,0
08.02.2023 20:10:00.000,266.807,266.887,266.496,266.767,1.7988,268.0362034173283,0,0,,0,0
08.02.2023 20:15:00.000,266.766,267.186,266.716,266.726,1.71,267.93541853907226,0,0,,0,0
08.02.2023 20:20:00.000,266.737,267.156,266.716,266.756,1.9572,267.8446940360667,0,0,,0,0
08.02.2023 20:25:00.000,266.756,266.856,266.216,266.366,1.7376,267.7309483409847,0,2,264.216,0,0
08.02.2023 20:30:00.000,266.366,266.796,266.216,266.306,1.9668,267.62133693013976,0,2,264.216,0,0
08.02.2023 20:35:00.000,266.306,267.007,266.246,266.976,1.7376,267.5716956278213,0,0,,0,0
08.02.2023 20:40:00.000,266.976,267.467,266.796,267.307,1.956,267.55133442568126,0,0,,0,0
08.02.2023 20:45:00.000,267.317,267.537,267.166,267.416,1.992,267.5409240852443,0,0,,0,0
08.02.2023 20:50:00.000,267.426,267.747,267.006,267.216,2.2044,267.5159299248409,0,0,,0,0
08.02.2023 20:55:00.000,267.246,267.317,266.446,266.746,2.478,267.456704546007,0,0,,0,0
09.02.2023 15:00:00.000,271.496,271.777,270.677,271.197,2.172e-06,267.74441958092956,0,0,,0,0
09.02.2023 15:05:00.000,271.197,272.227,271.176,271.826,2.5656e-06,268.05838730547345,0,0,,0,0
09.02.2023 15:10:00.000,271.827,272.667,271.566,271.866,2.4804e-06,268.3512805896678,0,1,274.667,0,0
09.02.2023 15:15:00.000,271.867,272.447,271.766,271.796,2.4e-06,268.6162590058472,0,0,,0,0
09.02.2023 15:20:00.000,271.836,271.917,270.816,270.836,2.466e-06,268.78700831308976,0,0,,0,0
09.02.2023 15:25:00.000,270.836,270.937,269.896,270.227,1.9632e-06,268.8977769043905,0,0,,0,0
09.02.2023 15:30:00.000,270.186,270.537,269.966,270.287,2.2392e-06,269.0046402194374,0,0,,0,0
09.02.2023 15:35:00.000,270.287,270.747,269.946,270.056,2.0556e-06,269.08551404871145,0,0,,0,0
09.02.2023 15:40:00.000,270.057,270.217,269.496,270.076,2.226e-06,269.16170527573365,0,0,,0,0
09.02.2023 15:45:00.000,270.056,270.937,270.006,270.806,1.8084e-06,269.2881894852926,0,0,,0,0
09.02.2023 15:50:00.000,270.806,271.137,270.256,270.267,1.806e-06,269.3634826018086,0,0,,0,0
09.02.2023 15:55:00.000,270.266,270.887,270.077,270.827,1.662e-06,269.4760608632079,0,0,,0,0
09.02.2023 17:00:00.000,268.766,269.366,268.676,269.246,1.3248e-06,269.4583638737304,0,0,,0,0
09.02.2023 17:05:00.000,269.246,269.647,269.176,269.567,1.2624e-06,269.46672049882807,0,0,,0,0
09.02.2023 17:10:00.000,269.557,269.857,269.457,269.497,1.3656e-06,269.4690496912259,0,0,,0,0
09.02.2023 17:15:00.000,269.496,269.607,269.076,269.547,1.2552e-06,269.47504586882394,0,0,,0,0
09.02.2023 17:20:00.000,269.547,269.587,269.106,269.366,1.1244e-06,269.4666577250683,0,0,,0,0
09.02.2023 17:25:00.000,269.346,269.487,268.506,268.687,1.3056e-06,269.4066840539092,0,0,,0,0
09.02.2023 17:30:00.000,268.696,268.807,268.176,268.257,2.1e-06,269.31824681899315,0,0,,0,0
09.02.2023 17:35:00.000,268.256,268.407,267.547,267.757,1.6236e-06,269.19815090983985,0,0,,0,0
09.02.2023 17:40:00.000,267.796,268.066,267.586,267.796,1.4904e-06,269.0902931475445,0,0,,0,0
09.02.2023 17:45:00.000,267.776,267.807,267.027,267.117,1.938e-06,268.9385013669642,0,0,,0,0
09.02.2023 17:50:00.000,267.067,267.587,266.976,267.567,1.6908e-06,268.83300126181314,0,0,,0,0
09.02.2023 17:55:00.000,267.556,267.746,267.437,267.716,1.4628e-06,268.74707808782756,0,0,,0,0
09.02.2023 19:00:00.000,265.616,266.096,265.566,265.896,1.5996e-06,268.5277643887639,0,0,,0,0
09.02.2023 19:05:00.000,265.896,266.117,265.496,265.777,1.3788e-06,268.3161671280898,0,0,,0,0
09.02.2023 19:10:00.000,265.786,265.787,265.046,265.396,1.4496e-06,268.0915388874675,0,0,,0,0
09.02.2023 19:15:00.000,265.406,265.477,265.046,265.477,1.4376e-06,267.89042051150847,0,0,,0,0
09.02.2023 19:20:00.000,265.476,265.616,265.106,265.377,1.5612e-06,267.6970804721617,0,0,,0,0
09.02.2023 19:25:00.000,265.376,265.806,265.376,265.487,1.3044e-06,267.5270742819954,0,0,,0,0
09.02.2023 19:30:00.000,265.486,265.806,265.426,265.526,1.3428e-06,267.3731454910727,0,0,,0,0
09.02.2023 19:35:00.000,265.496,265.667,265.416,265.506,1.1904e-06,267.2295189148364,0,0,,0,0
09.02.2023 19:40:00.000,265.507,266.147,265.446,265.966,1.2444e-06,267.1323251521567,0,0,,0,0
09.02.2023 19:45:00.000,265.967,266.027,265.406,265.827,1.2816e-06,267.0319155250677,0,0,,0,0
09.02.2023 19:50:00.000,265.827,265.866,265.526,265.577,1.1316e-06,266.9199989462163,0,0,,0,0
09.02.2023 19:55:00.000,265.567,265.657,265.326,265.457,1.0535999999e-06,266.80746056573815,0,0,,0,0
10.02.2023 14:30:00.000,261.847,263.287,261.737,263.057,2.1144,266.5189635991429,0,0,,0,0
10.02.2023 14:35:00.000,263.047,263.147,261.577,261.786,2.2344,266.1548894761319,0,0,,0,0
10.02.2023 14:40:00.000,261.786,262.066,260.956,261.886,2.1816,265.82651336258334,0,2,258.956,0,0
10.02.2023 14:45:00.000,261.887,263.087,261.566,262.907,2.0652,265.6019354116154,0,0,,0,0
10.02.2023 14:50:00.000,262.907,263.217,261.826,261.997,1.938,265.32463268764496,0,0,,0,0
10.02.2023 14:55:00.000,261.996,262.456,261.866,262.086,1.5564,265.0755070962877,0,0,,0,0
10.02.2023 15:00:00.000,262.166,262.166,261.117,261.697,2.2824,264.8156219350348,0,0,,0,0
10.02.2023 15:05:00.000,261.757,262.727,261.757,262.586,2.1408,264.64411255541677,0,0,,0,0
10.02.2023 15:10:00.000,262.597,263.896,262.476,263.617,2.4612,264.5651038973078,0,0,,0,0
10.02.2023 15:15:00.000,263.617,264.047,263.016,263.326,2.4864,264.4697882128995,0,0,,0,0
10.02.2023 15:20:00.000,263.297,263.707,262.716,263.266,1.8744,264.37718911959956,0,0,,0,0
10.02.2023 15:25:00.000,263.247,263.407,262.637,262.897,1.6032,264.26332841809193,1,0,,0,0
10.02.2023 15:30:00.000,262.907,263.197,262.496,262.777,2.166,264.1489954628541,1,0,,0,0
10.02.2023 15:35:00.000,262.777,263.337,262.267,262.507,2.034,264.02268811955764,1,0,,0,0
10.02.2023 15:40:00.000,262.506,262.506,261.997,262.097,1.956,263.87455826420705,1,0,,0,0
10.02.2023 15:45:00.000,262.096,262.387,261.867,262.237,2.0076,263.7485922438834,1,0,,0,0
10.02.2023 15:50:00.000,262.217,262.376,261.426,261.876,2.0328,263.60454668666165,1,0,,0,0
10.02.2023 15:55:00.000,261.876,262.476,261.496,262.397,2.0460000000000003,263.5116584799954,1,0,,0,0
10.02.2023 16:00:00.000,262.377,262.897,262.186,262.357,1.9272,263.42283859691884,1,0,,0,0
10.02.2023 16:05:00.000,262.357,262.667,261.886,262.536,1.8432,263.3546202433097,1,0,,0,0
10.02.2023 16:10:00.000,262.527,262.917,261.856,262.276,1.9044000000000003,263.2716494553628,1,0,,0,0
10.02.2023 16:15:00.000,262.306,262.726,262.196,262.616,1.6008,263.2212148818734,1,0,,0,0
10.02.2023 16:20:00.000,262.656,263.257,262.476,263.217,1.5288,263.22089066019083,1,0,,0,0
10.02.2023 16:25:00.000,263.216,263.216,262.336,262.476,1.9848,263.1635913786377,0,0,,0,0
10.02.2023 16:30:00.000,262.476,262.627,261.936,262.176,2.2104,263.0876228110502,0,0,,0,0
10.02.2023 16:35:00.000,262.137,262.586,261.876,262.086,1.9248,263.0105749025079,0,0,,0,0
10.02.2023 16:40:00.000,262.116,262.427,261.946,262.046,1.92,262.93637683308424,0,0,,0,0
10.02.2023 16:45:00.000,262.047,262.277,261.637,261.867,1.8636,262.85411707669317,0,0,,0,0
10.02.2023 16:50:00.000,261.857,261.927,261.606,261.847,1.2624,262.77664653233217,0,0,,0,0
10.02.2023 16:55:00.000,261.847,261.927,261.117,261.336,1.4496,262.6658275683066,0,0,,0,0
10.02.2023 17:00:00.000,261.347,261.486,260.617,260.706,1.4471999999999998,262.5150716015138,0,2,258.617,0,0
10.02.2023 17:05:00.000,260.716,261.116,260.626,261.017,1.5876,262.3998353244743,0,0,,0,0
10.02.2023 17:10:00.000,261.017,261.427,260.976,261.086,1.9524,262.2987710687455,0,0,,0,0
10.02.2023 17:15:00.000,261.087,261.316,260.826,260.896,2.0112,262.1908656019189,0,0,,0,0
10.02.2023 17:20:00.000,260.876,261.387,260.866,261.326,2.004,262.12433747869443,0,0,,0,0
10.02.2023 17:25:00.000,261.347,261.566,260.936,261.276,1.8924000000000003,262.05908074956415,0,0,,0,0
10.02.2023 17:30:00.000,261.276,261.647,261.016,261.166,2.034,261.99038223036695,0,0,,0,0
10.02.2023 17:35:00.000,261.186,261.387,260.936,260.986,1.4988,261.91312205880024,0,0,,0,0
10.02.2023 17:40:00.000,260.976,261.387,260.936,261.016,1.6271999999999998,261.8441126696618,0,0,,0,0
10.02.2023 17:45:00.000,261.016,261.387,260.836,260.856,1.6488,261.76810400276474,0,0,,0,0
10.02.2023 17:50:00.000,260.877,261.317,260.816,261.246,1.5864,261.7279421563982,0,0,,0,0
10.02.2023 17:55:00.000,261.247,261.657,261.156,261.646,1.572,261.7216389135984,0,0,,0,0
10.02.2023 18:00:00.000,261.646,261.797,261.357,261.396,1.3224,261.6965897663985,0,0,,0,0
10.02.2023 18:05:00.000,261.406,261.557,261.286,261.356,1.0512,261.6703905535987,0,0,,0,0
10.02.2023 18:10:00.000,261.357,261.627,261.186,261.526,0.972,261.65928358793724,0,0,,0,0
10.02.2023 18:15:00.000,261.516,262.117,261.516,262.107,1.3152,261.6937233119421,0,0,,0,0
10.02.2023 18:20:00.000,262.116,262.737,262.066,262.346,1.3824,261.74389844179274,0,1,264.737,0,0
10.02.2023 18:25:00.000,262.377,262.627,262.197,262.226,1.0788,261.78098317703945,0,0,,0,0
10.02.2023 18:30:00.000,262.256,262.277,261.807,262.097,1.128,261.80529216342103,0,0,,0,0
10.02.2023 18:35:00.000,262.097,262.466,261.926,262.417,1.0428000000000002,261.85234661238866,0,0,,0,0
10.02.2023 18:40:00.000,262.417,262.417,261.636,261.867,1.068,261.8534737960511,0,0,,0,0
10.02.2023 18:45:00.000,261.877,262.157,261.697,262.107,1.2191999999999998,261.8729758117395,0,0,,0,0
10.02.2023 18:50:00.000,262.096,262.177,261.797,261.987,1.1892,261.8817469031442,0,0,,0,0
10.02.2023 18:55:00.000,261.957,262.006,261.666,261.677,0.9888,261.8659971413639,0,0,,0,0
10.02.2023 19:00:00.000,261.706,261.977,261.646,261.737,1.3308,261.85607428433593,0,0,,0,0
10.02.2023 19:05:00.000,261.727,261.857,261.656,261.686,1.1352000000000002,261.8429916470793,0,0,,0,0
10.02.2023 19:10:00.000,261.677,262.007,261.657,261.947,1.1748,261.85099228961167,0,0,,0,0
10.02.2023 19:15:00.000,261.947,262.177,261.896,262.107,0.9804,261.87068519041077,0,0,,0,0
10.02.2023 19:20:00.000,262.107,262.207,261.737,261.786,1.1687999999999998,261.86417094499456,0,0,,0,0
10.02.2023 19:25:00.000,261.756,261.756,261.266,261.326,1.2756,261.822773179995,0,0,,0,0
10.02.2023 19:30:00.000,261.336,261.636,261.006,261.566,1.356,261.8030213969185,0,0,,0,0
10.02.2023 19:35:00.000,261.557,261.867,261.516,261.847,0.954,261.8064043663863,0,0,,0,0
10.02.2023 19:40:00.000,261.866,261.876,261.416,261.617,1.0956,261.7918347997412,0,0,,0,0
10.02.2023 19:45:00.000,261.627,261.816,261.426,261.756,1.0452,261.7890782766842,0,0,,0,0
10.02.2023 19:50:00.000,261.757,262.147,261.696,261.997,1.1808,261.80507225540083,0,0,,0,0
10.02.2023 19:55:00.000,261.996,262.056,261.726,261.806,0.9648,261.80514362037,0,0,,0,0
10.02.2023 20:00:00.000,261.847,262.156,261.626,261.707,1.2864,261.7975941111108,0,0,,0,0
10.02.2023 20:05:00.000,261.696,262.066,261.696,261.846,1.2684,261.8013176410254,0,0,,0,0
10.02.2023 20:10:00.000,261.847,262.197,261.686,261.807,1.1472,261.8017547455619,0,0,,0,0
10.02.2023 20:15:00.000,261.816,261.907,261.506,261.646,1.3836,261.7897736112879,0,0,,0,0
10.02.2023 20:20:00.000,261.637,261.736,261.326,261.337,1.2468,261.75494487195806,0,0,,0,0
10.02.2023 20:25:00.000,261.347,261.727,261.327,261.717,1.4664,261.7520260356536,0,0,,0,0
10.02.2023 20:30:00.000,261.726,261.986,261.576,261.977,1.638,261.76933172521876,0,0,,0,0
10.02.2023 20:35:00.000,261.976,262.387,261.857,262.377,1.4916,261.81607543866346,0,0,,0,0
10.02.2023 20:40:00.000,262.377,262.627,262.216,262.527,1.4904000000000002,261.87076194338164,0,0,,0,0
10.02.2023 20:45:00.000,262.536,263.247,262.497,263.176,2.022,261.9711648708138,0,0,,0,0
10.02.2023 20:50:00.000,263.176,263.496,262.626,263.017,1.848,262.0516137269051,0,0,,0,0
10.02.2023 20:55:00.000,263.066,263.407,262.746,262.967,2.0892,262.1220280556047,0,0,,0,0
13.02.2023 15:00:00.000,272.447,272.967,272.006,272.057,2.2752e-06,262.88625666671203,0,0,,0,0
13.02.2023 15:05:00.000,272.046,272.387,271.576,271.827,2.3916e-06,263.57400615388804,0,0,,0,0
13.02.2023 15:10:00.000,271.817,272.226,271.336,271.376,2.2416e-06,264.1741595266659,0,0,,0,0
13.02.2023 15:15:00.000,271.376,271.817,271.156,271.797,2.1156e-06,264.76053187076855,0,0,,0,0
13.02.2023 15:20:00.000,271.786,272.167,271.607,271.797,2.334e-06,265.3017986499402,0,0,,0,0
13.02.2023 15:25:00.000,271.807,271.947,271.316,271.827,2.0832e-06,265.8037372153295,0,0,,0,0
13.02.2023 15:30:00.000,271.827,272.367,271.756,272.057,1.656e-06,266.2847574295349,0,0,,0,0
13.02.2023 15:35:00.000,272.057,272.287,271.196,271.197,2.022e-06,266.66262224264767,0,0,,0,0
13.02.2023 15:40:00.000,271.207,271.387,270.866,271.007,1.9008e-06,266.9968051470594,0,0,,0,0
13.02.2023 15:45:00.000,271.017,271.547,270.896,271.417,1.9296e-06,267.33682013574713,0,0,,0,0
13.02.2023 15:50:00.000,271.447,272.087,271.146,271.856,1.9692e-06,267.68444935607425,0,0,,0,0
13.02.2023 15:55:00.000,271.867,272.086,271.586,271.647,1.8744e-06,267.9892609440685,0,0,,0,0
13.02.2023 17:00:00.000,273.626,273.837,273.176,273.216,1.4088e-06,268.3913177945248,0,1,275.837,0,0
13.02.2023 17:05:00.000,273.217,273.547,273.176,273.357,1.3368e-06,268.77329334879215,0,0,,0,0
13.02.2023 17:10:00.000,273.357,273.447,273.066,273.097,1.2192e-06,269.10588616811583,0,0,,0,0
13.02.2023 17:15:00.000,273.096,273.367,273.086,273.256,1.1904e-06,269.4251256936454,0,0,,0,0
13.02.2023 17:20:00.000,273.267,273.497,272.896,273.317,1.29e-06,269.72450064028806,0,0,,0,0
13.02.2023 17:25:00.000,273.257,273.307,272.507,272.716,8.207999999999933e-07,269.95461597565054,0,0,,0,0
13.02.2023 17:30:00.000,272.727,272.867,272.336,272.467,9.515999999999916e-07,270.1478762852159,0,0,,0,0
13.02.2023 17:35:00.000,272.517,272.766,272.296,272.707,9.479999999999916e-07,270.34473195558394,0,0,,0,0
13.02.2023 17:40:00.000,272.746,272.757,272.286,272.426,7.63199999999994e-07,270.5048294974621,0,0,,0,0
13.02.2023 17:45:00.000,272.446,272.457,272.006,272.267,1.344e-06,270.64038107458043,0,0,,0,0
13.02.2023 17:50:00.000,272.266,272.276,272.006,272.016,8.327999999999931e-07,270.7461979149973,0,0,,0,0
13.02.2023 17:55:00.000,272.006,272.357,271.767,272.277,9.467999999999916e-07,270.863951921536,0,0,,0,0
13.02.2023 19:00:00.000,272.166,272.217,271.866,272.067,8.531999999999928e-07,270.9564940814179,0,0,,0,0
13.02.2023 19:05:00.000,272.036,272.047,271.596,271.807,9.443999999999916e-07,271.0219176136165,2,0,,0,0
13.02.2023 19:10:00.000,271.836,271.897,271.406,271.606,8.159999999999933e-07,271.0668470279537,2,0,,0,0
13.02.2023 19:15:00.000,271.607,271.907,271.506,271.766,8.855999999999924e-07,271.12062802580346,2,0,,0,0
13.02.2023 19:20:00.000,271.766,271.937,271.576,271.597,7.991999999999936e-07,271.15727202381856,2,0,,0,0
13.02.2023 19:25:00.000,271.616,271.667,271.127,271.217,8.339999999999931e-07,271.1618664835248,2,0,,0,0
13.02.2023 19:30:00.000,271.227,271.287,270.616,270.817,1.1352e-06,271.13533829248445,0,0,,0,0
13.02.2023 19:35:00.000,270.816,271.467,270.756,271.016,9.767999999999931e-07,271.12615842383184,0,0,,0,0
13.02.2023 19:40:00.000,271.066,271.087,270.426,270.716,1.0896e-06,271.0946077758448,0,0,,0,0
13.02.2023 19:45:00.000,270.717,270.747,270.206,270.386,1.0668e-06,271.0400994853952,0,0,,0,0
13.02.2023 19:50:00.000,270.387,270.836,270.257,270.627,1.116e-06,271.0083226019033,0,0,,0,0
13.02.2023 19:55:00.000,270.617,271.197,270.576,271.196,1.116e-06,271.0227593248338,0,0,,0,0
14.02.2023 14:30:00.000,272.166,272.736,270.566,271.576,2.91,271.06531629984664,0,0,,0,0
14.02.2023 14:35:00.000,271.587,271.837,269.996,271.276,2.5068,271.08152273831996,0,0,,0,0
14.02.2023 14:40:00.000,271.237,272.257,270.906,271.496,2.8116000000000003,271.1134056046031,0,0,,0,0
14.02.2023 14:45:00.000,271.456,272.247,271.196,271.866,2.0904,271.1712974811721,0,0,,0,0
14.02.2023 14:50:00.000,271.867,271.916,270.566,270.977,2.2404,271.15635152108194,0,0,,0,0
14.02.2023 14:55:00.000,271.006,272.046,270.966,271.647,2.124,271.19409371176795,0,0,,0,0
14.02.2023 15:00:00.000,271.736,273.346,271.646,272.886,2.316,271.32424034932427,0,0,,0,0
14.02.2023 15:05:00.000,272.896,274.147,272.636,274.106,2.3904,271.53822186091475,0,0,,0,0
14.02.2023 15:10:00.000,274.117,274.926,273.696,274.566,2.9388,271.7711278716136,0,1,276.926,0,0
14.02.2023 15:15:00.000,274.567,274.716,273.336,273.427,2.6376,271.8985026507203,0,0,,0,0
14.02.2023 15:20:00.000,273.437,274.617,273.386,273.937,2.6028,272.0553101391264,0,0,,0,0
14.02.2023 15:25:00.000,273.947,274.207,272.517,272.527,2.7528,272.0915939745782,0,0,,0,0
14.02.2023 15:30:00.000,272.536,272.826,271.916,272.336,2.4192,272.11039443807215,0,0,,0,0
14.02.2023 15:35:00.000,272.326,272.337,270.586,270.586,2.508,271.99313332745123,0,0,,0,0
14.02.2023 15:40:00.000,270.556,270.857,270.096,270.307,2.4108,271.86343076380115,0,0,,0,0
14.02.2023 15:45:00.000,270.316,271.106,269.266,270.836,2.4504,271.78439762812417,0,2,267.266,0,0
14.02.2023 15:50:00.000,270.827,270.887,269.806,270.237,2.4288000000000003,271.6653670413454,0,0,,0,0
14.02.2023 15:55:00.000,270.256,271.077,269.986,270.797,2.1648,271.5985695766266,0,0,,0,0
14.02.2023 16:00:00.000,270.796,271.887,270.597,271.227,2.3844000000000003,271.56998730150144,0,0,,0,0
14.02.2023 16:05:00.000,271.206,271.896,270.586,270.696,2.1552,271.50275750907826,0,0,,0,0
14.02.2023 16:10:00.000,270.707,271.207,270.396,271.006,2.0904000000000003,271.4645453929953,0,0,,0,0
14.02.2023 16:15:00.000,270.987,271.576,270.736,271.566,2.1,271.47234959353415,0,0,,0,0
14.02.2023 16:20:00.000,271.576,271.617,271.016,271.527,1.968,271.4765534709546,0,0,,0,0
14.02.2023 16:25:00.000,271.527,271.657,270.216,270.456,2.5788,271.39804935780427,0,0,,0,0
14.02.2023 16:30:00.000,270.456,270.706,270.176,270.486,2.3064,271.3278917148963,0,0,,0,0
14.02.2023 16:35:00.000,270.486,270.766,269.906,270.046,1.4496,271.2292846599043,0,0,,0,0
14.02.2023 16:40:00.000,270.057,270.317,269.496,269.877,2.0244,271.1252627629886,0,0,,0,0
14.02.2023 16:45:00.000,269.876,270.537,269.776,270.256,1.7639999999999998,271.05839639660485,0,0,,0,0
14.02.2023 16:50:00.000,270.217,270.396,269.686,270.176,1.7268,270.99051975071217,0,0,,0,0
14.02.2023 16:55:00.000,270.177,270.806,270.136,270.626,1.5132,270.9624797698882,0,0,,0,0
14.02.2023 17:00:00.000,270.626,271.147,270.426,270.767,1.4520000000000002,270.9474428645122,0,0,,0,0
14.02.2023 17:05:00.000,270.797,270.996,270.526,270.717,1.524,270.9297164903189,0,0,,0,0
14.02.2023 17:10:00.000,270.717,271.237,270.616,270.927,1.476,270.92950752952515,0,0,,0,0
14.02.2023 17:15:00.000,270.926,271.097,270.566,270.997,1.6236,270.9346992580232,0,0,,0,0
14.02.2023 17:20:00.000,270.996,271.297,270.437,270.607,1.6728,270.90949162279065,0,0,,0,0
14.02.2023 17:25:00.000,270.587,271.167,270.506,270.557,1.6908,270.882376882576,0,0,,0,0
14.02.2023 17:30:00.000,270.577,271.017,270.496,271.017,1.7316,270.89273250699324,0,0,,0,0
14.02.2023 17:35:00.000,270.996,271.106,270.596,270.796,1.3692,270.88529154491687,0,0,,0,0
14.02.2023 17:40:00.000,270.797,271.117,270.586,270.847,1.6032,270.88234604146174,0,0,,0,0
14.02.2023 17:45:00.000,270.846,270.987,270.516,270.717,0.8496000000000001,270.8696271151955,0,0,,0,0
14.02.2023 17:50:00.000,270.706,270.706,270.156,270.487,0.8279999999999998,270.84019426018045,0,0,,0,0
14.02.2023 17:55:00.000,270.497,271.157,270.447,270.916,0.9492,270.84602547093584,0,0,,0,0
14.02.2023 18:00:00.000,270.926,272.417,270.796,272.236,2.1492,270.9529465885562,0,0,,0,0
14.02.2023 18:05:00.000,272.257,272.916,272.246,272.377,1.5432,271.06248915866723,0,0,,0,0
14.02.2023 18:10:00.000,272.377,272.587,272.126,272.446,1.1831999999999998,271.168913069539,0,0,,0,0
14.02.2023 18:15:00.000,272.487,273.287,272.286,272.517,1.3776,271.27261206418984,0,0,,0,0
14.02.2023 18:20:00.000,272.516,272.846,272.236,272.466,1.2852,271.36441113617525,0,0,,0,0
14.02.2023 18:25:00.000,272.436,272.467,271.936,272.197,1.0368,271.42845643339257,0,0,,0,0
14.02.2023 18:30:00.000,272.197,272.487,271.986,272.436,1.1772,271.50595978467004,0,0,,0,0
14.02.2023 18:35:00.000,272.457,272.967,272.446,272.777,1.3572,271.6037321089262,0,0,,0,0
14.02.2023 18:40:00.000,272.776,272.936,271.946,272.017,1.3656,271.6355219467011,0,0,,0,0
14.02.2023 18:45:00.000,272.026,272.607,272.026,272.567,1.4424,271.70717410464715,0,0,,0,0
14.02.2023 18:50:00.000,272.567,272.947,272.376,272.707,1.3392,271.78408378890504,0,0,,0,0
14.02.2023 18:55:00.000,272.697,272.937,272.646,272.776,1.4244,271.8603850359124,0,0,,0,0
14.02.2023 19:00:00.000,272.776,273.196,272.656,272.766,1.4676,271.9300477254576,0,0,,0,0
14.02.2023 19:05:00.000,272.766,272.766,271.646,272.277,2.0052,271.95673636196085,0,0,,0,0
14.02.2023 19:10:00.000,272.277,272.777,272.246,272.687,1.362,272.0129104879639,0,0,,0,0
14.02.2023 19:15:00.000,272.687,273.477,272.666,273.106,1.5672,272.09699429658207,0,0,,0,0
14.02.2023 19:20:00.000,273.106,273.436,273.046,273.147,1.3488,272.17776396607576,0,0,,0,0
14.02.2023 19:25:00.000,273.157,273.237,272.746,273.026,1.3944,272.24301289176225,0,0,,0,0
14.02.2023 19:30:00.000,273.026,273.376,272.946,273.356,1.6224,272.3286272847036,0,0,,0,0
14.02.2023 19:35:00.000,273.336,273.707,273.216,273.566,1.7532,272.4238098012649,0,0,,0,0
14.02.2023 19:40:00.000,273.576,273.856,273.516,273.846,1.3908,272.53320904732146,0,0,,0,0
14.02.2023 19:45:00.000,273.857,273.917,273.567,273.696,1.5216,272.6226545052198,0,1,275.917,0,0
14.02.2023 19:50:00.000,273.696,273.856,273.006,273.177,1.3763999999999998,272.6652964663568,0,0,,0,0
14.02.2023 19:55:00.000,273.187,273.246,272.916,272.996,1.3044,272.69073519971397,0,0,,0,0
14.02.2023 20:00:00.000,272.997,273.156,272.816,272.987,1.5048,272.713524799736,0,0,,0,0
14.02.2023 20:05:00.000,272.997,273.146,272.896,273.017,1.4796,272.73686904591017,0,0,,0,0
14.02.2023 20:10:00.000,273.017,273.087,272.526,272.997,1.5588,272.75687911930174,0,0,,0,0
14.02.2023 20:15:00.000,272.997,273.146,272.727,273.026,1.4988,272.7775807255093,0,0,,0,0
14.02.2023 20:20:00.000,273.037,273.257,272.857,273.167,1.4004,272.8075360543163,0,0,,0,0
14.02.2023 20:25:00.000,273.156,273.267,272.626,272.676,1.5252,272.79741789629196,0,0,,0,0
14.02.2023 20:30:00.000,272.677,272.937,272.316,272.647,1.7472,272.7858472888849,0,0,,0,0
14.02.2023 20:35:00.000,272.656,273.027,272.597,272.936,1.3908,272.7973974974322,0,0,,0,0
14.02.2023 20:40:00.000,272.986,273.166,272.796,273.117,1.5132,272.821982305322,0,0,,0,0
14.02.2023 20:45:00.000,273.097,273.227,272.876,272.917,1.6908,272.8292913587588,0,0,,0,0
14.02.2023 20:50:00.000,272.876,273.007,272.537,272.946,1.6236000000000002,272.8382689465466,0,0,,0,0
14.02.2023 20:55:00.000,272.966,273.177,271.966,272.046,2.0256,272.7773251814276,0,0,,0,0
15.02.2023 15:00:00.000,269.286,269.866,268.676,268.876,2.6508e-06,272.47722324439474,0,0,,0,0
15.02.2023 15:05:00.000,268.877,269.046,268.166,268.356,3.5316e-06,272.16020607174903,0,0,,0,0
15.02.2023 15:10:00.000,268.346,268.617,267.946,268.177,3.5136e-06,271.85380560469144,0,0,,0,0
15.02.2023 15:15:00.000,268.147,269.037,268.136,268.926,3.4788e-06,271.628589788946,0,0,,0,0
15.02.2023 15:20:00.000,268.916,269.107,268.356,268.366,2.8548e-06,271.37762134364243,0,0,,0,0
15.02.2023 15:25:00.000,268.356,268.467,267.836,267.957,3.084e-06,271.1144966249007,0,0,,0,0
15.02.2023 15:30:00.000,267.986,268.607,267.646,268.507,2.8212e-06,270.9139199614468,0,0,,0,0
15.02.2023 15:35:00.000,268.497,268.577,267.516,267.867,2.9616e-06,270.679541502874,0,0,,0,0
15.02.2023 15:40:00.000,267.876,268.057,266.936,266.937,2.4948e-06,270.3916536949606,0,0,,0,0
15.02.2023 15:45:00.000,266.967,266.967,266.496,266.797,2.646e-06,270.11514187227135,0,0,,0,0
15.02.2023 15:50:00.000,266.757,267.437,266.686,267.157,2.6172e-06,269.88759249748125,0,0,,0,0
15.02.2023 15:55:00.000,267.176,267.386,266.596,266.647,2.6208e-06,269.63831615152117,0,0,,0,0
15.02.2023 17:00:00.000,266.707,266.967,266.636,266.817,1.5684e-06,269.4212918321734,0,0,,0,0
15.02.2023 17:05:00.000,266.836,267.097,266.157,267.016,2.3328e-06,269.23626938354465,0,2,264.157,0,0
15.02.2023 17:10:00.000,267.037,267.187,266.846,267.127,2.1924e-06,269.07401789250275,0,0,,0,0
15.02.2023 17:15:00.000,267.127,267.517,266.967,267.356,2.0964e-06,268.94186267000254,0,0,,0,0
15.02.2023 17:20:00.000,267.356,267.587,267.226,267.396,2.1192e-06,268.8229501569254,0,0,,0,0
15.02.2023 17:25:00.000,267.396,267.637,267.226,267.387,2.25e-06,268.71249245254654,0,0,,0,0
15.02.2023 17:30:00.000,267.396,267.667,267.317,267.657,2.2296e-06,268.6313007254276,0,0,,0,0
15.02.2023 17:35:00.000,267.647,268.047,267.456,267.906,2.8464e-06,268.5755083619332,0,0,,0,0
15.02.2023 17:40:00.000,267.906,268.116,267.736,267.967,2.2848e-06,268.52870002639986,0,0,,0,0
15.02.2023 17:45:00.000,267.967,268.037,267.456,267.667,1.5228e-06,268.4624154089845,0,0,,0,0
15.02.2023 17:50:00.000,267.677,267.847,267.567,267.836,1.5276e-06,268.4142296082934,0,0,,0,0
15.02.2023 17:55:00.000,267.847,267.877,267.366,267.516,1.4724e-06,268.3451350230401,0,0,,0,0
15.02.2023 19:00:00.000,268.457,268.667,268.376,268.457,1.4412e-06,268.3537400212678,0,0,,0,0
15.02.2023 19:05:00.000,268.417,269.107,268.396,268.927,1.3944e-06,268.39783694270875,0,0,,0,0
15.02.2023 19:10:00.000,268.936,269.267,268.867,269.157,1.608e-06,268.4562341009619,0,1,271.267,0,0
15.02.2023 19:15:00.000,269.156,269.187,268.816,268.816,1.4016e-06,268.48390840088797,0,0,,0,0
15.02.2023 19:20:00.000,268.827,268.926,268.616,268.696,1.4556e-06,268.5002231392812,0,0,,0,0
15.02.2023 19:25:00.000,268.707,268.717,268.406,268.516,1.4436e-06,268.5014367439519,0,0,,0,0
15.02.2023 19:30:00.000,268.527,268.826,268.486,268.566,1.4832e-06,268.5064031482633,0,0,,0,0
15.02.2023 19:35:00.000,268.566,268.666,268.236,268.577,1.2588e-06,268.51183367532,0,0,,0,0
15.02.2023 19:40:00.000,268.577,268.587,268.306,268.487,1.3056e-06,268.5099233926031,0,0,,0,0
15.02.2023 19:45:00.000,268.477,268.637,268.126,268.156,1.5912e-06,268.48269851624906,0,0,,0,0
15.02.2023 19:50:00.000,268.166,268.337,267.866,268.016,1.6932e-06,268.4467986303838,0,0,,0,0
15.02.2023 19:55:00.000,268.016,268.066,267.526,267.707,1.5408e-06,268.38989104343125,0,0,,0,0
16.02.2023 14:30:00.000,264.007,265.136,263.646,264.066,3.114,268.0572840400904,0,0,,0,0
16.02.2023 14:35:00.000,264.067,264.667,263.076,264.507,3.0312,267.7841852677758,0,2,261.076,0,0
16.02.2023 14:40:00.000,264.527,264.727,263.686,264.087,2.9772,267.4997864010238,0,0,,0,0
16.02.2023 14:45:00.000,264.096,264.507,263.666,264.367,3.4464,267.2588028317143,0,0,,0,0
16.02.2023 14:50:00.000,264.356,264.976,264.257,264.447,3.5868,267.04251030619787,0,0,,0,0
16.02.2023 14:55:00.000,264.427,264.706,264.066,264.307,3.4896000000000003,266.8320864364904,0,0,,0,0
16.02.2023 15:00:00.000,264.296,264.707,264.046,264.446,3.5868,266.6485413259911,0,0,,0,0
16.02.2023 15:05:00.000,264.447,265.796,264.346,265.317,3.5196,266.5461150701457,0,0,,0,0
16.02.2023 15:10:00.000,265.297,265.797,264.827,264.887,3.1992,266.4184908339806,0,0,,0,0
16.02.2023 15:15:00.000,264.897,265.356,264.486,265.266,3.4464,266.3298376929052,0,0,,0,0
16.02.2023 15:20:00.000,265.247,266.156,265.206,265.667,3.4068,266.27885017806636,0,0,,0,0
16.02.2023 15:25:00.000,265.656,265.997,265.306,265.766,3.102,266.239400164369,0,0,,0,0
16.02.2023 15:30:00.000,265.767,266.057,265.626,265.816,2.7744,266.206830920956,0,0,,0,0
16.02.2023 15:35:00.000,265.816,266.077,265.566,265.736,2.7492,266.1706131578055,0,0,,0,0
16.02.2023 15:40:00.000,265.756,266.207,265.536,265.597,2.8224,266.1264890687436,0,0,,0,0
16.02.2023 15:45:00.000,265.596,266.577,265.536,266.566,2.7012,266.16029760191714,0,0,,0,0
16.02.2023 15:50:00.000,266.557,266.726,265.727,265.897,2.6196,266.14004394023124,0,0,,0,0
16.02.2023 15:55:00.000,265.897,265.996,265.337,265.716,2.4252,266.1074251755981,0,0,,0,0
16.02.2023 16:00:00.000,265.726,266.257,265.646,265.976,2.2392,266.097315546706,0,0,,0,0
16.02.2023 16:05:00.000,265.997,266.176,265.296,265.486,2.6184,266.05029127388246,0,0,,0,0
16.02.2023 16:10:00.000,265.486,265.776,264.817,265.046,2.25,265.97303809896846,0,0,,0,0
16.02.2023 16:15:00.000,265.047,265.667,264.956,265.586,2.4504,265.94326593750935,0,0,,0,0
16.02.2023 16:20:00.000,265.587,265.887,265.136,265.277,2.5584,265.8920147115471,0,0,,0,0
16.02.2023 16:25:00.000,265.306,265.307,264.896,265.167,2.5224,265.8362443491204,0,0,,0,0
16.02.2023 16:30:00.000,265.176,265.507,265.017,265.126,2.8032000000000004,265.78161016841887,0,0,,0,0
16.02.2023 16:35:00.000,265.147,265.227,264.826,265.136,2.5644,265.73194784777127,0,0,,0,0
16.02.2023 16:40:00.000,265.137,265.247,264.686,264.887,2.5716,265.6669518594812,0,0,,0,0
16.02.2023 16:45:00.000,264.897,265.237,264.866,265.186,2.3844,265.629955562598,0,0,,0,0
16.02.2023 16:50:00.000,265.176,265.327,264.886,265.137,1.9308,265.5920359039367,0,0,,0,0
16.02.2023 16:55:00.000,265.126,265.257,264.736,264.777,1.9656,265.5293408344031,0,0,,0,0
16.02.2023 17:00:00.000,264.776,265.166,264.707,264.966,2.3892,265.48600692406444,0,0,,0,0
16.02.2023 17:05:00.000,264.967,265.167,264.846,265.086,2.0352,265.45523716067487,0,0,,0,0
16.02.2023 17:10:00.000,265.076,265.296,265.037,265.246,1.8252,265.4391419944691,0,0,,0,0
16.02.2023 17:15:00.000,265.247,265.337,264.496,264.507,2.52,265.3674387641253,0,0,,0,0
16.02.2023 17:20:00.000,264.516,265.347,264.426,265.276,2.49,265.36040501303876,0,2,262.426,0,0
16.02.2023 17:25:00.000,265.276,265.446,265.066,265.247,2.172,265.35168155049735,0,0,,0,0
16.02.2023 17:30:00.000,265.257,266.097,265.206,265.977,2.1816,265.39978296968985,0,0,,0,0
16.02.2023 17:35:00.000,265.987,266.226,265.816,266.026,2.448,265.447953510483,0,0,,0,0
16.02.2023 17:40:00.000,266.026,266.196,265.886,266.187,2.1444,265.5048032404459,0,0,,0,0
16.02.2023 17:45:00.000,266.186,266.357,266.056,266.227,2.082,265.56035683733467,0,0,,0,0
16.02.2023 17:50:00.000,266.237,266.327,265.887,266.207,2.0112,265.61009861907814,0,0,,0,0
16.02.2023 17:55:00.000,266.217,266.397,265.847,265.966,2.2752,265.63747564837985,0,1,268.397,0,0
16.02.2023 18:00:00.000,265.966,266.246,265.376,265.537,2.2008,265.6297467523506,0,0,,0,0
16.02.2023 18:05:00.000,265.536,266.027,265.536,265.886,2.004,265.6494585406314,0,0,,0,0
16.02.2023 18:10:00.000,265.887,265.977,265.436,265.507,2.2476000000000003,265.6385001913521,0,0,,0,0
16.02.2023 18:15:00.000,265.517,265.517,265.086,265.376,2.5332,265.6183078689404,0,0,,0,0
16.02.2023 18:20:00.000,265.406,265.496,265.016,265.367,2.3688,265.59897649440654,0,0,,0,0
16.02.2023 18:25:00.000,265.356,265.487,264.866,264.907,1.992,265.54574753329837,0,0,,0,0
16.02.2023 18:30:00.000,264.907,265.516,264.886,265.487,2.1792,265.5412284922754,0,0,,0,0
16.02.2023 18:35:00.000,265.456,265.767,265.456,265.626,2.4684,265.54774937748505,0,0,,0,0
16.02.2023 18:40:00.000,265.627,265.856,265.506,265.807,2.22,265.56769173306316,0,0,,0,0
16.02.2023 18:45:00.000,265.806,265.967,265.506,265.696,2.394,265.5775615997506,0,0,,0,0
16.02.2023 18:50:00.000,265.687,265.726,265.206,265.506,1.7952,265.5720568613082,0,0,,0,0
16.02.2023 18:55:00.000,265.516,265.537,265.266,265.356,1.7519999999999998,265.55543710274605,0,0,,0,0
16.02.2023 19:00:00.000,265.356,265.717,265.356,265.507,2.1228,265.5517111717656,0,0,,0,0
16.02.2023 19:05:00.000,265.526,265.557,265.036,265.147,1.4699999999999998,265.52057954316825,0,0,,0,0
16.02.2023 19:10:00.000,265.146,265.307,265.046,265.206,1.8192,265.49638111677075,0,0,,0,0
16.02.2023 19:15:00.000,265.217,265.486,265.106,265.307,1.8552,265.48181333855763,0,0,,0,0
16.02.2023 19:20:00.000,265.316,265.337,264.916,265.266,2.1852000000000005,265.4652123125147,0,0,,0,0
16.02.2023 19:25:00.000,265.266,265.607,265.246,265.327,2.0016,265.4545805961675,0,0,,0,0
16.02.2023 19:30:00.000,265.297,265.476,265.216,265.236,1.8024,265.4377667041546,0,0,,0,0
16.02.2023 19:35:00.000,265.246,265.547,265.176,265.357,1.824,265.43155388075814,0,0,,0,0
16.02.2023 19:40:00.000,265.396,265.396,264.966,265.077,1.7280000000000002,265.4042805053152,0,0,,0,0
16.02.2023 19:45:00.000,265.107,265.337,265.076,265.267,1.8072,265.39372046644485,0,0,,0,0
16.02.2023 19:50:00.000,265.266,265.317,265.037,265.246,1.6524,265.3823573536414,0,0,,0,0
16.02.2023 19:55:00.000,265.236,265.397,265.056,265.066,1.6103999999999998,265.3580221725921,0,0,,0,0
16.02.2023 20:00:00.000,265.067,265.216,264.666,264.707,2.0376000000000003,265.3079435439312,0,0,,0,0
16.02.2023 20:05:00.000,264.717,265.186,264.157,264.546,2.7348,265.24933250209034,0,0,,0,0
16.02.2023 20:10:00.000,264.517,264.717,264.166,264.166,2.3424,265.16599923269877,0,0,,0,0
16.02.2023 20:15:00.000,264.187,264.187,263.506,263.637,2.7804,265.04838390710654,0,0,,0,0
16.02.2023 20:20:00.000,263.637,263.677,263.146,263.436,2.7636000000000003,264.92435437579064,0,0,,0,0
16.02.2023 20:25:00.000,263.447,263.516,262.436,262.447,2.55,264.733788654576,0,0,,0,0
16.02.2023 20:30:00.000,262.446,262.606,261.976,262.446,3.1164,264.5578049119163,0,0,,0,0
16.02.2023 20:35:00.000,262.437,263.046,262.287,262.496,2.9004,264.3992045340766,0,0,,0,0
16.02.2023 20:40:00.000,262.477,262.557,261.876,262.376,2.7936,264.2435734160707,0,0,,0,0
16.02.2023 20:45:00.000,262.396,262.727,262.006,262.637,2.7372,264.11999084560375,0,0,,0,0
16.02.2023 20:50:00.000,262.626,262.957,262.306,262.587,2.2008,264.002068472865,0,0,,0,0
16.02.2023 20:55:00.000,262.596,262.756,261.996,262.046,2.3676,263.85160166726,0,0,,0,0
17.02.2023 15:00:00.000,257.236,258.047,257.057,257.817,3.0288e-06,263.38740153900926,0,0,,0,0
17.02.2023 15:05:00.000,257.807,258.037,257.296,257.397,3.2808e-06,262.92660142062397,0,0,,0,0
17.02.2023 15:10:00.000,257.396,258.187,257.166,258.117,3.4572e-06,262.556632080576,0,0,,0,0
17.02.2023 15:15:00.000,258.107,258.567,257.996,258.477,3.3252e-06,262.242814228224,0,0,,0,0
17.02.2023 15:20:00.000,258.507,258.797,257.736,257.807,3.4908e-06,261.90159774912985,0,0,,0,0
17.02.2023 15:25:00.000,257.776,257.967,257.227,257.306,3.3012e-06,261.548090229966,0,0,,0,0
17.02.2023 15:30:00.000,257.297,258.207,257.237,258.186,2.8896e-06,261.28946790458406,0,0,,0,0
17.02.2023 15:35:00.000,258.197,258.946,258.097,258.317,2.9508e-06,261.06081652730836,0,0,,0,0
17.02.2023 15:40:00.000,258.316,258.366,257.536,257.586,2.7576e-06,260.79352294828465,1,0,,0,0
17.02.2023 15:45:00.000,257.586,258.367,257.286,258.167,2.6784e-06,260.59148272149355,1,0,,0,0
17.02.2023 15:50:00.000,258.166,258.317,257.446,257.516,2.5656e-06,260.3549071275325,1,0,,0,0
17.02.2023 15:55:00.000,257.506,257.707,256.876,256.896,2.4864e-06,260.08883734849155,1,0,,0,0
17.02.2023 17:00:00.000,257.136,257.417,256.926,256.996,2.238e-06,259.850926783223,1,0,,0,0
17.02.2023 17:05:00.000,257.007,257.587,256.997,257.366,1.9224e-06,259.6597785691289,1,0,,0,0
17.02.2023 17:10:00.000,257.376,257.716,257.366,257.626,2.0904e-06,259.5033340638113,1,0,,0,0
17.02.2023 17:15:00.000,257.636,257.676,257.056,257.056,2.052e-06,259.3150775973643,1,0,,0,0
17.02.2023 17:20:00.000,257.056,257.156,256.886,256.977,1.7448e-06,259.13522547449014,1,0,,0,0
17.02.2023 17:25:00.000,256.987,257.277,256.946,256.986,2.136e-06,258.96990043799093,1,0,,0,0
17.02.2023 17:30:00.000,256.986,257.097,256.686,256.736,1.9872e-06,258.79806194276085,1,0,,0,0
17.02.2023 17:35:00.000,256.746,256.807,256.546,256.627,1.914e-06,258.6310571779331,1,0,,0,0
17.02.2023 17:40:00.000,256.626,256.806,256.536,256.676,1.944e-06,258.4806681642459,1,0,,0,0
17.02.2023 17:45:00.000,256.676,256.817,256.467,256.467,1.6536e-06,258.3257706131501,1,0,,0,0
17.02.2023 17:50:00.000,256.447,256.477,255.976,256.167,1.698e-06,258.1597113352155,1,0,,0,0
17.02.2023 17:55:00.000,256.157,256.486,256.106,256.277,1.9596e-06,258.01488738635277,1,0,,0,0
17.02.2023 19:00:00.000,256.616,257.137,256.596,256.957,2.214e-06,257.9335114335564,1,0,,0,0
17.02.2023 19:05:00.000,256.936,257.137,256.896,257.057,1.6656e-06,257.866087477129,1,0,,0,0
17.02.2023 19:10:00.000,257.066,257.077,256.516,256.666,2.19e-06,257.7737730558114,1,0,,0,0
17.02.2023 19:15:00.000,256.657,256.817,256.566,256.646,1.6932e-06,257.68702128228745,1,0,,0,0
17.02.2023 19:20:00.000,256.657,257.457,256.606,257.376,2.1468e-06,257.66309656826536,1,0,,0,0
17.02.2023 19:25:00.000,257.387,257.437,257.186,257.317,1.74e-06,257.6364737553219,1,0,,0,0
17.02.2023 19:30:00.000,257.316,257.647,257.316,257.496,1.86e-06,257.6256680818356,1,0,,0,0
17.02.2023 19:35:00.000,257.506,257.597,257.386,257.546,1.7436e-06,257.61953976784827,1,0,,0,0
17.02.2023 19:40:00.000,257.537,257.556,257.036,257.057,2.0064e-06,257.5762674780138,1,0,,0,0
17.02.2023 19:45:00.000,257.066,257.397,256.926,257.376,1.8264e-06,257.56086228739736,1,0,,0,0
17.02.2023 19:50:00.000,257.387,257.597,257.337,257.477,1.9188e-06,257.554411342213,1,0,,0,0
17.02.2023 19:55:00.000,257.487,257.826,257.487,257.696,1.9932e-06,257.56530277742735,0,1,259.826,0,0
21.02.2023 15:00:00.000,254.106,254.287,253.896,254.117,2.2272e-06,257.30004871762526,0,0,,0,0
21.02.2023 15:05:00.000,254.116,254.437,253.986,254.107,2.7672e-06,257.05442958550026,0,0,,0,0
21.02.2023 15:10:00.000,254.076,254.216,253.426,253.517,2.604e-06,256.78231961738487,0,0,,0,0
21.02.2023 15:15:00.000,253.517,253.876,253.406,253.547,1.9656e-06,256.533448877586,0,0,,0,0
21.02.2023 15:20:00.000,253.557,253.767,253.396,253.526,1.77e-06,256.30210665623326,0,0,,0,0
21.02.2023 15:25:00.000,253.527,253.527,253.156,253.366,2.0352e-06,256.0762522980615,0,0,,0,0
21.02.2023 15:30:00.000,253.326,253.707,253.176,253.607,1.7364e-06,255.88630981359523,0,0,,0,0
21.02.2023 15:35:00.000,253.607,253.946,253.356,253.446,1.7052e-06,255.6985936740879,0,0,,0,0
21.02.2023 15:40:00.000,253.447,253.957,253.316,253.337,1.776e-06,255.516932622235,0,0,,0,0
21.02.2023 15:45:00.000,253.337,253.547,252.817,253.117,2.1888e-06,255.33232242052463,0,0,,0,0
21.02.2023 15:50:00.000,253.116,253.357,253.056,253.107,1.638e-06,255.16114377279197,0,0,,0,0
21.02.2023 15:55:00.000,253.127,253.416,253.067,253.267,1.6728e-06,255.01544040565415,0,0,,0,0
21.02.2023 17:00:00.000,251.856,252.047,251.796,251.917,1.6176e-06,254.77709883598848,0,0,,0,0
21.02.2023 17:05:00.000,251.937,252.167,251.796,251.916,1.6644e-06,254.55701431014324,0,0,,0,0
21.02.2023 17:10:00.000,251.927,252.016,251.577,251.886,1.3188e-06,254.35155167090147,0,2,249.577,0,0
21.02.2023 17:15:00.000,251.856,252.117,251.826,252.106,1.0079999999e-06,254.178816926986,0,0,,0,0
21.02.2023 17:20:00.000,252.116,252.236,252.006,252.047,1.08e-06,254.01483100952555,0,0,,0,0
21.02.2023 17:25:00.000,252.047,252.067,251.757,251.866,1.2756e-06,253.84953631648514,0,0,,0,0
21.02.2023 17:30:00.000,251.867,252.057,251.756,251.937,1.2768e-06,253.70241813829398,0,0,,0,0
21.02.2023 17:35:00.000,251.947,252.137,251.826,251.956,1.1724e-06,253.56807828150215,0,0,,0,0
21.02.2023 17:40:00.000,251.976,252.167,251.836,252.017,1.5312e-06,253.44876456754048,0,0,,0,0
21.02.2023 17:45:00.000,252.006,252.196,251.876,252.196,1.4388e-06,253.35239806234506,0,0,,0,0
21.02.2023 17:50:00.000,252.197,252.457,252.126,252.366,1.3956e-06,253.27652128831855,0,0,,0,0
21.02.2023 17:55:00.000,252.386,252.447,252.226,252.407,1.29e-06,253.20963503537098,0,0,,0,0
21.02.2023 19:00:00.000,252.787,252.787,252.496,252.566,8.579999999999928e-07,253.16012464803475,0,0,,0,0
21.02.2023 19:05:00.000,252.567,252.827,252.547,252.727,7.499999999999942e-07,253.12680736741672,0,0,,0,0
21.02.2023 19:10:00.000,252.697,252.846,252.586,252.707,1.194e-06,253.09451449300005,0,0,,0,0
21.02.2023 19:15:00.000,252.716,252.837,252.396,252.437,1.0499999999e-06,253.043936455077,0,0,,0,0
21.02.2023 19:20:00.000,252.436,252.616,252.306,252.487,1.0223999999e-06,253.00109518930185,0,0,,0,0
21.02.2023 19:25:00.000,252.497,252.867,252.446,252.687,9.911999999999944e-07,252.97693402089405,0,0,,0,0
21.02.2023 19:30:00.000,252.706,252.907,252.516,252.776,1.0163999999e-06,252.96147755774837,1,0,,0,0
21.02.2023 19:35:00.000,252.806,252.877,252.306,252.467,1.1436e-06,252.92344082253697,1,0,,0,0
21.02.2023 19:40:00.000,252.476,252.697,252.176,252.697,1.272e-06,252.90602229772645,1,0,,0,0
21.02.2023 19:45:00.000,252.707,252.727,252.326,252.456,1.0475999999e-06,252.87140519790137,1,0,,0,0
21.02.2023 19:50:00.000,252.436,252.506,252.206,252.477,8.747999999999926e-07,252.84106633652436,1,0,,0,0
21.02.2023 19:55:00.000,252.457,252.607,252.286,252.516,1.1052e-06,252.81606123371483,1,0,,0,0
22.02.2023 14:30:00.000,253.947,254.327,252.966,253.757,2.8164,252.8884411388137,0,1,256.327,0,0
22.02.2023 14:35:00.000,253.756,253.786,253.057,253.497,2.6484,252.93525335890496,0,0,,0,0
22.02.2023 14:40:00.000,253.497,254.047,253.427,253.686,2.6256,252.99300310052766,0,0,,0,0
22.02.2023 14:45:00.000,253.687,253.976,253.486,253.636,2.562,253.04246440048706,0,0,,0,0
22.02.2023 14:50:00.000,253.626,254.127,253.176,253.416,2.9244000000000003,253.07119790814193,0,0,,0,0
22.02.2023 14:55:00.000,253.407,253.467,253.006,253.356,2.4792000000000005,253.09310576136178,0,0,,0,0
22.02.2023 15:00:00.000,253.326,253.367,252.596,252.747,2.8188,253.06648224125706,0,0,,0,0
22.02.2023 15:05:00.000,252.757,252.997,252.417,252.487,2.6664000000000003,253.0219066842373,0,0,,0,0
22.02.2023 15:10:00.000,252.476,252.506,251.806,251.817,2.9159999999999995,252.92922155468062,0,0,,0,0
22.02.2023 15:15:00.000,251.806,252.067,251.657,251.886,2.9268,252.8489737427821,0,0,,0,0
22.02.2023 15:20:00.000,251.867,252.287,251.806,252.207,2.316,252.79959114718352,0,0,,0,0
22.02.2023 15:25:00.000,252.196,252.497,251.827,251.827,2.4132,252.72477644355402,0,0,,0,0
22.02.2023 15:30:00.000,251.836,251.917,251.346,251.607,2.5716,252.63879364020372,0,2,249.346,0,0
22.02.2023 15:35:00.000,251.617,252.037,251.596,251.976,2.5332,252.58780951403423,0,0,,0,0
22.02.2023 15:40:00.000,251.986,252.476,251.977,252.357,2.2296,252.57005493603162,0,0,,0,0
22.02.2023 15:45:00.000,252.366,252.757,252.336,252.686,2.526,252.57897378710612,0,0,,0,0
22.02.2023 15:50:00.000,252.707,252.817,252.516,252.607,2.346,252.58112964963644,0,0,,0,0
22.02.2023 15:55:00.000,252.616,253.146,252.606,252.817,2.1372,252.59927352274133,0,0,,0,0
22.02.2023 16:00:00.000,252.827,252.916,252.366,252.516,2.112,252.59286786714586,0,0,,0,0
22.02.2023 16:05:00.000,252.527,252.797,252.306,252.617,2.0052,252.59472418505771,0,0,,0,0
22.02.2023 16:10:00.000,252.627,252.706,251.996,252.026,2.106,252.55097617082254,0,0,,0,0
22.02.2023 16:15:00.000,252.026,252.156,251.797,252.147,2.0076,252.5199010807593,0,0,,0,0
22.02.2023 16:20:00.000,252.157,252.747,252.157,252.547,2.1876,252.5219856130086,0,0,,0,0
22.02.2023 16:25:00.000,252.556,252.617,252.296,252.317,2.0352,252.50621748893104,0,0,,0,0
22.02.2023 16:30:00.000,252.327,252.686,252.196,252.497,1.992,252.505508451321,0,0,,0,0
22.02.2023 16:35:00.000,252.487,252.677,251.996,252.016,2.3244,252.46785395506555,0,0,,0,0
22.02.2023 16:40:00.000,252.027,252.317,251.996,252.226,1.5756,252.4492498046759,0,0,,0,0
22.02.2023 16:45:00.000,252.237,252.346,251.996,252.147,1.8024,252.42599981970085,0,0,,0,0
22.02.2023 16:50:00.000,252.167,252.367,251.906,252.027,1.8648,252.3953075258777,0,0,,0,0
22.02.2023 16:55:00.000,252.037,252.517,251.976,252.467,1.8684,252.40082233157943,0,0,,0,0
22.02.2023 17:00:00.000,252.476,252.506,252.166,252.397,1.7628,252.40052830607334,0,0,,0,0
22.02.2023 17:05:00.000,252.386,252.656,252.366,252.387,1.7664,252.39948766714463,0,0,,0,0
22.02.2023 17:10:00.000,252.386,252.456,252.126,252.387,1.7615999999999998,252.3985270773643,0,0,,0,0
22.02.2023 17:15:00.000,252.387,252.787,252.386,252.727,1.8468,252.42379422525937,0,0,,0,0
22.02.2023 17:20:00.000,252.736,252.827,252.606,252.806,1.2948,252.4531946694702,0,0,,0,0
22.02.2023 17:25:00.000,252.786,252.937,252.666,252.756,1.3259999999999998,252.4764873872033,0,0,,0,0
22.02.2023 17:30:00.000,252.757,253.026,252.687,252.836,1.2036,252.5041422035723,0,0,,0,0
22.02.2023 17:35:00.000,252.847,253.037,252.776,252.887,1.1724,252.53359280329752,0,0,,0,0
22.02.2023 17:40:00.000,252.897,253.057,252.816,252.836,1.2384,252.55685489535156,0,0,,0,0
22.02.2023 17:45:00.000,252.886,252.907,252.506,252.516,1.2072,252.55371221109374,0,0,,0,0
22.02.2023 17:50:00.000,252.546,252.707,252.446,252.667,1.2648,252.56242665639422,0,0,,0,0
22.02.2023 17:55:00.000,252.677,252.926,252.567,252.797,1.2708,252.58047075974852,0,0,,0,0
22.02.2023 18:00:00.000,252.817,253.036,252.696,252.996,1.5996,252.6124345474602,0,0,,0,0
22.02.2023 18:05:00.000,252.997,253.187,252.906,253.126,1.2516,252.65193958227096,0,0,,0,0
22.02.2023 18:10:00.000,253.136,253.157,252.946,253.036,1.056,252.68148269132706,0,0,,0,0
22.02.2023 18:15:00.000,253.036,253.207,253.006,253.186,1.0332,252.72029171507117,0,0,,0,0
22.02.2023 18:20:00.000,253.186,253.266,253.096,253.216,1.0992,252.75842312160418,0,0,,0,0
22.02.2023 18:25:00.000,253.216,253.417,253.136,253.257,0.9636,252.7967751891731,0,0,,0,0
22.02.2023 18:30:00.000,253.277,253.357,252.996,253.146,1.3595999999999997,252.82363863615979,0,0,,0,0
22.02.2023 18:35:00.000,253.137,253.416,253.026,253.406,1.1592,252.8684356641475,0,0,,0,0
22.02.2023 18:40:00.000,253.417,253.566,253.316,253.557,1.2624,252.9214021515208,0,0,,0,0
22.02.2023 18:45:00.000,253.566,253.637,253.286,253.297,1.3068,252.95029429371152,0,0,,0,0
22.02.2023 18:50:00.000,253.307,253.337,252.877,253.037,1.2924,252.95696396342606,0,0,,0,0
22.02.2023 18:55:00.000,253.037,253.357,253.016,253.257,0.828,252.98004365854715,0,0,,0,0
22.02.2023 19:00:00.000,253.266,253.686,252.116,253.286,2.9676,253.00357876173584,0,0,,0,0
22.02.2023 19:05:00.000,253.307,253.817,252.586,253.287,3.2016,253.02538039544848,0,1,255.817,0,0
22.02.2023 19:10:00.000,253.266,253.557,252.236,252.526,3.4883999999999995,252.98696651887553,0,0,,0,0
22.02.2023 19:15:00.000,252.526,252.887,251.817,252.767,3.2352,252.97004601742358,0,0,,0,0
22.02.2023 19:20:00.000,252.766,253.117,252.256,252.407,3.2196,252.92673478531407,0,0,,0,0
22.02.2023 19:25:00.000,252.427,252.666,252.167,252.366,2.9616,252.88360134028994,0,0,,0,0
22.02.2023 19:30:00.000,252.366,252.437,251.666,251.976,2.9136,252.81378585257536,0,0,,0,0
22.02.2023 19:35:00.000,251.987,252.407,251.846,252.097,2.6244,252.75864847930035,0,0,,0,0
22.02.2023 19:40:00.000,252.106,252.217,251.576,252.036,2.6652,252.7030601347388,0,0,,0,0
22.02.2023 19:45:00.000,252.056,252.566,251.577,252.496,2.6712,252.6871324320666,0,0,,0,0
22.02.2023 19:50:00.000,252.496,252.616,251.786,251.856,1.9836,252.6231991680615,0,0,,0,0
22.02.2023 19:55:00.000,251.816,251.816,251.146,251.216,2.2536,252.51495307821062,0,0,,0,0
22.02.2023 20:00:00.000,251.217,251.426,251.006,251.246,2.322,252.41734130296368,0,0,,0,0
22.02.2023 20:05:00.000,251.246,251.496,251.096,251.247,2.148,252.32731504888955,0,0,,0,0
22.02.2023 20:10:00.000,251.246,251.416,250.856,250.856,1.7532,252.21413696820576,0,0,,0,0
22.02.2023 20:15:00.000,250.866,251.167,250.766,250.997,1.902,252.12051104757458,0,0,,0,0
22.02.2023 20:20:00.000,250.996,251.416,250.746,251.407,1.9416,252.06562558237655,0,0,,0,0
22.02.2023 20:25:00.000,251.377,251.677,250.786,250.787,1.7304,251.96726976834762,0,0,,0,0
22.02.2023 20:30:00.000,250.797,251.207,250.637,251.186,2.1708,251.90717209385934,0,0,,0,0
22.02.2023 20:35:00.000,251.186,251.326,250.687,250.756,2.0256000000000003,251.81862039433173,0,0,,0,0
22.02.2023 20:40:00.000,250.757,251.227,250.646,250.837,2.4036,251.74311113322932,0,0,,0,0
22.02.2023 20:45:00.000,250.807,250.956,250.636,250.786,1.8348,251.66948719990398,0,0,,0,0
22.02.2023 20:50:00.000,250.786,251.307,250.326,250.977,1.9908,251.61621895375754,0,2,248.326,0,0
22.02.2023 20:55:00.000,250.977,251.597,250.796,251.476,2.0184,251.6054328803916,0,0,,0,0
23.02.2023 15:00:00.000,256.326,256.586,255.677,255.766,3.1356e-06,251.92547650497687,0,1,258.586,0,0
23.02.2023 15:05:00.000,255.777,256.057,255.126,255.376,3.4236e-06,252.19090138920944,0,0,,0,0
23.02.2023 15:10:00.000,255.386,255.457,254.846,255.417,3.3444e-06,252.43906282080872,0,0,,0,0
23.02.2023 15:15:00.000,255.426,255.617,254.986,255.057,3.132e-06,252.64044260382346,0,0,,0,0
23.02.2023 15:20:00.000,255.046,255.717,255.006,255.556,3.156e-06,252.8647162496832,0,0,,0,0
23.02.2023 15:25:00.000,255.556,255.637,255.176,255.266,2.9784e-06,253.04943038432296,0,0,,0,0
23.02.2023 15:30:00.000,255.266,255.717,254.557,255.656,2.9292e-06,253.24993573937505,0,0,,0,0
23.02.2023 15:35:00.000,255.656,255.776,255.337,255.367,2.7936e-06,253.41278683634619,0,0,,0,0
23.02.2023 15:40:00.000,255.336,255.337,254.516,254.686,2.9964e-06,253.51072631047342,0,0,,0,0
23.02.2023 15:45:00.000,254.677,254.757,253.376,253.446,3.3276e-06,253.50574736351393,0,0,,0,0
23.02.2023 15:50:00.000,253.466,253.777,253.227,253.356,3.0168e-06,253.49422833555133,0,0,,0,0
23.02.2023 15:55:00.000,253.366,253.416,253.016,253.056,2.832e-06,253.46051846358586,0,0,,0,0
23.02.2023 17:00:00.000,251.276,251.537,251.246,251.437,2.6112e-06,253.30486319715618,0,0,,0,0
23.02.2023 17:05:00.000,251.426,251.767,251.406,251.647,2.2476e-06,253.17733525891342,0,0,,0,0
23.02.2023 17:10:00.000,251.647,251.697,251.206,251.637,2.55e-06,253.05884793130468,0,0,,0,0
23.02.2023 17:15:00.000,251.657,251.837,251.516,251.677,2.598e-06,252.95255193658897,0,0,,0,0
23.02.2023 17:20:00.000,251.666,251.677,251.306,251.597,2.0604e-06,252.8482787106975,0,0,,0,0
23.02.2023 17:25:00.000,251.597,251.876,251.486,251.587,2.04e-06,252.7512572714131,0,0,,0,0
23.02.2023 17:30:00.000,251.587,251.777,251.356,251.717,2.2704e-06,252.67169901976595,0,0,,0,0
23.02.2023 17:35:00.000,251.727,251.957,251.496,251.546,2.1504e-06,252.58510678747626,0,0,,0,0
23.02.2023 17:40:00.000,251.546,251.627,251.126,251.416,2.3364e-06,252.49517549613194,0,0,,0,0
23.02.2023 17:45:00.000,251.406,251.677,251.346,251.606,2.1984e-06,252.42677738104487,0,0,,0,0
23.02.2023 17:50:00.000,251.616,251.757,251.356,251.377,2.106e-06,252.34602527481067,0,0,,0,0
23.02.2023 17:55:00.000,251.377,251.707,251.316,251.607,1.8684e-06,252.28917717674832,0,0,,0,0
23.02.2023 19:00:00.000,251.847,251.947,251.647,251.826,2.028e-06,252.25354816315232,0,0,,0,0
23.02.2023 19:05:00.000,251.837,252.237,251.826,252.096,2.2632e-06,252.24142907367906,0,0,,0,0
23.02.2023 19:10:00.000,252.096,252.566,252.017,252.527,2.3664e-06,252.26339606801145,0,0,,0,0
23.02.2023 19:15:00.000,252.526,253.336,252.526,253.256,3.0588e-06,252.33975021662596,0,0,,0,0
23.02.2023 19:20:00.000,253.246,253.577,253.236,253.537,2.46e-06,252.4318463538086,0,0,,0,0
23.02.2023 19:25:00.000,253.536,253.687,253.336,253.467,2.364e-06,252.5114735573618,0,0,,0,0
23.02.2023 19:30:00.000,253.456,254.157,253.447,253.966,2.6856e-06,252.62336020679552,0,0,,0,0
23.02.2023 19:35:00.000,253.976,254.216,253.956,254.116,2.5764e-06,252.73817865242665,0,0,,0,0
23.02.2023 19:40:00.000,254.126,254.397,254.017,254.287,2.322e-06,252.85731875608616,0,0,,0,0
23.02.2023 19:45:00.000,254.286,254.476,254.066,254.216,2.3484e-06,252.96183269792567,0,1,256.476,0,0
23.02.2023 19:50:00.000,254.216,254.267,253.786,253.846,2.3172e-06,253.02984556731602,0,0,,0,0
23.02.2023 19:55:00.000,253.846,253.967,253.566,253.826,2.5248e-06,253.09108821598403,0,0,,0,0
24.02.2023 14:30:00.000,249.687,250.506,249.466,250.107,2.9508,252.86154296860067,0,0,,0,0
24.02.2023 14:35:00.000,250.137,250.657,249.937,250.617,3.1968,252.68888581716985,0,0,,0,0
24.02.2023 14:40:00.000,250.616,250.846,250.206,250.266,3.4008,252.50250998507988,0,0,,0,0
24.02.2023 14:45:00.000,250.277,250.277,249.286,249.356,3.3288,252.26047075545839,0,0,,0,0
24.02.2023 14:50:00.000,249.366,249.617,249.156,249.506,3.4896,252.04858838965393,0,0,,0,0
24.02.2023 14:55:00.000,249.507,249.767,249.066,249.507,3.1716,251.8530815904498,0,0,,0,0
24.02.2023 15:00:00.000,249.507,250.097,249.106,249.786,3.6516,251.69407531426137,0,0,,0,0
24.02.2023 15:05:00.000,249.786,250.016,249.096,249.146,3.5664,251.49806952085666,0,0,,0,0
24.02.2023 15:10:00.000,249.117,249.427,249.006,249.066,3.3312000000000004,251.31098725002155,0,0,,0,0
24.02.2023 15:15:00.000,249.066,249.417,248.906,249.207,3.2988,251.14914207694298,0,0,,0,0
24.02.2023 15:20:00.000,249.176,249.326,249.007,249.146,3.132,250.99505422487044,0,0,,0,0
24.02.2023 15:25:00.000,249.136,249.657,249.076,249.357,2.5764,250.86905005372657,0,0,,0,0
24.02.2023 15:30:00.000,249.366,249.407,249.076,249.306,2.592,250.74881543420915,0,0,,0,0
24.02.2023 15:35:00.000,249.307,249.397,248.666,248.896,2.6076,250.6062911700392,0,0,,0,0
24.02.2023 15:40:00.000,248.877,249.147,248.666,249.056,2.7336,250.48703800311313,0,0,,0,0
24.02.2023 15:45:00.000,249.056,249.357,248.886,248.897,2.5056000000000003,250.36472738748907,0,0,,0,0
24.02.2023 15:50:00.000,248.886,248.927,248.446,248.546,2.2248,250.22482528075915,0,0,,0,0
24.02.2023 15:55:00.000,248.527,248.657,248.226,248.506,2.1372,250.09260795147,0,2,246.226,0,0
24.02.2023 16:00:00.000,248.516,248.667,248.276,248.326,2.4768,249.95671503212617,0,0,,0,0
24.02.2023 16:05:00.000,248.317,248.836,248.276,248.527,2.4684,249.84673695273185,0,0,,0,0
24.02.2023 16:10:00.000,248.526,248.807,248.497,248.606,2.4276,249.75129564867555,0,0,,0,0
24.02.2023 16:15:00.000,248.616,249.127,248.536,248.886,2.5284,249.68473444493128,0,0,,0,0
24.02.2023 16:20:00.000,248.896,249.107,248.756,248.896,2.3328,249.62406256455196,0,0,,0,0
24.02.2023 16:25:00.000,248.886,249.376,248.886,249.026,2.3868,249.5780577518941,0,0,,0,0
24.02.2023 16:30:00.000,249.027,249.227,248.816,248.996,2.6136,249.5332840786715,0,0,,0,0
24.02.2023 16:35:00.000,248.986,249.057,248.596,248.597,2.3244,249.461262226466,0,0,,0,0
24.02.2023 16:40:00.000,248.577,249.197,248.577,248.976,2.5224,249.4239343628917,0,0,,0,0
24.02.2023 16:45:00.000,248.987,249.347,248.806,249.207,2.3772,249.40724710420773,0,0,,0,0
24.02.2023 16:50:00.000,249.227,249.767,249.176,249.256,2.3796,249.39561271157638,0,1,251.767,0,0
24.02.2023 16:55:00.000,249.267,249.436,249.067,249.407,1.932,249.39648865683975,0,0,,0,0
24.02.2023 17:00:00.000,249.416,249.577,249.116,249.167,2.2428,249.3788356832367,0,0,,0,0
24.02.2023 17:05:00.000,249.157,249.266,248.946,249.127,1.9884,249.3594637076031,0,0,,0,0
24.02.2023 17:10:00.000,249.137,249.427,249.017,249.367,1.9668,249.3600434224029,0,0,,0,0
24.02.2023 17:15:00.000,249.376,249.447,249.076,249.217,2.0112,249.34904008221807,0,0,,0,0
24.02.2023 17:20:00.000,249.206,249.537,249.136,249.397,1.6392,249.35272930666287,0,0,,0,0
24.02.2023 17:25:00.000,249.407,249.507,249.166,249.327,2.0424,249.35075012922727,0,0,,0,0
24.02.2023 17:30:00.000,249.347,249.577,249.136,249.176,2.1156,249.3373078115944,0,0,,0,0
24.02.2023 17:35:00.000,249.177,249.236,249.016,249.047,1.8348,249.31497644147177,0,0,,0,0
24.02.2023 17:40:00.000,249.036,249.077,248.656,248.766,1.9068,249.2727474844355,0,0,,0,0
24.02.2023 17:45:00.000,248.757,248.797,248.596,248.706,1.6608,249.22915152409433,0,0,,0,0
24.02.2023 17:50:00.000,248.696,248.907,248.576,248.857,1.56,249.20052448377942,0,0,,0,0
24.02.2023 17:55:00.000,248.856,248.867,248.646,248.677,1.4244,249.16025336964253,0,0,,0,0
24.02.2023 18:00:00.000,248.687,248.867,248.536,248.537,1.6572,249.11231080274695,0,0,,0,0
24.02.2023 18:05:00.000,248.536,248.597,248.176,248.286,1.674,249.0487484333049,0,0,,0,0
24.02.2023 18:10:00.000,248.276,248.376,248.156,248.316,1.5936,248.99238316920452,0,2,246.156,0,0
24.02.2023 18:15:00.000,248.327,248.557,248.216,248.507,1.5996,248.95504600234264,0,0,,0,0
24.02.2023 18:20:00.000,248.517,248.887,248.466,248.716,2.0976,248.93665784831632,0,0,,0,0
24.02.2023 18:25:00.000,248.717,248.927,248.676,248.727,1.5852,248.92053032152276,0,0,,0,0
24.02.2023 18:30:00.000,248.737,248.787,248.436,248.706,1.9836,248.90402798909795,0,0,,0,0
24.02.2023 18:35:00.000,248.717,248.837,248.607,248.807,1.7412,248.8965642976289,0,0,,0,0
24.02.2023 18:40:00.000,248.816,249.027,248.726,248.826,1.8132,248.8911362747344,0,0,,0,0
24.02.2023 18:45:00.000,248.827,248.907,248.646,248.707,1.7436,248.8769719459087,0,0,,0,0
24.02.2023 18:50:00.000,248.726,248.957,248.667,248.947,1.506,248.88235871930036,0,0,,0,0
24.02.2023 18:55:00.000,248.966,249.076,248.717,248.926,1.4904,248.88571574089264,0,0,,0,0
24.02.2023 19:00:00.000,248.936,249.047,248.737,248.846,1.8072,248.8826606839009,0,0,,0,0
24.02.2023 19:05:00.000,248.857,249.046,248.816,248.906,1.44,248.88445601590854,0,0,,0,0
24.02.2023 19:10:00.000,248.906,248.907,248.586,248.707,1.77,248.87080555314637,0,0,,0,0
24.02.2023 19:15:00.000,248.706,249.087,248.706,248.977,1.8924,248.8789743567505,0,0,,0,0
24.02.2023 19:20:00.000,248.977,249.057,248.496,248.857,2.2032,248.87728402161585,0,0,,0,0
24.02.2023 19:25:00.000,248.877,249.187,248.856,248.957,1.59,248.88341601995313,0,0,,0,0
24.02.2023 19:30:00.000,248.956,249.007,248.667,248.807,1.7364,248.87753786457213,0,0,,0,0
24.02.2023 19:35:00.000,248.806,248.866,248.626,248.777,1.6584000000000003,248.86980418268197,0,0,,0,0
24.02.2023 19:40:00.000,248.777,248.806,248.386,248.447,1.9236,248.83728078401415,0,0,,0,0
24.02.2023 19:45:00.000,248.466,248.996,248.387,248.867,2.0988,248.83956687755153,0,0,,0,0
24.02.2023 19:50:00.000,248.896,249.326,248.866,249.256,2.0364,248.871600194663,0,0,,0,0
24.02.2023 19:55:00.000,249.267,249.617,249.166,249.436,2.1192,248.9150155643043,0,0,,0,0
24.02.2023 20:00:00.000,249.447,249.766,249.236,249.266,2.1936,248.94201436705015,0,0,,0,0
24.02.2023 20:05:00.000,249.256,249.526,249.217,249.467,1.836,248.98239787727707,0,0,,0,0
24.02.2023 20:10:00.000,249.476,249.527,249.087,249.196,1.866,248.99882880979422,0,0,,0,0
24.02.2023 20:15:00.000,249.197,249.406,249.096,249.377,1.902,249.02791890134853,0,0,,0,0
24.02.2023 20:20:00.000,249.367,249.587,249.316,249.487,1.7231999999999998,249.06323283201405,0,0,,0,0
24.02.2023 20:25:00.000,249.496,249.557,249.026,249.066,1.9416,249.06344569108992,0,0,,0,0
24.02.2023 20:30:00.000,249.056,249.157,248.646,248.696,2.1732,249.03518063792916,0,0,,0,0
24.02.2023 20:35:00.000,248.686,248.737,248.366,248.457,2.298,248.99070520424232,0,0,,0,0
24.02.2023 20:40:00.000,248.457,248.647,248.406,248.516,2.088,248.9541894193006,0,0,,0,0
24.02.2023 20:45:00.000,248.517,248.876,248.376,248.806,2.3376,248.94279023320058,0,0,,0,0
24.02.2023 20:50:00.000,248.796,248.907,248.096,248.826,2.5092,248.93380636910825,0,2,246.096,0,0
24.02.2023 20:55:00.000,248.826,249.447,248.826,249.096,2.7372,248.9462828022538,0,0,,0,0
27.02.2023 15:00:00.000,251.826,252.226,251.497,252.147,2.742e-06,249.19249181746505,0,0,,0,0
27.02.2023 15:05:00.000,252.147,252.777,252.016,252.556,2.502e-06,249.4512232161216,0,1,254.777,0,0
27.02.2023 15:10:00.000,252.577,252.656,251.956,252.126,2.4336e-06,249.65697527641996,0,0,,0,0
27.02.2023 15:15:00.000,252.157,252.697,252.127,252.506,2.37e-06,249.87613102438766,0,0,,0,0
27.02.2023 15:20:00.000,252.527,252.617,251.746,251.957,2.4576e-06,250.03619786866557,0,0,,0,0
27.02.2023 15:25:00.000,251.957,252.397,251.807,251.856,2.4888e-06,250.17618264799898,0,0,,0,0
27.02.2023 15:30:00.000,251.856,251.986,251.496,251.526,2.4144e-06,250.2800147519991,0,0,,0,0
27.02.2023 15:35:00.000,251.526,251.556,250.556,250.826,2.8716e-06,250.32201361722994,0,0,,0,0
27.02.2023 15:40:00.000,250.796,250.817,250.167,250.807,3.0744e-06,250.35932026205842,0,0,,0,0
27.02.2023 15:45:00.000,250.817,250.857,250.346,250.517,2.6772e-06,250.3714494726693,0,0,,0,0
27.02.2023 15:50:00.000,250.517,250.757,250.366,250.457,2.6436e-06,250.37803028246398,0,0,,0,0
27.02.2023 15:55:00.000,250.447,250.877,250.186,250.687,2.5572e-06,250.40179718381293,0,0,,0,0
27.02.2023 17:00:00.000,250.336,250.407,250.106,250.227,1.6092e-06,250.38835124659656,0,0,,0,0
27.02.2023 17:05:00.000,250.237,250.267,249.936,250.017,1.608e-06,250.35978576608915,0,0,,0,0
27.02.2023 17:10:00.000,250.007,250.176,249.847,250.057,1.572e-06,250.3364945533131,0,0,,0,0
27.02.2023 17:15:00.000,250.046,250.216,249.996,250.046,1.1556e-06,250.31414881844285,0,0,,0,0
27.02.2023 17:20:00.000,250.047,250.066,249.646,249.787,1.71e-06,250.2735989093319,0,0,,0,0
27.02.2023 17:25:00.000,249.787,250.167,249.786,250.116,1.5576e-06,250.26147591630638,0,0,,0,0
27.02.2023 17:30:00.000,250.116,250.497,250.067,250.246,1.6392e-06,250.26028546120588,0,0,,0,0
27.02.2023 17:35:00.000,250.246,250.397,250.216,250.226,1.4148e-06,250.25764811803623,0,0,,0,0
27.02.2023 17:40:00.000,250.266,250.327,250.006,250.207,1.0704e-06,250.25375210895655,0,0,,0,0
27.02.2023 17:45:00.000,250.226,250.407,250.206,250.346,1.0908e-06,250.2608481005753,0,0,,0,0
27.02.2023 17:50:00.000,250.336,250.597,250.246,250.467,1.152e-06,250.27670593899256,0,0,,0,0
27.02.2023 17:55:00.000,250.476,250.736,250.466,250.726,1.0992e-06,250.3112670206085,0,0,,0,0
27.02.2023 19:00:00.000,250.586,250.997,250.516,250.877,1.4688e-06,250.35478494210017,0,0,,0,0
27.02.2023 19:05:00.000,250.857,250.977,250.746,250.776,1.254e-06,250.38718610040016,0,0,,0,0
27.02.2023 19:10:00.000,250.757,250.987,250.736,250.736,1.2408e-06,250.4140179388309,0,0,,0,0
27.02.2023 19:15:00.000,250.736,250.787,250.276,250.336,1.1928e-06,250.40801655892085,0,0,,0,0
27.02.2023 19:20:00.000,250.347,250.376,250.186,250.307,1.0019999999e-06,250.4002460543885,0,0,,0,0
27.02.2023 19:25:00.000,250.306,250.357,250.186,250.296,1.0295999999e-06,250.39222712712785,0,0,,0,0
27.02.2023 19:30:00.000,250.297,250.297,250.116,250.217,8.459999999999929e-07,250.3787481173488,0,0,,0,0
27.02.2023 19:35:00.000,250.217,250.437,250.186,250.277,1.2672e-06,250.3709213390912,0,0,,0,0
27.02.2023 19:40:00.000,250.287,250.377,249.806,250.037,1.7232e-06,250.34523508223805,0,0,,0,0
27.02.2023 19:45:00.000,250.047,250.066,249.647,249.787,1.8948e-06,250.30229392206593,0,0,,0,0
27.02.2023 19:50:00.000,249.787,249.937,249.616,249.936,1.572e-06,250.27411746652243,0,0,,0,0
27.02.2023 19:55:00.000,249.936,250.017,249.716,249.816,1.632e-06,250.23887766140533,0,0,,0,0
28.02.2023 14:30:00.000,248.806,249.606,248.687,249.107,2.2548,250.15181014898957,0,2,246.687,0,0
28.02.2023 14:35:00.000,249.106,249.457,248.826,249.437,2.8056000000000005,250.09682475291348,0,0,,0,0
28.02.2023 14:40:00.000,249.466,250.237,249.407,249.707,2.5056,250.0668382334586,0,0,,0,0
28.02.2023 14:45:00.000,249.707,250.097,249.306,249.316,2.3976,250.00908144626948,0,0,,0,0
28.02.2023 14:50:00.000,249.316,249.627,249.146,249.326,3.1128,249.95653671963336,0,0,,0,0
28.02.2023 14:55:00.000,249.346,249.856,249.146,249.757,2.6796,249.94118774120003,0,0,,0,0
28.02.2023 15:00:00.000,249.756,250.266,249.676,250.056,2.9004,249.95001945341542,0,0,,0,0
28.02.2023 15:05:00.000,250.057,250.377,249.996,250.007,2.7192,249.9544025723835,0,0,,0,0
28.02.2023 15:10:00.000,250.017,250.157,249.726,250.066,3.1392,249.96298698989247,0,0,,0,0
28.02.2023 15:15:00.000,250.066,250.087,249.596,249.887,2.97,249.9571418368238,0,0,,0,0
28.02.2023 15:20:00.000,249.897,249.997,249.647,249.696,2.814,249.937054003222,0,0,,0,0
28.02.2023 15:25:00.000,249.697,249.997,249.336,249.517,2.8044,249.9047421568203,0,0,,0,0
28.02.2023 15:30:00.000,249.527,249.657,249.326,249.547,2.7744,249.8772235293726,0,0,,0,0
28.02.2023 15:35:00.000,249.556,249.887,249.446,249.607,2.58,249.85643710403625,0,0,,0,0
28.02.2023 15:40:00.000,249.606,249.967,249.396,249.546,2.6052,249.83255732680271,0,0,,0,0
28.02.2023 15:45:00.000,249.536,249.756,249.226,249.526,2.6676,249.80897599397176,0,0,,0,0
28.02.2023 15:50:00.000,249.526,249.557,249.076,249.277,2.5932,249.76805476366624,0,0,,0,0
28.02.2023 15:55:00.000,249.267,249.887,249.186,249.796,2.5248,249.7702043972304,0,0,,0,0
28.02.2023 16:00:00.000,249.787,250.277,249.786,249.976,2.676,249.7860348282127,0,0,,0,0
28.02.2023 16:05:00.000,249.977,250.287,249.976,250.237,2.2944,249.82072445681175,0,0,,0,0
28.02.2023 16:10:00.000,250.247,250.376,249.876,249.947,2.0016,249.83043796013393,0,0,,0,0
28.02.2023 16:15:00.000,249.947,250.237,249.906,249.996,1.98,249.84317350166214,0,0,,0,0
28.02.2023 16:20:00.000,250.007,250.487,249.937,250.466,1.794,249.89108323230354,0,0,,0,0
28.02.2023 16:25:00.000,250.476,250.477,250.067,250.077,1.6956,249.90538452212638,0,0,,0,0
28.02.2023 16:30:00.000,250.067,250.117,249.826,249.867,2.064,249.9024318665782,0,0,,0,0
28.02.2023 16:35:00.000,249.857,249.946,249.596,249.617,1.8108,249.88047556914913,0,0,,0,0
28.02.2023 16:40:00.000,249.617,249.637,249.456,249.497,1.6572,249.85097744844535,0,0,,0,0
28.02.2023 16:45:00.000,249.516,249.537,249.246,249.287,1.4915999999999998,249.80759456779572,0,0,,0,0
28.02.2023 16:50:00.000,249.296,249.536,249.107,249.447,1.4412,249.7798565241191,0,0,,0,0
28.02.2023 16:55:00.000,249.437,249.647,249.366,249.596,1.7699999999999998,249.76571371457152,0,0,,0,0
28.02.2023 17:00:00.000,249.607,249.817,249.586,249.786,1.4580000000000002,249.76727419806605,0,0,,0,0
28.02.2023 17:05:00.000,249.777,250.017,249.716,249.957,1.5492,249.78186849052253,0,0,,0,0
28.02.2023 17:10:00.000,249.946,250.267,249.936,250.087,1.4976,249.80534014509772,0,0,,0,0
28.02.2023 17:15:00.000,250.086,250.206,249.997,250.057,1.3632,249.82469859547484,0,0,,0,0
28.02.2023 17:20:00.000,250.067,250.387,250.016,250.256,1.5384,249.85787562659218,0,0,,0,0
28.02.2023 17:25:00.000,250.266,250.356,250.156,250.257,1.4688,249.8885775014697,0,0,,0,0
28.02.2023 17:30:00.000,250.277,250.427,250.206,250.256,1.3560000000000003,249.91684077058744,0,0,,0,0
28.02.2023 17:35:00.000,250.256,250.367,250.076,250.227,1.5216,249.94069917284995,0,0,,0,0
28.02.2023 17:40:00.000,250.236,250.326,250.017,250.227,1.4376,249.96272231339995,0,0,,0,0
28.02.2023 17:45:00.000,250.226,250.437,250.206,250.367,1.4844000000000002,249.99382059698456,0,0,,0,0
28.02.2023 17:50:00.000,250.357,251.047,250.256,251.047,1.6848,250.07483439721653,0,0,,0,0
28.02.2023 17:55:00.000,251.046,251.176,250.846,250.857,1.5444,250.13500098204602,0,0,,0,0
28.02.2023 18:00:00.000,250.857,251.086,250.796,251.047,1.4759999999999998,250.2051547526579,0,0,,0,0
28.02.2023 18:05:00.000,251.047,251.216,250.946,250.946,1.6464,250.2621428486073,0,0,,0,0
28.02.2023 18:10:00.000,250.957,251.067,250.856,250.856,1.3872,250.30782416794523,0,0,,0,0
28.02.2023 18:15:00.000,250.846,250.947,250.706,250.806,1.4424,250.3461453857956,0,0,,0,0
28.02.2023 18:20:00.000,250.776,251.147,250.766,251.107,1.0908,250.40467266381134,0,0,,0,0
28.02.2023 18:25:00.000,251.106,251.256,251.016,251.236,1.1892,250.46862092044125,0,0,,0,0
28.02.2023 18:30:00.000,251.247,251.457,251.016,251.217,2.0424,250.5261885419458,0,1,253.457,0,0
28.02.2023 18:35:00.000,251.196,251.346,251.057,251.136,1.5659999999999998,250.5730971156423,0,0,,0,0
28.02.2023 18:40:00.000,251.136,251.207,250.977,251.146,1.4688,250.61716656828523,0,0,,0,0
28.02.2023 18:45:00.000,251.157,251.327,251.027,251.057,1.2516,250.65099990918637,0,0,,0,0
28.02.2023 18:50:00.000,251.057,251.107,250.907,251.057,1.2972,250.6822306854028,0,0,,0,0
28.02.2023 18:55:00.000,251.056,251.177,250.956,251.007,1.2612,250.70721294037182,0,0,,0,0
28.02.2023 19:00:00.000,251.017,251.137,250.896,250.906,1.476,250.72250425265094,0,0,,0,0
28.02.2023 19:05:00.000,250.916,250.937,250.447,250.767,1.7964,250.72592700244704,0,0,,0,0
28.02.2023 19:10:00.000,250.766,250.806,250.646,250.747,1.374,250.72754800225883,0,0,,0,0
28.02.2023 19:15:00.000,250.746,250.767,250.437,250.537,1.2396,250.71289046362355,0,0,,0,0
28.02.2023 19:20:00.000,250.546,250.697,250.476,250.646,1.44,250.70774504334483,0,0,,0,0
28.02.2023 19:25:00.000,250.657,250.677,250.326,250.396,1.3668,250.68376465539524,0,0,,0,0
28.02.2023 19:30:00.000,250.407,250.426,250.046,250.157,1.2852,250.64324429728794,0,0,,0,0
28.02.2023 19:35:00.000,250.157,250.236,250.016,250.117,1.4027999999999998,250.60276396672734,0,0,,0,0
28.02.2023 19:40:00.000,250.096,250.147,249.877,250.106,1.2828,250.56455135390217,0,0,,0,0
28.02.2023 19:45:00.000,250.076,250.397,250.066,250.276,1.2324,250.54235509590973,0,0,,0,0
28.02.2023 19:50:00.000,250.286,250.377,249.897,249.916,1.236,250.4941739346859,0,0,,0,0
28.02.2023 19:55:00.000,249.926,249.957,249.696,249.717,1.3404,250.43439132432547,0,0,,0,0
28.02.2023 20:00:00.000,249.726,249.746,249.526,249.596,1.5408,250.36989968399277,0,0,,0,0
28.02.2023 20:05:00.000,249.597,249.697,249.516,249.606,1.5588000000000002,250.31113816983947,0,0,,0,0
28.02.2023 20:10:00.000,249.606,249.766,249.426,249.536,1.4544,250.2515121567749,0,0,,0,0
28.02.2023 20:15:00.000,249.536,249.677,249.476,249.586,1.1388,250.2003189139461,0,0,,0,0
28.02.2023 20:20:00.000,249.587,249.677,249.396,249.557,1.3644,250.15083284364255,0,0,,0,0
28.02.2023 20:25:00.000,249.576,249.587,249.276,249.297,1.6464,250.0851533941316,0,0,,0,0
28.02.2023 20:30:00.000,249.306,249.376,249.066,249.097,1.8252,250.00914159458304,0,0,,0,0
28.02.2023 20:35:00.000,249.116,249.307,248.976,249.237,1.7256,249.94974608730743,0,0,,0,0
28.02.2023 20:40:00.000,249.247,249.327,249.106,249.276,1.6764,249.89791946520685,0,0,,0,0
28.02.2023 20:45:00.000,249.276,249.567,249.166,249.266,1.8108,249.8493102755756,0,0,,0,0
28.02.2023 20:50:00.000,249.267,250.076,248.866,249.957,2.2476000000000003,249.85759410053132,0,0,,0,0
28.02.2023 20:55:00.000,249.966,250.307,249.246,249.266,2.1024,249.81208686202893,0,0,,0,0
01.03.2023 15:00:00.000,249.516,249.797,248.576,248.756,3.162e-06,249.73084941110363,0,0,,0,0
01.03.2023 15:05:00.000,248.746,248.787,247.996,248.077,2.9304e-06,249.60363022563413,0,0,,0,0
01.03.2023 15:10:00.000,248.066,248.066,247.517,247.517,2.9616e-06,249.44312020827766,0,0,,0,0
01.03.2023 15:15:00.000,247.507,247.887,247.326,247.806,2.7816e-06,249.31718788456402,0,0,,0,0
01.03.2023 15:20:00.000,247.787,248.167,247.527,247.936,2.6316e-06,249.21094266267448,0,0,,0,0
01.03.2023 15:25:00.000,247.937,247.977,247.546,247.627,2.5284e-06,249.08910091939185,0,0,,0,0
01.03.2023 15:30:00.000,247.626,247.677,247.246,247.437,2.418e-06,248.9620162332848,0,0,,0,0
01.03.2023 15:35:00.000,247.456,248.577,247.356,248.417,2.5092e-06,248.92009190764753,0,0,,0,0
01.03.2023 15:40:00.000,248.417,248.987,248.407,248.926,2.3028e-06,248.92054637629002,0,0,,0,0
01.03.2023 15:45:00.000,248.946,249.227,248.727,249.027,2.2692e-06,248.9287351165754,0,0,,0,0
01.03.2023 15:50:00.000,249.027,249.027,248.647,248.786,2.25e-06,248.91775549222345,0,0,,0,0
01.03.2023 15:55:00.000,248.796,248.836,248.316,248.346,2.1444e-06,248.87377430051396,0,0,,0,0
01.03.2023 17:00:00.000,248.406,248.406,247.886,247.947,2.0748e-06,248.8024839697052,0,0,,0,0
01.03.2023 17:05:00.000,247.947,248.247,247.806,248.187,1.836e-06,248.75513904895865,0,0,,0,0
01.03.2023 17:10:00.000,248.176,248.587,247.996,248.196,2.3628e-06,248.71212835288495,0,0,,0,0
01.03.2023 17:15:00.000,248.186,248.267,247.916,247.947,1.8792e-06,248.65327232573995,0,0,,0,0
01.03.2023 17:20:00.000,247.947,248.147,247.746,247.746,2.0676e-06,248.5834821468369,0,0,,0,0
01.03.2023 17:25:00.000,247.747,248.186,247.746,247.756,2.1132e-06,248.51982967400332,0,0,,0,0
01.03.2023 17:30:00.000,247.777,247.966,247.746,247.757,2.1288e-06,248.46115046831076,0,0,,0,0
01.03.2023 17:35:00.000,247.756,248.107,247.686,247.867,1.842e-06,248.41544658613302,0,0,,0,0
01.03.2023 17:40:00.000,247.877,248.226,247.866,248.126,1.7484e-06,248.3931814641228,0,0,,0,0
01.03.2023 17:45:00.000,248.126,248.387,248.026,248.076,1.8984e-06,248.3687828899595,0,0,,0,0
01.03.2023 17:50:00.000,248.076,248.106,247.866,248.057,1.7532e-06,248.34479959073187,0,0,,0,0
01.03.2023 17:55:00.000,248.056,248.137,247.686,247.777,2.07e-06,248.30112269913712,0,0,,0,0
01.03.2023 19:00:00.000,247.126,247.137,246.806,246.957,1.7124e-06,248.19772864535736,0,0,,0,0
01.03.2023 19:05:00.000,246.956,246.956,246.716,246.817,1.6644e-06,248.09151874956066,0,0,,0,0
01.03.2023 19:10:00.000,246.826,247.156,246.797,247.027,1.6272e-06,248.00963269190214,0,0,,0,0
01.03.2023 19:15:00.000,247.027,247.027,246.656,246.696,1.5732e-06,247.90858402329428,0,0,,0,0
01.03.2023 19:20:00.000,246.697,246.826,246.606,246.786,1.5516e-06,247.82223140611782,0,0,,0,0
01.03.2023 19:25:00.000,246.807,246.827,246.456,246.487,1.5576e-06,247.71952129795494,0,0,,0,0
01.03.2023 19:30:00.000,246.486,246.627,246.366,246.616,1.5876e-06,247.6346350442661,0,0,,0,0
01.03.2023 19:35:00.000,246.616,246.887,246.586,246.867,1.6248e-06,247.5755861947072,0,0,,0,0
01.03.2023 19:40:00.000,246.866,246.867,246.546,246.677,1.392e-06,247.50646417972976,0,0,,0,0
01.03.2023 19:45:00.000,246.676,246.776,246.456,246.486,1.6428e-06,247.42796693513517,0,0,,0,0
01.03.2023 19:50:00.000,246.497,246.697,246.296,246.606,1.6692e-06,247.36473870935555,0,0,,0,0
01.03.2023 19:55:00.000,246.627,246.637,246.386,246.466,1.5444e-06,247.29560496248206,0,0,,0,0
02.03.2023 14:30:00.000,246.417,246.947,245.596,246.887,2.1192,247.2641738115219,0,2,243.596,0,0
02.03.2023 14:35:00.000,246.887,247.317,246.636,247.157,2.2236,247.2559296721741,0,0,,0,0
02.03.2023 14:40:00.000,247.157,247.566,246.826,246.996,2.5692000000000004,247.23593508200685,0,0,,0,0
02.03.2023 14:45:00.000,246.987,247.286,246.637,247.097,3.0564,247.22524776800634,0,0,,0,0
02.03.2023 14:50:00.000,247.096,247.457,246.696,246.706,3.1536,247.18530563200585,0,0,,0,0
02.03.2023 14:55:00.000,246.697,246.806,246.366,246.627,2.8812000000000006,247.1423590449285,1,0,,0,0
02.03.2023 15:00:00.000,246.606,247.337,246.506,247.096,2.8116,247.1387929645494,1,0,,0,0
02.03.2023 15:05:00.000,247.116,247.317,246.716,247.036,2.6592,247.1308858134302,1,0,,0,0
02.03.2023 15:10:00.000,247.036,247.627,246.816,247.567,2.6772,247.16443305855097,0,0,,0,0
02.03.2023 15:15:00.000,247.567,247.796,247.146,247.437,2.7156,247.18539974635476,0,0,,0,0
02.03.2023 15:20:00.000,247.446,247.716,247.067,247.487,2.6940000000000004,247.20859976586596,0,0,,0,0
02.03.2023 15:25:00.000,247.486,247.697,247.047,247.646,2.346,247.24224593772243,0,0,,0,0
02.03.2023 15:30:00.000,247.647,247.717,247.156,247.376,2.2848,247.2525347117438,0,0,,0,0
02.03.2023 15:35:00.000,247.377,247.487,246.907,246.966,2.3316,247.23049358007123,0,0,,0,0
02.03.2023 15:40:00.000,246.966,247.057,246.726,246.996,2.1552,247.21245561237345,0,0,,0,0
02.03.2023 15:45:00.000,246.987,247.176,246.726,246.837,2.1876,247.18357441142166,0,0,,0,0
02.03.2023 15:50:00.000,246.826,247.516,246.806,247.436,2.2764,247.20299176438922,0,0,,0,0
02.03.2023 15:55:00.000,247.427,247.727,247.306,247.616,2.0964,247.234761628667,0,0,,0,0
02.03.2023 16:00:00.000,247.616,247.877,247.416,247.446,2.274,247.25101073415416,0,1,249.877,0,0
02.03.2023 16:05:00.000,247.456,247.877,247.426,247.587,2.0940000000000003,247.27685606229616,0,1,249.877,0,0
02.03.2023 16:10:00.000,247.597,247.737,247.396,247.396,2.0412,247.28602098058107,0,0,,0,0
02.03.2023 16:15:00.000,247.407,247.857,247.176,247.176,1.9188,247.2775578282287,0,0,,0,0
02.03.2023 16:20:00.000,247.176,247.406,247.006,247.027,1.932,247.2582841491342,0,0,,0,0
02.03.2023 16:25:00.000,247.057,247.177,246.856,246.906,2.0616000000000003,247.23118536843157,0,0,,0,0
02.03.2023 16:30:00.000,246.907,247.046,246.696,246.816,2.3004,247.19924803239837,0,0,,0,0
02.03.2023 16:35:00.000,246.807,246.867,246.596,246.837,1.6884,247.17138279913698,0,0,,0,0
02.03.2023 16:40:00.000,246.846,247.017,246.726,246.727,1.3236,247.1371995068957,0,0,,0,0
02.03.2023 16:45:00.000,246.726,247.137,246.687,247.096,1.4184,247.13403031405758,0,0,,0,0
02.03.2023 16:50:00.000,247.117,247.456,246.896,246.976,1.6044000000000005,247.12187413605318,0,0,,0,0
02.03.2023 16:55:00.000,246.987,247.457,246.936,247.387,1.5156,247.14226843327987,0,0,,0,0
02.03.2023 17:00:00.000,247.386,247.547,247.326,247.496,1.6391999999999998,247.1694785537968,0,0,,0,0
02.03.2023 17:05:00.000,247.507,247.596,247.316,247.447,1.5588,247.19082635735091,0,0,,0,0
02.03.2023 17:10:00.000,247.457,247.516,247.106,247.196,1.5204,247.1912243298624,0,0,,0,0
02.03.2023 17:15:00.000,247.197,247.217,246.846,246.897,1.416,247.16859168910375,0,0,,0,0
02.03.2023 17:20:00.000,246.897,247.177,246.886,247.117,1.3104,247.16462309763426,0,0,,0,0
02.03.2023 17:25:00.000,247.127,247.317,247.056,247.207,1.2972,247.16788285935473,0,0,,0,0
02.03.2023 17:30:00.000,247.216,247.646,247.206,247.386,1.6488,247.18466110094283,0,0,,0,0
02.03.2023 17:35:00.000,247.396,247.467,247.216,247.246,1.4808,247.18937947779338,0,0,,0,0
02.03.2023 17:40:00.000,247.257,247.336,247.057,247.227,1.5756,247.19227336411697,0,0,,0,0
02.03.2023 17:45:00.000,247.226,247.337,247.066,247.116,1.266,247.18640618226183,0,0,,0,0
02.03.2023 17:50:00.000,247.136,247.387,247.116,247.367,1.1892,247.20029801439554,0,0,,0,0
02.03.2023 17:55:00.000,247.377,247.387,247.176,247.316,1.2036,247.20919816713436,0,0,,0,0
02.03.2023 18:00:00.000,247.316,247.367,247.196,247.236,1.1868,247.21125984658556,0,0,,0,0
02.03.2023 18:05:00.000,247.206,247.207,246.967,247.056,1.3427999999999998,247.1993167814636,0,0,,0,0
02.03.2023 18:10:00.000,247.067,247.217,247.046,247.056,1.2864,247.18829241365873,0,0,,0,0
02.03.2023 18:15:00.000,247.046,247.147,246.836,247.076,1.2191999999999998,247.17965453568502,0,0,,0,0
02.03.2023 18:20:00.000,247.076,247.226,246.996,247.046,1.1088,247.16937341755542,0,0,,0,0
02.03.2023 18:25:00.000,247.047,247.277,246.976,247.117,1.1244,247.16534469312808,0,0,,0,0
02.03.2023 18:30:00.000,247.127,247.287,247.046,247.266,1.2251999999999998,247.17308740904133,0,0,,0,0
02.03.2023 18:35:00.000,247.267,248.676,247.267,248.087,2.1024,247.24338837757665,0,0,,0,0
02.03.2023 18:40:00.000,248.096,248.407,247.976,248.296,2.1324,247.32435850237846,0,0,,0,0
02.03.2023 18:45:00.000,248.296,248.577,248.196,248.226,2.0472,247.39371554065704,0,0,,0,0
02.03.2023 18:50:00.000,248.237,248.717,248.206,248.587,1.9668,247.4855066529142,0,0,,0,0
02.03.2023 18:55:00.000,248.606,249.387,248.586,249.387,1.9392,247.63177537192084,0,0,,0,0
02.03.2023 19:00:00.000,249.387,250.017,249.357,249.787,2.2644,247.7975618817731,0,0,,0,0
02.03.2023 19:05:00.000,249.777,250.027,249.676,250.027,2.4612,247.96905712163675,0,0,,0,0
02.03.2023 19:10:00.000,250.026,250.257,249.776,249.816,2.0112,248.11112965074162,0,0,,0,0
02.03.2023 19:15:00.000,249.816,249.957,249.546,249.947,1.89,248.25235044683842,0,0,,0,0
02.03.2023 19:20:00.000,249.957,250.247,249.786,250.206,1.9968,248.40263118169702,0,0,,0,0
02.03.2023 19:25:00.000,250.206,250.706,250.106,250.606,2.1348,248.57212109079725,0,0,,0,0
02.03.2023 19:30:00.000,250.607,250.806,250.246,250.307,1.8864,248.7055733145821,0,0,,0,0
02.03.2023 19:35:00.000,250.307,250.317,249.916,250.046,1.9368,248.80868305961425,0,0,,0,0
02.03.2023 19:40:00.000,250.056,250.197,249.946,250.006,1.446,248.90078436272086,0,0,,0,0
02.03.2023 19:45:00.000,250.006,250.057,249.876,249.976,1.5288,248.98349325789619,0,0,,0,0
02.03.2023 19:50:00.000,249.977,250.046,249.746,249.797,1.6392000000000002,249.0460706995965,0,0,,0,0
02.03.2023 19:55:00.000,249.796,250.117,249.716,250.007,1.7712,249.1199883380891,0,0,,0,0
02.03.2023 20:00:00.000,250.017,250.366,249.836,249.876,2.1516,249.178143081313,0,0,,0,0
02.03.2023 20:05:00.000,249.877,250.116,249.796,249.956,1.7759999999999998,249.23797822890432,0,0,,0,0
02.03.2023 20:10:00.000,249.946,250.296,249.927,250.207,1.8456,249.31251836514247,0,0,,0,0
02.03.2023 20:15:00.000,250.207,250.417,249.996,250.047,2.076,249.3690169524392,0,0,,0,0
02.03.2023 20:20:00.000,250.047,250.427,249.996,250.336,1.6488,249.44340026379007,0,0,,0,0
02.03.2023 20:25:00.000,250.327,250.647,250.297,250.556,1.818,249.52898485888315,0,0,,0,0
02.03.2023 20:30:00.000,250.576,250.926,250.566,250.907,1.9392,249.63498602358445,0,0,,0,0
02.03.2023 20:35:00.000,250.896,251.387,250.826,251.227,2.0496000000000003,249.75744863715488,0,0,,0,0
02.03.2023 20:40:00.000,251.246,251.276,250.736,250.737,2.0748,249.83279874198914,0,0,,0,0
02.03.2023 20:45:00.000,250.737,251.067,250.637,251.056,1.98,249.92689114645154,0,0,,0,0
02.03.2023 20:50:00.000,251.036,251.157,250.417,250.576,1.8372,249.9768225967245,0,0,,0,0
02.03.2023 20:55:00.000,250.576,251.077,250.576,250.956,2.1192,250.05214393543804,0,0,,0,0
03.03.2023 15:00:00.000,254.367,254.476,253.447,253.767,3.2148e-06,250.3379020942505,0,0,,0,0
03.03.2023 15:05:00.000,253.776,253.987,253.187,253.777,2.658e-06,250.60244808700045,2,0,,0,0
03.03.2023 15:10:00.000,253.776,254.416,253.707,254.387,2.7432e-06,250.8935674649235,2,0,,0,0
03.03.2023 15:15:00.000,254.377,254.876,254.376,254.587,2.4648e-06,251.17767765992943,2,0,,0,0
03.03.2023 15:20:00.000,254.606,255.017,254.576,254.927,2.3928e-06,251.46608707070408,2,0,,0,0
03.03.2023 15:25:00.000,254.927,255.237,254.746,255.067,2.268e-06,251.74308037295762,2,1,257.23699999999997,0,0
03.03.2023 15:30:00.000,255.076,255.117,254.426,254.496,1.9224e-06,251.95484342119167,2,0,,0,0
03.03.2023 15:35:00.000,254.506,254.656,254.347,254.466,1.992e-06,252.14800931186923,2,0,,0,0
03.03.2023 15:40:00.000,254.466,254.707,254.237,254.316,1.656e-06,252.31477782634084,2,0,,0,0
03.03.2023 15:45:00.000,254.326,254.787,254.197,254.577,1.7748e-06,252.48879491662234,2,0,,0,0
03.03.2023 15:50:00.000,254.557,254.557,253.936,254.157,1.7976e-06,252.61711838457447,2,0,,0,0
03.03.2023 15:55:00.000,254.167,254.357,253.996,254.087,1.6056e-06,252.73018620114567,2,0,,0,0
03.03.2023 17:00:00.000,253.867,253.927,253.576,253.716,1.6848e-06,252.8060180318268,2,0,,0,0
03.03.2023 17:05:00.000,253.727,253.957,253.706,253.897,1.5672e-06,252.8899397216863,2,0,,0,0
03.03.2023 17:10:00.000,253.916,253.966,253.807,253.876,1.4316e-06,252.96579051232584,2,0,,0,0
03.03.2023 17:15:00.000,253.886,253.927,253.776,253.897,1.3776e-06,253.0374220113777,2,0,,0,0
03.03.2023 17:20:00.000,253.897,253.917,253.656,253.716,1.398e-06,253.08962031819485,2,0,,0,0
03.03.2023 17:25:00.000,253.726,253.967,253.726,253.896,1.2372e-06,253.15164952448757,2,0,,0,0
03.03.2023 17:30:00.000,253.907,253.936,253.706,253.746,1.1124e-06,253.1973687918347,2,0,,0,0
03.03.2023 17:35:00.000,253.746,253.937,253.657,253.907,1.2216e-06,253.25195580784742,2,0,,0,0
03.03.2023 17:40:00.000,253.926,253.957,253.787,253.926,1.1748e-06,253.30380536108993,2,0,,0,0
03.03.2023 17:45:00.000,253.937,254.376,253.916,254.287,1.278e-06,253.3794357179292,2,0,,0,0
03.03.2023 17:50:00.000,254.307,254.507,254.087,254.486,1.2012e-06,253.46455604731926,2,0,,0,0
03.03.2023 17:55:00.000,254.507,254.957,254.486,254.926,1.7832e-06,253.5769748129101,2,0,,0,0
03.03.2023 19:00:00.000,254.906,254.926,254.636,254.847,1.2408e-06,253.67466905807086,2,0,,0,0
03.03.2023 19:05:00.000,254.856,255.107,254.796,255.057,1.2288e-06,253.78100220745006,2,0,,0,0
03.03.2023 19:10:00.000,255.067,255.297,254.986,255.226,1.4148e-06,253.8921558838001,2,0,,0,0
03.03.2023 19:15:00.000,255.237,255.306,255.036,255.076,1.1604e-06,253.98322081581549,2,0,,0,0
03.03.2023 19:20:00.000,255.087,255.356,255.076,255.287,1.1316e-06,254.08351152229122,2,0,,0,0
03.03.2023 19:25:00.000,255.286,255.427,255.226,255.366,1.2192e-06,254.18216448211498,2,0,,0,0
03.03.2023 19:30:00.000,255.366,255.557,255.256,255.487,1.0463999999e-06,254.28253644502922,2,0,,0,0
03.03.2023 19:35:00.000,255.477,255.487,255.237,255.376,1.074e-06,254.36664902618085,2,0,,0,0
03.03.2023 19:40:00.000,255.366,255.536,255.306,255.476,1.1988e-06,254.45198371647467,2,0,,0,0
03.03.2023 19:45:00.000,255.487,255.597,255.386,255.556,1.0788e-06,254.53690804597665,2,0,,0,0
03.03.2023 19:50:00.000,255.557,255.597,255.027,255.027,1.236e-06,254.57460742705535,2,0,,0,0
03.03.2023 19:55:00.000,255.017,255.026,254.616,254.776,1.5492e-06,254.59009916343572,2,0,,0,0
06.03.2023 14:30:00.000,256.357,257.486,255.886,257.296,1.644,254.798245381633,2,0,,0,0
06.03.2023 14:35:00.000,257.266,257.777,256.617,257.576,3.0468,255.01191881381507,2,0,,0,0
06.03.2023 14:40:00.000,257.596,257.887,257.166,257.697,2.9376,255.2184635204447,2,0,,0,0
06.03.2023 14:45:00.000,257.706,257.946,256.966,257.256,2.7888,255.3751970957951,2,0,,0,0
06.03.2023 14:50:00.000,257.276,257.716,257.186,257.566,2.5752,255.54372039611854,2,0,,0,0
06.03.2023 14:55:00.000,257.606,257.777,257.146,257.467,2.4096,255.69166498103252,2,0,,0,0
06.03.2023 15:00:00.000,257.536,257.556,257.096,257.437,2.7528,255.8259215209531,2,0,,0,0
06.03.2023 15:05:00.000,257.457,258.046,257.276,257.786,3.0048,255.9766967885721,2,0,,0,0
06.03.2023 15:10:00.000,257.787,257.996,257.737,257.886,1.7268,256.12356626637427,2,0,,0,0
06.03.2023 15:15:00.000,257.877,258.747,257.857,258.496,2.622,256.30606116896087,2,0,,0,0
06.03.2023 15:20:00.000,258.516,258.597,258.206,258.566,2.5536,256.4799026175023,2,0,,0,0
06.03.2023 15:25:00.000,258.566,258.667,258.386,258.626,2.0940000000000003,256.6449870315406,2,0,,0,0
06.03.2023 15:30:00.000,258.637,259.077,258.636,259.066,2.082,256.8312187983452,2,0,,0,0
06.03.2023 15:35:00.000,259.087,259.156,258.716,258.927,1.9944,256.99243273693406,2,0,,0,0
06.03.2023 15:40:00.000,258.937,259.776,258.916,259.627,1.7508,257.1950917571699,2,0,,0,0
06.03.2023 15:45:00.000,259.636,259.867,259.516,259.627,1.9656,257.382161622003,2,0,,0,0
06.03.2023 15:50:00.000,259.646,259.667,259.167,259.297,1.7328,257.52945688184894,2,0,,0,0
06.03.2023 15:55:00.000,259.286,259.437,259.137,259.277,1.95,257.66388327555285,2,0,,0,0
06.03.2023 16:00:00.000,259.296,259.457,259.126,259.286,1.9932,257.7886614851257,2,0,,0,0
06.03.2023 16:05:00.000,259.296,259.646,259.226,259.546,1.8012,257.92384137088527,2,0,,0,0
06.03.2023 16:10:00.000,259.546,260.077,259.546,259.846,1.7832,258.071699726971,2,1,262.077,0,0
06.03.2023 16:15:00.000,259.826,259.947,259.647,259.916,1.7388,258.2135689787425,2,0,,0,0
06.03.2023 16:20:00.000,259.906,259.917,259.396,259.577,1.9152,258.31844828807,2,0,,0,0
06.03.2023 16:25:00.000,259.576,259.727,259.296,259.467,1.8084,258.4067984197569,2,0,,0,0
06.03.2023 16:30:00.000,259.466,259.617,259.366,259.606,1.5936,258.49904469516025,2,0,,0,0
06.03.2023 16:35:00.000,259.616,259.807,259.546,259.716,1.5420000000000005,258.5926566416864,2,0,,0,0
06.03.2023 16:40:00.000,259.697,259.707,259.466,259.627,1.3416,258.67222151540284,2,0,,0,0
06.03.2023 16:45:00.000,259.637,259.677,259.016,259.046,1.404,258.7009737065257,2,0,,0,0
06.03.2023 16:50:00.000,259.047,259.417,258.896,259.407,1.44,258.75528342140836,2,0,,0,0
06.03.2023 16:55:00.000,259.416,259.476,259.216,259.376,1.5,258.80303085053083,2,0,,0,0
06.03.2023 17:00:00.000,259.387,259.387,259.026,259.067,1.7483999999999995,258.8233361697208,2,0,,0,0
06.03.2023 17:05:00.000,259.066,259.176,258.896,259.157,1.4988,258.8490026182038,2,0,,0,0
06.03.2023 17:10:00.000,259.157,259.296,259.036,259.107,1.452,258.86884857064973,2,0,,0,0
06.03.2023 17:15:00.000,259.116,259.307,258.996,259.246,1.416,258.8978602190613,2,0,,0,0
06.03.2023 17:20:00.000,259.236,259.247,258.787,258.806,1.4664,258.8907940483642,0,0,,0,0
06.03.2023 17:25:00.000,258.796,258.807,258.546,258.547,1.662,258.86434835233626,0,0,,0,0
06.03.2023 17:30:00.000,258.556,258.677,258.316,258.477,1.752,258.8345523252335,0,0,,0,0
06.03.2023 17:35:00.000,258.477,258.527,258.136,258.236,1.3788,258.7885098386771,0,0,,0,0
06.03.2023 17:40:00.000,258.226,258.336,257.976,257.976,1.4412,258.7260090818558,0,0,,0,0
06.03.2023 17:45:00.000,257.986,258.026,257.606,257.657,2.0352,258.6437776140208,0,0,,0,0
06.03.2023 17:50:00.000,257.626,257.996,257.526,257.987,2.1744000000000003,258.5932562590961,0,2,255.526,0,0
06.03.2023 17:55:00.000,257.997,258.457,257.946,258.437,1.932,258.58123654685795,0,0,,0,0
06.03.2023 18:00:00.000,258.437,258.446,258.116,258.227,1.8192,258.55398758171503,0,0,,0,0
06.03.2023 18:05:00.000,258.236,258.337,257.806,257.976,1.5204,258.5095269985062,0,0,,0,0
06.03.2023 18:10:00.000,257.957,258.257,257.896,258.157,1.7412,258.4824095370827,0,0,,0,0
06.03.2023 18:15:00.000,258.146,258.317,257.966,258.306,1.6427999999999998,258.4688395726917,0,0,,0,0
06.03.2023 18:20:00.000,258.307,258.676,258.266,258.446,1.5564,258.46708268248466,0,0,,0,0
06.03.2023 18:25:00.000,258.447,258.476,258.116,258.297,1.926,258.4539993992166,0,0,,0,0
06.03.2023 18:30:00.000,258.296,258.397,258.187,258.236,1.6464,258.4372302146615,0,0,,0,0
06.03.2023 18:35:00.000,258.236,258.276,257.896,258.126,1.1172,258.4132894289183,0,0,,0,0
06.03.2023 18:40:00.000,258.136,258.287,258.036,258.196,1.6859999999999995,258.39657485746307,0,0,,0,0
06.03.2023 18:45:00.000,258.196,258.207,257.976,258.057,1.5924,258.37045371458134,0,0,,0,0
06.03.2023 18:50:00.000,258.056,258.177,257.986,258.057,1.6692000000000002,258.3463418903828,0,0,,0,0
06.03.2023 18:55:00.000,258.057,258.077,257.736,257.967,1.7124,258.31716174496876,0,0,,0,0
06.03.2023 19:00:00.000,257.966,258.117,257.856,258.096,1.6452,258.3001493030481,0,0,,0,0
06.03.2023 19:05:00.000,258.097,258.177,257.986,258.106,1.632,258.2852147412752,0,0,,0,0
06.03.2023 19:10:00.000,258.126,258.447,258.037,258.416,1.524,258.29527514579246,0,0,,0,0
06.03.2023 19:15:00.000,258.406,258.437,258.006,258.196,1.6607999999999998,258.28763859611615,0,0,,0,0
06.03.2023 19:20:00.000,258.206,258.337,258.076,258.097,1.3992,258.2729740887226,0,0,,0,0
06.03.2023 19:25:00.000,258.107,258.117,257.857,257.967,1.686,258.24943762035934,0,0,,0,0
06.03.2023 19:30:00.000,257.977,258.307,257.957,258.126,1.5972,258.23994241879325,0,0,,0,0
06.03.2023 19:35:00.000,258.127,258.287,258.046,258.256,1.626,258.24117761734766,0,0,,0,0
06.03.2023 19:40:00.000,258.256,258.507,258.176,258.426,1.4928,258.25539472370554,0,0,,0,0
06.03.2023 19:45:00.000,258.426,258.426,257.776,257.777,1.6332,258.21859512957434,0,0,,0,0
06.03.2023 19:50:00.000,257.776,257.867,257.566,257.836,1.5156,258.1891647349917,0,0,,0,0
06.03.2023 19:55:00.000,257.837,257.947,257.526,257.656,1.6344,258.1481520630693,0,0,,0,0
06.03.2023 20:00:00.000,257.656,257.697,257.356,257.366,1.626,258.08798651975627,0,0,,0,0
06.03.2023 20:05:00.000,257.367,257.497,257.247,257.496,1.8096,258.0424490951596,0,0,,0,0
06.03.2023 20:10:00.000,257.496,257.807,257.097,257.397,1.8264,257.99279916476274,0,0,,0,0
06.03.2023 20:15:00.000,257.386,257.456,257.046,257.406,1.968,257.94766076747334,0,0,,0,0
06.03.2023 20:20:00.000,257.407,257.407,256.846,257.116,1.7772,257.88368686228307,0,0,,0,0
06.03.2023 20:25:00.000,257.117,257.197,256.956,256.976,1.8504,257.81386479595363,0,0,,0,0
06.03.2023 20:30:00.000,256.987,257.307,256.906,257.137,2.0064,257.761798273188,0,0,,0,0
06.03.2023 20:35:00.000,257.127,257.197,256.886,257.167,2.0808,257.71604455986585,0,0,,0,0
06.03.2023 20:40:00.000,257.177,257.307,257.006,257.266,1.47,257.6814257475685,0,0,,0,0
06.03.2023 20:45:00.000,257.277,257.447,257.137,257.447,2.0820000000000003,257.6633929977555,0,0,,0,0
06.03.2023 20:50:00.000,257.447,257.486,256.736,256.747,1.8072,257.59290122869743,0,0,,0,0
06.03.2023 20:55:00.000,256.767,257.067,256.646,256.867,2.3292,257.5370626726438,0,0,,0,0
07.03.2023 14:30:00.000,256.126,257.076,255.986,257.056,2.1984000000000004,257.5000578516712,0,0,,0,0
07.03.2023 14:35:00.000,256.997,257.547,256.816,257.266,1.848,257.48205340154266,0,0,,0,0
07.03.2023 14:40:00.000,257.246,257.667,257.006,257.146,1.9548,257.45620313988553,0,0,,0,0
07.03.2023 14:45:00.000,257.146,257.406,256.946,257.156,2.1276,257.43311059066355,0,0,,0,0
07.03.2023 14:50:00.000,257.177,257.227,256.866,257.207,2.1768,257.4157174683048,0,0,,0,0
07.03.2023 14:55:00.000,257.206,257.317,256.866,256.867,1.992,257.37350843228137,0,0,,0,0
07.03.2023 15:00:00.000,256.877,256.877,254.756,254.806,3.024,257.17600778364437,0,0,,0,0
07.03.2023 15:05:00.000,254.807,255.067,254.127,254.596,2.6424000000000003,256.97754564644094,0,0,,0,0
07.03.2023 15:10:00.000,254.586,254.897,254.067,254.657,3.0276,256.7990421351763,0,2,252.067,0,0
07.03.2023 15:15:00.000,254.617,254.797,254.176,254.287,2.8656,256.60580812477815,0,0,,0,0
07.03.2023 15:20:00.000,254.296,255.437,254.146,254.896,3.0948,256.47428442287213,0,0,,0,0
07.03.2023 15:25:00.000,254.917,255.117,254.566,254.797,2.7660000000000005,256.34526254418967,0,0,,0,0
07.03.2023 15:30:00.000,254.807,255.847,254.546,255.656,3.0,256.2922423484828,0,0,,0,0
07.03.2023 15:35:00.000,255.647,256.417,255.646,255.776,3.24,256.2525313985995,0,0,,0,0
07.03.2023 15:40:00.000,255.766,255.827,254.916,254.936,2.6376,256.1512597525534,0,0,,0,0
07.03.2023 15:45:00.000,254.937,255.887,254.886,255.616,2.1264,256.1100859254339,0,0,,0,0
07.03.2023 15:50:00.000,255.617,255.667,254.656,255.327,2.7456,256.0498485465544,1,0,,0,0
07.03.2023 15:55:00.000,255.347,255.567,254.656,254.707,2.7552,255.94655250451177,1,0,,0,0
07.03.2023 16:00:00.000,254.696,255.537,254.547,255.486,2.9136,255.9111253887801,1,0,,0,0
07.03.2023 16:05:00.000,255.497,255.707,255.006,255.247,2.6964,255.86003882041243,1,0,,0,0
07.03.2023 16:10:00.000,255.247,255.667,254.746,254.757,2.7384000000000004,255.77518968038072,1,0,,0,0
07.03.2023 16:15:00.000,254.767,255.076,254.636,254.946,2.8656,255.71140585881298,1,0,,0,0
07.03.2023 16:20:00.000,254.987,255.057,254.547,254.776,2.7036,255.63945156198122,1,0,,0,0
07.03.2023 16:25:00.000,254.777,255.077,254.516,254.587,2.016,255.55849374952112,1,0,,0,0
07.03.2023 16:30:00.000,254.606,254.836,254.496,254.727,2.1792,255.4945326918657,1,0,,0,0
07.03.2023 16:35:00.000,254.737,255.196,254.616,254.957,2.784,255.45318402326066,1,0,,0,0
07.03.2023 16:40:00.000,254.966,255.597,254.646,255.587,2.88,255.46347755993293,0,0,,0,0
07.03.2023 16:45:00.000,255.587,255.657,255.386,255.496,2.64,255.46597928609194,0,0,,0,0
07.03.2023 16:50:00.000,255.486,255.657,254.936,254.986,2.7672000000000003,255.42905780254642,0,0,,0,0
07.03.2023 16:55:00.000,254.977,254.986,254.546,254.697,2.5152,255.37274566388902,0,0,,0,0
07.03.2023 17:00:00.000,254.696,254.927,254.586,254.667,2.1756,255.31845753589758,0,0,,0,0
07.03.2023 17:05:00.000,254.656,254.917,254.586,254.876,2.4468,255.28442234082854,0,0,,0,0
07.03.2023 17:10:00.000,254.886,255.077,254.706,254.757,2.262,255.24385139153406,0,0,,0,0
07.03.2023 17:15:00.000,254.766,255.357,254.676,255.337,2.0952,255.25101666910837,0,0,,0,0
07.03.2023 17:20:00.000,255.337,256.236,255.326,255.666,2.5776,255.28293846379236,0,0,,0,0
07.03.2023 17:25:00.000,255.666,256.336,255.666,255.706,2.3712,255.3154816588853,0,1,258.336,0,0
07.03.2023 17:30:00.000,255.696,255.937,255.546,255.907,1.9512,255.36098306974029,0,0,,0,0
07.03.2023 17:35:00.000,255.917,256.066,255.447,255.717,1.6644,255.38836898745257,0,0,,0,0
07.03.2023 17:40:00.000,255.726,255.817,255.296,255.527,2.0304,255.3990329114947,0,0,,0,0
07.03.2023 17:45:00.000,255.527,255.686,255.327,255.457,2.2152000000000003,255.40349191830282,0,0,,0,0
07.03.2023 17:50:00.000,255.446,255.687,255.126,255.427,2.6268,255.40530023227953,0,0,,0,0
07.03.2023 17:55:00.000,255.437,255.567,255.207,255.387,2.2728,255.4038925221042,0,0,,0,0
07.03.2023 18:00:00.000,255.387,255.526,254.876,254.906,2.076,255.36559309732695,0,0,,0,0
07.03.2023 18:05:00.000,254.916,254.937,254.477,254.756,2.112,255.3187013206095,0,0,,0,0
07.03.2023 18:10:00.000,254.746,254.876,254.546,254.797,1.7544000000000002,255.2785704497934,0,0,,0,0
07.03.2023 18:15:00.000,254.787,255.076,254.716,254.886,1.638,255.24837272288624,0,0,,0,0
07.03.2023 18:20:00.000,254.926,254.976,254.747,254.846,1.9272,255.21742097497196,0,0,,0,0
07.03.2023 18:25:00.000,254.846,255.136,254.746,255.026,1.7076,255.2026962845895,0,0,,0,0
07.03.2023 18:30:00.000,255.027,255.177,254.767,254.827,1.8288,255.17379657039035,0,0,,0,0
07.03.2023 18:35:00.000,254.827,254.987,254.666,254.726,1.9896,255.13935068036034,0,0,,0,0
07.03.2023 18:40:00.000,254.727,254.806,254.566,254.616,1.9764,255.09909293571724,0,0,,0,0
07.03.2023 18:45:00.000,254.617,254.756,254.236,254.276,1.806,255.03577809450823,0,0,,0,0
07.03.2023 18:50:00.000,254.257,254.346,254.056,254.087,2.052,254.96279516416146,0,0,,0,0
07.03.2023 18:55:00.000,254.087,254.557,254.056,254.376,1.6836,254.9176570746106,0,0,,0,0
07.03.2023 19:00:00.000,254.376,254.647,254.166,254.266,1.9476,254.86752960733284,0,0,,0,0
07.03.2023 19:05:00.000,254.256,254.646,254.246,254.576,1.8432,254.84510425292262,0,0,,0,0
07.03.2023 19:10:00.000,254.566,254.706,254.506,254.647,1.776,254.82986546423626,0,0,,0,0
07.03.2023 19:15:00.000,254.627,254.707,254.427,254.497,1.854,254.8042604285258,0,0,,0,0
07.03.2023 19:20:00.000,254.487,254.556,254.076,254.156,2.0376000000000003,254.75439424171614,0,0,,0,0
07.03.2023 19:25:00.000,254.136,254.436,254.076,254.097,1.9092,254.70382545389185,0,0,,0,0
07.03.2023 19:30:00.000,254.097,254.346,254.086,254.207,1.8024,254.6656081112848,0,0,,0,0
07.03.2023 19:35:00.000,254.196,254.357,254.106,254.126,1.7699999999999998,254.62409979503212,0,0,,0,0
07.03.2023 19:40:00.000,254.116,254.267,253.876,253.907,1.8876,254.56893827233736,0,0,,0,0
07.03.2023 19:45:00.000,253.907,254.137,253.806,253.817,2.0580000000000003,254.51109686677296,0,0,,0,0
07.03.2023 19:50:00.000,253.807,253.837,253.527,253.556,1.5708,254.4376278770212,0,0,,0,0
07.03.2023 19:55:00.000,253.556,253.607,253.406,253.467,1.7052,254.36296419417346,0,0,,0,0
07.03.2023 20:00:00.000,253.476,253.867,253.406,253.597,2.1192,254.30404387154474,0,0,,0,0
07.03.2023 20:05:00.000,253.596,253.777,253.496,253.517,2.166,254.2435020352721,0,0,,0,0
07.03.2023 20:10:00.000,253.507,253.897,253.496,253.656,1.866,254.1983095710204,0,0,,0,0
07.03.2023 20:15:00.000,253.677,254.016,253.656,253.876,1.794,254.17351652709579,0,0,,0,0
07.03.2023 20:20:00.000,253.886,253.886,253.496,253.686,1.8096,254.13601525578073,0,0,,0,0
07.03.2023 20:25:00.000,253.696,253.777,253.366,253.576,1.242,254.09293715918224,0,0,,0,0
07.03.2023 20:30:00.000,253.576,254.017,253.496,253.907,1.6667999999999998,254.07863430078365,0,0,,0,0
07.03.2023 20:35:00.000,253.916,254.217,253.716,253.976,1.7796,254.07073935456953,1,0,,0,0
07.03.2023 20:40:00.000,253.977,254.197,253.906,254.047,1.9188,254.0689132503719,1,0,,0,0
07.03.2023 20:45:00.000,254.067,254.087,253.757,254.006,1.7592,254.0640737695741,0,0,,0,0
07.03.2023 20:50:00.000,254.006,254.216,253.747,254.086,1.7676,254.0657604026838,0,0,,0,0
07.03.2023 20:55:00.000,254.107,254.367,253.956,254.166,1.7628,254.07347114093892,0,0,,0,0
08.03.2023 14:30:00.000,254.047,254.537,253.696,253.696,2.058,254.04443489932825,0,0,,0,0
08.03.2023 14:35:00.000,253.707,253.886,253.257,253.837,2.9076000000000004,254.0284783686107,0,0,,0,0
08.03.2023 14:40:00.000,253.847,253.966,253.077,253.096,2.8752,253.956749263333,0,0,,0,0
08.03.2023 14:45:00.000,253.096,253.386,252.626,252.697,2.886,253.85984547384584,0,0,,0,0
08.03.2023 14:50:00.000,252.687,252.847,252.167,252.237,2.6892,253.73501120662695,0,0,,0,0
08.03.2023 14:55:00.000,252.226,252.587,252.166,252.256,2.3748,253.6212411138095,0,0,,0,0
08.03.2023 15:00:00.000,252.226,252.346,251.046,251.506,2.9724000000000004,253.45853025890108,0,0,,0,0
08.03.2023 15:05:00.000,251.506,251.657,250.776,251.526,3.5208,253.30987408513948,0,2,248.776,0,0
08.03.2023 15:10:00.000,251.536,252.296,251.276,251.457,3.6216,253.16734530935955,0,0,,0,0
08.03.2023 15:15:00.000,251.467,251.467,250.926,251.357,3.1212,253.02808797787037,0,0,,0,0
08.03.2023 15:20:00.000,251.367,252.377,250.996,252.206,3.3132,252.96485044111114,0,0,,0,0
08.03.2023 15:25:00.000,252.197,252.226,251.686,251.997,3.2832,252.89040040717953,0,0,,0,0
08.03.2023 15:30:00.000,252.007,252.767,251.936,252.686,3.3228,252.87467729893496,0,0,,0,0
08.03.2023 15:35:00.000,252.697,252.997,252.526,252.596,2.6832,252.85324058363227,0,0,,0,0
08.03.2023 15:40:00.000,252.607,252.756,252.106,252.176,2.676,252.80114515412208,0,0,,0,0
08.03.2023 15:45:00.000,252.166,252.256,251.747,251.836,2.5128,252.72690321918964,0,0,,0,0
08.03.2023 15:50:00.000,251.846,252.137,251.666,252.016,2.6904,252.67221835617508,0,0,,0,0
08.03.2023 15:55:00.000,252.026,252.517,251.956,252.317,2.4084,252.64489386723855,0,0,,0,0
08.03.2023 16:00:00.000,252.326,252.667,252.096,252.377,2.2008,252.62428664668175,0,0,,0,0
08.03.2023 16:05:00.000,252.377,253.276,252.377,253.056,2.3676,252.65749536616778,0,0,,0,0
08.03.2023 16:10:00.000,253.067,253.307,252.916,253.186,2.1756,252.69814956877028,0,0,,0,0
08.03.2023 16:15:00.000,253.176,253.327,252.906,252.957,2.1996,252.71806114040334,0,0,,0,0
08.03.2023 16:20:00.000,252.967,253.067,252.686,252.717,2.1216,252.71797951421848,0,0,,0,0
08.03.2023 16:25:00.000,252.736,252.757,252.237,252.377,2.2548,252.69175032081708,0,0,,0,0
08.03.2023 16:30:00.000,252.366,252.406,251.856,251.927,2.4288000000000003,252.6329233730619,0,0,,0,0
08.03.2023 16:35:00.000,251.917,252.307,251.546,252.307,2.3184,252.60785234436486,0,0,,0,0
08.03.2023 16:40:00.000,252.306,252.777,252.296,252.726,2.0088,252.61694062556757,0,0,,0,0
08.03.2023 16:45:00.000,252.716,253.566,252.716,253.507,2.202,252.68540673129317,0,0,,0,0
08.03.2023 16:50:00.000,253.496,253.766,253.396,253.626,2.2944,252.75776005965525,0,0,,0,0
08.03.2023 16:55:00.000,253.626,253.826,253.537,253.706,2.1264,252.83070159352795,0,0,,0,0
08.03.2023 17:00:00.000,253.707,253.877,253.346,253.417,2.0844,252.8758014709489,0,1,255.877,0,0
08.03.2023 17:05:00.000,253.416,253.457,252.847,252.997,2.0496,252.88512443472206,0,0,,0,0
08.03.2023 17:10:00.000,253.007,253.067,252.486,252.596,1.9488,252.8628840935896,0,0,,0,0
08.03.2023 17:15:00.000,252.597,252.747,252.367,252.636,1.9776,252.8454314710058,0,0,,0,0
08.03.2023 17:20:00.000,252.637,252.797,252.517,252.747,1.7195999999999998,252.83785981939002,0,0,,0,0
08.03.2023 17:25:00.000,252.746,252.747,252.326,252.406,1.8624,252.80463983328312,0,0,,0,0
08.03.2023 17:30:00.000,252.397,252.407,251.796,252.157,2.2212,252.75482138456906,0,0,,0,0
08.03.2023 17:35:00.000,252.166,252.697,252.077,252.637,1.6032000000000002,252.7457582011407,0,0,,0,0
08.03.2023 17:40:00.000,252.627,252.887,252.606,252.846,1.6908,252.75346910874526,0,0,,0,0
08.03.2023 17:45:00.000,252.836,252.966,252.577,252.947,1.7592,252.76835610038026,0,0,,0,0
08.03.2023 17:50:00.000,252.936,252.996,252.547,252.687,1.806,252.76209793881256,0,0,,0,0
08.03.2023 17:55:00.000,252.667,252.717,252.356,252.606,1.9464,252.75009040505776,0,0,,0,0
08.03.2023 18:00:00.000,252.596,252.787,252.196,252.366,2.4144,252.72054498928412,0,0,,0,0
08.03.2023 18:05:00.000,252.376,252.597,252.226,252.247,2.2836000000000003,252.6841184516469,0,0,,0,0
08.03.2023 18:10:00.000,252.236,252.677,252.026,252.407,2.1744000000000003,252.6628016476741,0,0,,0,0
08.03.2023 18:15:00.000,252.396,252.477,251.996,252.137,2.1396,252.6223553670838,0,0,,0,0
08.03.2023 18:20:00.000,252.137,252.447,252.016,252.397,1.8024,252.6050203388466,0,0,,0,0
08.03.2023 18:25:00.000,252.407,252.407,251.906,252.006,1.7856,252.55894185124302,0,0,,0,0
08.03.2023 18:30:00.000,251.996,252.057,251.796,251.937,1.6704,252.51110017037817,0,0,,0,0
08.03.2023 18:35:00.000,251.926,251.977,251.596,251.647,1.8036,252.44463092650292,0,0,,0,0
08.03.2023 18:40:00.000,251.646,251.727,251.496,251.667,1.6536,252.3848131629258,0,0,,0,0
08.03.2023 18:45:00.000,251.657,251.727,251.536,251.557,1.3236,252.32113522731615,0,0,,0,0
08.03.2023 18:50:00.000,251.547,251.967,251.436,251.967,1.6428,252.29389405598417,0,2,249.436,0,0
08.03.2023 18:55:00.000,251.977,252.067,251.566,251.796,1.6992,252.25559451321615,0,0,,0,0
08.03.2023 19:00:00.000,251.806,252.027,251.766,251.796,1.7028,252.2202410891226,0,0,,0,0
08.03.2023 19:05:00.000,251.796,252.187,251.656,252.147,1.4652,252.2146071591901,0,0,,0,0
08.03.2023 19:10:00.000,252.137,252.567,252.136,252.306,1.8912,252.22163737771396,0,0,,0,0
08.03.2023 19:15:00.000,252.306,252.557,252.226,252.547,1.6104,252.246665271736,0,0,,0,0
08.03.2023 19:20:00.000,252.546,252.767,252.476,252.637,1.5348,252.27669102006402,0,0,,0,0
08.03.2023 19:25:00.000,252.646,252.997,252.597,252.997,1.422,252.33209940313603,0,0,,0,0
08.03.2023 19:30:00.000,252.996,253.017,252.666,252.936,1.5227999999999997,252.3785532952025,0,0,,0,0
08.03.2023 19:35:00.000,252.937,253.317,252.866,253.076,1.7052,252.4322030417254,0,0,,0,0
08.03.2023 19:40:00.000,253.066,253.156,252.766,252.856,1.4364,252.46480280774654,0,0,,0,0
08.03.2023 19:45:00.000,252.856,252.946,252.686,252.937,1.356,252.50112566868913,0,0,,0,0
08.03.2023 19:50:00.000,252.936,252.936,252.616,252.817,1.254,252.5254236941746,0,0,,0,0
08.03.2023 19:55:00.000,252.816,252.827,252.496,252.557,1.4052,252.52785264077656,0,0,,0,0
08.03.2023 20:00:00.000,252.556,252.776,252.496,252.597,1.4556,252.53317166840915,0,0,,0,0
08.03.2023 20:05:00.000,252.597,252.606,252.286,252.426,1.4148,252.52492769391614,0,0,,0,0
08.03.2023 20:10:00.000,252.407,252.416,252.136,252.196,1.3272,252.4996255636149,0,0,,0,0
08.03.2023 20:15:00.000,252.207,252.347,252.096,252.256,1.0464,252.48088513564454,0,0,,0,0
08.03.2023 20:20:00.000,252.267,252.407,252.086,252.106,1.3188,252.45204781751806,0,0,,0,0
08.03.2023 20:25:00.000,252.097,252.296,251.997,252.277,1.2696,252.4385826007859,0,0,,0,0
08.03.2023 20:30:00.000,252.267,252.447,252.196,252.366,1.4376000000000002,252.4329993238024,0,0,,0,0
08.03.2023 20:35:00.000,252.376,253.057,252.346,252.987,1.488,252.47561476043302,0,0,,0,0
08.03.2023 20:40:00.000,252.987,253.517,252.936,253.486,1.8096,252.55333670193818,0,0,,0,0
08.03.2023 20:45:00.000,253.476,253.947,253.466,253.646,2.0016,252.63738772486602,0,0,,0,0
08.03.2023 20:50:00.000,253.666,253.757,253.396,253.427,1.842,252.69812713064556,0,0,,0,0
08.03.2023 20:55:00.000,253.427,253.806,253.267,253.697,1.662,252.7749635052113,0,0,,0,0
09.03.2023 15:00:00.000,257.966,258.747,257.806,258.476,2.142e-06,253.21350477404124,0,0,,0,0
09.03.2023 15:05:00.000,258.496,258.937,258.076,258.687,2.4096e-06,253.63454286834576,0,0,,0,0
09.03.2023 15:10:00.000,258.687,258.837,258.126,258.197,2.4072e-06,253.98550110924225,0,0,,0,0
09.03.2023 15:15:00.000,258.196,258.457,257.756,258.286,2.7528e-06,254.31630871622363,0,0,,0,0
09.03.2023 15:20:00.000,258.297,258.567,258.196,258.257,2.1648e-06,254.61943881497567,0,0,,0,0
09.03.2023 15:25:00.000,258.247,258.557,257.946,258.526,2.2632e-06,254.91994352151602,0,0,,0,0
09.03.2023 15:30:00.000,258.537,259.456,258.386,259.106,2.2032e-06,255.2419478660148,0,0,,0,0
09.03.2023 15:35:00.000,259.127,259.307,258.896,259.067,1.4016e-06,255.53618264555215,0,0,,0,0
09.03.2023 15:40:00.000,259.076,259.536,258.817,259.366,1.9728e-06,255.83078398050966,0,1,261.536,0,0
09.03.2023 15:45:00.000,259.367,259.387,259.046,259.146,2.1024e-06,256.08580059739353,0,0,,0,0
09.03.2023 15:50:00.000,259.156,259.166,258.866,259.007,2.0592e-06,256.3105082437479,0,0,,0,0
09.03.2023 15:55:00.000,259.007,259.047,258.446,258.476,2.2584e-06,256.47708453269036,0,0,,0,0
09.03.2023 17:00:00.000,258.186,258.277,257.436,257.567,2.022e-06,256.56092418402187,0,0,,0,0
09.03.2023 17:05:00.000,257.557,257.757,257.216,257.546,1.4712e-06,256.6366992467894,0,0,,0,0
09.03.2023 17:10:00.000,257.546,257.596,257.137,257.176,1.3344e-06,256.6781839201133,0,0,,0,0
09.03.2023 17:15:00.000,257.176,257.536,257.126,257.427,1.8264e-06,256.7357851570277,0,0,,0,0
09.03.2023 17:20:00.000,257.437,257.807,257.437,257.627,1.7472e-06,256.80434014494864,0,0,,0,0
09.03.2023 17:25:00.000,257.607,257.927,257.526,257.816,1.3596e-06,256.8821601337988,0,0,,0,0
09.03.2023 17:30:00.000,257.806,257.916,257.536,257.676,1.3704e-06,256.9432247388912,0,0,,0,0
09.03.2023 17:35:00.000,257.676,257.687,257.117,257.177,1.2324e-06,256.9612074512842,0,0,,0,0
09.03.2023 17:40:00.000,257.177,257.297,256.687,256.767,1.2528e-06,256.9462684165701,0,0,,0,0
09.03.2023 17:45:00.000,256.777,256.787,256.126,256.266,1.5408e-06,256.8939400768339,0,0,,0,0
09.03.2023 17:50:00.000,256.246,256.707,256.227,256.667,1.3032e-06,256.8764831478467,0,0,,0,0
09.03.2023 17:55:00.000,256.666,256.857,256.596,256.606,1.392e-06,256.85567675185854,0,0,,0,0
09.03.2023 19:00:00.000,254.046,254.197,253.556,253.597,2.0028e-06,256.60500930940793,0,0,,0,0
09.03.2023 19:05:00.000,253.607,254.047,253.496,253.936,1.638e-06,256.39970090099195,0,0,,0,0
09.03.2023 19:10:00.000,253.946,254.007,253.686,253.977,1.4244e-06,256.2133392932234,0,0,,0,0
09.03.2023 19:15:00.000,253.987,254.186,253.767,254.006,1.6188e-06,256.04354396297543,0,0,,0,0
09.03.2023 19:20:00.000,254.007,254.387,253.846,254.356,1.3728e-06,255.91373288890043,0,0,,0,0
09.03.2023 19:25:00.000,254.367,254.437,253.716,253.747,1.3608e-06,255.7470611282158,0,0,,0,0
09.03.2023 19:30:00.000,253.737,253.756,252.896,253.166,1.4292e-06,255.54851796450689,0,0,,0,0
09.03.2023 19:35:00.000,253.156,253.877,253.116,253.786,1.3272e-06,255.41293965954483,0,0,,0,0
09.03.2023 19:40:00.000,253.776,254.127,253.776,253.976,1.3296e-06,255.30240583957985,0,0,,0,0
09.03.2023 19:45:00.000,253.987,254.217,253.427,253.657,1.4196e-06,255.1758361596122,0,0,,0,0
09.03.2023 19:50:00.000,253.626,253.967,253.406,253.597,1.5372e-06,255.05438722425743,0,0,,0,0
09.03.2023 19:55:00.000,253.566,253.736,253.426,253.567,1.5276e-06,254.9399728223915,0,0,,0,0
10.03.2023 14:30:00.000,251.007,251.787,250.347,250.546,3.0096e-06,254.60197491297677,0,0,,0,0
10.03.2023 14:35:00.000,250.556,250.767,249.856,250.036,3.684e-06,254.25074607351704,0,0,,0,0
10.03.2023 14:40:00.000,250.027,250.207,249.616,249.687,3.8712e-06,253.89968868324652,0,0,,0,0
10.03.2023 14:45:00.000,249.697,249.747,248.496,248.817,3.642e-06,253.5087126306891,0,0,,0,0
10.03.2023 14:50:00.000,248.827,249.087,247.766,248.597,3.6528e-06,253.13088858217458,0,2,245.766,0,0
10.03.2023 14:55:00.000,248.597,249.106,248.297,248.667,3.6756e-06,252.78751253739193,0,0,,0,0
10.03.2023 15:00:00.000,248.666,249.707,248.666,249.347,3.8832e-06,252.52285772682336,0,0,,0,0
10.03.2023 15:05:00.000,249.326,250.936,249.326,250.856,3.6456e-06,252.39463790168313,0,0,,0,0
10.03.2023 15:10:00.000,250.887,251.037,250.246,250.527,3.5184e-06,252.2509734477075,0,0,,0,0
10.03.2023 15:15:00.000,250.526,250.667,249.906,250.086,3.5364e-06,252.0844370286531,0,0,,0,0
10.03.2023 15:20:00.000,250.057,250.187,249.286,249.576,2.5248e-06,251.89148033414133,0,0,,0,0
10.03.2023 15:25:00.000,249.577,249.806,248.886,249.277,3.6504e-06,251.69036646228432,0,0,,0,0
10.03.2023 15:30:00.000,249.287,250.356,249.256,250.187,3.5028e-06,251.57472288826244,0,0,,0,0
10.03.2023 15:35:00.000,250.187,251.267,250.186,250.826,3.3852e-06,251.51712881993456,0,0,,0,0
10.03.2023 15:40:00.000,250.836,251.317,250.176,250.477,3.5148e-06,251.43711891070882,0,0,,0,0
10.03.2023 15:45:00.000,250.467,251.006,250.226,250.997,3.1944e-06,251.4032636098851,1,0,,0,0
10.03.2023 15:50:00.000,251.006,251.446,250.657,251.357,3.342e-06,251.3997048706632,1,0,,0,0
10.03.2023 15:55:00.000,251.366,252.356,251.346,252.116,2.8944e-06,251.4548044959968,0,0,,0,0
10.03.2023 16:00:00.000,252.106,252.387,251.746,251.877,2.8668e-06,251.48728107322782,0,0,,0,0
10.03.2023 16:05:00.000,251.906,251.967,251.526,251.846,2.8584e-06,251.5148748368257,0,0,,0,0
10.03.2023 16:10:00.000,251.826,252.167,250.927,251.007,3.2088e-06,251.47580754168527,0,0,,0,0
10.03.2023 16:15:00.000,250.996,251.547,250.846,251.477,3.0276e-06,251.47589926924798,0,0,,0,0
10.03.2023 16:20:00.000,251.476,252.137,251.387,251.827,2.6136e-06,251.50290701776737,0,0,,0,0
10.03.2023 16:25:00.000,251.817,252.346,251.716,252.217,3.0144e-06,251.55783724716989,0,0,,0,0
10.03.2023 16:30:00.000,252.226,252.777,252.127,252.667,3.0456e-06,251.64315745892605,0,1,254.777,0,0
10.03.2023 16:35:00.000,252.656,252.767,251.936,252.167,2.838e-06,251.68345303900867,0,0,,0,0
10.03.2023 16:40:00.000,252.167,252.416,251.807,251.877,2.9376e-06,251.69834126677725,0,0,,0,0
10.03.2023 16:45:00.000,251.887,251.997,250.676,251.216,3.246e-06,251.66123809240977,0,0,,0,0
10.03.2023 16:50:00.000,251.196,251.227,250.866,251.066,2.7228e-06,251.61545054683978,0,0,,0,0
10.03.2023 16:55:00.000,251.026,251.056,250.496,250.756,2.814e-06,251.54933896631366,0,0,,0,0
13.03.2023 13:30:00.000,247.417,248.217,246.266,246.857,3.1644,251.18838981505877,0,0,,0,0
13.03.2023 13:35:00.000,246.877,247.016,245.696,246.756,3.936,250.84743675236194,0,2,243.696,0,0
13.03.2023 13:40:00.000,246.707,246.996,245.996,246.136,2.9256,250.48501854064182,0,0,,0,0
13.03.2023 13:45:00.000,246.137,249.197,246.026,248.996,3.774,250.37047865290015,0,0,,0,0
13.03.2023 13:50:00.000,248.997,250.607,248.996,250.066,3.9,250.34705721806168,0,0,,0,0
13.03.2023 13:55:00.000,250.027,251.076,249.736,250.377,3.4704,250.34936050898003,0,0,,0,0
13.03.2023 14:00:00.000,250.376,251.106,249.746,250.627,3.6672,250.37071739290465,0,0,,0,0
13.03.2023 14:05:00.000,250.607,252.046,249.996,251.256,3.7128,250.43881605498893,0,0,,0,0
13.03.2023 14:10:00.000,251.236,251.776,250.716,251.156,3.282,250.49398405075905,0,0,,0,0
13.03.2023 14:15:00.000,251.157,251.367,250.567,250.896,3.2616,250.52490835454682,0,0,,0,0
13.03.2023 14:20:00.000,250.896,251.977,250.637,251.457,3.6108,250.5966077118894,0,0,,0,0
13.03.2023 14:25:00.000,251.456,251.836,250.746,251.057,3.5568,250.6320225032825,0,0,,0,0
13.03.2023 14:30:00.000,251.057,252.756,250.986,252.626,3.8736,250.7854053876454,0,0,,0,0
13.03.2023 14:35:00.000,252.636,252.737,251.236,252.006,3.81,250.87929728090344,0,0,,0,0
13.03.2023 14:40:00.000,251.986,252.097,250.897,251.827,3.5207999999999995,250.95219749006472,0,0,,0,0
13.03.2023 14:45:00.000,251.856,252.707,251.566,252.236,3.7932,251.05095152929053,0,0,,0,0
13.03.2023 14:50:00.000,252.226,252.397,251.356,252.026,3.6996,251.12595525780668,0,0,,0,0
13.03.2023 14:55:00.000,252.046,254.327,252.026,254.016,3.6792,251.34826639182157,0,0,,0,0
13.03.2023 15:00:00.000,254.006,255.387,253.696,254.776,3.4404,251.61193820783532,0,0,,0,0
13.03.2023 15:05:00.000,254.796,255.056,254.326,254.576,3.6396,251.83994296107878,0,0,,0,0
13.03.2023 15:10:00.000,254.586,255.856,254.456,255.186,3.7176,252.09733196407274,0,0,,0,0
13.03.2023 15:15:00.000,255.196,256.017,255.117,255.646,3.3288,252.37030642837485,0,0,,0,0
13.03.2023 15:20:00.000,255.657,255.747,254.626,255.177,3.4344,252.5862059338845,0,0,,0,0
13.03.2023 15:25:00.000,255.167,256.026,254.916,255.827,3.4848,252.83549778512415,0,0,,0,0
13.03.2023 15:30:00.000,255.827,256.047,255.346,255.416,3.5616000000000003,253.03399795549925,0,0,,0,0
13.03.2023 15:35:00.000,255.417,255.437,254.636,254.807,3.640800000000001,253.17038272815316,0,0,,0,0
13.03.2023 15:40:00.000,254.816,255.726,254.766,255.427,3.2304,253.3439686721414,0,0,,0,0
13.03.2023 15:45:00.000,255.427,256.357,255.136,256.117,3.6072,253.55727877428438,0,0,,0,0
13.03.2023 15:50:00.000,256.097,256.176,255.226,255.227,3.5916,253.6857188685702,0,0,,0,0
13.03.2023 15:55:00.000,255.216,255.926,254.957,255.826,3.5868,253.8503558786802,0,0,,0,0
13.03.2023 16:00:00.000,255.827,256.757,255.266,255.626,3.3804000000000003,253.9869438880125,0,1,258.757,0,0
13.03.2023 16:05:00.000,255.637,256.517,255.626,256.416,3.2748,254.1737943581654,0,0,,0,0
13.03.2023 16:10:00.000,256.407,256.507,255.176,255.497,3.6264,254.27557940753732,0,0,,0,0
13.03.2023 16:15:00.000,255.496,255.977,255.147,255.296,3.3948,254.35407329926522,0,0,,0,0
13.03.2023 16:20:00.000,255.287,255.407,254.696,254.786,3.0852,254.387298430091,0,0,,0,0
13.03.2023 16:25:00.000,254.797,255.807,254.697,255.687,3.3036000000000003,254.48727547393017,0,0,,0,0
13.03.2023 16:30:00.000,255.697,255.817,254.866,254.917,3.402,254.52033120670478,2,0,,0,0
13.03.2023 16:35:00.000,254.917,256.027,254.866,255.856,3.3924,254.6230749600352,2,0,,0,0
13.03.2023 16:40:00.000,255.847,256.547,255.726,256.047,3.1236,254.73260765541716,2,0,,0,0
13.03.2023 16:45:00.000,256.046,256.417,254.706,255.027,3.4704,254.75525322038507,2,0,,0,0
13.03.2023 16:50:00.000,255.026,255.657,254.756,255.366,3.1068,254.80223374189393,2,0,,0,0
13.03.2023 16:55:00.000,255.377,255.597,254.827,255.196,2.976,254.83252345405594,2,0,,0,0
13.03.2023 17:00:00.000,255.207,255.286,254.346,254.956,3.0696000000000003,254.84202164989782,2,0,,0,0
13.03.2023 17:05:00.000,254.956,255.327,254.366,255.287,3.1415999999999995,254.87625075375183,2,0,,0,0
13.03.2023 17:10:00.000,255.296,255.556,255.036,255.306,2.9328000000000003,254.90930838807864,2,0,,0,0
13.03.2023 17:15:00.000,255.307,255.896,254.976,255.427,3.0936,254.94913081976492,2,0,,0,0
13.03.2023 17:20:00.000,255.426,255.586,254.996,255.097,2.7228000000000003,254.9605053720907,2,0,,0,0
13.03.2023 17:25:00.000,255.117,255.337,254.717,254.956,2.7528,254.9601588050068,0,0,,0,0
13.03.2023 17:30:00.000,254.936,255.177,254.456,254.467,2.9004000000000003,254.922223512314,0,0,,0,0
13.03.2023 17:35:00.000,254.456,256.007,254.276,255.616,3.1692,254.97559093444372,0,2,252.276,0,0
13.03.2023 17:40:00.000,255.626,255.977,255.386,255.947,2.7864,255.05031470871728,0,0,,0,0
13.03.2023 17:45:00.000,255.936,255.997,255.357,255.697,2.2992,255.10005973112368,0,0,,0,0
13.03.2023 17:50:00.000,255.706,255.917,255.396,255.457,2.2836,255.12751667488342,0,0,,0,0
13.03.2023 17:55:00.000,255.437,256.047,255.396,255.847,2.4276,255.18286154604627,0,0,,0,0
13.03.2023 18:00:00.000,255.866,256.797,255.736,256.286,2.9256,255.2677183501966,0,0,,0,0
13.03.2023 18:05:00.000,256.277,256.467,256.026,256.096,2.5956,255.3314323232584,0,0,,0,0
13.03.2023 18:10:00.000,256.096,256.577,255.867,256.576,2.8776,255.4271682983924,0,0,,0,0
13.03.2023 18:15:00.000,256.576,257.207,256.576,256.807,2.8488,255.53330919851606,0,0,,0,0
13.03.2023 18:20:00.000,256.796,257.456,256.626,257.446,2.736,255.6804392601687,0,0,,0,0
13.03.2023 18:25:00.000,257.437,257.716,256.666,256.876,2.946,255.77240547092498,0,0,,0,0
13.03.2023 18:30:00.000,256.856,257.877,256.846,257.456,2.8764,255.9019127423923,0,0,,0,0
13.03.2023 18:35:00.000,257.436,257.447,256.176,256.487,3.084,255.94691945451598,0,0,,0,0
13.03.2023 18:40:00.000,256.457,257.007,256.086,256.347,2.8404000000000003,255.97769488109168,0,0,,0,0
13.03.2023 18:45:00.000,256.356,256.666,255.996,256.487,2.6844,256.0168721979308,0,0,,0,0
13.03.2023 18:50:00.000,256.476,256.727,256.326,256.657,2.5392,256.06611279809,0,0,,0,0
13.03.2023 18:55:00.000,256.667,256.807,256.416,256.676,2.6124,256.1130271982369,0,0,,0,0
13.03.2023 19:00:00.000,256.676,256.967,256.136,256.167,3.0264,256.1171789522187,0,0,,0,0
13.03.2023 19:05:00.000,256.157,256.866,256.016,256.296,2.8992,256.1309344174326,0,0,,0,0
13.03.2023 19:10:00.000,256.286,257.096,256.256,256.777,2.8728,256.1806317699378,0,0,,0,0
13.03.2023 19:15:00.000,256.776,257.007,256.197,256.436,2.7432,256.2002754799426,0,0,,0,0
13.03.2023 19:20:00.000,256.446,256.507,255.346,255.417,2.9315999999999995,256.140023519947,0,0,,0,0
13.03.2023 19:25:00.000,255.406,255.487,254.757,255.177,3.306,256.06594478764345,0,0,,0,0
13.03.2023 19:30:00.000,255.157,255.897,254.986,255.696,3.2376000000000005,256.0374874962863,0,0,,0,0
13.03.2023 19:35:00.000,255.686,256.346,255.556,256.297,2.9772,256.057449996572,0,0,,0,0
13.03.2023 19:40:00.000,256.326,256.627,255.606,255.986,3.0083999999999995,256.0519538429896,0,0,,0,0
13.03.2023 19:45:00.000,255.987,256.126,255.346,255.367,3.216,255.99926508583653,0,0,,0,0
13.03.2023 19:50:00.000,255.366,255.366,254.546,254.557,3.21,255.88832161769525,0,0,,0,0
13.03.2023 19:55:00.000,254.546,254.767,253.786,253.806,2.5620000000000003,255.7281430317187,0,2,251.786,0,0
14.03.2023 13:30:00.000,256.897,257.747,256.786,257.017,3.0792,255.82728587543264,0,0,,0,0
14.03.2023 13:35:00.000,257.016,257.527,255.837,257.047,3.306,255.92111003886092,0,0,,0,0
14.03.2023 13:40:00.000,257.086,258.447,257.076,257.817,3.2916,256.06694772817934,0,0,,0,0
14.03.2023 13:45:00.000,257.806,258.266,257.257,257.367,3.5664,256.16695174908864,0,0,,0,0
14.03.2023 13:50:00.000,257.366,257.677,257.127,257.247,3.486,256.2500323837741,0,0,,0,0
14.03.2023 13:55:00.000,257.236,257.467,256.646,256.646,3.3276000000000003,256.28049143117613,0,0,,0,0
14.03.2023 14:00:00.000,256.686,257.827,256.666,257.757,3.468,256.3940690133934,0,0,,0,0
14.03.2023 14:05:00.000,257.737,258.117,257.376,257.837,2.9832,256.5050637046708,0,0,,0,0
14.03.2023 14:10:00.000,257.836,257.847,257.167,257.427,3.2052,256.5759818812346,0,0,,0,0
14.03.2023 14:15:00.000,257.426,257.596,256.997,257.277,3.3912,256.62990635190886,0,0,,0,0
14.03.2023 14:20:00.000,257.266,257.837,257.206,257.737,3.0804,256.71506740176204,0,0,,0,0
14.03.2023 14:25:00.000,257.736,258.037,257.516,257.977,2.9436,256.81213914008805,0,0,,0,0
14.03.2023 14:30:00.000,257.966,258.327,257.796,257.977,2.5776,256.90174382161973,0,0,,0,0
14.03.2023 14:35:00.000,257.956,257.996,257.546,257.917,2.6136,256.97984045072593,0,0,,0,0
14.03.2023 14:40:00.000,257.917,258.247,257.876,258.177,2.5128,257.07192964682395,0,0,,0,0
14.03.2023 14:45:00.000,258.127,258.307,257.976,258.086,2.3016,257.14993505860673,0,0,,0,0
14.03.2023 14:50:00.000,258.077,258.197,257.956,258.016,2.1024,257.21655543871395,0,0,,0,0
14.03.2023 14:55:00.000,258.017,258.167,257.836,257.887,2.4852,257.2681280972744,0,0,,0,0
14.03.2023 15:00:00.000,257.896,258.227,257.886,257.987,2.1972,257.32342593594564,0,0,,0,0
14.03.2023 15:05:00.000,257.986,258.247,257.867,258.167,2.1324,257.3883162485652,0,0,,0,0
14.03.2023 15:10:00.000,258.167,258.417,258.107,258.297,2.0832,257.4582149986756,0,0,,0,0
14.03.2023 15:15:00.000,258.297,258.907,258.207,258.847,2.1251999999999995,257.5650446141621,0,0,,0,0
14.03.2023 15:20:00.000,258.857,259.727,258.807,259.577,2.0328,257.7198104130727,0,0,,0,0
14.03.2023 15:25:00.000,259.567,259.957,259.506,259.787,1.9644,257.8788249966825,0,0,,0,0
14.03.2023 15:30:00.000,259.796,260.177,259.626,259.936,1.9692,258.0370692277069,0,0,,0,0
14.03.2023 15:35:00.000,259.937,260.196,259.816,259.967,2.1204,258.18552544096025,0,0,,0,0
14.03.2023 15:40:00.000,259.987,260.307,259.956,260.276,1.9188,258.346331176271,0,0,,0,0
14.03.2023 15:45:00.000,260.267,260.316,259.766,259.787,2.0796,258.4571518550194,0,1,262.316,0,0
14.03.2023 15:50:00.000,259.796,260.126,259.766,260.057,1.6104,258.580217096941,0,0,,0,0
14.03.2023 15:55:00.000,260.047,260.116,259.917,259.996,1.7856,258.6891234740994,0,0,,0,0
14.03.2023 16:00:00.000,259.986,260.107,259.267,259.367,2.184,258.7412678222456,2,0,,0,0
14.03.2023 16:05:00.000,259.376,259.397,259.046,259.286,1.8948,258.7831702974575,2,0,,0,0
14.03.2023 16:10:00.000,259.297,259.567,259.236,259.547,1.6356,258.8419264284223,2,0,,0,0
14.03.2023 16:15:00.000,259.547,259.706,259.276,259.467,1.8888,258.8900090108514,2,0,,0,0
14.03.2023 16:20:00.000,259.466,259.777,259.337,259.516,2.0592,258.93816216386284,2,0,,0,0
14.03.2023 16:25:00.000,259.517,259.896,259.356,259.766,2.1468,259.0018419974119,2,0,,0,0
14.03.2023 16:30:00.000,259.776,260.007,259.716,259.957,2.0232,259.0753156899187,2,0,,0,0
14.03.2023 16:35:00.000,259.927,259.997,259.706,259.796,1.7184,259.13075294454035,2,0,,0,0
14.03.2023 16:40:00.000,259.796,259.807,259.336,259.777,2.1264,259.1804642564988,2,0,,0,0
14.03.2023 16:45:00.000,259.777,260.087,259.626,260.067,1.7220000000000002,259.24865931369123,2,0,,0,0
14.03.2023 16:50:00.000,260.067,260.157,259.596,259.727,2.2956,259.2854547510996,2,0,,0,0
14.03.2023 16:55:00.000,259.736,259.817,259.317,259.667,2.346,259.31480438563045,2,0,,0,0
14.03.2023 17:00:00.000,259.677,259.887,259.606,259.776,1.9704,259.3502809713512,2,0,,0,0
14.03.2023 17:05:00.000,259.776,259.817,259.247,259.247,2.3772,259.3423362812473,0,0,,0,0
14.03.2023 17:10:00.000,259.246,259.416,259.106,259.256,2.226,259.33569502884365,0,0,,0,0
14.03.2023 17:15:00.000,259.247,259.247,257.996,258.637,3.0,259.28194925739416,0,0,,0,0
14.03.2023 17:20:00.000,258.606,258.807,258.136,258.757,2.5872,259.24156854528695,0,0,,0,0
14.03.2023 17:25:00.000,258.746,259.417,258.636,258.936,2.7036,259.2180632725726,0,0,,0,0
14.03.2023 17:30:00.000,258.947,259.127,258.686,258.967,2.8284,259.19875071314397,0,0,,0,0
14.03.2023 17:35:00.000,258.957,259.146,258.847,259.086,2.5632,259.1900775813637,0,0,,0,0
14.03.2023 17:40:00.000,259.097,259.147,258.087,258.166,2.6088,259.11130238279725,0,0,,0,0
14.03.2023 17:45:00.000,258.167,258.826,258.086,258.817,2.8488,259.0886637379667,0,0,,0,0
14.03.2023 17:50:00.000,258.806,258.956,258.526,258.677,2.574,259.0569972965847,0,0,,0,0
14.03.2023 17:55:00.000,258.666,258.787,258.256,258.576,2.5656,259.01999750453973,0,0,,0,0
14.03.2023 18:00:00.000,258.577,258.867,258.117,258.136,2.946,258.9519976964982,0,0,,0,0
14.03.2023 18:05:00.000,258.126,258.286,257.636,258.157,2.8236000000000003,258.8908440275368,0,0,,0,0
14.03.2023 18:10:00.000,258.147,258.616,258.116,258.396,2.5607999999999995,258.8527791023417,0,0,,0,0
14.03.2023 18:15:00.000,258.396,258.407,257.956,258.037,2.7432,258.7900268637,0,0,,0,0
14.03.2023 18:20:00.000,258.037,258.707,257.796,258.566,2.622,258.7727940280308,0,0,,0,0
14.03.2023 18:25:00.000,258.567,259.297,258.527,258.977,2.7372,258.7885021797207,0,0,,0,0
14.03.2023 18:30:00.000,258.976,259.296,258.756,259.227,2.5056,258.82223278128066,0,0,,0,0
14.03.2023 18:35:00.000,259.237,259.406,258.936,259.066,1.9824,258.84098410579753,0,0,,0,0
14.03.2023 18:40:00.000,259.066,259.137,258.647,258.886,2.1564,258.84444686689005,0,0,,0,0
14.03.2023 18:45:00.000,258.886,259.247,258.686,258.807,2.2476,258.84156633866775,0,0,,0,0
14.03.2023 18:50:00.000,258.797,259.316,258.646,259.027,2.5452,258.8558304664625,0,0,,0,0
14.03.2023 18:55:00.000,259.017,259.147,258.646,258.786,2.5860000000000003,258.85045889211926,0,0,,0,0
14.03.2023 19:00:00.000,258.797,259.097,258.676,258.927,2.6688,258.8563466696486,0,0,,0,0
14.03.2023 19:05:00.000,258.926,259.017,257.747,257.997,2.6232,258.79024307967563,0,0,,0,0
14.03.2023 19:10:00.000,257.996,258.026,257.397,257.687,2.8307999999999995,258.7053782273929,0,2,255.397,0,0
14.03.2023 19:15:00.000,257.677,258.187,257.446,258.156,2.7528000000000006,258.6631183637473,0,0,,0,0
14.03.2023 19:20:00.000,258.156,258.346,257.776,257.977,2.5884,258.6103400280744,0,0,,0,0
14.03.2023 19:25:00.000,257.967,258.406,257.836,258.237,2.4612,258.5816215643764,0,0,,0,0
14.03.2023 19:30:00.000,258.236,258.697,257.956,258.617,2.862,258.5843429825013,0,0,,0,0
14.03.2023 19:35:00.000,258.627,259.107,258.607,258.766,2.7768,258.59831659923196,0,0,,0,0
14.03.2023 19:40:00.000,258.766,259.257,258.656,259.177,2.4624,258.6428307069834,0,0,,0,0
14.03.2023 19:45:00.000,259.167,259.397,258.897,259.276,2.532,258.6915360372154,0,0,,0,0
14.03.2023 19:50:00.000,259.277,259.687,259.157,259.446,1.9128000000000005,258.7495717266604,0,0,,0,0
14.03.2023 19:55:00.000,259.417,261.037,259.306,260.377,2.5728,258.8747585169173,0,0,,0,0
15.03.2023 13:30:00.000,259.716,261.897,259.206,261.566,2.946,259.0817770925391,0,0,,0,0
15.03.2023 13:35:00.000,261.597,261.977,260.166,260.757,3.3408,259.210640393113,0,0,,0,0
15.03.2023 13:40:00.000,260.746,261.567,259.796,261.336,2.9844,259.3741295936428,0,0,,0,0
15.03.2023 13:45:00.000,261.387,261.577,260.476,261.247,2.754,259.518196547978,0,0,,0,0
15.03.2023 13:50:00.000,261.256,263.137,260.826,263.116,2.7132000000000005,259.794950659672,0,0,,0,0
15.03.2023 13:55:00.000,263.126,263.547,262.156,262.397,2.514,259.9951083012357,0,0,,0,0
15.03.2023 14:00:00.000,262.297,264.237,261.836,264.156,2.9544,260.3151768934483,0,0,,0,0
15.03.2023 14:05:00.000,264.157,264.456,263.256,263.507,2.7552000000000003,260.5607017477985,0,0,,0,0
15.03.2023 14:10:00.000,263.507,263.686,262.136,262.287,2.8152,260.69349392104476,0,0,,0,0
15.03.2023 14:15:00.000,262.257,263.056,261.546,262.367,2.7756000000000003,260.8222251578875,0,0,,0,0
15.03.2023 14:20:00.000,262.357,263.116,262.126,262.237,2.4888000000000003,260.93105399189614,0,0,,0,0
15.03.2023 14:25:00.000,262.236,263.156,262.067,262.646,2.67,261.06297291559645,0,0,,0,0
15.03.2023 14:30:00.000,262.647,263.087,261.807,261.807,2.682,261.1202057682429,0,0,,0,0
15.03.2023 14:35:00.000,261.807,263.096,261.726,262.946,2.8320000000000007,261.26065147837807,0,0,,0,0
15.03.2023 14:40:00.000,262.946,263.016,262.267,262.666,2.7204,261.36875521081055,0,0,,0,0
15.03.2023 14:45:00.000,262.677,263.116,262.516,262.707,2.7468,261.4716971176713,0,0,,0,0
15.03.2023 14:50:00.000,262.706,263.687,261.916,263.536,2.9088,261.6304896470812,0,0,,0,0
15.03.2023 14:55:00.000,263.527,264.846,263.356,264.726,2.2812,261.868605828075,0,1,266.846,0,0
15.03.2023 15:00:00.000,264.717,264.777,263.786,263.987,2.6304000000000003,262.0315592259154,0,0,,0,0
15.03.2023 15:05:00.000,263.996,264.197,263.237,263.576,2.85,262.1503623623834,0,0,,0,0
15.03.2023 15:10:00.000,263.576,264.227,263.517,264.046,2.5836,262.29618064220006,0,0,,0,0
15.03.2023 15:15:00.000,264.026,264.147,263.596,264.066,2.6532,262.43232059280007,0,0,,0,0
15.03.2023 15:20:00.000,264.056,264.097,263.607,264.016,2.634,262.5541420856616,0,0,,0,0
15.03.2023 15:25:00.000,264.037,264.187,263.497,263.777,2.3784,262.6482080790723,0,0,,0,0
15.03.2023 15:30:00.000,263.786,264.067,263.307,263.576,2.8824,262.71957668837445,0,0,,0,0
15.03.2023 15:35:00.000,263.586,263.736,263.346,263.367,2.9184,262.76937848157644,2,0,,0,0
15.03.2023 15:40:00.000,263.356,263.986,263.176,263.816,3.2256,262.8498878291475,2,0,,0,0
15.03.2023 15:45:00.000,263.817,264.466,263.796,264.326,3.162,262.9634349192131,2,0,,0,0
15.03.2023 15:50:00.000,264.346,264.357,263.336,263.677,2.9976000000000003,263.0183245408121,2,0,,0,0
15.03.2023 15:55:00.000,263.676,264.457,263.637,264.107,2.6904000000000003,263.1020688069035,2,0,,0,0
15.03.2023 16:00:00.000,264.086,264.296,263.706,263.706,2.6196,263.14852505252634,2,0,,0,0
15.03.2023 16:05:00.000,263.706,263.737,262.386,262.416,1.9956,263.09217697156276,0,0,,0,0
15.03.2023 16:10:00.000,262.416,262.427,261.676,262.066,2.6688,263.01324028144256,0,0,,0,0
15.03.2023 16:15:00.000,262.056,262.597,261.787,262.467,2.4924,262.97122179825465,0,0,,0,0
15.03.2023 16:20:00.000,262.446,262.496,261.886,262.117,2.5128,262.90551242915814,0,0,,0,0
15.03.2023 16:25:00.000,262.116,262.116,261.396,261.937,2.634,262.83101147306905,0,0,,0,0
15.03.2023 16:30:00.000,261.937,262.597,261.806,262.316,2.8416,262.7913952059099,0,0,,0,0
15.03.2023 16:35:00.000,262.306,262.566,261.897,261.957,2.8032,262.7272109593015,0,0,,0,0
15.03.2023 16:40:00.000,261.966,262.027,261.526,261.836,2.4120000000000004,262.6586562701245,0,0,,0,0
15.03.2023 16:45:00.000,261.826,262.227,261.727,262.157,2.5056000000000003,262.6200673262688,0,0,,0,0
15.03.2023 16:50:00.000,262.156,262.197,261.696,262.007,2.5092,262.5729083011712,0,0,,0,0
15.03.2023 16:55:00.000,262.007,262.046,261.136,261.866,2.736,262.51853073954265,0,2,259.136,0,0
15.03.2023 17:00:00.000,261.866,262.117,261.557,261.876,2.556,262.4691052980394,0,0,,0,0
15.03.2023 17:05:00.000,261.876,262.896,261.876,262.766,2.9484,262.4919433520364,0,0,,0,0
15.03.2023 17:10:00.000,262.757,263.867,262.716,263.777,2.9603999999999995,262.59079386341824,0,0,,0,0
15.03.2023 17:15:00.000,263.807,264.366,263.586,263.707,2.9808000000000003,262.6766558739245,0,0,,0,0
15.03.2023 17:20:00.000,263.707,263.987,263.417,263.707,2.6328,262.7559131143919,0,0,,0,0
15.03.2023 17:25:00.000,263.706,264.267,263.606,264.116,2.4276,262.8605351825156,0,0,,0,0
15.03.2023 17:30:00.000,264.087,264.126,263.646,264.096,2.6832,262.95557093770674,0,0,,0,0
15.03.2023 17:35:00.000,264.107,264.256,263.686,263.707,2.5812,263.0133731732678,0,0,,0,0
15.03.2023 17:40:00.000,263.706,263.777,263.046,263.207,2.4024,263.02826754455486,0,0,,0,0
15.03.2023 17:45:00.000,263.196,263.357,262.867,263.066,2.2956000000000003,263.03117004112755,0,0,,0,0
15.03.2023 17:50:00.000,263.066,263.617,262.976,263.586,1.926,263.07384926873317,0,0,,0,0
15.03.2023 17:55:00.000,263.577,264.357,263.576,263.837,2.3448,263.13255317113834,0,0,,0,0
15.03.2023 18:00:00.000,263.817,263.916,263.237,263.597,2.2752,263.1682798502816,0,0,,0,0
15.03.2023 18:05:00.000,263.586,263.867,263.336,263.616,2.3184,263.2027198617984,0,0,,0,0
15.03.2023 18:10:00.000,263.637,263.827,263.497,263.527,2.1528,263.22766448781397,0,0,,0,0
15.03.2023 18:15:00.000,263.487,264.176,263.006,263.987,2.4264,263.2860749118283,0,0,,0,0
15.03.2023 18:20:00.000,263.976,265.287,263.866,265.157,2.7312,263.42999222630306,0,0,,0,0
15.03.2023 18:25:00.000,265.146,265.926,264.886,264.986,2.9256,263.54968513197207,0,0,,0,0
15.03.2023 18:30:00.000,264.986,265.617,264.746,265.376,3.1176,263.69017089105114,0,0,,0,0
15.03.2023 18:35:00.000,265.386,265.747,264.797,265.177,2.9484,263.8045423609703,0,0,,0,0
15.03.2023 18:40:00.000,265.206,265.567,264.986,265.336,2.9592,263.9223467947418,0,0,,0,0
15.03.2023 18:45:00.000,265.366,265.717,264.987,265.056,2.8476,264.009550887454,0,0,,0,0
15.03.2023 18:50:00.000,265.007,265.817,264.596,265.806,2.8884000000000003,264.1477392807268,0,0,,0,0
15.03.2023 18:55:00.000,265.807,266.247,265.586,266.076,2.724,264.2960670283632,0,0,,0,0
15.03.2023 19:00:00.000,266.096,266.446,265.566,265.686,2.9088000000000003,264.4029849492583,0,0,,0,0
15.03.2023 19:05:00.000,265.697,266.147,264.867,264.956,3.0972,264.44552456854615,0,0,,0,0
15.03.2023 19:10:00.000,264.956,265.616,264.666,265.266,3.4488000000000003,264.5086380632734,0,0,,0,0
15.03.2023 19:15:00.000,265.237,265.696,265.126,265.147,3.0972,264.55774282763696,0,0,,0,0
15.03.2023 19:20:00.000,265.147,265.596,264.736,265.217,3.4476,264.60845491781873,0,0,,0,0
15.03.2023 19:25:00.000,265.207,265.707,264.876,265.407,3.2268,264.66988146260195,0,0,,0,0
15.03.2023 19:30:00.000,265.406,265.657,265.186,265.307,2.904,264.71889058086333,0,0,,0,0
15.03.2023 19:35:00.000,265.306,265.357,264.396,264.696,2.6376,264.7171297669508,0,0,,0,0
15.03.2023 19:40:00.000,264.707,264.936,264.067,264.846,2.1576,264.7270428618007,0,0,,0,0
15.03.2023 19:45:00.000,264.817,265.017,264.176,264.616,3.0888,264.71850110320065,0,0,,0,0
15.03.2023 19:50:00.000,264.617,264.686,263.726,263.976,2.8416,264.6613856337237,0,0,,0,0
15.03.2023 19:55:00.000,263.976,265.077,263.936,265.066,2.8944,264.6925098157449,0,0,,0,0
16.03.2023 17:00:00.000,275.146,275.517,274.997,275.277,2.526e-06,265.50670136837994,0,0,,0,0
16.03.2023 17:05:00.000,275.277,275.367,274.606,274.817,2.586e-06,266.22287818619685,0,0,,0,0
16.03.2023 17:10:00.000,274.817,275.037,274.726,274.927,1.9356e-06,266.8924260180279,0,0,,0,0
16.03.2023 17:15:00.000,274.937,275.107,274.176,274.606,2.2236e-06,267.485777862795,0,0,,0,0
16.03.2023 17:20:00.000,274.607,274.836,274.456,274.607,1.71e-06,268.0335641810415,0,0,,0,0
16.03.2023 17:25:00.000,274.617,274.847,274.386,274.476,1.6104e-06,268.52913616711527,0,0,,0,0
16.03.2023 17:30:00.000,274.486,274.887,274.066,274.286,2.1636e-06,268.97197184656795,0,0,,0,0
16.03.2023 17:35:00.000,274.286,274.727,274.146,274.716,2.1084e-06,269.41382016606275,0,0,,0,0
16.03.2023 17:40:00.000,274.687,275.346,274.687,275.286,2.0256e-06,269.86552630713487,0,0,,0,0
16.03.2023 17:45:00.000,275.296,275.567,275.137,275.217,1.7448e-06,270.27717812966296,0,0,,0,0
16.03.2023 17:50:00.000,275.217,275.716,274.816,275.436,2.1672e-06,270.6740105812273,0,0,,0,0
16.03.2023 17:55:00.000,275.436,275.807,275.126,275.436,1.9668e-06,271.04031745959446,0,0,,0,0
16.03.2023 18:00:00.000,275.446,275.986,275.136,275.737,2.0556e-06,271.40160073193334,0,0,,0,0
16.03.2023 18:05:00.000,275.747,275.786,274.917,275.197,1.6956e-06,271.6935545217846,0,0,,0,0
16.03.2023 18:10:00.000,275.206,275.287,274.777,274.847,1.614e-06,271.9361272508781,0,0,,0,0
16.03.2023 18:15:00.000,274.847,274.976,274.496,274.837,1.8444e-06,272.15927130850287,0,0,,0,0
16.03.2023 18:20:00.000,274.807,275.056,274.746,274.906,1.4868e-06,272.3705581309257,0,0,,0,0
16.03.2023 18:25:00.000,274.897,275.136,274.566,275.056,1.7316e-06,272.57713058239295,0,0,,0,0
16.03.2023 18:30:00.000,275.066,275.107,274.207,274.427,2.1444e-06,272.7194282299012,0,0,,0,0
16.03.2023 18:35:00.000,274.426,275.017,274.376,274.796,1.9248e-06,272.87916451990884,0,0,,0,0
16.03.2023 18:40:00.000,274.786,275.076,274.537,274.896,1.8084e-06,273.0343057106851,0,0,,0,0
16.03.2023 18:45:00.000,274.897,274.917,274.687,274.777,1.7952e-06,273.1683591175555,0,0,,0,0
16.03.2023 18:50:00.000,274.777,275.036,274.746,274.937,1.4652e-06,273.3044084162051,0,0,,0,0
16.03.2023 18:55:00.000,274.946,275.587,274.926,275.336,1.6908e-06,273.4606846918816,0,0,,0,0
16.03.2023 19:00:00.000,275.347,275.597,275.266,275.477,1.716e-06,273.6157858694292,0,0,,0,0
16.03.2023 19:05:00.000,275.466,275.727,275.316,275.607,1.6992e-06,273.76895618716543,0,0,,0,0
16.03.2023 19:10:00.000,275.606,275.786,275.516,275.637,1.7376e-06,273.9126518650758,0,0,,0,0
16.03.2023 19:15:00.000,275.617,275.817,275.486,275.647,1.626e-06,274.04606326007,0,0,,0,0
16.03.2023 19:20:00.000,275.647,276.457,275.636,276.226,1.7316e-06,274.2137507016031,0,0,,0,0
16.03.2023 19:25:00.000,276.236,276.327,275.716,276.276,1.4808e-06,274.37238526301826,0,0,,0,0
16.03.2023 19:30:00.000,276.266,276.266,275.766,276.047,1.674e-06,274.50120178124763,2,0,,0,0
16.03.2023 19:35:00.000,276.046,276.097,275.717,276.026,1.74e-06,274.61849395192087,2,0,,0,0
16.03.2023 19:40:00.000,276.026,276.427,275.946,276.317,1.7844e-06,274.7491482633116,2,0,,0,0
16.03.2023 19:45:00.000,276.317,276.317,275.676,276.117,2.478e-06,274.8543676276723,2,0,,0,0
16.03.2023 19:50:00.000,276.107,276.296,275.456,275.746,2.2404e-06,274.92295473323594,2,0,,0,0
16.03.2023 19:55:00.000,275.737,276.437,275.357,275.897,2.0604e-06,274.9978812922178,2,0,,0,0
17.03.2023 13:30:00.000,278.176,279.206,277.356,278.957,3.1716e-06,275.3024288851242,2,0,,0,0
17.03.2023 13:35:00.000,278.987,280.897,278.926,280.787,3.4884e-06,275.72431897088387,2,0,,0,0
17.03.2023 13:40:00.000,280.767,280.867,278.127,278.647,3.078e-06,275.9491405885082,2,0,,0,0
17.03.2023 13:45:00.000,278.647,280.827,278.327,280.756,2.9196e-06,276.3188990047768,2,0,,0,0
17.03.2023 13:50:00.000,280.756,281.846,280.196,280.807,3.4932e-06,276.6641375428709,2,0,,0,0
17.03.2023 13:55:00.000,280.827,281.746,280.447,281.486,3.216e-06,277.03505003957315,2,0,,0,0
17.03.2023 14:00:00.000,281.567,282.227,281.356,281.867,3.1164e-06,277.40673849806757,2,0,,0,0
17.03.2023 14:05:00.000,281.847,282.367,281.586,282.337,3.0324e-06,277.78598938283164,2,0,,0,0
17.03.2023 14:10:00.000,282.356,282.747,281.876,282.436,3.2208e-06,278.1436825072292,2,0,,0,0
17.03.2023 14:15:00.000,282.436,283.287,282.366,282.606,3.2508e-06,278.4869376989808,2,1,285.287,0,0
17.03.2023 14:20:00.000,282.616,283.137,282.096,282.496,3.1452e-06,278.79532710675153,2,0,,0,0
17.03.2023 14:25:00.000,282.507,282.616,281.697,282.226,3.4308e-06,279.0592250216168,2,0,,0,0
17.03.2023 14:30:00.000,282.216,282.747,280.876,280.946,3.2196e-06,279.2043615584155,2,0,,0,0
17.03.2023 14:35:00.000,280.956,280.987,280.426,280.947,2.952e-06,279.33841066930665,2,0,,0,0
17.03.2023 14:40:00.000,280.947,281.047,280.106,280.166,2.802e-06,279.4020713870523,2,0,,0,0
17.03.2023 14:45:00.000,280.197,280.427,279.177,280.226,2.9328e-06,279.4654505111252,2,0,,0,0
17.03.2023 14:50:00.000,280.237,280.717,279.637,280.026,2.8128e-06,279.5085697025771,2,0,,0,0
17.03.2023 14:55:00.000,280.026,280.907,279.617,280.547,2.8644e-06,279.5884489562251,2,0,,0,0
17.03.2023 15:00:00.000,280.546,280.577,279.176,279.567,2.7564e-06,279.58679903651546,0,0,,0,0
17.03.2023 15:05:00.000,279.547,279.597,278.896,278.987,2.4852e-06,279.5406606490912,0,0,,0,0
17.03.2023 15:10:00.000,278.956,279.706,278.696,279.217,2.5884e-06,279.5157636760842,0,0,,0,0
17.03.2023 15:15:00.000,279.186,279.507,278.856,279.016,2.6412e-06,279.47732031638543,0,0,,0,0
17.03.2023 15:20:00.000,279.017,279.217,277.516,277.516,2.7468e-06,279.3264495228173,0,0,,0,0
17.03.2023 15:25:00.000,277.507,277.726,276.956,277.497,2.6112e-06,279.18572263644677,0,0,,0,0
17.03.2023 15:30:00.000,277.486,278.366,277.417,278.186,2.676e-06,279.1088208951817,0,0,,0,0
17.03.2023 15:35:00.000,278.156,278.207,276.946,277.037,2.6868e-06,278.94945005709076,0,0,,0,0
17.03.2023 15:40:00.000,277.037,277.197,276.316,276.377,2.5908e-06,278.75156928346837,0,2,274.316,0,0
17.03.2023 15:45:00.000,276.376,277.067,276.357,276.937,2.5608e-06,278.6119870308939,0,0,,0,0
17.03.2023 15:50:00.000,276.937,277.466,276.846,277.196,2.4168e-06,278.50306495159435,0,0,,0,0
17.03.2023 15:55:00.000,277.196,277.767,277.106,277.456,2.6256e-06,278.4225214937794,0,0,,0,0
17.03.2023 16:00:00.000,277.457,277.947,277.256,277.866,2.7984e-06,278.3797121481041,0,0,,0,0
17.03.2023 16:05:00.000,277.856,278.397,277.316,278.277,2.6952e-06,278.3718112136346,0,0,,0,0
17.03.2023 16:10:00.000,278.277,278.317,277.716,277.826,2.5404e-06,278.3298257356627,0,0,,0,0
17.03.2023 16:15:00.000,277.816,277.986,276.837,277.027,2.6328e-06,278.229608371381,0,0,,0,0
17.03.2023 16:20:00.000,277.046,277.407,276.907,277.206,2.448e-06,278.1508692658902,0,0,,0,0
17.03.2023 16:25:00.000,277.217,277.976,277.196,277.716,2.3136e-06,278.11741778389865,0,0,,0,0
17.03.2023 16:30:00.000,277.716,278.916,277.716,278.516,2.904e-06,278.14807795436803,0,0,,0,0
17.03.2023 16:35:00.000,278.516,278.557,278.206,278.347,2.7384e-06,278.16337965018585,0,0,,0,0
17.03.2023 16:40:00.000,278.357,278.877,278.196,278.867,2.1708e-06,278.21750429247925,0,0,,0,0
17.03.2023 16:45:00.000,278.866,278.977,278.447,278.847,1.9284e-06,278.2659270392116,0,0,,0,0
17.03.2023 16:50:00.000,278.806,279.097,277.906,277.946,2.0652e-06,278.24131726696453,0,0,,0,0
17.03.2023 16:55:00.000,277.956,278.766,277.896,278.527,1.9236e-06,278.2632928618134,0,0,,0,0
17.03.2023 17:00:00.000,278.527,279.067,278.526,279.047,1.9032e-06,278.3235780262893,0,0,,0,0
17.03.2023 17:05:00.000,279.077,279.467,278.946,279.346,2.082e-06,278.4022258704209,0,0,,0,0
17.03.2023 17:10:00.000,279.337,280.437,279.317,280.417,2.0568e-06,278.5572084957731,0,0,,0,0
17.03.2023 17:15:00.000,280.426,280.626,279.796,280.077,2.31e-06,278.6741155345598,0,0,,0,0
17.03.2023 17:20:00.000,280.057,280.857,279.976,280.307,2.0964e-06,278.79972203190135,0,1,282.857,0,0
17.03.2023 17:25:00.000,280.316,280.317,279.886,279.967,2.0088e-06,278.88951264483205,0,0,,0,0
17.03.2023 17:30:00.000,279.976,280.627,279.776,279.906,2.3796e-06,278.967703979845,0,0,,0,0
17.03.2023 17:35:00.000,279.906,280.186,279.496,280.166,2.3412e-06,279.05988059678,0,0,,0,0
17.03.2023 17:40:00.000,280.177,280.177,279.226,280.097,2.2512e-06,279.1396590124123,0,0,,0,0
17.03.2023 17:45:00.000,280.086,280.337,279.926,280.257,2.2248e-06,279.22560831914984,0,0,,0,0
17.03.2023 17:50:00.000,280.257,280.347,279.746,279.776,2.0688e-06,279.26794614075374,0,0,,0,0
17.03.2023 17:55:00.000,279.776,280.547,279.776,280.547,2.0796e-06,279.3663348991573,0,0,,0,0
20.03.2023 13:30:00.000,277.097,277.426,274.567,274.626,2.9292e-06,279.0016937530683,0,0,,0,0
20.03.2023 13:35:00.000,274.657,275.837,274.156,275.557,3.48e-06,278.7367173105246,0,0,,0,0
20.03.2023 13:40:00.000,275.547,275.607,273.706,273.937,3.5088e-06,278.3675082866381,0,0,,0,0
20.03.2023 13:45:00.000,273.947,274.407,273.006,273.317,3.4296e-06,277.97900764920445,0,0,,0,0
20.03.2023 13:50:00.000,273.317,273.487,272.226,272.266,3.2496e-06,277.5395455223426,0,0,,0,0
20.03.2023 13:55:00.000,272.237,272.497,271.156,271.547,3.3936e-06,277.07858048216247,0,0,,0,0
20.03.2023 14:00:00.000,271.526,273.297,271.526,272.957,2.9484e-06,276.76153582968846,0,0,,0,0
20.03.2023 14:05:00.000,272.967,273.367,272.056,272.097,2.7252e-06,276.4027253812509,0,0,,0,0
20.03.2023 14:10:00.000,272.037,273.017,271.786,272.616,2.9664e-06,276.11143881346237,0,0,,0,0
20.03.2023 14:15:00.000,272.616,272.926,271.376,271.457,2.8908e-06,275.75340505858065,0,0,,0,0
20.03.2023 14:20:00.000,271.476,272.347,271.406,272.296,2.9544e-06,275.4874508233052,0,0,,0,0
20.03.2023 14:25:00.000,272.297,272.397,271.496,271.536,2.4756e-06,275.18349306766635,0,0,,0,0
20.03.2023 14:30:00.000,271.537,272.357,271.196,271.196,2.6964e-06,274.876762831692,0,0,,0,0
20.03.2023 14:35:00.000,271.196,271.277,269.826,270.027,2.7264e-06,274.5037041523311,0,2,267.826,0,0
20.03.2023 14:40:00.000,270.036,270.597,269.966,270.187,2.6136e-06,274.1716499867672,0,0,,0,0
20.03.2023 14:45:00.000,270.187,271.167,269.926,271.117,2.4564e-06,273.93667691086205,0,0,,0,0
20.03.2023 14:50:00.000,271.117,271.347,270.386,270.747,2.4648e-06,273.69131714848805,0,0,,0,0
20.03.2023 14:55:00.000,270.696,270.936,270.496,270.566,2.1888e-06,273.45090813706594,0,0,,0,0
20.03.2023 15:00:00.000,270.567,271.297,270.296,271.107,2.1504e-06,273.27060751113777,0,0,,0,0
20.03.2023 15:05:00.000,271.116,271.657,271.016,271.366,2.1396e-06,273.12409924105026,0,0,,0,0
20.03.2023 15:10:00.000,271.366,271.837,271.056,271.787,2.04e-06,273.0212454532772,0,0,,0,0
20.03.2023 15:15:00.000,271.786,272.277,271.506,272.256,1.7388e-06,272.96238041840974,0,0,,0,0
20.03.2023 15:20:00.000,272.256,272.576,272.246,272.567,1.9896e-06,272.9319665400705,0,0,,0,0
20.03.2023 15:25:00.000,272.546,273.507,272.486,273.446,1.926e-06,272.9715075754497,0,0,,0,0
20.03.2023 15:30:00.000,273.457,273.817,272.506,272.656,2.0352e-06,272.9472377619536,0,0,,0,0
20.03.2023 15:35:00.000,272.657,273.106,272.446,272.727,1.8696e-06,272.93029639564946,0,0,,0,0
20.03.2023 15:40:00.000,272.726,273.016,271.936,271.946,1.7028e-06,272.8545812882918,0,0,,0,0
20.03.2023 15:45:00.000,271.936,272.167,271.526,271.697,1.7904e-06,272.7655365738078,0,0,,0,0
20.03.2023 15:50:00.000,271.696,271.817,271.096,271.137,2.0256e-06,272.6402645296688,0,0,,0,0
20.03.2023 15:55:00.000,271.146,271.346,270.816,271.037,1.9416e-06,272.51693648892507,0,0,,0,0
21.03.2023 13:30:00.000,274.716,274.867,273.786,274.627,2.43,272.6792490667001,0,1,276.867,0,0
21.03.2023 13:35:00.000,274.656,274.737,273.377,273.597,2.8896,272.74984529233853,0,0,,0,0
21.03.2023 13:40:00.000,273.587,274.396,272.897,273.586,2.6856,272.8141648852356,0,0,,0,0
21.03.2023 13:45:00.000,273.596,273.717,272.766,273.567,2.928,272.872075278679,0,0,,0,0
21.03.2023 13:50:00.000,273.566,273.756,272.896,273.636,2.5812,272.93083871878065,0,0,,0,0
21.03.2023 13:55:00.000,273.627,273.937,273.317,273.857,2.6460000000000004,273.0020818942591,0,0,,0,0
21.03.2023 14:00:00.000,273.847,274.276,273.197,273.466,2.9724000000000004,273.03776790239306,0,0,,0,0
21.03.2023 14:05:00.000,273.497,273.557,272.086,272.807,2.5620000000000003,273.0200165252859,0,0,,0,0
21.03.2023 14:10:00.000,272.817,273.186,271.996,272.017,2.6196,272.94286140795623,0,0,,0,0
21.03.2023 14:15:00.000,272.027,272.147,271.616,271.896,2.8104,272.8623336073442,0,0,,0,0
21.03.2023 14:20:00.000,271.906,271.916,270.996,271.046,2.3736,272.72261563754853,0,0,,0,0
21.03.2023 14:25:00.000,271.046,271.147,270.156,270.326,2.6364,272.5382605885064,0,0,,0,0
21.03.2023 14:30:00.000,270.316,270.567,269.496,269.647,2.3808,272.31585592785206,0,2,267.496,0,0
21.03.2023 14:35:00.000,269.646,270.296,269.536,270.076,2.5056,272.1435593180173,0,0,,0,0
21.03.2023 14:40:00.000,270.066,270.266,269.586,269.937,2.2152,271.97382398586217,0,0,,0,0
21.03.2023 14:45:00.000,269.946,270.847,269.896,270.766,2.3136,271.88091444848817,0,0,,0,0
21.03.2023 14:50:00.000,270.776,271.017,270.146,270.226,2.3844,271.75361333706604,0,0,,0,0
21.03.2023 14:55:00.000,270.246,270.867,270.226,270.867,2.112,271.6854123111379,0,0,,0,0
21.03.2023 15:00:00.000,270.856,271.067,270.557,270.706,1.9992,271.61007290258885,0,0,,0,0
21.03.2023 15:05:00.000,270.706,271.067,270.586,270.816,2.0004,271.5489903716205,0,0,,0,0
21.03.2023 15:10:00.000,270.817,271.326,270.807,271.156,1.9548,271.51876034303433,0,0,,0,0
21.03.2023 15:15:00.000,271.136,271.467,271.136,271.347,1.9524,271.50554800895475,0,0,,0,0
21.03.2023 15:20:00.000,271.336,271.427,270.507,270.767,1.8852,271.4487366236506,0,0,,0,0
21.03.2023 15:25:00.000,270.767,270.827,270.417,270.686,1.674,271.39006457567746,0,0,,0,0
21.03.2023 15:30:00.000,270.657,271.097,270.486,270.956,1.746,271.35667499293305,0,0,,0,0
21.03.2023 15:35:00.000,270.956,271.077,269.936,269.997,1.8636,271.2520846088613,0,0,,0,0
21.03.2023 15:40:00.000,269.956,270.417,269.656,269.786,2.316,271.13930886971815,0,0,,0,0
21.03.2023 15:45:00.000,269.786,270.176,269.646,270.097,2.1756,271.05913126435524,0,0,,0,0
21.03.2023 15:50:00.000,270.097,270.537,270.077,270.367,1.8168,271.0058903978664,0,0,,0,0
21.03.2023 15:55:00.000,270.377,270.587,270.126,270.217,1.7148,270.9452065211074,0,0,,0,0
21.03.2023 16:00:00.000,270.227,270.406,270.026,270.047,1.7964,270.87611371179145,0,0,,0,0
21.03.2023 16:05:00.000,270.046,270.607,270.026,270.567,1.5216,270.85233573396135,0,0,,0,0
21.03.2023 16:10:00.000,270.547,271.007,270.536,270.836,1.5204,270.85107913904125,0,0,,0,0
21.03.2023 16:15:00.000,270.846,271.117,270.766,270.967,1.4208,270.85999612834576,0,0,,0,0
21.03.2023 16:20:00.000,270.957,271.367,270.886,271.236,1.4412,270.8889195030884,0,0,,0,0
21.03.2023 16:25:00.000,271.237,271.756,271.156,271.486,1.4244,270.93484877208164,0,0,,0,0
21.03.2023 16:30:00.000,271.487,272.017,271.486,271.796,1.4316,271.0010911742292,0,0,,0,0
21.03.2023 16:35:00.000,271.797,271.867,271.526,271.636,1.5876,271.04993031467313,0,0,,0,0
21.03.2023 16:40:00.000,271.637,271.637,271.306,271.386,1.5479999999999998,271.07578182892905,0,0,,0,0
21.03.2023 16:45:00.000,271.337,271.436,271.176,271.307,1.3368000000000002,271.09356784208836,0,0,,0,0
21.03.2023 16:50:00.000,271.316,271.697,271.256,271.477,1.2828,271.1230626234662,0,0,,0,0
21.03.2023 16:55:00.000,271.486,271.916,271.457,271.846,1.4412000000000005,271.1786731908919,0,0,,0,0
21.03.2023 17:00:00.000,271.846,272.087,271.736,272.016,1.4988,271.2430829454387,0,0,,0,0
21.03.2023 17:05:00.000,272.017,272.466,271.926,272.357,1.3068,271.32876887271266,0,0,,0,0
21.03.2023 17:10:00.000,272.357,272.777,272.346,272.647,1.3247999999999998,271.4301712671194,0,1,274.777,0,0
21.03.2023 17:15:00.000,272.656,272.736,272.126,272.216,1.17,271.4906196311872,0,0,,0,0
21.03.2023 17:20:00.000,272.236,272.377,271.766,271.846,1.2492,271.5179565826344,0,0,,0,0
21.03.2023 17:25:00.000,271.847,271.947,271.486,271.526,1.3416,271.5185753070471,0,0,,0,0
21.03.2023 17:30:00.000,271.507,271.787,271.306,271.307,1.3956,271.5023002834281,0,0,,0,0
21.03.2023 17:35:00.000,271.316,271.876,271.306,271.496,1.0332,271.50181564624137,0,0,,0,0
21.03.2023 17:40:00.000,271.506,271.756,271.496,271.687,1.2216,271.5160605965305,0,0,,0,0
21.03.2023 17:45:00.000,271.696,271.707,271.306,271.546,1.1988,271.51836362756666,0,0,,0,0
21.03.2023 17:50:00.000,271.536,271.657,271.296,271.417,1.3116,271.51056642544614,0,0,,0,0
21.03.2023 17:55:00.000,271.426,271.447,270.916,270.937,1.362,271.46644593118106,0,0,,0,0
21.03.2023 18:00:00.000,270.946,271.556,270.916,271.516,1.3932,271.47025778262866,0,0,,0,0
21.03.2023 18:05:00.000,271.506,271.736,271.236,271.477,1.4832,271.4707764147342,0,0,,0,0
21.03.2023 18:10:00.000,271.477,271.657,271.306,271.407,1.0944,271.4658705366777,0,0,,0,0
21.03.2023 18:15:00.000,271.397,271.687,271.346,271.477,1.3068,271.46672664924097,0,0,,0,0
21.03.2023 18:20:00.000,271.466,271.666,271.446,271.566,1.2636,271.47436306083785,0,0,,0,0
21.03.2023 18:25:00.000,271.576,271.707,271.486,271.616,1.2216,271.4852582100042,0,0,,0,0
21.03.2023 18:30:00.000,271.626,271.697,271.546,271.627,1.2504,271.4961614246193,0,0,,0,0
21.03.2023 18:35:00.000,271.626,271.687,271.237,271.337,1.2804,271.4839182381101,0,0,,0,0
21.03.2023 18:40:00.000,271.347,271.527,271.296,271.376,1.0452,271.4756168351786,0,0,,0,0
21.03.2023 18:45:00.000,271.377,271.667,271.336,271.657,1.176,271.4895693863187,0,0,,0,0
21.03.2023 18:50:00.000,271.666,272.027,271.666,271.956,1.1328,271.5254486642942,0,0,,0,0
21.03.2023 18:55:00.000,271.966,272.387,271.946,272.016,1.4568,271.5631833824254,0,0,,0,0
21.03.2023 19:00:00.000,272.027,272.297,271.996,272.246,1.3811999999999998,271.61570773762344,0,0,,0,0
21.03.2023 19:05:00.000,272.257,272.457,272.246,272.386,1.23,271.6749609885755,0,0,,0,0
21.03.2023 19:10:00.000,272.386,272.787,272.286,272.597,1.1387999999999998,271.7458870663774,0,0,,0,0
21.03.2023 19:15:00.000,272.606,272.897,272.546,272.896,1.1136,271.8343572920407,0,0,,0,0
21.03.2023 19:20:00.000,272.896,273.047,272.696,272.817,1.194,271.90994519265297,0,0,,0,0
21.03.2023 19:25:00.000,272.816,273.036,272.746,272.937,1.242,271.98894940860276,0,0,,0,0
21.03.2023 19:30:00.000,272.936,273.057,272.676,272.727,1.4496,272.04572253101793,0,0,,0,0
21.03.2023 19:35:00.000,272.717,273.216,272.716,273.216,1.5012,272.13574387478576,0,0,,0,0
21.03.2023 19:40:00.000,273.226,273.617,273.126,273.577,1.8384,272.2466097305715,0,0,,0,0
21.03.2023 19:45:00.000,273.566,273.576,273.237,273.326,1.5672,272.3296397512968,0,0,,0,0
21.03.2023 19:50:00.000,273.307,273.776,273.097,273.576,1.6152,272.42551361658167,0,0,,0,0
21.03.2023 19:55:00.000,273.587,273.766,273.186,273.526,1.608,272.5101664153062,0,0,,0,0
22.03.2023 13:30:00.000,273.476,273.947,273.076,273.707,1.9452,272.60223053720574,0,0,,0,0
22.03.2023 13:35:00.000,273.746,273.817,272.616,272.926,2.4564,272.62713588049763,0,0,,0,0
22.03.2023 13:40:00.000,272.906,273.497,272.756,273.027,2.7132,272.6578946589209,0,0,,0,0
22.03.2023 13:45:00.000,273.037,274.217,273.026,273.817,2.6376000000000004,272.7470566082347,0,0,,0,0
22.03.2023 13:50:00.000,273.807,274.127,273.247,273.376,2.6556,272.79543686913973,0,0,,0,0
22.03.2023 13:55:00.000,273.397,273.407,272.916,273.107,2.502,272.8194032638213,0,0,,0,0
22.03.2023 14:00:00.000,273.096,273.447,272.826,273.116,2.424,272.84221839737353,0,0,,0,0
22.03.2023 14:05:00.000,273.117,273.717,273.096,273.466,2.2620000000000005,272.8902015975756,0,0,,0,0
22.03.2023 14:10:00.000,273.427,274.387,273.306,274.297,2.2392000000000003,272.99841685930056,0,0,,0,0
22.03.2023 14:15:00.000,274.297,274.967,274.136,274.927,2.2464000000000004,273.14676940858516,0,0,,0,0
22.03.2023 14:20:00.000,274.936,276.186,274.936,276.096,2.2764,273.3736333002325,0,0,,0,0
22.03.2023 14:25:00.000,276.087,277.107,275.877,276.927,2.4492,273.6469692002146,0,0,,0,0
22.03.2023 14:30:00.000,276.937,277.256,276.596,276.736,2.2956,273.88458695404427,0,0,,0,0
22.03.2023 14:35:00.000,276.756,276.987,276.286,276.956,2.04,274.1208494960409,0,0,,0,0
22.03.2023 14:40:00.000,276.987,277.007,276.527,276.646,1.578,274.31509184249927,0,0,,0,0
22.03.2023 14:45:00.000,276.656,276.677,275.896,275.916,1.9428,274.4382386238455,0,0,,0,0
22.03.2023 14:50:00.000,275.936,276.147,275.676,275.887,1.8576,274.54968180662667,2,0,,0,0
22.03.2023 14:55:00.000,275.887,276.086,275.556,276.036,2.0364,274.6640139753477,2,0,,0,0
22.03.2023 15:00:00.000,276.027,276.227,275.787,276.147,1.824,274.77808982339786,2,0,,0,0
22.03.2023 15:05:00.000,276.157,276.207,275.916,276.106,1.6595999999999995,274.8802367600596,2,0,,0,0
22.03.2023 15:10:00.000,276.106,276.247,275.577,275.967,1.8036,274.9638339323627,2,0,,0,0
22.03.2023 15:15:00.000,275.976,276.197,275.897,275.976,1.6344,275.0416928606425,2,0,,0,0
22.03.2023 15:20:00.000,275.966,276.516,275.906,276.487,1.6152,275.1528703329008,2,0,,0,0
22.03.2023 15:25:00.000,276.487,276.587,276.107,276.216,1.7220000000000002,275.2346495380623,2,0,,0,0
22.03.2023 15:30:00.000,276.216,276.796,276.176,276.676,1.626,275.34552265051906,2,0,,0,0
22.03.2023 15:35:00.000,276.656,277.467,276.656,277.387,1.6524,275.5025593697099,2,0,,0,0
22.03.2023 15:40:00.000,277.377,277.917,277.276,277.757,1.7424000000000002,275.6759778797322,2,0,,0,0
22.03.2023 15:45:00.000,277.757,278.217,277.646,278.037,1.8348,275.8575949659067,2,0,,0,0
22.03.2023 15:50:00.000,278.037,278.246,277.936,278.017,1.5408,276.02370304545235,2,1,280.246,0,0
22.03.2023 15:55:00.000,278.017,278.137,277.747,277.846,1.62,276.16387973426373,2,0,,0,0
22.03.2023 16:00:00.000,277.857,277.887,277.256,277.337,1.6836,276.254119754705,2,0,,0,0
22.03.2023 16:05:00.000,277.316,277.337,276.866,276.986,1.6884,276.31041823511237,2,0,,0,0
22.03.2023 16:10:00.000,276.997,277.107,276.227,276.287,1.8252,276.3086168324114,0,0,,0,0
22.03.2023 16:15:00.000,276.276,276.607,276.256,276.277,1.7052,276.3061847683798,0,0,,0,0
22.03.2023 16:20:00.000,276.276,276.447,275.896,276.097,1.9308,276.2900936323506,0,0,,0,0
22.03.2023 16:25:00.000,276.087,276.347,275.826,275.847,1.6356,276.2560095067852,0,0,,0,0
22.03.2023 16:30:00.000,275.836,276.286,275.736,276.277,1.6128,276.2576241601094,0,0,,0,0
22.03.2023 16:35:00.000,276.296,276.427,276.026,276.377,1.4352,276.2668069170241,0,0,,0,0
22.03.2023 16:40:00.000,276.397,276.577,276.277,276.516,1.4616,276.28597561571456,0,0,,0,0
22.03.2023 16:45:00.000,276.526,276.626,276.197,276.376,1.38,276.2929005683519,0,0,,0,0
22.03.2023 16:50:00.000,276.396,276.917,276.376,276.836,1.3476,276.33467744770945,0,0,,0,0
22.03.2023 16:55:00.000,276.836,276.926,276.696,276.897,1.2936,276.37793302865487,0,0,,0,0
22.03.2023 17:00:00.000,276.907,276.937,276.646,276.767,1.572,276.4078612572199,0,0,,0,0
22.03.2023 17:05:00.000,276.777,276.907,276.486,276.646,1.722,276.4261796220492,0,0,,0,0
22.03.2023 17:10:00.000,276.636,276.846,276.476,276.826,1.4052,276.45693503573773,0,0,,0,0
22.03.2023 17:15:00.000,276.827,277.127,276.636,276.687,1.2828,276.47463234068096,0,0,,0,0
22.03.2023 17:20:00.000,276.687,276.957,276.666,276.827,1.4076,276.50173754524394,0,0,,0,0
22.03.2023 17:25:00.000,276.837,277.137,276.677,277.047,1.4004,276.54368081099443,0,0,,0,0
22.03.2023 17:30:00.000,277.066,277.266,276.997,277.117,1.392,276.58778228707183,0,0,,0,0
22.03.2023 17:35:00.000,277.107,277.227,277.016,277.186,1.3199999999999998,276.63379903422015,0,0,,0,0
22.03.2023 17:40:00.000,277.187,277.207,276.966,277.056,1.236,276.6662760315878,0,0,,0,0
22.03.2023 17:45:00.000,277.047,277.197,276.926,277.086,1.0908,276.6985624906964,0,0,,0,0
22.03.2023 17:50:00.000,277.116,277.116,276.766,276.986,1.2156,276.72067306833515,0,0,,0,0
22.03.2023 17:55:00.000,276.996,277.377,276.896,277.246,1.1244,276.7610828323094,0,0,,0,0
22.03.2023 18:00:00.000,277.246,278.936,276.846,278.756,2.634,276.91453799905486,0,0,,0,0
22.03.2023 18:05:00.000,278.727,279.926,278.327,278.406,3.4428,277.02926584528143,0,0,,0,0
22.03.2023 18:10:00.000,278.397,278.707,277.237,277.896,3.678,277.09593770333674,0,0,,0,0
22.03.2023 18:15:00.000,277.926,279.566,277.806,279.297,3.6348,277.2652501876955,0,0,,0,0
22.03.2023 18:20:00.000,279.316,279.406,278.007,278.386,3.1416,277.3514617117189,0,0,,0,0
22.03.2023 18:25:00.000,278.377,279.157,278.276,278.886,3.1272,277.4695031185098,0,0,,0,0
22.03.2023 18:30:00.000,278.906,279.687,278.006,278.347,3.8196,277.53700287862443,0,0,,0,0
22.03.2023 18:35:00.000,278.346,278.677,276.296,277.846,3.6288,277.56077188796104,0,0,,0,0
22.03.2023 18:40:00.000,277.826,280.107,277.806,279.477,3.2196,277.70817405042555,0,0,,0,0
22.03.2023 18:45:00.000,279.486,280.996,279.196,280.097,2.6616,277.89192989270055,0,1,282.996,0,0
22.03.2023 18:50:00.000,280.106,280.556,278.616,278.826,2.9904,277.9637814394159,0,0,,0,0
22.03.2023 18:55:00.000,278.816,279.106,276.996,277.107,3.7008,277.89787517484547,0,0,,0,0
22.03.2023 19:00:00.000,277.106,277.637,275.647,275.836,3.8412,277.73926939216506,0,0,,0,0
22.03.2023 19:05:00.000,275.787,276.376,274.886,275.697,4.0452,277.5821717466139,0,0,,0,0
22.03.2023 19:10:00.000,275.706,276.656,275.266,276.447,3.9264,277.4948508430282,0,0,,0,0
22.03.2023 19:15:00.000,276.447,277.677,276.447,277.056,3.5280000000000005,277.4610930858722,0,0,,0,0
22.03.2023 19:20:00.000,277.077,278.547,276.836,277.556,3.678,277.4683936177282,0,0,,0,0
22.03.2023 19:25:00.000,277.546,277.827,276.826,277.597,3.5676,277.47828641636454,0,0,,0,0
22.03.2023 19:30:00.000,277.617,277.787,276.166,276.367,3.8052,277.392802845875,0,0,,0,0
22.03.2023 19:35:00.000,276.377,276.557,275.347,275.666,3.714,277.2599718577308,0,0,,0,0
22.03.2023 19:40:00.000,275.666,276.297,275.416,275.476,3.3492,277.12274325329,0,0,,0,0
22.03.2023 19:45:00.000,275.456,275.476,274.416,274.836,3.4464,276.9468399261139,0,0,,0,0
22.03.2023 19:50:00.000,274.836,274.917,273.357,273.817,3.2339999999999995,276.70608300872055,0,0,,0,0
22.03.2023 19:55:00.000,273.827,273.936,272.066,272.146,2.2284,276.3553073926651,0,2,270.066,0,0
23.03.2023 13:30:00.000,277.637,278.567,277.146,277.336,2.4948,276.43074528553706,0,0,,0,0
23.03.2023 13:35:00.000,277.337,277.337,275.696,276.037,1.8972,276.4004571866496,0,0,,0,0
23.03.2023 13:40:00.000,276.036,276.667,275.496,276.386,2.1456,276.39934509536886,0,0,,0,0
23.03.2023 13:45:00.000,276.366,276.617,275.276,275.626,2.0016000000000003,276.33985701110976,0,0,,0,0
23.03.2023 13:50:00.000,275.666,276.687,275.367,276.686,2.2488,276.36648339487056,0,0,,0,0
23.03.2023 13:55:00.000,276.707,277.317,276.436,276.937,2.5164,276.41036928757285,0,0,,0,0
23.03.2023 14:00:00.000,276.916,277.447,276.416,276.497,2.2644,276.41703318852876,0,0,,0,0
23.03.2023 14:05:00.000,276.467,277.057,276.346,276.856,2.6784,276.45079986633425,0,0,,0,0
23.03.2023 14:10:00.000,276.866,277.547,276.727,277.417,2.7144,276.5251229535393,0,0,,0,0
23.03.2023 14:15:00.000,277.416,277.897,277.366,277.647,2.4636,276.61142118788246,0,0,,0,0
23.03.2023 14:20:00.000,277.647,277.866,277.296,277.687,2.2764,276.6941580195838,0,0,,0,0
23.03.2023 14:25:00.000,277.706,278.247,277.586,277.856,2.2968,276.7835304796159,0,0,,0,0
23.03.2023 14:30:00.000,277.837,277.937,277.477,277.706,2.3520000000000003,276.8544896734916,0,0,,0,0
23.03.2023 14:35:00.000,277.717,278.367,277.596,278.346,2.3988,276.9692212370692,0,0,,0,0
23.03.2023 14:40:00.000,278.367,278.727,278.276,278.617,2.3304,277.09597344960235,0,0,,0,0
23.03.2023 14:45:00.000,278.587,280.097,278.507,280.006,2.5488,277.3198216457868,0,0,,0,0
23.03.2023 14:50:00.000,280.006,280.076,279.506,279.996,2.34,277.52568151918786,0,0,,0,0
23.03.2023 14:55:00.000,279.996,280.107,279.606,280.057,2.2044,277.7203983254042,0,0,,0,0
23.03.2023 15:00:00.000,280.076,280.466,280.016,280.226,2.19,277.9131369157577,0,0,,0,0
23.03.2023 15:05:00.000,280.227,280.886,280.106,280.346,2.3952,278.1002802299302,0,0,,0,0
23.03.2023 15:10:00.000,280.356,280.947,280.297,280.496,1.8984,278.2845663660894,0,0,,0,0
23.03.2023 15:15:00.000,280.506,280.547,279.996,280.137,2.064,278.4270612610056,0,0,,0,0
23.03.2023 15:20:00.000,280.147,280.746,280.126,280.647,1.7592,278.5978257793898,0,0,,0,0
23.03.2023 15:25:00.000,280.657,280.717,280.006,280.057,1.7315999999999998,278.71006995020593,0,0,,0,0
23.03.2023 15:30:00.000,280.057,280.487,280.016,280.376,1.8276,278.8382184155748,0,0,,0,0
23.03.2023 15:35:00.000,280.376,280.537,280.227,280.276,1.8408,278.94881699899213,0,0,,0,0
23.03.2023 15:40:00.000,280.286,280.547,279.686,279.796,2.0208000000000004,279.0139849221466,0,0,,0,0
23.03.2023 15:45:00.000,279.807,280.226,279.546,280.157,2.01,279.10190915890456,0,0,,0,0
23.03.2023 15:50:00.000,280.147,280.846,280.146,280.797,1.7748,279.2323007620658,0,0,,0,0
23.03.2023 15:55:00.000,280.807,281.006,280.176,280.257,1.7664,279.3111237803684,0,1,283.006,0,0
23.03.2023 16:00:00.000,280.267,280.467,280.156,280.287,1.9356,279.38619118187853,0,0,,0,0
23.03.2023 16:05:00.000,280.297,280.627,280.196,280.447,1.7195999999999998,279.4677918601956,0,0,,0,0
23.03.2023 16:10:00.000,280.436,280.487,279.836,279.977,2.0088,279.5069617171036,0,0,,0,0
23.03.2023 16:15:00.000,280.017,280.197,279.746,280.197,1.9956,279.5600415850187,0,0,,0,0
23.03.2023 16:20:00.000,280.197,280.407,279.936,280.396,1.944,279.6243460784788,0,0,,0,0
23.03.2023 16:25:00.000,280.386,280.606,280.306,280.447,1.8912,279.6876271493651,2,0,,0,0
23.03.2023 16:30:00.000,280.457,280.627,280.217,280.376,1.8432,279.7405789071063,2,0,,0,0
23.03.2023 16:35:00.000,280.366,280.426,280.096,280.127,1.9728,279.77030360655965,2,0,,0,0
23.03.2023 16:40:00.000,280.126,280.427,279.796,280.367,1.7808000000000002,279.816203329132,2,0,,0,0
23.03.2023 16:45:00.000,280.377,280.457,279.666,280.156,1.9896,279.8423415345834,2,0,,0,0
23.03.2023 16:50:00.000,280.167,280.216,279.776,280.017,1.8672,279.8557768011539,2,0,,0,0
23.03.2023 16:55:00.000,280.027,280.106,279.737,280.016,1.9692,279.86810166260364,2,0,,0,0
23.03.2023 17:00:00.000,280.026,280.177,279.787,280.136,1.7088,279.88870922701875,2,0,,0,0
23.03.2023 17:05:00.000,280.137,280.396,279.616,279.746,2.0688,279.87773159417117,0,0,,0,0
23.03.2023 17:10:00.000,279.737,279.847,278.846,279.166,2.4108,279.8229830100042,0,0,,0,0
23.03.2023 17:15:00.000,279.166,279.607,278.846,279.507,2.292,279.79867662461925,0,0,,0,0
23.03.2023 17:20:00.000,279.507,279.927,279.426,279.667,2.1168,279.78854765349473,0,0,,0,0
23.03.2023 17:25:00.000,279.657,279.666,278.856,279.407,2.6124,279.75919783399513,0,0,,0,0
23.03.2023 17:30:00.000,279.456,279.787,279.286,279.306,2.3256,279.7243364621494,0,0,,0,0
23.03.2023 17:35:00.000,279.296,279.656,279.116,279.626,2.3088,279.71677211890716,0,0,,0,0
23.03.2023 17:40:00.000,279.637,279.917,279.456,279.696,2.4372,279.7151742636066,0,0,,0,0
23.03.2023 17:45:00.000,279.687,279.746,278.916,279.097,2.2356000000000003,279.66762239717536,0,0,,0,0
23.03.2023 17:50:00.000,279.097,279.236,278.776,279.076,2.1864000000000003,279.62211298200805,0,0,,0,0
23.03.2023 17:55:00.000,279.086,279.107,278.607,278.816,2.3388,279.5601042910844,0,0,,0,0
23.03.2023 18:00:00.000,278.817,279.206,278.466,278.626,2.4576,279.4882501148471,0,0,,0,0
23.03.2023 18:05:00.000,278.626,278.787,278.396,278.457,2.5428000000000006,279.40892318293584,0,0,,0,0
23.03.2023 18:10:00.000,278.487,278.947,278.446,278.826,2.0376,279.3640829380946,0,0,,0,0
23.03.2023 18:15:00.000,278.846,278.927,278.406,278.546,2.1192,279.3011534813181,0,0,,0,0
23.03.2023 18:20:00.000,278.537,278.616,277.746,277.836,2.1492,279.1884493673706,0,0,,0,0
23.03.2023 18:25:00.000,277.827,277.887,276.696,276.726,2.2848,278.9990301852652,0,0,,0,0
23.03.2023 18:30:00.000,276.716,277.206,276.697,277.087,2.0688000000000004,278.8519509402448,0,0,,0,0
23.03.2023 18:35:00.000,277.087,277.617,276.546,276.576,2.8488,278.67687779099526,0,0,,0,0
23.03.2023 18:40:00.000,276.596,276.766,275.356,275.637,2.3856,278.4430410378418,0,0,,0,0
23.03.2023 18:45:00.000,275.657,276.346,275.456,275.967,2.688,278.25257634262323,0,0,,0,0
23.03.2023 18:50:00.000,275.967,276.436,275.627,275.926,2.37,278.07360893165225,0,0,,0,0
23.03.2023 18:55:00.000,275.927,277.146,275.597,277.116,1.9464,277.9999467061405,0,0,,0,0
23.03.2023 19:00:00.000,277.117,278.547,277.056,277.227,2.436,277.94048926720666,0,0,,0,0
23.03.2023 19:05:00.000,277.246,277.406,276.296,277.266,2.7108,277.88860547742155,0,0,,0,0
23.03.2023 19:10:00.000,277.286,277.666,276.556,276.997,3.402,277.82002044069685,0,0,,0,0
23.03.2023 19:15:00.000,276.986,277.167,275.856,275.967,3.5832,277.6774804067971,0,0,,0,0
23.03.2023 19:20:00.000,275.967,276.896,275.186,276.867,3.5772,277.61513576012044,0,2,273.186,0,0
23.03.2023 19:25:00.000,276.847,277.267,276.626,276.807,3.7596,277.5529714708804,0,0,,0,0
23.03.2023 19:30:00.000,276.786,276.996,276.307,276.896,3.7764,277.5024352038896,0,0,,0,0
23.03.2023 19:35:00.000,276.916,277.676,276.846,276.937,3.5832,277.45894018820576,0,0,,0,0
23.03.2023 19:40:00.000,276.927,277.437,276.516,277.117,3.582,277.43263709680537,0,0,,0,0
23.03.2023 19:45:00.000,277.116,278.067,277.066,277.666,3.6228,277.4505880893588,0,0,,0,0
23.03.2023 19:50:00.000,277.647,279.007,277.636,278.216,3.234,277.5094659286389,0,0,,0,0
23.03.2023 19:55:00.000,278.216,278.607,277.376,277.506,3.0816,277.50919931874364,0,0,,0,0
24.03.2023 13:30:00.000,277.136,277.836,276.756,277.307,2.6772,277.4936455249941,0,0,,0,0
24.03.2023 13:35:00.000,277.317,277.327,275.846,276.676,2.3520000000000003,277.4307497153792,0,0,,0,0
24.03.2023 13:40:00.000,276.676,276.686,275.246,276.267,2.2116,277.3412305065039,0,0,,0,0
24.03.2023 13:45:00.000,276.326,276.627,275.377,275.857,2.1576000000000004,277.22705892908056,0,0,,0,0
24.03.2023 13:50:00.000,275.836,277.337,275.677,277.047,2.424,277.21320824222823,0,0,,0,0
24.03.2023 13:55:00.000,277.087,277.907,277.026,277.656,2.9916,277.24726914667224,0,0,,0,0
24.03.2023 14:00:00.000,277.706,277.857,276.986,277.477,2.9376,277.2649407507744,0,0,,0,0
24.03.2023 14:05:00.000,277.487,277.947,276.576,277.027,3.4883999999999995,277.2466376160994,0,0,,0,0
24.03.2023 14:10:00.000,277.027,278.237,276.896,277.476,3.324,277.2642808763994,0,0,,0,0
24.03.2023 14:15:00.000,277.467,277.516,276.737,277.126,3.288,277.2536438859072,0,0,,0,0
24.03.2023 14:20:00.000,277.106,277.337,276.646,277.337,3.2219999999999995,277.2600558946836,0,0,,0,0
24.03.2023 14:25:00.000,277.347,278.176,277.026,277.917,3.4872,277.31059005663104,0,0,,0,0
24.03.2023 14:30:00.000,277.917,278.677,277.797,277.987,3.072,277.36262159073635,0,0,,0,0
24.03.2023 14:35:00.000,277.987,278.776,277.687,278.176,2.7204,277.42518916067974,0,0,,0,0
24.03.2023 14:40:00.000,278.186,278.226,277.716,277.886,2.9736,277.4606361483198,0,0,,0,0
24.03.2023 14:45:00.000,277.897,278.687,277.656,278.146,2.976,277.5133564446029,0,0,,0,0
24.03.2023 14:50:00.000,278.157,278.566,277.966,278.467,2.8236,277.5867136411719,0,0,,0,0
24.03.2023 14:55:00.000,278.437,278.916,278.076,278.867,2.9664,277.6851972072356,0,0,,0,0
24.03.2023 15:00:00.000,278.877,279.667,278.576,279.526,3.0516,277.82679742206363,0,0,,0,0
24.03.2023 15:05:00.000,279.537,279.617,278.656,278.716,2.694,277.89519762036645,0,0,,0,0
24.03.2023 15:10:00.000,278.717,278.746,277.376,277.636,2.6928,277.87525934187676,0,0,,0,0
24.03.2023 15:15:00.000,277.657,277.997,277.216,277.297,2.772,277.8307778540401,0,0,,0,0
24.03.2023 15:20:00.000,277.296,277.847,277.106,277.187,3.072,277.7812564806524,0,0,,0,0
24.03.2023 15:25:00.000,277.196,277.537,276.946,277.216,2.6988,277.7377752129099,0,0,,0,0
24.03.2023 15:30:00.000,277.236,277.407,276.697,277.097,2.6952,277.6884848119169,0,0,,0,0
24.03.2023 15:35:00.000,277.097,277.527,276.996,277.307,2.5476,277.65913982638483,0,0,,0,0
24.03.2023 15:40:00.000,277.307,278.007,277.307,277.956,2.334,277.68197522435526,0,0,,0,0
24.03.2023 15:45:00.000,277.966,279.287,277.936,278.827,3.2076,277.770054053251,0,0,,0,0
24.03.2023 15:50:00.000,278.837,279.017,278.716,278.856,2.5584,277.85358835684707,0,0,,0,0
24.03.2023 15:55:00.000,278.836,279.407,278.736,279.227,2.7348,277.9592354063204,0,0,,0,0
24.03.2023 16:00:00.000,279.236,279.737,278.487,278.566,2.9844,278.00590960583423,0,1,281.737,0,0
24.03.2023 16:05:00.000,278.566,278.677,278.246,278.367,2.484,278.03368579000085,0,0,,0,0
24.03.2023 16:10:00.000,278.376,278.537,277.866,277.886,2.4108,278.0223253446162,0,0,,0,0
24.03.2023 16:15:00.000,277.896,278.106,277.207,277.556,2.6604,277.98645416426115,0,0,,0,0
24.03.2023 16:20:00.000,277.537,277.827,277.326,277.466,2.3808,277.94641922854873,0,0,,0,0
24.03.2023 16:25:00.000,277.476,277.757,277.326,277.717,2.6328,277.92877159558344,0,0,,0,0
24.03.2023 16:30:00.000,277.736,277.966,277.477,277.697,2.592,277.91094301130784,0,0,,0,0
24.03.2023 16:35:00.000,277.696,278.316,277.606,278.137,2.532,277.928332010438,0,0,,0,0
24.03.2023 16:40:00.000,278.147,278.417,277.817,278.296,2.5044,277.9566141634812,0,0,,0,0
24.03.2023 16:45:00.000,278.306,278.586,278.006,278.146,2.556,277.9711823047519,0,0,,0,0
24.03.2023 16:50:00.000,278.156,278.287,277.897,278.067,2.196,277.97855289669405,0,0,,0,0
24.03.2023 16:55:00.000,278.057,278.446,278.017,278.176,2.2092,277.9937411354099,0,0,,0,0
24.03.2023 17:00:00.000,278.186,278.327,277.726,277.897,2.1564,277.9862995096091,0,0,,0,0
24.03.2023 17:05:00.000,277.907,278.237,277.677,277.937,2.2656,277.9825072396392,0,0,,0,0
24.03.2023 17:10:00.000,277.946,278.407,277.896,278.296,2.0196,278.0066220673593,0,0,,0,0
24.03.2023 17:15:00.000,278.307,278.447,277.567,277.666,2.1684,277.9804203698701,0,0,,0,0
24.03.2023 17:20:00.000,277.676,278.137,277.556,277.937,2.1432,277.97708034141857,0,0,,0,0
24.03.2023 17:25:00.000,277.947,278.717,277.916,278.497,2.2392,278.01707416130944,0,0,,0,0
24.03.2023 17:30:00.000,278.496,278.937,278.267,278.576,2.1528,278.06006845659334,0,0,,0,0
24.03.2023 17:35:00.000,278.567,279.077,278.546,278.916,2.3208,278.1259093445477,0,0,,0,0
24.03.2023 17:40:00.000,278.926,279.167,278.476,278.836,1.9488,278.18053170265944,0,0,,0,0
24.03.2023 17:45:00.000,278.856,278.877,278.077,278.156,2.112,278.1786446486087,0,0,,0,0
24.03.2023 17:50:00.000,278.126,278.156,277.816,277.937,1.89,278.16005659871576,0,0,,0,0
24.03.2023 17:55:00.000,277.936,278.117,277.686,278.016,1.9596,278.1489753218915,0,0,,0,0
24.03.2023 18:00:00.000,278.027,278.387,278.016,278.196,1.962,278.1525926048229,0,0,,0,0
24.03.2023 18:05:00.000,278.197,278.287,277.816,278.096,1.83,278.14823932752887,0,0,,0,0
24.03.2023 18:10:00.000,278.096,278.557,277.977,278.477,1.7136000000000002,278.17352861002666,0,0,,0,0
24.03.2023 18:15:00.000,278.467,278.837,278.126,278.336,2.04,278.1860264092554,0,0,,0,0
24.03.2023 18:20:00.000,278.337,278.486,278.156,278.247,1.9944,278.19071668546655,0,0,,0,0
24.03.2023 18:25:00.000,278.246,278.417,278.066,278.216,2.0472,278.1926615558153,0,0,,0,0
24.03.2023 18:30:00.000,278.226,279.087,278.216,278.826,2.0952,278.24137989767564,0,0,,0,0
24.03.2023 18:35:00.000,278.816,279.017,278.416,278.866,2.1372,278.28942759785446,0,0,,0,0
24.03.2023 18:40:00.000,278.877,279.076,278.616,278.946,2.0592,278.3399331672503,0,0,,0,0
24.03.2023 18:45:00.000,278.967,279.147,278.766,278.896,2.0664,278.3827075390003,0,0,,0,0
24.03.2023 18:50:00.000,278.896,278.897,278.526,278.726,1.956,278.4091146513849,0,0,,0,0
24.03.2023 18:55:00.000,278.717,279.037,278.686,278.907,1.8984,278.44741352435534,0,0,,0,0
24.03.2023 19:00:00.000,278.926,279.157,278.666,278.937,2.3088,278.48507402248185,0,0,,0,0
24.03.2023 19:05:00.000,278.947,279.117,278.706,278.887,2.0772,278.5159914053679,0,0,,0,0
24.03.2023 19:10:00.000,278.897,279.207,278.776,278.986,1.884,278.5521459126473,0,0,,0,0
24.03.2023 19:15:00.000,278.976,279.667,278.926,279.637,2.1684,278.63559622705907,0,0,,0,0
24.03.2023 19:20:00.000,279.627,280.267,279.617,279.997,2.2572,278.7403195942084,0,0,,0,0
24.03.2023 19:25:00.000,279.976,280.097,279.586,279.946,2.1996,278.8330642408078,0,0,,0,0
24.03.2023 19:30:00.000,279.947,280.227,279.856,279.896,2.154,278.9148285299765,0,0,,0,0
24.03.2023 19:35:00.000,279.897,280.247,279.577,279.897,2.0232,278.9903801815168,0,0,,0,0
24.03.2023 19:40:00.000,279.887,280.147,279.727,279.996,1.9428,279.0677355521693,0,0,,0,0
24.03.2023 19:45:00.000,279.997,280.097,279.706,279.856,2.1372,279.12837127892556,0,0,,0,0
24.03.2023 19:50:00.000,279.856,280.077,279.386,279.557,2.4192,279.1613427190082,0,0,,0,0
24.03.2023 19:55:00.000,279.557,280.577,279.166,280.436,2.4168,279.2593932790845,0,0,,0,0
27.03.2023 13:30:00.000,280.497,281.416,279.276,279.676,2.5692e-06,279.2914399499242,0,1,283.416,0,0
27.03.2023 13:35:00.000,279.697,279.937,278.506,278.716,2.3916e-06,279.2471753383916,0,0,,0,0
27.03.2023 13:40:00.000,278.756,280.527,278.736,280.427,2.0052e-06,279.3379310815923,0,0,,0,0
27.03.2023 13:45:00.000,280.426,280.687,279.896,280.426,1.7616e-06,279.4216286907006,0,0,,0,0
27.03.2023 13:50:00.000,280.437,280.876,280.147,280.346,1.8108e-06,279.49273417603126,0,0,,0,0
27.03.2023 13:55:00.000,280.327,280.547,279.626,280.117,1.7916e-06,279.5407546240289,0,0,,0,0
27.03.2023 14:00:00.000,280.117,280.957,280.116,280.546,1.3824e-06,279.6180811914113,0,0,,0,0
27.03.2023 14:05:00.000,280.556,281.357,280.417,280.747,2.0688e-06,279.7049210997643,0,0,,0,0
27.03.2023 14:10:00.000,280.756,281.027,280.337,280.447,1.9824e-06,279.76200409209014,0,0,,0,0
27.03.2023 14:15:00.000,280.456,280.727,279.997,280.506,2.0016e-06,279.81923454654475,0,0,,0,0
27.03.2023 14:20:00.000,280.507,280.897,280.416,280.567,1.6548e-06,279.8767549660413,0,0,,0,0
27.03.2023 14:25:00.000,280.556,280.697,279.656,279.827,2.124e-06,279.8729276609612,0,0,,0,0
27.03.2023 14:30:00.000,279.827,279.847,279.176,279.416,1.8072e-06,279.83777937934883,0,0,,0,0
27.03.2023 14:35:00.000,279.396,279.417,278.837,279.057,1.9332e-06,279.77771942709126,0,0,,0,0
27.03.2023 14:40:00.000,279.067,279.187,278.726,278.956,1.7244e-06,279.7145102403919,0,0,,0,0
27.03.2023 14:45:00.000,278.956,279.177,278.697,279.006,1.7928e-06,279.66000945266944,0,0,,0,0
27.03.2023 14:50:00.000,279.017,279.127,278.786,278.956,1.3812e-06,279.60585487938715,0,0,,0,0
27.03.2023 14:55:00.000,278.956,278.997,278.216,278.246,1.6092e-06,279.50125065789587,0,0,,0,0
27.03.2023 15:00:00.000,278.236,278.296,277.666,277.806,1.8672e-06,279.37084676113466,0,0,,0,0
27.03.2023 15:05:00.000,277.816,277.846,277.456,277.597,1.9152e-06,279.2343970102782,0,0,,0,0
27.03.2023 15:10:00.000,277.597,277.847,277.267,277.726,1.7604e-06,279.11836647102604,0,0,,0,0
27.03.2023 15:15:00.000,277.737,277.927,277.327,277.567,1.722e-06,278.9990305886394,0,0,,0,0
27.03.2023 15:20:00.000,277.597,277.927,277.566,277.836,1.3704e-06,278.90956669720566,0,0,,0,0
27.03.2023 15:25:00.000,277.837,277.997,277.496,277.936,1.5672e-06,278.8346769512668,0,0,,0,0
27.03.2023 15:30:00.000,277.946,278.056,277.436,277.566,1.5156e-06,278.73708641655395,0,0,,0,0
27.03.2023 15:35:00.000,277.576,277.606,276.996,277.306,1.5204e-06,278.62700284604983,0,0,,0,0
27.03.2023 15:40:00.000,277.317,277.357,276.936,277.346,1.6896e-06,278.52846416558447,0,0,,0,0
27.03.2023 15:45:00.000,277.347,277.366,277.077,277.186,1.4004e-06,278.42519769130877,0,0,,0,0
27.03.2023 15:50:00.000,277.156,277.327,276.586,276.607,1.6764e-06,278.28533633043884,0,0,,0,0
27.03.2023 15:55:00.000,276.597,276.607,275.716,275.907,2.0964e-06,278.1023873819436,0,0,,0,0
27.03.2023 16:00:00.000,275.916,276.296,275.566,275.927,1.7676e-06,277.93504989102485,0,0,,0,0
27.03.2023 16:05:00.000,275.916,276.096,275.566,276.017,1.6944e-06,277.78750759171527,0,0,,0,0
27.03.2023 16:10:00.000,276.017,276.147,275.797,275.936,1.488e-06,277.6450839308141,0,0,,0,0
27.03.2023 16:15:00.000,275.946,276.367,275.787,276.326,1.5264e-06,277.5436159361361,0,0,,0,0
27.03.2023 16:20:00.000,276.337,276.676,276.287,276.656,1.5468e-06,277.4753377872026,0,0,,0,0
27.03.2023 16:25:00.000,276.656,276.857,276.256,276.857,1.6008e-06,277.42777334203316,0,0,,0,0
27.03.2023 16:30:00.000,276.866,276.896,276.367,276.436,1.47e-06,277.3514830849537,0,0,,0,0
27.03.2023 16:35:00.000,276.436,276.506,276.196,276.296,1.3524e-06,277.27029207841883,0,0,,0,0
27.03.2023 16:40:00.000,276.297,276.367,275.946,276.326,1.488e-06,277.19765422623277,0,0,,0,0
27.03.2023 16:45:00.000,276.336,276.707,276.297,276.606,1.4208e-06,277.1521423626764,0,0,,0,0
27.03.2023 16:50:00.000,276.587,276.777,276.406,276.467,1.3524e-06,277.099439104009,0,0,,0,0
27.03.2023 16:55:00.000,276.467,276.537,276.307,276.406,1.5072e-06,277.04609763446985,0,0,,0,0
27.03.2023 17:00:00.000,276.427,276.637,276.006,276.446,1.656e-06,276.9999362779722,1,0,,0,0
27.03.2023 17:05:00.000,276.437,276.447,276.126,276.127,1.53e-06,276.9327873335128,1,0,,0,0
27.03.2023 17:10:00.000,276.137,276.146,275.506,275.886,1.6812e-06,276.8522652309349,1,0,,0,0
27.03.2023 17:15:00.000,275.897,276.027,275.566,275.986,1.6608e-06,276.7856294439399,1,0,,0,0
27.03.2023 17:20:00.000,275.986,276.357,275.806,276.197,1.6044e-06,276.7403502559446,1,0,,0,0
27.03.2023 17:25:00.000,276.197,276.367,276.066,276.156,1.296e-06,276.69540023625655,1,0,,0,0
27.03.2023 17:30:00.000,276.156,276.617,276.057,276.537,1.4496e-06,276.6832156026984,1,0,,0,0
27.03.2023 17:35:00.000,276.516,276.556,276.166,276.236,1.1628e-06,276.6488144024908,1,0,,0,0
27.03.2023 17:40:00.000,276.257,276.527,276.256,276.506,1.092e-06,276.6378286792223,1,0,,0,0
27.03.2023 17:45:00.000,276.536,276.817,276.426,276.586,1.2804e-06,276.6338418577437,1,0,,0,0
27.03.2023 17:50:00.000,276.586,276.787,276.187,276.346,1.236e-06,276.6117001763788,1,0,,0,0
27.03.2023 17:55:00.000,276.346,276.666,276.227,276.406,1.4652e-06,276.5958770858881,1,0,,0,0
28.03.2023 13:30:00.000,275.746,276.086,274.836,275.336,1.7172e-06,276.49896346389676,1,0,,0,0
28.03.2023 13:35:00.000,275.336,275.346,273.616,273.787,1.776e-06,276.29035088975087,1,0,,0,0
28.03.2023 13:40:00.000,273.757,273.987,272.696,272.917,1.5888e-06,276.03086235977,1,2,270.696,0,0
28.03.2023 13:45:00.000,272.897,274.067,272.797,273.997,1.8216e-06,275.8744114090185,1,0,,0,0
28.03.2023 13:50:00.000,273.997,274.537,273.446,274.437,2.286e-06,275.76384130063246,1,0,,0,0
28.03.2023 13:55:00.000,274.436,274.467,273.026,273.566,2.0652e-06,275.5947765851992,1,0,,0,0
28.03.2023 19:00:00.000,273.597,273.916,273.586,273.736,1.2e-06,275.45179377095315,1,0,,0,0
28.03.2023 19:05:00.000,273.726,274.006,273.696,273.837,1.1316e-06,275.32757886549524,1,0,,0,0
28.03.2023 19:10:00.000,273.847,274.177,273.757,274.106,1.302e-06,275.23361126045717,1,0,,0,0
28.03.2023 19:15:00.000,274.106,274.317,273.787,274.216,1.0812e-06,275.1553334711912,1,0,,0,0
28.03.2023 19:20:00.000,274.226,274.527,274.177,274.397,9.527999999999916e-07,275.09700012725347,1,0,,0,0
28.03.2023 19:25:00.000,274.396,274.567,273.936,274.106,1.1412e-06,275.020769348234,1,0,,0,0
28.03.2023 19:30:00.000,274.106,274.256,273.796,274.086,1.6176e-06,274.9488640137545,1,0,,0,0
28.03.2023 19:35:00.000,274.107,274.377,273.976,274.256,1.626e-06,274.89556678192724,1,0,,0,0
28.03.2023 19:40:00.000,274.247,274.417,274.176,274.266,1.3116e-06,274.84713856793286,1,0,,0,0
28.03.2023 19:45:00.000,274.216,274.487,274.106,274.447,1.2816e-06,274.8163586780919,1,0,,0,0
28.03.2023 19:50:00.000,274.457,275.017,274.446,274.646,1.5312e-06,274.8032541643925,1,0,,0,0
28.03.2023 19:55:00.000,274.687,275.307,274.446,275.297,1.4292e-06,274.8412346132854,0,0,,0,0
29.03.2023 15:00:00.000,278.836,279.157,278.797,279.076,1.5756e-06,275.16698579687886,0,0,,0,0
29.03.2023 15:05:00.000,279.067,279.247,279.006,279.197,1.2252e-06,275.47698688942666,0,0,,0,0
29.03.2023 15:10:00.000,279.207,279.217,278.697,278.836,1.4592e-06,275.7353725133169,0,0,,0,0
29.03.2023 15:15:00.000,278.846,278.936,278.436,278.597,1.1448e-06,275.95549770460025,0,0,,0,0
29.03.2023 15:20:00.000,278.597,279.286,278.596,279.187,1.0547999999e-06,276.2040748042464,0,0,,0,0
29.03.2023 15:25:00.000,279.197,279.447,279.106,279.426,1.1664e-06,276.4519152039197,0,0,,0,0
29.03.2023 15:30:00.000,279.426,279.726,279.346,279.646,1.308e-06,276.69761403438747,0,0,,0,0
29.03.2023 15:35:00.000,279.657,279.707,279.377,279.456,1.1688e-06,276.90979757020386,0,0,,0,0
29.03.2023 15:40:00.000,279.467,279.487,279.056,279.177,8.927999999999923e-07,277.08419775711127,0,0,,0,0
29.03.2023 15:45:00.000,279.207,279.927,279.207,279.726,1.1232e-06,277.2874133142566,0,0,,0,0
29.03.2023 15:50:00.000,279.727,279.876,279.616,279.657,9.935999999999946e-07,277.46968921315994,0,0,,0,0
29.03.2023 15:55:00.000,279.657,279.697,279.326,279.627,1.1424e-06,277.635636196763,0,0,,0,0
29.03.2023 16:00:00.000,279.657,279.886,279.546,279.876,9.86399999999994e-07,277.8079718739351,0,0,,0,0
29.03.2023 16:05:00.000,279.856,279.917,279.456,279.666,1.0619999999e-06,277.95089711440164,0,0,,0,0
29.03.2023 16:10:00.000,279.667,279.887,279.546,279.856,8.483999999999929e-07,278.0974434902169,0,0,,0,0
29.03.2023 16:15:00.000,279.857,279.937,279.616,279.886,1.0824e-06,278.23502476020025,0,0,,0,0
29.03.2023 16:20:00.000,279.897,279.966,279.666,279.736,8.627999999999927e-07,278.350484394031,0,0,,0,0
29.03.2023 16:25:00.000,279.727,279.887,279.566,279.606,8.975999999999923e-07,278.4470625175671,0,0,,0,0
29.03.2023 16:30:00.000,279.606,279.727,279.466,279.487,9.20399999999992e-07,278.5270577085235,0,0,,0,0
29.03.2023 16:35:00.000,279.507,279.937,279.477,279.897,7.151999999999947e-07,278.63243788479093,0,0,,0,0
29.03.2023 16:40:00.000,279.897,279.976,279.516,279.697,7.175999999999946e-07,278.71432727826857,0,0,,0,0
29.03.2023 16:45:00.000,279.696,279.717,279.216,279.437,1.1868e-06,278.76991748763254,0,0,,0,0
29.03.2023 16:50:00.000,279.437,279.567,279.396,279.487,7.607999999999941e-07,278.82507768089164,0,0,,0,0
29.03.2023 16:55:00.000,279.497,279.617,279.126,279.347,1.0535999999e-06,278.8652255515923,0,0,,0,0
29.03.2023 17:00:00.000,279.347,279.396,278.996,279.236,1.0055999999e-06,278.89374666300824,0,0,,0,0
29.03.2023 17:05:00.000,279.236,279.947,279.236,279.797,5.723999999999965e-07,278.9632276889307,0,0,,0,0
29.03.2023 17:10:00.000,279.777,280.057,279.777,279.947,6.815999999999951e-07,279.0389024820899,0,0,,0,0
29.03.2023 17:15:00.000,279.946,279.976,279.747,279.826,6.527999999999955e-07,279.0994484450061,0,0,,0,0
29.03.2023 17:20:00.000,279.827,279.997,279.746,279.976,5.459999999999969e-07,279.16687548769795,0,0,,0,0
29.03.2023 17:25:00.000,279.966,280.116,279.916,280.077,9.539999999999916e-07,279.2368850655674,0,1,282.116,0,0
29.03.2023 17:30:00.000,280.086,280.086,279.536,279.557,9.707999999999929e-07,279.26150929129295,2,0,,0,0
29.03.2023 17:35:00.000,279.556,279.646,279.086,279.156,8.891999999999924e-07,279.25339319196274,0,0,,0,0
29.03.2023 17:40:00.000,279.157,279.377,279.066,279.336,7.727999999999939e-07,279.25974756181176,0,0,,0,0
29.03.2023 17:45:00.000,279.346,279.396,279.096,279.346,8.255999999999932e-07,279.26638236474935,0,0,,0,0
29.03.2023 17:50:00.000,279.347,279.366,278.996,279.017,9.527999999999916e-07,279.2471991059225,0,0,,0,0
29.03.2023 17:55:00.000,279.017,279.167,278.916,279.147,1.0163999999e-06,279.23949148239,0,2,276.916,0,0
29.03.2023 18:00:00.000,279.147,279.246,278.926,279.177,1.0619999999e-06,279.2346844452831,0,0,,0,0
29.03.2023 18:05:00.000,279.176,279.517,279.096,279.407,1.0908e-06,279.2479394879536,0,0,,0,0
29.03.2023 18:10:00.000,279.396,279.497,279.296,279.416,9.15599999999992e-07,279.2608672196495,0,0,,0,0
29.03.2023 18:15:00.000,279.407,279.407,279.086,279.277,1.3344e-06,279.2621082027534,0,0,,0,0
29.03.2023 18:20:00.000,279.277,279.407,279.107,279.297,1.296e-06,279.26479218715696,0,0,,0,0
29.03.2023 18:25:00.000,279.267,279.467,279.237,279.357,1.1928e-06,279.2718850958372,0,0,,0,0
29.03.2023 18:30:00.000,279.367,279.396,279.176,279.306,9.467999999999916e-07,279.27450931923437,0,0,,0,0
29.03.2023 18:35:00.000,279.306,279.507,279.276,279.396,1.0668e-06,279.2838547562164,0,0,,0,0
29.03.2023 18:40:00.000,279.406,279.457,279.246,279.426,8.303999999999931e-07,279.2947890057382,0,0,,0,0
29.03.2023 18:45:00.000,279.397,279.477,279.246,279.456,8.627999999999927e-07,279.3071898514507,0,0,,0,0
29.03.2023 18:50:00.000,279.467,279.727,279.076,279.657,1.2252e-06,279.334098324416,0,0,,0,0
29.03.2023 18:55:00.000,279.667,279.787,279.546,279.727,1.2552e-06,279.36432153023014,0,0,,0,0
29.03.2023 19:00:00.000,279.726,279.867,279.386,279.716,1.386e-06,279.3913737202124,0,0,,0,0
29.03.2023 19:05:00.000,279.717,279.747,279.426,279.727,1.2912e-06,279.4171911263499,0,0,,0,0
29.03.2023 19:10:00.000,279.686,279.986,279.606,279.927,1.212e-06,279.4564071935538,0,0,,0,0
29.03.2023 19:15:00.000,279.927,280.627,279.896,280.506,1.5912e-06,279.537145101742,0,0,,0,0
29.03.2023 19:20:00.000,280.516,280.617,280.377,280.567,1.3068e-06,279.61636470930034,0,0,,0,0
29.03.2023 19:25:00.000,280.577,280.727,280.477,280.677,1.2876e-06,279.69795203935416,0,0,,0,0
29.03.2023 19:30:00.000,280.677,280.677,280.366,280.466,1.3656e-06,279.75703265171154,0,0,,0,0
29.03.2023 19:35:00.000,280.466,280.537,280.257,280.327,1.2468e-06,279.8008762938876,0,0,,0,0
29.03.2023 19:40:00.000,280.337,280.546,280.136,280.476,1.4112e-06,279.8528088866655,0,0,,0,0
29.03.2023 19:45:00.000,280.467,280.927,280.446,280.867,1.6512e-06,279.93082358769124,0,0,,0,0
29.03.2023 19:50:00.000,280.867,281.117,280.626,280.677,1.446e-06,279.9882217732535,0,0,,0,0
29.03.2023 19:55:00.000,280.666,280.666,280.067,280.486,1.8132e-06,280.02651240608014,0,0,,0,0
30.03.2023 13:30:00.000,283.937,284.437,282.836,283.476,2.3688e-06,280.29185760561245,0,1,286.437,0,0
30.03.2023 13:35:00.000,283.476,283.606,282.916,283.177,1.8036e-06,280.51379163595,0,0,,0,0
30.03.2023 13:40:00.000,283.176,283.487,282.507,282.507,1.3776e-06,280.66711535626155,0,0,,0,0
30.03.2023 13:45:00.000,282.496,283.066,282.267,282.726,1.3176e-06,280.8254910980876,0,0,,0,0
30.03.2023 13:50:00.000,282.717,282.987,282.336,282.787,2.1636e-06,280.9763763982347,0,0,,0,0
30.03.2023 13:55:00.000,282.786,283.447,282.546,283.447,1.776e-06,281.1664243676013,0,0,,0,0
30.03.2023 14:00:00.000,283.446,283.877,283.446,283.726,2.0268e-06,281.3633148008628,0,0,,0,0
30.03.2023 14:05:00.000,283.726,283.727,282.677,282.766,2.2152e-06,281.4712136623349,0,0,,0,0
30.03.2023 14:10:00.000,282.746,283.007,282.417,282.767,2.2356e-06,281.570889534463,0,0,,0,0
30.03.2023 14:15:00.000,282.766,282.907,282.196,282.357,1.848e-06,281.63135957027356,0,0,,0,0
30.03.2023 14:20:00.000,282.366,283.406,282.336,283.376,1.8288e-06,281.7655626802526,0,0,,0,0
30.03.2023 14:25:00.000,283.386,283.757,282.956,283.497,1.974e-06,281.898750166387,0,0,,0,0
30.03.2023 14:30:00.000,283.517,283.677,282.746,283.067,1.572e-06,281.9886155382034,2,0,,0,0
30.03.2023 14:35:00.000,283.047,283.247,282.736,283.146,1.6836e-06,282.07764511218784,2,0,,0,0
30.03.2023 14:40:00.000,283.146,283.147,282.676,282.776,1.6056e-06,282.1313647189426,2,0,,0,0
30.03.2023 14:45:00.000,282.777,282.957,282.137,282.337,1.608e-06,282.14718281748554,2,0,,0,0
30.03.2023 14:50:00.000,282.356,282.577,282.176,282.427,1.4112e-06,282.1687072161405,2,0,,0,0
30.03.2023 14:55:00.000,282.446,282.986,282.257,282.707,1.4592e-06,282.21011435336044,2,0,,0,0
30.03.2023 15:00:00.000,282.727,282.797,282.536,282.686,1.6632e-06,282.24672094156347,2,0,,0,0
30.03.2023 15:05:00.000,282.697,283.066,282.636,282.907,1.3368e-06,282.29751163836625,2,0,,0,0
30.03.2023 15:10:00.000,282.896,283.367,282.776,283.177,1.7892e-06,282.36516458926116,2,0,,0,0
30.03.2023 15:15:00.000,283.177,283.456,283.056,283.447,1.3884e-06,282.44838269777955,2,0,,0,0
30.03.2023 15:20:00.000,283.456,283.717,282.996,283.097,1.4004e-06,282.4982763364119,2,0,,0,0
30.03.2023 15:25:00.000,283.097,283.177,282.627,282.686,1.482e-06,282.51271661822636,2,0,,0,0
30.03.2023 15:30:00.000,282.697,282.756,282.406,282.637,1.44e-06,282.52227687836285,2,0,,0,0
30.03.2023 15:35:00.000,282.666,283.117,282.646,283.066,1.2888e-06,282.5641017338734,2,0,,0,0
30.03.2023 15:40:00.000,283.066,283.376,282.836,283.277,9.863999999999847e-07,282.618940062037,2,0,,0,0
30.03.2023 15:45:00.000,283.287,283.496,282.917,283.006,1.2708e-06,282.64871390341875,2,0,,0,0
30.03.2023 15:50:00.000,283.007,283.137,282.757,282.886,1.0151999999e-06,282.6669666800789,2,0,,0,0
30.03.2023 15:55:00.000,282.886,283.406,282.886,283.167,9.76499999999984e-07,282.7054307816113,2,0,,0,0
31.03.2023 13:30:00.000,283.606,284.347,283.136,284.146,1.44,282.8162437984104,2,0,,0,0
31.03.2023 13:35:00.000,284.117,284.167,283.477,283.586,1.4949,282.8754558139173,2,0,,0,0
31.03.2023 13:40:00.000,283.596,283.997,283.586,283.907,1.2807,282.95480536669294,2,0,,0,0
31.03.2023 13:45:00.000,283.907,284.226,283.676,284.187,1.6029000000000002,283.04958956925503,2,0,,0,0
31.03.2023 13:50:00.000,284.177,284.566,284.056,284.217,1.4004,283.13939037162004,2,0,,0,0
31.03.2023 13:55:00.000,284.217,284.307,283.666,283.757,1.2825,283.18689880457237,2,0,,0,0
31.03.2023 14:00:00.000,283.697,284.237,283.667,283.816,1.4895,283.23529120422063,2,0,,0,0
31.03.2023 14:05:00.000,283.796,283.886,283.206,283.206,1.1835,283.23303803466524,0,0,,0,0
31.03.2023 14:10:00.000,283.207,283.537,283.056,283.276,1.143,283.2363428012295,0,0,,0,0
31.03.2023 14:15:00.000,283.276,283.567,283.276,283.317,1.1538,283.242547201135,0,0,,0,0
31.03.2023 14:20:00.000,283.336,283.917,283.336,283.626,1.2924,283.27204357027847,0,0,,0,0
31.03.2023 14:25:00.000,283.626,283.647,283.166,283.336,1.2824999999999998,283.2769632956417,0,0,,0,0
31.03.2023 14:30:00.000,283.336,283.617,283.306,283.537,1.1007,283.2969661190539,0,0,,0,0
31.03.2023 14:35:00.000,283.547,283.947,283.416,283.536,1.4211,283.3153533406651,0,0,,0,0
31.03.2023 14:40:00.000,283.527,283.907,283.527,283.837,1.0584,283.35548000676783,0,0,,0,0
31.03.2023 14:45:00.000,283.836,283.877,283.346,283.366,0.9027,283.3562892370165,0,0,,0,0
31.03.2023 14:50:00.000,283.366,283.746,283.197,283.746,1.1934,283.3862669880152,0,0,,0,0
31.03.2023 14:55:00.000,283.747,284.047,283.607,283.876,0.8973000000000001,283.4239387581679,0,0,,0,0
31.03.2023 15:00:00.000,283.896,284.186,283.747,284.066,0.9018,283.47332808446265,0,0,,0,0
31.03.2023 15:05:00.000,284.096,284.156,283.776,283.926,0.9684,283.5081490010425,0,0,,0,0
31.03.2023 15:10:00.000,283.936,283.996,283.756,283.956,1.0044,283.5425990778854,0,0,,0,0
31.03.2023 15:15:00.000,283.947,284.157,283.766,284.157,0.9036,283.5898606872789,0,0,,0,0
31.03.2023 15:20:00.000,284.116,284.566,284.046,284.546,0.9729,283.6634098651805,0,0,,0,0
31.03.2023 15:25:00.000,284.546,284.656,284.086,284.107,0.9414,283.69753218324354,0,0,,0,0
31.03.2023 15:30:00.000,284.106,284.517,284.086,284.507,1.0683,283.75979893837865,0,0,,0,0
31.03.2023 15:35:00.000,284.497,284.677,284.446,284.526,1.0134,283.8187374815803,0,0,,0,0
31.03.2023 15:40:00.000,284.517,284.747,284.506,284.696,0.8559,283.8862192137664,0,0,,0,0
31.03.2023 15:45:00.000,284.697,284.817,284.407,284.776,0.9747,283.9546638896305,0,0,,0,0
31.03.2023 15:50:00.000,284.766,284.937,284.736,284.917,0.8451000000000001,284.02868974427435,0,0,,0,0
31.03.2023 15:55:00.000,284.907,285.337,284.856,285.296,0.8163,284.12617514856095,0,0,,0,0
31.03.2023 16:00:00.000,285.296,285.447,285.076,285.336,0.9261,284.2192385986716,0,0,,0,0
31.03.2023 16:05:00.000,285.336,285.427,284.886,285.117,1.1079,284.2882971680046,0,0,,0,0
31.03.2023 16:10:00.000,285.106,285.266,285.026,285.096,0.7524,284.3504281550812,0,0,,0,0
31.03.2023 16:15:00.000,285.096,285.167,284.956,285.136,0.756,284.4108567585365,0,0,,0,0
31.03.2023 16:20:00.000,285.137,285.307,284.956,285.146,0.8874,284.4674062386491,0,0,,0,0
31.03.2023 16:25:00.000,285.156,285.817,285.146,285.746,1.0125,284.56575960490693,0,0,,0,0
31.03.2023 16:30:00.000,285.737,285.897,285.667,285.807,0.8756999999999999,284.66123963529867,0,0,,0,0
31.03.2023 16:35:00.000,285.796,285.977,285.766,285.857,0.9162,284.7532212018142,0,0,,0,0
31.03.2023 16:40:00.000,285.857,286.207,285.837,286.207,0.9072,284.8650503401362,0,0,,0,0
31.03.2023 16:45:00.000,286.207,286.667,286.046,286.657,0.7794000000000001,285.00289262166416,0,0,,0,0
31.03.2023 16:50:00.000,286.667,286.837,286.337,286.426,0.8190000000000001,285.11236241999774,0,0,,0,0
31.03.2023 16:55:00.000,286.437,286.697,286.377,286.637,0.7613999999999999,285.22964223384406,0,0,,0,0
31.03.2023 17:00:00.000,286.616,286.707,286.326,286.406,0.8469000000000001,285.32013129277914,0,0,,0,0
31.03.2023 17:05:00.000,286.397,286.677,286.356,286.567,0.9099,285.4160442702577,0,0,,0,0
31.03.2023 17:10:00.000,286.576,286.726,286.466,286.707,0.7506,285.51534855716096,0,0,,0,0
31.03.2023 17:15:00.000,286.717,286.796,286.396,286.717,0.837,285.60778328353325,0,0,,0,0
31.03.2023 17:20:00.000,286.717,286.767,286.236,286.636,0.7200000000000001,285.68687687710764,0,0,,0,0
31.03.2023 17:25:00.000,286.636,286.636,286.187,286.317,0.6966,285.73534788656093,2,0,,0,0
31.03.2023 17:30:00.000,286.316,286.427,286.006,286.167,0.7389,285.76855189528703,2,0,,0,0
31.03.2023 17:35:00.000,286.167,286.247,286.106,286.126,0.6597,285.7960479033419,2,0,,0,0
31.03.2023 17:40:00.000,286.116,286.247,285.956,286.037,0.5859,285.81458268000796,2,0,,0,0
31.03.2023 17:45:00.000,286.027,286.466,286.026,286.166,0.6740999999999999,285.8416147815458,2,0,,0,0
31.03.2023 17:50:00.000,286.166,286.307,286.056,286.167,0.6885,285.8666444137346,2,0,,0,0
31.03.2023 17:55:00.000,286.177,286.606,286.156,286.527,0.9306,285.9174409972935,2,0,,0,0
31.03.2023 18:00:00.000,286.537,286.907,286.516,286.817,0.7488,285.9866378436556,2,0,,0,0
31.03.2023 18:05:00.000,286.816,287.167,286.796,286.906,0.9234,286.0573580095283,2,0,,0,0
31.03.2023 18:10:00.000,286.916,287.007,286.696,286.736,0.6938999999999999,286.1095612395646,2,0,,0,0
31.03.2023 18:15:00.000,286.717,286.867,286.646,286.667,0.6291,286.1524411442135,2,0,,0,0
31.03.2023 18:20:00.000,286.667,286.796,286.586,286.736,0.6966,286.19733028696635,2,0,,0,0
31.03.2023 18:25:00.000,286.746,286.747,286.436,286.687,0.8334,286.23499718796893,2,0,,0,0
31.03.2023 18:30:00.000,286.656,286.856,286.567,286.807,0.7641,286.27899740427904,2,0,,0,0
31.03.2023 18:35:00.000,286.806,286.937,286.696,286.757,0.7325999999999999,286.3157668347191,2,0,,0,0
31.03.2023 18:40:00.000,286.746,286.957,286.716,286.786,0.612,286.3519386166638,2,0,,0,0
31.03.2023 18:45:00.000,286.777,286.847,286.646,286.817,0.7307999999999999,286.38771256922814,2,0,,0,0
31.03.2023 18:50:00.000,286.826,287.017,286.606,286.947,0.7452000000000001,286.4307346792875,2,0,,0,0
31.03.2023 18:55:00.000,286.927,287.227,286.746,287.176,0.8406,286.4880627808808,2,0,,0,0
31.03.2023 19:00:00.000,287.197,287.716,287.146,287.626,1.1214,286.5755964131207,2,0,,0,0
31.03.2023 19:05:00.000,287.636,287.937,287.426,287.846,0.9081,286.67331976595756,2,0,,0,0
31.03.2023 19:10:00.000,287.856,287.976,287.586,287.817,1.0251,286.7612951685762,2,0,,0,0
31.03.2023 19:15:00.000,287.817,288.197,287.816,288.107,1.0638,286.8648109248396,2,0,,0,0
31.03.2023 19:20:00.000,288.137,288.517,288.106,288.496,0.9954,286.9902870075443,2,0,,0,0
31.03.2023 19:25:00.000,288.507,288.727,288.367,288.646,1.0827,287.11764954542554,2,0,,0,0
31.03.2023 19:30:00.000,288.666,288.777,288.487,288.657,1.3095,287.23606111885437,2,0,,0,0
31.03.2023 19:35:00.000,288.656,288.656,288.066,288.107,1.4220000000000002,287.30305641740404,2,0,,0,0
31.03.2023 19:40:00.000,288.107,288.226,287.907,288.026,1.2861,287.3586674622191,2,0,,0,0
31.03.2023 19:45:00.000,288.026,288.417,287.947,288.256,1.3698,287.4276930420484,2,0,,0,0
31.03.2023 19:50:00.000,288.297,288.336,287.526,288.177,1.3626,287.48533203881397,2,0,,0,0
31.03.2023 19:55:00.000,288.157,288.796,287.956,287.967,1.9233,287.52238342044365,2,1,290.796,0,0
03.04.2023 13:30:00.000,286.067,286.287,285.186,285.656,1.8009000000000002,287.3788154650249,0,2,283.186,0,0
03.04.2023 13:35:00.000,285.646,287.197,285.546,287.036,2.052,287.3524450446384,0,0,,0,0
03.04.2023 13:40:00.000,287.006,287.347,286.807,287.076,1.3562999999999998,287.33118004120473,0,0,,0,0
03.04.2023 13:45:00.000,287.057,287.857,287.027,287.596,1.5741,287.35155080726594,0,0,,0,0
03.04.2023 13:50:00.000,287.617,287.957,287.106,287.227,1.7829,287.3419699759378,0,0,,0,0
03.04.2023 13:55:00.000,287.216,287.827,287.016,287.026,1.5597,287.3176645931734,0,0,,0,0
03.04.2023 14:00:00.000,287.046,287.947,287.046,287.576,1.7208,287.3375365475447,0,0,,0,0
03.04.2023 14:05:00.000,287.596,287.667,286.926,287.346,1.6326,287.33818758234895,0,0,,0,0
03.04.2023 14:10:00.000,287.336,287.826,286.996,287.787,1.8027,287.372711614476,0,0,,0,0
03.04.2023 14:15:00.000,287.797,288.066,287.556,287.906,1.5587999999999995,287.4137337979778,0,0,,0,0
03.04.2023 14:20:00.000,287.907,288.247,287.656,288.076,1.6569,287.4646773519795,0,0,,0,0
03.04.2023 14:25:00.000,288.087,288.107,287.746,287.887,1.359,287.49716370951955,0,0,,0,0
03.04.2023 14:30:00.000,287.896,288.046,287.556,287.916,1.3356,287.5293818857104,0,0,,0,0
03.04.2023 14:35:00.000,287.916,287.987,287.246,287.277,1.4148,287.5099678945019,0,0,,0,0
03.04.2023 14:40:00.000,287.266,287.497,287.176,287.257,1.1106,287.4905088256941,0,0,,0,0
03.04.2023 14:45:00.000,287.247,287.367,286.267,286.416,1.4958,287.40785430064074,0,0,,0,0
03.04.2023 14:50:00.000,286.396,286.587,286.016,286.247,1.7388,287.3185578159761,0,0,,0,0
03.04.2023 14:55:00.000,286.257,286.367,285.737,285.767,1.3923,287.19920721474716,0,0,,0,0
03.04.2023 15:00:00.000,285.776,285.977,285.406,285.766,1.3833,287.0889605059205,0,0,,0,0
03.04.2023 15:05:00.000,285.756,285.886,285.637,285.737,1.4571,286.98496354392665,0,0,,0,0
03.04.2023 15:10:00.000,285.736,285.857,285.456,285.657,1.3257,286.88281250208615,0,0,,0,0
03.04.2023 15:15:00.000,285.656,286.087,285.586,285.846,1.3158,286.8030576942334,0,0,,0,0
03.04.2023 15:20:00.000,285.866,286.147,285.817,286.037,1.0269,286.7441301792924,0,0,,0,0
03.04.2023 15:25:00.000,286.037,286.137,285.746,285.797,0.9261,286.67127401165453,0,0,,0,0
03.04.2023 15:30:00.000,285.777,285.956,285.496,285.666,1.0494,286.5939452415273,0,0,,0,0
03.04.2023 15:35:00.000,285.667,285.847,285.136,285.236,1.1232,286.48948791525595,0,0,,0,0
03.04.2023 15:40:00.000,285.216,285.277,284.696,284.786,1.1115,286.3584503833132,0,0,,0,0
03.04.2023 15:45:00.000,284.787,285.266,284.736,285.226,1.1627999999999998,286.27133881536605,0,0,,0,0
03.04.2023 15:50:00.000,285.236,285.307,284.997,285.166,0.9261,286.1863127526456,0,0,,0,0
03.04.2023 15:55:00.000,285.187,285.436,285.086,285.187,0.9747,286.1094425409037,0,0,,0,0
03.04.2023 16:00:00.000,285.206,285.247,284.906,285.047,1.0413,286.02771619160336,0,0,,0,0
03.04.2023 16:05:00.000,285.037,285.467,284.916,285.387,0.9297,285.9784303307108,0,0,,0,0
03.04.2023 16:10:00.000,285.387,285.396,285.147,285.306,0.9162,285.9267049206561,0,0,,0,0
03.04.2023 16:15:00.000,285.306,285.406,285.036,285.327,0.9405,285.8805737729133,0,0,,0,0
03.04.2023 16:20:00.000,285.326,285.457,285.047,285.067,0.9036,285.8179911749969,0,0,,0,0
03.04.2023 16:25:00.000,285.067,285.237,284.596,284.646,0.9639,285.72783800768946,0,0,,0,0
03.04.2023 16:30:00.000,284.636,284.917,284.396,284.866,0.9369,285.66154277632876,0,0,,0,0
03.04.2023 16:35:00.000,284.856,285.027,284.836,284.946,0.7893,285.6065010243035,0,0,,0,0
03.04.2023 16:40:00.000,284.947,284.997,284.666,284.676,0.8118,285.534924022434,0,0,,0,0
03.04.2023 16:45:00.000,284.676,284.936,284.636,284.716,0.7497,285.4719298668622,0,0,,0,0
03.04.2023 16:50:00.000,284.727,284.927,284.206,284.376,0.8316,285.3876275694112,0,0,,0,0
03.04.2023 16:55:00.000,284.376,284.547,284.296,284.397,0.8721000000000001,285.31142544868726,0,0,,0,0
03.04.2023 17:00:00.000,284.407,284.417,283.957,284.236,1.0044,285.22870041417286,0,2,281.957,0,0
03.04.2023 17:05:00.000,284.216,284.557,284.046,284.536,1.0035,285.17541576692884,0,0,,0,0
03.04.2023 17:10:00.000,284.527,284.607,284.326,284.346,0.7731,285.11161455408813,1,0,,0,0
03.04.2023 17:15:00.000,284.327,284.437,284.047,284.376,0.8559,285.0550288191583,1,0,,0,0
03.04.2023 17:20:00.000,284.387,284.546,284.256,284.436,0.7487999999999999,285.0074112176846,1,0,,0,0
03.04.2023 17:25:00.000,284.426,284.427,284.136,284.146,0.9288,284.94114881632424,1,0,,0,0
03.04.2023 17:30:00.000,284.147,285.056,284.097,285.016,0.9405,284.9469065996839,0,0,,0,0
03.04.2023 17:35:00.000,285.017,285.157,284.716,284.777,0.7929,284.93383686124673,0,0,,0,0
03.04.2023 17:40:00.000,284.737,284.847,284.556,284.637,0.6731999999999999,284.9110032565355,0,0,,0,0
03.04.2023 17:45:00.000,284.616,284.666,284.356,284.566,0.9468,284.88446454449434,0,0,,0,0
03.04.2023 17:50:00.000,284.576,284.716,284.506,284.716,0.7614000000000001,284.8715057333794,0,0,,0,0
03.04.2023 17:55:00.000,284.727,284.916,284.546,284.897,0.9297,284.87346683081176,0,0,,0,0
03.04.2023 18:00:00.000,284.896,284.927,284.396,284.507,0.9243,284.8452770745955,0,0,,0,0
03.04.2023 18:05:00.000,284.506,284.607,284.336,284.336,0.7983,284.80610191501125,0,0,,0,0
03.04.2023 18:10:00.000,284.347,284.487,284.146,284.297,0.891,284.7669402292412,0,0,,0,0
03.04.2023 18:15:00.000,284.297,284.387,284.057,284.326,0.9666,284.73302175006876,0,0,,0,0
03.04.2023 18:20:00.000,284.317,284.697,284.296,284.687,0.8226,284.7294816154481,0,0,,0,0
03.04.2023 18:25:00.000,284.687,284.887,284.606,284.836,0.9378,284.7376753373367,0,0,,0,0
03.04.2023 18:30:00.000,284.847,285.207,284.806,285.177,0.7938,284.771469542157,0,0,,0,0
03.04.2023 18:35:00.000,285.187,285.627,285.117,285.546,0.8271,284.83104880814494,0,0,,0,0
03.04.2023 18:40:00.000,285.556,285.677,285.476,285.546,0.8127,284.88604505367226,0,0,,0,0
03.04.2023 18:45:00.000,285.556,285.956,285.496,285.867,0.7452,284.9615031264667,0,0,,0,0
03.04.2023 18:50:00.000,285.877,286.107,285.866,286.106,0.6912,285.0495413475077,0,0,,0,0
03.04.2023 18:55:00.000,286.116,286.446,286.047,286.156,0.6201,285.1346535515456,0,0,,0,0
03.04.2023 19:00:00.000,286.176,286.607,286.127,286.267,0.9405,285.2217571245037,0,0,,0,0
03.04.2023 19:05:00.000,286.277,286.617,286.236,286.526,0.9099,285.3220834995419,0,0,,0,0
03.04.2023 19:10:00.000,286.527,286.737,286.447,286.547,0.9774,285.416307845731,0,0,,0,0
03.04.2023 19:15:00.000,286.546,286.627,286.217,286.406,0.9108,285.49243801144405,0,0,,0,0
03.04.2023 19:20:00.000,286.397,286.697,286.366,286.487,0.8829,285.5689427797945,0,0,,0,0
03.04.2023 19:25:00.000,286.487,286.927,286.487,286.766,0.9918,285.6610241044257,0,0,,0,0
03.04.2023 19:30:00.000,286.757,286.987,286.576,286.836,1.0026,285.7514068656237,0,0,,0,0
03.04.2023 19:35:00.000,286.837,286.987,286.716,286.746,0.9207,285.8279140298065,0,0,,0,0
03.04.2023 19:40:00.000,286.747,286.917,286.376,286.886,1.3266,285.9093052582829,0,0,,0,0
03.04.2023 19:45:00.000,286.887,287.066,286.696,286.696,1.1988,285.9698202384151,0,0,,0,0
03.04.2023 19:50:00.000,286.687,287.137,286.666,287.037,1.0917,286.05191098930624,0,0,,0,0
03.04.2023 19:55:00.000,287.047,287.567,287.007,287.107,1.0818,286.13307168243654,0,0,,0,0
04.04.2023 13:30:00.000,286.947,287.726,286.306,286.597,1.7703,286.16875847609526,0,0,,0,0
04.04.2023 13:35:00.000,286.596,286.957,286.346,286.796,1.6101,286.21700782408794,0,0,,0,0
04.04.2023 13:40:00.000,286.796,287.336,286.696,286.936,2.0376,286.27231491454273,0,0,,0,0
04.04.2023 13:45:00.000,286.936,288.287,286.806,288.197,1.9224,286.42036761342405,0,0,,0,0
04.04.2023 13:50:00.000,288.176,289.476,288.147,289.457,1.9467,286.65395472008373,0,0,,0,0
04.04.2023 13:55:00.000,289.476,289.597,288.556,288.637,1.9539,286.8064966646927,0,0,,0,0
04.04.2023 14:00:00.000,288.677,290.047,288.666,289.186,2.3427,286.98953538279324,0,0,,0,0
04.04.2023 14:05:00.000,289.196,289.766,288.856,289.486,2.1123,287.18157112257836,0,0,,0,0
04.04.2023 14:10:00.000,289.487,290.426,289.306,289.986,2.1618,287.3972964208416,0,1,292.426,0,0
04.04.2023 14:15:00.000,289.977,290.147,288.916,289.047,2.0898,287.5241966961615,0,0,,0,0
04.04.2023 14:20:00.000,289.047,289.107,288.296,288.476,2.3526,287.5974123349183,0,0,,0,0
04.04.2023 14:25:00.000,288.477,289.337,288.426,289.126,2.0385,287.7149960014631,0,0,,0,0
04.04.2023 14:30:00.000,289.106,289.627,288.986,289.567,1.8765,287.8574578475044,2,0,,0,0
04.04.2023 14:35:00.000,289.566,289.897,289.396,289.416,1.6812,287.9773457053887,2,0,,0,0
04.04.2023 14:40:00.000,289.477,289.916,289.157,289.896,1.4868,288.12493449728186,2,0,,0,0
04.04.2023 14:45:00.000,289.897,289.927,289.006,289.047,1.4373,288.19586261287554,2,0,,0,0
04.04.2023 14:50:00.000,289.056,289.517,288.897,289.416,1.6884,288.28971933496206,2,0,,0,0
04.04.2023 14:55:00.000,289.417,289.567,288.746,289.096,1.7064,288.3517409245804,2,0,,0,0
04.04.2023 15:00:00.000,289.117,289.117,288.527,288.937,1.6146,288.39676085345883,2,0,,0,0
04.04.2023 15:05:00.000,288.937,288.987,287.917,288.057,1.53,288.3706254031928,0,0,,0,0
04.04.2023 15:10:00.000,288.057,288.537,287.886,288.486,1.7271,288.379500372178,0,0,,0,0
04.04.2023 15:15:00.000,288.436,288.477,287.746,287.927,1.6479,288.34469265124125,0,0,,0,0
04.04.2023 15:20:00.000,287.897,288.107,287.826,288.016,1.665,288.31940860114577,0,0,,0,0
04.04.2023 15:25:00.000,288.016,288.457,287.936,288.307,1.5048,288.31845409336535,0,0,,0,0
04.04.2023 15:30:00.000,288.276,288.507,288.197,288.436,1.4544,288.3274960861834,0,0,,0,0
04.04.2023 15:35:00.000,288.437,288.847,288.316,288.317,1.5003,288.3266886949385,0,0,,0,0
04.04.2023 15:40:00.000,288.327,288.847,288.287,288.757,1.4247,288.3597895645587,0,0,,0,0
04.04.2023 15:45:00.000,288.786,289.337,288.756,289.057,1.3077,288.4134211365157,0,0,,0,0
04.04.2023 15:50:00.000,289.057,289.537,288.896,289.527,1.1871,288.49908104909144,0,0,,0,0
04.04.2023 15:55:00.000,289.517,289.597,289.017,289.047,1.4093999999999998,288.5412286606998,0,0,,0,0
04.04.2023 16:00:00.000,289.077,289.147,288.496,288.636,1.4346,288.5485187637229,0,0,,0,0
04.04.2023 16:05:00.000,288.637,288.677,287.846,287.927,1.7478,288.50070962805194,0,0,,0,0
04.04.2023 16:10:00.000,287.917,288.217,287.816,288.116,1.6002,288.4711165797403,0,0,,0,0
04.04.2023 16:15:00.000,288.107,288.197,287.956,288.127,1.4390999999999998,288.44464607360646,0,0,,0,0
04.04.2023 16:20:00.000,288.116,288.427,287.956,288.407,1.4382,288.44175022179064,0,0,,0,0
04.04.2023 16:25:00.000,288.417,288.677,288.416,288.526,1.2906,288.4482309739606,0,0,,0,0
04.04.2023 16:30:00.000,288.527,288.617,288.316,288.357,1.323,288.4412132067329,0,0,,0,0
04.04.2023 16:35:00.000,288.357,288.396,288.056,288.206,1.2896999999999998,288.4231198831381,0,0,,0,0
04.04.2023 16:40:00.000,288.217,288.587,288.186,288.566,1.3374,288.43411066135826,0,0,,0,0
04.04.2023 16:45:00.000,288.557,288.637,288.316,288.327,1.0827,288.4258713797153,0,0,,0,0
04.04.2023 16:50:00.000,288.316,288.366,288.086,288.116,0.981,288.40203511973726,0,0,,0,0
04.04.2023 16:55:00.000,288.117,288.287,288.036,288.046,0.9576,288.37464780283443,0,0,,0,0
04.04.2023 17:00:00.000,288.027,288.117,287.806,287.936,1.0845,288.3409056641549,0,0,,0,0
04.04.2023 17:05:00.000,287.926,288.267,287.846,288.016,1.1087999999999998,288.31591292075836,0,0,,0,0
04.04.2023 17:10:00.000,288.006,288.017,287.756,287.906,1.0728,288.2843811576231,0,0,,0,0
04.04.2023 17:15:00.000,287.907,288.357,287.826,288.247,1.2816,288.2815056839598,0,0,,0,0
04.04.2023 17:20:00.000,288.266,288.297,287.996,288.196,1.0413,288.2749283236552,0,0,,0,0
04.04.2023 17:25:00.000,288.186,288.267,288.046,288.056,0.9954,288.258087683374,0,0,,0,0
04.04.2023 17:30:00.000,288.047,288.367,287.996,288.117,1.0449000000000002,288.24723478465296,0,0,,0,0
04.04.2023 17:35:00.000,288.126,288.406,288.076,288.267,1.0071,288.2487551858335,0,0,,0,0
04.04.2023 17:40:00.000,288.267,288.427,288.016,288.177,0.9144,288.24323555615405,0,0,,0,0
04.04.2023 17:45:00.000,288.177,288.217,287.937,288.097,0.9612,288.23198666721913,0,0,,0,0
04.04.2023 17:50:00.000,288.106,288.227,287.696,287.717,0.7497,288.19237230820227,0,0,,0,0
04.04.2023 17:55:00.000,287.707,288.007,287.596,287.847,0.8721,288.16580520757134,0,0,,0,0
04.04.2023 18:00:00.000,287.846,287.887,287.626,287.677,0.864,288.12820480698895,0,0,,0,0
04.04.2023 18:05:00.000,287.677,288.027,287.676,287.826,0.9207,288.1049582833744,0,0,,0,0
04.04.2023 18:10:00.000,287.827,288.047,287.706,287.827,0.8829,288.08357687696105,0,0,,0,0
04.04.2023 18:15:00.000,287.836,287.857,287.346,287.387,0.8901000000000001,288.02999404027173,0,0,,0,0
04.04.2023 18:20:00.000,287.386,287.566,287.056,287.196,0.9891,287.96584065255854,0,0,,0,0
04.04.2023 18:25:00.000,287.206,287.327,286.787,286.806,1.0071,287.8766221408233,0,0,,0,0
04.04.2023 18:30:00.000,286.826,287.017,286.516,286.917,1.1556000000000002,287.8028050530677,0,0,,0,0
04.04.2023 18:35:00.000,286.916,287.177,286.816,287.116,1.1826,287.7499738951394,0,0,,0,0
04.04.2023 18:40:00.000,287.126,287.267,286.797,286.937,0.9243,287.68743744166716,0,0,,0,0
04.04.2023 18:45:00.000,286.936,286.967,286.776,286.886,0.8991,287.62578840769277,0,0,,0,0
04.04.2023 18:50:00.000,286.887,287.036,286.746,286.827,1.0044,287.5643431455626,0,0,,0,0
04.04.2023 18:55:00.000,286.817,286.887,286.126,286.156,1.2249,287.45600905744243,0,0,,0,0
04.04.2023 19:00:00.000,286.146,286.537,285.876,286.516,1.3689,287.3837006684084,0,0,,0,0
04.04.2023 19:05:00.000,286.517,286.607,286.116,286.197,1.215,287.29241600160776,0,0,,0,0
04.04.2023 19:10:00.000,286.186,286.317,285.776,286.086,1.1376,287.19961477071485,0,0,,0,0
04.04.2023 19:15:00.000,286.087,286.096,285.786,285.887,1.1385,287.09864440373684,0,0,,0,0
04.04.2023 19:20:00.000,285.887,286.237,285.677,286.137,1.4112,287.0246717572956,0,0,,0,0
04.04.2023 19:25:00.000,286.137,286.206,285.706,285.727,1.1664,286.92485085288826,0,0,,0,0
04.04.2023 19:30:00.000,285.727,286.057,285.696,285.987,1.2141,286.8527084795892,0,0,,0,0
04.04.2023 19:35:00.000,285.986,286.357,285.796,286.346,1.3752,286.8137309042362,0,0,,0,0
04.04.2023 19:40:00.000,286.356,286.537,286.086,286.097,1.2834,286.7585977577565,0,0,,0,0
04.04.2023 19:45:00.000,286.106,286.297,285.766,286.297,1.3932000000000002,286.7230902379291,0,0,,0,0
04.04.2023 19:50:00.000,286.296,286.906,286.237,286.887,1.3041,286.73569868116533,0,0,,0,0
04.04.2023 19:55:00.000,286.897,287.236,286.676,287.177,1.2249,286.76964493646034,0,0,,0,0
05.04.2023 16:00:00.000,284.156,284.266,283.866,283.926,1.0790999999e-06,286.55090301827113,0,0,,0,0
05.04.2023 16:05:00.000,283.917,283.927,283.266,283.266,1.0997999999e-06,286.29821817071183,0,0,,0,0
05.04.2023 16:10:00.000,283.246,283.467,283.146,283.177,1.0853999999e-06,286.0581244652725,0,0,,0,0
05.04.2023 16:15:00.000,283.186,283.646,282.966,283.646,1.2969e-06,285.8725764294823,0,0,,0,0
05.04.2023 16:20:00.000,283.656,283.686,283.417,283.536,1.0223999999e-06,285.6928397810606,0,0,,0,0
05.04.2023 16:25:00.000,283.547,283.547,283.096,283.167,1.2132e-06,285.49854441328677,0,0,,0,0
05.04.2023 16:30:00.000,283.176,283.346,282.996,283.306,1.1069999999e-06,285.3298871507263,0,0,,0,0
05.04.2023 16:35:00.000,283.306,283.587,283.266,283.476,1.1150999999e-06,285.1872804468243,0,0,,0,0
05.04.2023 16:40:00.000,283.487,283.657,283.276,283.306,8.666999999999859e-07,285.04256656629934,0,0,,0,0
05.04.2023 16:45:00.000,283.296,283.377,283.026,283.047,1.0979999999e-06,284.8890614458148,0,0,,0,0
05.04.2023 16:50:00.000,283.036,283.357,282.936,283.307,1.1988e-06,284.7673644115213,0,2,280.936,0,0
05.04.2023 16:55:00.000,283.317,283.627,283.276,283.436,1.0052999999e-06,284.66495176448126,0,0,,0,0
05.04.2023 17:00:00.000,283.437,283.467,283.266,283.407,1.0871999999e-06,284.56818624413654,0,0,,0,0
05.04.2023 17:05:00.000,283.406,283.566,283.236,283.257,1.1744999999e-06,284.46732576381834,0,0,,0,0
05.04.2023 17:10:00.000,283.267,283.437,283.056,283.336,1.0214999999e-06,284.38030070506306,0,0,,0,0
05.04.2023 17:15:00.000,283.336,283.507,283.296,283.437,1.0124999999e-06,284.3077391123659,0,0,,0,0
05.04.2023 17:20:00.000,283.437,283.517,283.126,283.337,1.0970999999e-06,284.2330668729531,0,0,,0,0
05.04.2023 17:25:00.000,283.356,283.596,283.336,283.356,1.0439999999e-06,284.1656001904183,0,0,,0,0
05.04.2023 17:30:00.000,283.337,283.627,283.326,283.586,8.792999999999854e-07,284.1210155603861,0,0,,0,0
05.04.2023 17:35:00.000,283.576,283.837,283.486,283.796,9.062999999999842e-07,284.09601436343337,0,0,,0,0
05.04.2023 17:40:00.000,283.796,283.817,283.496,283.587,8.990999999999845e-07,284.0568594124,0,0,,0,0
05.04.2023 17:45:00.000,283.586,283.706,283.426,283.577,9.251999999999834e-07,284.0199471499077,0,0,,0,0
05.04.2023 17:50:00.000,283.576,283.887,283.576,283.717,8.297999999999875e-07,283.9966435229917,0,0,,0,0
05.04.2023 17:55:00.000,283.717,283.947,283.637,283.886,9.377999999999828e-07,283.98813248276156,0,0,,0,0
05.04.2023 18:00:00.000,283.886,284.307,283.847,284.237,1.1825999999e-06,284.00727613793373,0,0,,0,0
05.04.2023 18:05:00.000,284.246,284.527,284.186,284.266,1.0187999999e-06,284.0271779734773,0,0,,0,0
05.04.2023 18:10:00.000,284.277,284.417,283.996,284.176,9.395999999999828e-07,284.03862582167136,0,0,,0,0
05.04.2023 18:15:00.000,284.176,284.317,284.117,284.197,8.837999999999852e-07,284.0508084507736,0,0,,0,0
05.04.2023 18:20:00.000,284.216,284.257,284.066,284.197,8.072999999999884e-07,284.0620539545603,0,0,,0,0
05.04.2023 18:25:00.000,284.197,284.217,283.827,283.827,7.856999999999894e-07,284.0439728811326,0,0,,0,0
05.04.2023 18:30:00.000,283.797,284.147,283.746,284.026,8.549999999999864e-07,284.04259035181474,0,0,,0,0
05.04.2023 18:35:00.000,284.036,284.426,283.946,284.336,9.980999999999856e-07,284.06516032475207,0,0,,0,0
05.04.2023 18:40:00.000,284.347,284.477,284.056,284.117,9.278999999999832e-07,284.06914799207885,0,0,,0,0
05.04.2023 18:45:00.000,284.127,284.567,284.127,284.386,9.557999999999824e-07,284.09352122345746,0,0,,0,0
05.04.2023 18:50:00.000,284.397,284.487,284.177,284.207,7.685999999999901e-07,284.10225036011457,0,0,,0,0
05.04.2023 18:55:00.000,284.206,284.347,284.137,284.167,7.613999999999904e-07,284.10723110164423,0,0,,0,0
05.04.2023 19:00:00.000,284.157,284.167,283.906,284.087,9.512999999999824e-07,284.1056748630562,0,0,,0,0
05.04.2023 19:05:00.000,284.077,284.337,283.906,284.007,1.0547999999e-06,284.09808448897496,0,0,,0,0
05.04.2023 19:10:00.000,284.037,284.057,283.796,283.816,1.0925999999e-06,284.07638568213076,0,0,,0,0
05.04.2023 19:15:00.000,283.826,283.937,283.646,283.756,9.926999999999852e-07,284.0517406296592,0,0,,0,0
05.04.2023 19:20:00.000,283.767,284.137,283.757,284.097,1.0781999999e-06,284.0552221196855,0,0,,0,0
05.04.2023 19:25:00.000,284.087,284.257,283.796,283.807,1.1609999999e-06,284.0361281104789,0,0,,0,0
05.04.2023 19:30:00.000,283.816,284.147,283.816,284.067,1.1402999999e-06,284.0385028712113,0,0,,0,0
05.04.2023 19:35:00.000,284.066,284.347,284.046,284.066,1.2483e-06,284.04061803496427,0,0,,0,0
05.04.2023 19:40:00.000,284.067,284.467,283.976,284.457,1.4715e-06,284.0726474168901,0,0,,0,0
05.04.2023 19:45:00.000,284.457,284.546,284.296,284.416,1.3023e-06,284.09905915405244,0,0,,0,0
05.04.2023 19:50:00.000,284.396,284.737,284.316,284.666,1.2933e-06,284.14266998835615,0,0,,0,0
05.04.2023 19:55:00.000,284.667,284.756,284.226,284.317,1.1789999999e-06,284.15607998925185,0,1,286.756,0,0
06.04.2023 13:30:00.000,282.496,282.977,282.306,282.496,1.5228e-06,284.0283815285402,0,0,,0,0
06.04.2023 13:35:00.000,282.497,283.596,282.226,282.517,1.4976e-06,283.9121214109602,0,0,,0,0
06.04.2023 13:40:00.000,282.527,283.006,282.516,282.727,1.3095e-06,283.8209582255017,0,0,,0,0
06.04.2023 13:45:00.000,282.737,282.927,282.216,282.436,1.8e-06,283.7144229773862,0,0,,0,0
06.04.2023 13:50:00.000,282.437,283.046,282.016,282.867,1.7469e-06,283.6492365945104,0,2,280.016,0,0
06.04.2023 13:55:00.000,282.866,283.687,282.577,283.507,1.7316e-06,283.6382953180096,0,0,,0,0
06.04.2023 14:00:00.000,283.526,284.356,283.417,283.797,1.8999e-06,283.65050337047046,0,0,,0,0
06.04.2023 14:05:00.000,283.786,284.287,283.776,284.106,1.8792e-06,283.685541572742,0,0,,0,0
06.04.2023 14:10:00.000,284.106,284.657,283.996,284.056,1.7154e-06,283.7140383748388,0,0,,0,0
06.04.2023 14:15:00.000,284.077,284.297,283.777,283.836,1.7487e-06,283.7234200383128,0,0,,0,0
06.04.2023 14:20:00.000,283.837,283.847,283.356,283.436,1.5102e-06,283.7013108045964,0,0,,0,0
06.04.2023 14:25:00.000,283.436,283.917,283.346,283.887,1.3644e-06,283.7155945888582,0,0,,0,0
06.04.2023 14:30:00.000,283.886,284.037,283.016,283.086,1.4616e-06,283.6671642358691,0,0,,0,0
06.04.2023 14:35:00.000,283.087,283.496,282.997,283.436,1.305e-06,283.6493823715715,0,0,,0,0
06.04.2023 14:40:00.000,283.426,283.737,283.027,283.236,1.6389e-06,283.6175837276045,0,0,,0,0
06.04.2023 14:45:00.000,283.197,283.497,282.837,282.977,1.2186e-06,283.5683080562503,0,0,,0,0
06.04.2023 14:50:00.000,282.956,283.277,282.886,283.276,1.3311e-06,283.54582282115416,0,0,,0,0
06.04.2023 14:55:00.000,283.277,283.447,283.047,283.326,1.2717e-06,283.5289133733731,0,0,,0,0
06.04.2023 15:00:00.000,283.326,283.967,283.166,283.786,1.2096e-06,283.548689267729,0,0,,0,0
06.04.2023 15:05:00.000,283.766,284.506,283.726,284.236,1.2591e-06,283.6015593240576,0,0,,0,0
06.04.2023 15:10:00.000,284.246,284.507,284.146,284.306,9.863999999999847e-07,283.6557470683609,0,0,,0,0
06.04.2023 15:15:00.000,284.296,284.817,284.286,284.796,8.630999999999861e-07,283.74345883233315,0,0,,0,0
06.04.2023 15:20:00.000,284.817,285.127,284.726,285.057,9.206999999999836e-07,283.8445004606152,0,0,,0,0
06.04.2023 15:25:00.000,285.047,285.197,284.846,285.036,9.10799999999984e-07,283.93615427133716,0,0,,0,0
06.04.2023 15:30:00.000,285.026,285.366,284.956,285.016,1.1015999999e-06,284.01921932738816,0,0,,0,0
06.04.2023 15:35:00.000,285.017,285.767,284.936,285.757,1.1312999999e-06,284.1528947637429,0,0,,0,0
06.04.2023 15:40:00.000,285.767,285.907,285.666,285.746,1.2006e-06,284.2754413203781,0,0,,0,0
06.04.2023 15:45:00.000,285.756,286.277,285.666,286.246,1.0322999999e-06,284.42702275727214,0,0,,0,0
06.04.2023 15:50:00.000,286.246,286.377,286.146,286.187,8.045999999999886e-07,284.5624056220974,0,0,,0,0
06.04.2023 15:55:00.000,286.187,286.437,286.036,286.377,8.783999999999854e-07,284.701989805013,0,0,,0,0
06.04.2023 16:00:00.000,286.376,287.267,286.376,287.057,1.2501e-06,284.8831444353966,0,0,,0,0
06.04.2023 16:05:00.000,287.056,287.647,287.056,287.357,1.1852999999e-06,285.0734410172892,0,0,,0,0
06.04.2023 16:10:00.000,287.356,287.907,287.246,287.637,8.783999999999854e-07,285.2706378621131,0,0,,0,0
06.04.2023 16:15:00.000,287.647,287.827,287.336,287.416,1.0601999999e-06,285.4356657188737,0,0,,0,0
06.04.2023 16:20:00.000,287.407,287.997,287.316,287.927,9.287999999999832e-07,285.62730681742187,0,0,,0,0
06.04.2023 16:25:00.000,287.927,288.317,287.826,288.057,8.432999999999869e-07,285.8142062930048,0,0,,0,0
06.04.2023 16:30:00.000,288.067,288.526,288.016,288.157,1.0511999999e-06,285.99442119354296,0,0,,0,0
06.04.2023 16:35:00.000,288.147,288.407,288.106,288.146,9.980999999999856e-07,286.1599272555781,0,0,,0,0
06.04.2023 16:40:00.000,288.156,288.427,287.996,288.297,1.0628999999e-06,286.3243174666875,0,0,,0,0
06.04.2023 16:45:00.000,288.316,288.347,288.066,288.116,8.738999999999856e-07,286.46213920001924,0,0,,0,0
06.04.2023 16:50:00.000,288.116,288.307,287.896,288.067,7.94699999999989e-07,286.585590030787,0,0,,0,0
06.04.2023 16:55:00.000,288.077,288.177,287.846,287.947,8.504999999999866e-07,286.6903138745726,0,0,,0,0
10.04.2023 13:30:00.000,289.046,289.157,288.487,288.596,1.7073,286.83690511499015,0,1,291.157,0,0
10.04.2023 13:35:00.000,288.627,288.676,287.077,287.266,2.0322,286.8699124138371,0,0,,0,0
10.04.2023 13:40:00.000,287.286,287.286,286.086,286.537,2.2266,286.84430376661885,0,0,,0,0
10.04.2023 13:45:00.000,286.576,286.646,285.546,285.767,2.2878000000000003,286.76143424610973,0,0,,0,0
10.04.2023 13:50:00.000,285.777,285.907,285.086,285.786,2.3382,286.6864008425628,0,0,,0,0
10.04.2023 13:55:00.000,285.816,285.957,285.166,285.417,2.2338,286.58875462390415,0,0,,0,0
10.04.2023 14:00:00.000,285.417,285.417,284.796,285.097,1.8027,286.47400426821923,0,2,282.796,0,0
10.04.2023 14:05:00.000,285.076,285.507,284.796,285.306,1.6425,286.38415778604855,0,2,282.796,0,0
10.04.2023 14:10:00.000,285.297,286.157,285.266,285.767,1.818,286.3366841101987,0,0,,0,0
10.04.2023 14:15:00.000,285.756,286.177,285.736,285.786,1.8063,286.29432379402954,0,0,,0,0
10.04.2023 14:20:00.000,285.786,286.306,285.536,286.047,1.7046,286.2752988867965,0,0,,0,0
10.04.2023 14:25:00.000,286.036,286.397,285.746,285.866,1.6911,286.243814357043,0,0,,0,0
10.04.2023 14:30:00.000,285.867,286.187,285.786,286.046,1.4472,286.22859786803974,0,0,,0,0
10.04.2023 14:35:00.000,286.037,286.627,286.006,286.417,1.5560999999999998,286.243090339729,0,0,,0,0
10.04.2023 14:40:00.000,286.406,286.947,286.397,286.916,1.3364999999999998,286.2948526212883,0,0,,0,0
10.04.2023 14:45:00.000,286.916,287.107,286.627,287.086,1.0557,286.3557101119585,0,0,,0,0
10.04.2023 14:50:00.000,287.086,287.086,286.506,286.666,1.008,286.37957856488475,0,0,,0,0
10.04.2023 14:55:00.000,286.646,286.706,286.256,286.306,1.2762,286.3739186752783,0,0,,0,0
10.04.2023 15:00:00.000,286.307,286.957,286.267,286.946,1.4544,286.4179249310261,0,0,,0,0
10.04.2023 15:05:00.000,286.937,287.266,286.837,287.217,1.2977999999999998,286.4793922440241,0,0,,0,0
10.04.2023 15:10:00.000,287.217,287.577,287.186,287.497,1.1655,286.5576697637146,0,0,,0,0
10.04.2023 15:15:00.000,287.507,287.917,287.496,287.567,1.0134,286.63531055112117,0,0,,0,0
10.04.2023 15:20:00.000,287.577,287.826,287.206,287.226,1.1349,286.68074820103493,0,0,,0,0
10.04.2023 15:25:00.000,287.227,287.426,287.137,287.207,0.9692999999999998,286.72122910864766,0,0,,0,0
10.04.2023 15:30:00.000,287.216,287.386,287.066,287.246,1.107,286.76159610029015,0,0,,0,0
10.04.2023 15:35:00.000,287.236,287.557,287.156,287.547,0.9539999999999998,286.8220117848833,0,0,,0,0
10.04.2023 15:40:00.000,287.577,287.907,287.457,287.897,1.1259,286.9047031860461,0,0,,0,0
10.04.2023 15:45:00.000,287.906,287.906,287.576,287.696,0.7803,286.9655721717349,0,0,,0,0
10.04.2023 15:50:00.000,287.697,287.737,287.326,287.336,0.9351,286.994066620063,0,0,,0,0
10.04.2023 15:55:00.000,287.347,287.367,286.906,286.917,1.0700999999999998,286.9881384185197,0,0,,0,0
10.04.2023 16:00:00.000,286.916,286.947,286.137,286.306,1.1961,286.9356662324798,0,0,,0,0
10.04.2023 16:05:00.000,286.297,286.437,285.907,286.427,1.3437,286.8965380607506,0,0,,0,0
10.04.2023 16:10:00.000,286.416,286.426,286.066,286.246,1.0638,286.8464966714621,0,0,,0,0
10.04.2023 16:15:00.000,286.257,286.327,286.026,286.217,0.9603,286.7980738505804,0,0,,0,0
10.04.2023 16:20:00.000,286.226,286.706,286.216,286.567,1.0026000000000002,286.78029893899736,0,0,,0,0
10.04.2023 16:25:00.000,286.577,286.817,286.536,286.686,1.0548,286.7730451744591,0,0,,0,0
10.04.2023 16:30:00.000,286.686,287.297,286.676,287.296,1.206,286.8132724687315,0,0,,0,0
10.04.2023 16:35:00.000,287.296,288.267,287.287,288.026,1.4463,286.906559201906,0,0,,0,0
10.04.2023 16:40:00.000,288.026,288.226,287.956,288.056,1.3923,286.9949777248363,0,0,,0,0
10.04.2023 16:45:00.000,288.036,288.537,287.996,288.526,1.17,287.1127486690797,0,0,,0,0
10.04.2023 16:50:00.000,288.527,288.567,288.036,288.136,1.1808,287.19146030991976,0,0,,0,0
10.04.2023 16:55:00.000,288.126,288.287,288.056,288.257,0.963,287.2734249014644,0,0,,0,0
10.04.2023 17:00:00.000,288.256,288.457,288.117,288.236,1.215,287.3474691398133,0,0,,0,0
10.04.2023 17:05:00.000,288.226,288.496,288.196,288.336,1.1268,287.4235099752123,0,0,,0,0
10.04.2023 17:10:00.000,288.327,288.616,288.286,288.526,1.1151,287.508316900196,0,0,,0,0
10.04.2023 17:15:00.000,288.537,288.756,288.417,288.507,1.1133,287.58513867710406,0,0,,0,0
10.04.2023 17:20:00.000,288.496,288.727,288.396,288.446,1.2338999999999998,287.6513587788653,0,0,,0,0
10.04.2023 17:25:00.000,288.456,288.897,288.436,288.726,1.1079,287.73402348818337,0,0,,0,0
10.04.2023 17:30:00.000,288.727,288.816,288.476,288.556,1.0575,287.7972524506308,0,0,,0,0
10.04.2023 17:35:00.000,288.556,288.577,288.367,288.377,0.9954,287.841848415967,0,0,,0,0
10.04.2023 17:40:00.000,288.376,288.417,288.056,288.326,0.9351,287.87909084550796,0,0,,0,0
10.04.2023 17:45:00.000,288.337,288.537,288.236,288.407,1.0854,287.91969924200737,0,0,,0,0
10.04.2023 17:50:00.000,288.407,288.556,288.256,288.267,0.9558,287.9464146849299,0,0,,0,0
10.04.2023 17:55:00.000,288.276,288.426,288.197,288.337,0.8756999999999999,287.9764597091661,0,0,,0,0
10.04.2023 18:00:00.000,288.337,288.497,288.166,288.476,0.9504,288.0148858853841,0,0,,0,0
10.04.2023 18:05:00.000,288.486,288.716,288.316,288.317,0.9963,288.03812543266224,0,0,,0,0
10.04.2023 18:10:00.000,288.307,288.607,288.216,288.477,1.0683,288.07188501476514,0,0,,0,0
10.04.2023 18:15:00.000,288.467,288.987,288.446,288.886,1.1385,288.1345092443986,0,0,,0,0
10.04.2023 18:20:00.000,288.886,289.076,288.836,288.856,1.0026000000000002,288.190008533291,0,0,,0,0
10.04.2023 18:25:00.000,288.847,288.927,288.656,288.697,0.8658,288.229007876884,0,0,,0,0
10.04.2023 18:30:00.000,288.697,288.977,288.606,288.767,0.9072,288.2703918863545,0,0,,0,0
10.04.2023 18:35:00.000,288.766,288.896,288.676,288.766,0.8684999999999999,288.3085155874042,0,0,,0,0
10.04.2023 18:40:00.000,288.767,288.796,288.396,288.556,0.8991,288.32755284991157,0,0,,0,0
10.04.2023 18:45:00.000,288.566,288.656,288.487,288.656,0.7533000000000001,288.352818015303,0,0,,0,0
10.04.2023 18:50:00.000,288.677,289.256,288.677,289.076,1.0737,288.40844739874126,0,0,,0,0
10.04.2023 18:55:00.000,289.067,289.457,289.036,289.446,1.044,288.4882591372997,0,0,,0,0
10.04.2023 19:00:00.000,289.436,289.587,288.827,288.877,1.1106,288.5181622805843,0,1,291.587,0,0
10.04.2023 19:05:00.000,288.867,288.967,288.747,288.936,0.8847,288.5503036436163,2,0,,0,0
10.04.2023 19:10:00.000,288.936,289.017,288.736,288.816,1.0737,288.5707418248766,2,0,,0,0
10.04.2023 19:15:00.000,288.836,289.016,288.776,288.947,1.1303999999999998,288.59968476142456,2,0,,0,0
10.04.2023 19:20:00.000,288.947,289.007,288.686,288.746,1.098,288.6109397797765,2,0,,0,0
10.04.2023 19:25:00.000,288.737,288.766,288.566,288.677,0.9297,288.6160213351783,2,0,,0,0
10.04.2023 19:30:00.000,288.686,288.867,288.486,288.506,0.8388,288.6075581555492,0,0,,0,0
10.04.2023 19:35:00.000,288.497,288.787,288.417,288.737,1.0134,288.617515220507,0,0,,0,0
10.04.2023 19:40:00.000,288.747,288.867,288.556,288.596,1.1106,288.61586020354497,0,0,,0,0
10.04.2023 19:45:00.000,288.576,288.897,288.487,288.797,1.2312,288.62979403404154,0,0,,0,0
10.04.2023 19:50:00.000,288.787,288.946,288.466,288.467,1.0017,288.61727141603836,0,0,,0,0
10.04.2023 19:55:00.000,288.506,289.277,288.506,289.266,1.2050999999999998,288.6671736148047,0,0,,0,0
11.04.2023 13:30:00.000,285.497,285.817,283.876,284.407,1.8315,288.33946795212745,0,0,,0,0
11.04.2023 13:35:00.000,284.427,284.537,283.766,283.956,1.8009,288.0022781096561,0,0,,0,0
11.04.2023 13:40:00.000,283.956,284.176,283.546,283.636,1.8396,287.6664105627595,0,0,,0,0
11.04.2023 13:45:00.000,283.647,284.057,283.496,283.627,1.7559,287.3556866733165,0,0,,0,0
11.04.2023 13:50:00.000,283.607,283.897,282.926,283.416,1.8945,287.05263385229216,0,0,,0,0
11.04.2023 13:55:00.000,283.426,284.126,283.386,283.946,1.4291999999999998,286.81366201750046,0,0,,0,0
11.04.2023 14:00:00.000,283.956,284.057,283.567,283.757,1.2465000000000002,286.5785341700004,0,0,,0,0
11.04.2023 14:05:00.000,283.737,283.786,283.376,283.587,1.3752,286.34841615692346,0,0,,0,0
11.04.2023 14:10:00.000,283.597,284.097,283.377,283.377,1.5966,286.119845683314,0,0,,0,0
11.04.2023 14:15:00.000,283.377,283.737,282.706,282.827,1.7262,285.86654986152064,0,0,,0,0
11.04.2023 14:20:00.000,282.837,283.126,282.676,282.917,1.2222,285.63966141063446,0,0,,0,0
11.04.2023 14:25:00.000,282.917,283.177,282.826,283.107,1.3122,285.44484130212413,0,0,,0,0
11.04.2023 14:30:00.000,283.116,283.127,282.497,282.507,1.3401,285.21885350965306,0,0,,0,0
11.04.2023 14:35:00.000,282.507,283.087,282.466,282.847,1.4121,285.03640323967977,0,0,,0,0
11.04.2023 14:40:00.000,282.846,283.187,282.456,282.507,1.2825000000000002,284.8418337597044,0,0,,0,0
11.04.2023 14:45:00.000,282.496,282.957,282.417,282.916,1.5155999999999998,284.6936927012656,0,0,,0,0
11.04.2023 14:50:00.000,282.927,283.377,282.916,283.056,0.9162,284.5677163396298,0,0,,0,0
11.04.2023 14:55:00.000,283.066,283.097,282.696,282.747,1.1016,284.42766123658134,0,0,,0,0
11.04.2023 15:00:00.000,282.747,282.747,282.096,282.316,1.1034,284.26522575684436,0,0,,0,0
11.04.2023 15:05:00.000,282.296,282.567,281.996,282.187,1.1493,284.10536223708715,0,0,,0,0
11.04.2023 15:10:00.000,282.187,282.527,282.086,282.487,1.2942,283.98087283423433,0,0,,0,0
11.04.2023 15:15:00.000,282.496,282.916,282.456,282.887,1.0035,283.8967287700625,0,0,,0,0
11.04.2023 15:20:00.000,282.897,283.097,282.786,282.986,1.0584,283.8266727108269,0,0,,0,0
11.04.2023 15:25:00.000,282.997,282.997,282.566,282.617,1.1133,283.7336209638403,0,0,,0,0
11.04.2023 15:30:00.000,282.617,282.657,282.216,282.366,1.0161,283.6284193512372,0,0,,0,0
11.04.2023 15:35:00.000,282.356,282.387,281.807,282.356,0.9135,283.53054093960355,0,0,,0,0
11.04.2023 15:40:00.000,282.356,282.377,281.646,281.726,0.855,283.3917300980956,0,0,,0,0
11.04.2023 15:45:00.000,281.727,282.257,281.636,282.246,1.1763,283.3035970136267,0,2,279.636,0,0
11.04.2023 15:50:00.000,282.257,282.687,282.216,282.626,1.0026,283.25147416642466,0,0,,0,0
11.04.2023 15:55:00.000,282.626,282.797,282.456,282.756,1.0989,283.2133607690074,0,0,,0,0
11.04.2023 16:00:00.000,282.757,283.197,282.756,283.126,1.0647,283.20664070985305,1,0,,0,0
11.04.2023 16:05:00.000,283.126,283.197,282.936,283.147,0.9414,283.2020529629413,1,0,,0,0
11.04.2023 16:10:00.000,283.116,283.646,283.116,283.537,0.882,283.22781811963813,0,0,,0,0
11.04.2023 16:15:00.000,283.527,283.537,283.006,283.066,0.8405999999999999,283.21537057197366,0,0,,0,0
11.04.2023 16:20:00.000,283.076,283.437,282.916,283.016,0.9000000000000001,283.20003437412953,0,0,,0,0
11.04.2023 16:25:00.000,283.006,283.127,282.876,283.067,0.7892999999999999,283.189800960735,0,0,,0,0
11.04.2023 16:30:00.000,283.066,283.437,283.066,283.187,0.81,283.1895855022169,0,0,,0,0
11.04.2023 16:35:00.000,283.187,283.197,282.806,282.956,1.0179,283.1716173866618,0,0,,0,0
11.04.2023 16:40:00.000,282.966,283.416,282.947,283.367,0.8559,283.18664681845706,0,0,,0,0
11.04.2023 16:45:00.000,283.377,283.406,283.186,283.316,0.9054,283.1965970631911,0,0,,0,0
11.04.2023 16:50:00.000,283.306,283.577,283.216,283.577,0.8505,283.22585882756107,0,0,,0,0
11.04.2023 16:55:00.000,283.607,283.807,283.366,283.616,0.8477999999999999,283.25586968697945,0,0,,0,0
11.04.2023 17:00:00.000,283.627,283.777,283.516,283.587,0.8936999999999999,283.28134124951947,0,0,,0,0
11.04.2023 17:05:00.000,283.576,283.717,283.496,283.497,0.8568,283.2979303841718,0,0,,0,0
11.04.2023 17:10:00.000,283.496,283.496,282.757,282.816,1.0368,283.2608588161586,0,0,,0,0
11.04.2023 17:15:00.000,282.817,283.017,282.646,282.867,0.9594,283.2305619841464,0,0,,0,0
11.04.2023 17:20:00.000,282.866,283.227,282.776,283.146,0.783,283.2240572161352,0,0,,0,0
11.04.2023 17:25:00.000,283.147,283.277,283.126,283.177,0.7092,283.22043743027865,0,0,,0,0
11.04.2023 17:30:00.000,283.176,283.456,283.176,283.247,0.9108,283.2224807048726,0,0,,0,0
11.04.2023 17:35:00.000,283.256,283.437,283.206,283.296,0.7506,283.2281360352671,0,0,,0,0
11.04.2023 17:40:00.000,283.297,283.357,283.176,283.336,0.6768000000000001,283.2364332633235,0,0,,0,0
11.04.2023 17:45:00.000,283.336,283.656,283.336,283.596,0.8532,283.2640922430678,0,0,,0,0
11.04.2023 17:50:00.000,283.596,283.646,283.286,283.376,0.9324,283.27270053206263,0,0,,0,0
11.04.2023 17:55:00.000,283.407,283.636,283.346,283.576,0.6839999999999999,283.29603126036557,0,0,,0,0
11.04.2023 18:00:00.000,283.576,283.636,283.146,283.287,0.7209,283.29533654802975,0,0,,0,0
11.04.2023 18:05:00.000,283.287,283.497,283.116,283.277,0.693,283.2939260443352,0,0,,0,0
11.04.2023 18:10:00.000,283.266,283.487,283.146,283.217,0.6714,283.28800865630944,0,0,,0,0
11.04.2023 18:15:00.000,283.216,283.497,283.206,283.467,0.594,283.30177722120874,0,0,,0,0
11.04.2023 18:20:00.000,283.467,283.547,283.276,283.456,0.6983999999999999,283.313640511885,0,0,,0,0
11.04.2023 18:25:00.000,283.457,283.747,283.397,283.706,0.6786,283.3438220109708,0,0,,0,0
11.04.2023 18:30:00.000,283.716,283.987,283.716,283.877,0.8027999999999998,283.38483570243466,0,0,,0,0
11.04.2023 18:35:00.000,283.886,283.887,283.637,283.807,0.6867,283.4173098791705,0,0,,0,0
11.04.2023 18:40:00.000,283.807,283.997,283.796,283.906,0.5831999999999999,283.45490142692665,0,0,,0,0
11.04.2023 18:45:00.000,283.916,284.037,283.806,283.946,0.6012,283.49267824023997,0,0,,0,0
11.04.2023 18:50:00.000,283.946,283.997,283.827,283.916,0.6939,283.5252414525292,0,0,,0,0
11.04.2023 18:55:00.000,283.916,284.156,283.866,284.087,0.5912999999999999,283.5684536484885,0,0,,0,0
11.04.2023 19:00:00.000,284.096,284.116,283.796,283.857,0.7929,283.5906495216817,0,0,,0,0
11.04.2023 19:05:00.000,283.857,283.937,283.686,283.796,0.864,283.6064457123216,0,0,,0,0
11.04.2023 19:10:00.000,283.807,283.906,283.606,283.666,0.7695,283.6110268113738,0,0,,0,0
11.04.2023 19:15:00.000,283.676,283.816,283.646,283.727,0.7641,283.6199478258835,0,0,,0,0
11.04.2023 19:20:00.000,283.727,283.747,283.536,283.547,0.7587,283.6143364546617,0,0,,0,0
11.04.2023 19:25:00.000,283.556,283.607,283.346,283.357,0.7137,283.59454134276467,0,0,,0,0
11.04.2023 19:30:00.000,283.367,283.447,283.117,283.327,0.8234999999999999,283.57396123947507,0,0,,0,0
11.04.2023 19:35:00.000,283.296,283.367,282.566,282.626,1.0323,283.50104114413085,0,0,,0,0
11.04.2023 19:40:00.000,282.607,282.706,282.386,282.647,0.9945,283.4353456715054,0,0,,0,0
11.04.2023 19:45:00.000,282.646,282.787,282.487,282.527,1.0746,283.3654729275434,0,0,,0,0
11.04.2023 19:50:00.000,282.526,283.096,282.356,283.056,1.0935,283.3416673177324,0,0,,0,0
11.04.2023 19:55:00.000,283.036,283.036,282.627,282.836,1.3212000000000002,283.302769831753,0,0,,0,0
12.04.2023 13:30:00.000,284.667,285.977,284.636,285.037,1.8657,283.43617215238737,0,0,,0,0
12.04.2023 13:35:00.000,285.037,285.046,283.936,284.186,1.6991999999999998,283.4938512175884,0,0,,0,0
12.04.2023 13:40:00.000,284.186,284.347,283.096,283.216,2.1402,283.47247804700464,0,0,,0,0
12.04.2023 13:45:00.000,283.267,283.316,281.916,283.127,2.2104,283.4459028126197,0,2,279.916,0,0
12.04.2023 13:50:00.000,283.137,283.567,282.826,283.306,2.1159,283.4351410578028,0,0,,0,0
12.04.2023 13:55:00.000,283.307,283.666,283.246,283.356,2.0448,283.4290532841257,0,0,,0,0
12.04.2023 14:00:00.000,283.337,284.107,283.246,284.017,2.0646,283.4742799545776,0,0,,0,0
12.04.2023 14:05:00.000,284.037,284.797,283.936,284.577,1.9287,283.55910457345624,0,0,,0,0
12.04.2023 14:10:00.000,284.577,285.256,284.566,284.757,1.9134,283.6512503754981,0,0,,0,0
12.04.2023 14:15:00.000,284.757,285.087,284.626,284.806,1.8945,283.7400772696905,0,0,,0,0
12.04.2023 14:20:00.000,284.817,285.697,284.766,285.307,1.6695,283.86060978740664,0,0,,0,0
12.04.2023 14:25:00.000,285.306,285.827,285.026,285.736,1.5966000000000002,284.00487057299074,0,0,,0,0
12.04.2023 14:30:00.000,285.726,286.046,285.206,285.236,1.9530000000000003,284.09957283660685,0,1,288.046,0,0
12.04.2023 14:35:00.000,285.197,285.257,284.246,284.347,2.0385,284.1186056953294,0,0,,0,0
12.04.2023 14:40:00.000,284.336,284.937,284.296,284.607,1.6911,284.1561744879964,0,0,,0,0
12.04.2023 14:45:00.000,284.617,284.887,284.386,284.657,1.8252,284.1946995273813,0,0,,0,0
12.04.2023 14:50:00.000,284.666,284.826,283.996,284.146,1.6830000000000005,284.1909534098904,0,0,,0,0
12.04.2023 14:55:00.000,284.146,284.147,283.226,283.266,2.0889,284.11980314759114,0,0,,0,0
12.04.2023 15:00:00.000,283.227,283.707,283.006,283.637,1.9125,284.0826644439303,0,0,,0,0
12.04.2023 15:05:00.000,283.637,284.017,283.167,283.226,1.9548,284.0167671790126,0,0,,0,0
12.04.2023 15:10:00.000,283.236,283.717,283.176,283.676,1.7082,283.99055431908863,0,0,,0,0
12.04.2023 15:15:00.000,283.666,283.956,283.476,283.837,1.773,283.9787424483895,0,0,,0,0
12.04.2023 15:20:00.000,283.836,284.376,283.796,284.237,1.5489,283.998608413898,0,0,,0,0
12.04.2023 15:25:00.000,284.246,284.516,284.207,284.407,1.2852,284.0300231512905,0,0,,0,0
12.04.2023 15:30:00.000,284.387,284.567,284.246,284.496,1.3698,284.0658675242681,0,0,,0,0
12.04.2023 15:35:00.000,284.487,284.587,284.076,284.486,1.2339000000000002,284.0981854070168,0,0,,0,0
12.04.2023 15:40:00.000,284.486,284.827,284.476,284.777,1.1781,284.1504019141694,0,0,,0,0
12.04.2023 15:45:00.000,284.776,284.927,284.696,284.726,1.3455,284.1946786900025,0,0,,0,0
12.04.2023 15:50:00.000,284.727,285.117,284.636,284.967,1.143,284.2540880215408,0,0,,0,0
12.04.2023 15:55:00.000,284.966,285.227,284.946,285.046,1.0584,284.3150043275761,0,0,,0,0
12.04.2023 16:00:00.000,285.056,285.297,284.916,285.126,1.224,284.3773886100703,0,0,,0,0
12.04.2023 16:05:00.000,285.137,285.407,285.036,285.177,1.2087,284.4388971785264,0,0,,0,0
12.04.2023 16:10:00.000,285.167,285.417,285.106,285.197,1.1484,284.49721278017824,0,0,,0,0
12.04.2023 16:15:00.000,285.196,285.347,285.036,285.246,1.0692,284.5548117970876,0,0,,0,0
12.04.2023 16:20:00.000,285.257,285.457,285.066,285.247,0.9117,284.60805704346546,0,0,,0,0
12.04.2023 16:25:00.000,285.257,285.607,285.197,285.207,1.1394,284.65412957858354,0,0,,0,0
12.04.2023 16:30:00.000,285.207,285.427,285.156,285.156,0.99,284.6927349956156,0,0,,0,0
12.04.2023 16:35:00.000,285.147,285.247,284.996,285.237,1.0854,284.7346015344144,0,0,,0,0
12.04.2023 16:40:00.000,285.236,285.297,285.006,285.067,1.0809000000000002,284.76017064715177,0,0,,0,0
12.04.2023 16:45:00.000,285.076,285.517,285.046,285.326,1.2141000000000002,284.80369598198627,0,0,,0,0
12.04.2023 16:50:00.000,285.306,285.657,285.207,285.626,0.9171,284.8669501372181,0,0,,0,0
12.04.2023 16:55:00.000,285.607,286.017,285.607,285.916,0.8514,284.94764628050905,0,0,,0,0
12.04.2023 17:00:00.000,285.927,285.956,285.346,285.657,1.2915,285.00221195123913,0,0,,0,0
12.04.2023 17:05:00.000,285.656,285.976,285.586,285.956,0.8217,285.0755802626823,0,0,,0,0
12.04.2023 17:10:00.000,285.966,286.587,285.956,286.456,1.1528999999999998,285.18176639632213,0,0,,0,0
12.04.2023 17:15:00.000,286.467,286.567,286.226,286.506,1.0935,285.283630519682,0,0,,0,0
12.04.2023 17:20:00.000,286.497,286.566,286.196,286.367,1.0368000000000002,285.36696663355264,0,0,,0,0
12.04.2023 17:25:00.000,286.367,286.757,286.296,286.557,0.9639,285.4585076617409,0,0,,0,0
12.04.2023 17:30:00.000,286.606,286.986,286.596,286.726,1.0206,285.55600707237625,0,1,288.986,0,0
12.04.2023 17:35:00.000,286.727,286.846,286.116,286.206,1.2546,285.60600652834734,0,0,,0,0
12.04.2023 17:40:00.000,286.197,286.477,286.046,286.116,1.1205,285.6452367953975,0,0,,0,0
12.04.2023 17:45:00.000,286.096,286.207,285.847,286.126,0.9936,285.68221858036696,0,0,,0,0
12.04.2023 17:50:00.000,286.147,286.387,286.066,286.247,0.9783,285.72566330495414,0,0,,0,0
12.04.2023 17:55:00.000,286.237,286.377,286.196,286.357,0.7011000000000001,285.7742276661115,2,0,,0,0
12.04.2023 18:00:00.000,286.336,286.566,285.897,286.396,1.6173,285.82205630717993,2,0,,0,0
12.04.2023 18:05:00.000,286.397,286.636,285.776,285.936,1.6398,285.8308212066276,2,0,,0,0
12.04.2023 18:10:00.000,285.917,286.597,285.577,286.587,1.9404,285.88898880611777,2,0,,0,0
12.04.2023 18:15:00.000,286.616,286.796,286.426,286.527,1.4157,285.93806659026257,2,0,,0,0
12.04.2023 18:20:00.000,286.517,286.737,286.276,286.356,1.4769,285.97021531408853,2,0,,0,0
12.04.2023 18:25:00.000,286.347,286.347,284.786,284.996,1.6281,285.89527567454326,0,0,,0,0
12.04.2023 18:30:00.000,284.997,285.016,284.316,284.477,1.5498,285.78617754573224,0,0,,0,0
12.04.2023 18:35:00.000,284.496,284.836,284.216,284.707,1.4544,285.70316388836824,0,0,,0,0
12.04.2023 18:40:00.000,284.706,285.117,284.497,284.847,1.5975,285.6373051277245,0,0,,0,0
12.04.2023 18:45:00.000,284.857,285.026,284.276,284.487,1.2834,285.54882011789954,0,0,,0,0
12.04.2023 18:50:00.000,284.487,284.777,284.316,284.756,1.6281,285.4878339549842,0,0,,0,0
12.04.2023 18:55:00.000,284.757,284.906,284.606,284.726,1.4184,285.4292313430623,0,0,,0,0
12.04.2023 19:00:00.000,284.736,285.017,284.196,284.236,1.4769,285.33744431667293,0,0,,0,0
12.04.2023 19:05:00.000,284.267,284.617,284.236,284.466,1.3545,285.27041013846735,0,0,,0,0
12.04.2023 19:10:00.000,284.467,284.527,283.816,283.867,1.3455,285.1624555124314,0,0,,0,0
12.04.2023 19:15:00.000,283.856,283.907,283.566,283.776,1.4625,285.05580508839824,0,0,,0,0
12.04.2023 19:20:00.000,283.776,284.136,283.616,283.646,1.3113,284.94735854313683,0,0,,0,0
12.04.2023 19:25:00.000,283.636,283.687,283.247,283.527,1.4436,284.8381001936648,0,0,,0,0
12.04.2023 19:30:00.000,283.527,284.007,283.437,283.806,1.548,284.7587078710752,0,0,,0,0
12.04.2023 19:35:00.000,283.786,284.067,283.756,283.957,1.5993,284.69703803483867,0,0,,0,0
12.04.2023 19:40:00.000,283.966,284.037,283.606,283.807,1.6155,284.62857357062035,0,0,,0,0
12.04.2023 19:45:00.000,283.827,284.127,283.446,283.546,1.7523,284.5452986805726,0,0,,0,0
12.04.2023 19:50:00.000,283.536,283.807,283.386,283.447,1.4265,284.46081416668244,0,0,,0,0
12.04.2023 19:55:00.000,283.446,283.566,282.966,283.417,1.7514,284.3805207692454,0,2,280.966,0,0
13.04.2023 13:30:00.000,283.407,285.416,283.146,285.317,1.5785999999999998,284.4525576331496,0,0,,0,0
13.04.2023 13:35:00.000,285.336,286.157,285.166,285.387,1.5246000000000002,284.52443781521504,0,0,,0,0
13.04.2023 13:40:00.000,285.397,285.496,284.626,285.007,1.386,284.56155798327546,0,0,,0,0
13.04.2023 13:45:00.000,285.046,285.607,284.846,285.397,1.3653,284.62582275379276,0,0,,0,0
13.04.2023 13:50:00.000,285.396,285.697,284.996,285.406,1.4643000000000002,284.6858363881164,0,0,,0,0
13.04.2023 13:55:00.000,285.396,285.867,285.166,285.687,1.7963999999999998,284.76284897364593,0,0,,0,0
13.04.2023 14:00:00.000,285.686,286.467,285.686,286.216,1.5516,284.874629821827,0,0,,0,0
13.04.2023 14:05:00.000,286.227,286.787,286.227,286.596,1.7073,285.00704291245574,0,0,,0,0
13.04.2023 14:10:00.000,286.597,287.487,286.486,287.147,1.5650999999999995,285.17165499611303,0,0,,0,0
13.04.2023 14:15:00.000,287.167,287.676,287.076,287.516,1.5785999999999998,285.35198922718126,0,0,,0,0
13.04.2023 14:20:00.000,287.497,287.696,287.217,287.676,1.4031,285.53075928662884,0,0,,0,0
13.04.2023 14:25:00.000,287.687,287.896,287.407,287.717,1.3581,285.69893164919586,0,0,,0,0
13.04.2023 14:30:00.000,287.707,287.807,287.136,287.626,1.4841,285.8471676761808,0,0,,0,0
13.04.2023 14:35:00.000,287.627,287.707,287.246,287.477,1.1934,285.97253939339765,0,0,,0,0
13.04.2023 14:40:00.000,287.477,287.696,287.117,287.627,1.2996,286.09980559390556,0,0,,0,0
13.04.2023 14:45:00.000,287.647,287.807,287.206,287.747,1.0953,286.2265128559128,0,0,,0,0
13.04.2023 14:50:00.000,287.726,288.017,287.726,287.896,1.0683,286.35493494391955,0,0,,0,0
13.04.2023 14:55:00.000,287.917,288.036,287.457,287.566,1.3625999999999998,286.44809379438726,0,0,,0,0
13.04.2023 15:00:00.000,287.577,287.927,287.577,287.827,1.1484,286.55416350251136,0,0,,0,0
13.04.2023 15:05:00.000,287.826,288.047,287.576,288.017,1.2015,286.66668938693357,0,0,,0,0
13.04.2023 15:10:00.000,287.997,288.127,287.716,287.867,1.2050999999999998,286.7590209725541,0,0,,0,0
13.04.2023 15:15:00.000,287.876,287.927,287.666,287.797,1.0809,286.83886551312685,0,0,,0,0
13.04.2023 15:20:00.000,287.797,288.057,287.666,288.006,1.1736,286.9286450890402,0,0,,0,0
13.04.2023 15:25:00.000,288.017,288.167,287.646,287.836,1.1979,286.9984416206525,0,1,290.167,0,0
13.04.2023 15:30:00.000,287.836,287.886,287.306,287.336,1.1907,287.0244076498331,0,0,,0,0
13.04.2023 15:35:00.000,287.347,287.816,287.326,287.576,1.224,287.06683783061516,0,0,,0,0
13.04.2023 15:40:00.000,287.597,287.716,287.386,287.506,0.9801,287.1006195359525,0,0,,0,0
13.04.2023 15:45:00.000,287.497,287.696,287.336,287.387,1.0908000000000002,287.1226488024177,0,0,,0,0
13.04.2023 15:50:00.000,287.376,287.427,287.077,287.247,1.2141,287.1322142791548,0,0,,0,0
13.04.2023 15:55:00.000,287.246,287.587,287.146,287.476,0.9999,287.15865933460447,0,0,,0,0
13.04.2023 16:00:00.000,287.477,287.677,287.316,287.337,1.1862,287.1723778473272,0,0,,0,0
13.04.2023 16:05:00.000,287.347,287.627,287.326,287.426,1.1223,287.1918872436866,2,0,,0,0
13.04.2023 16:10:00.000,287.427,287.556,287.326,287.387,1.0917,287.2068959172492,2,0,,0,0
13.04.2023 16:15:00.000,287.376,287.697,287.366,287.556,1.0259999999999998,287.23375007746085,2,0,,0,0
13.04.2023 16:20:00.000,287.556,287.737,287.466,287.567,0.9378,287.25938468688696,2,0,,0,0
13.04.2023 16:25:00.000,287.566,287.757,287.407,287.686,0.7533,287.29220124943413,2,0,,0,0
13.04.2023 16:30:00.000,287.676,287.797,287.636,287.697,0.7110000000000001,287.32333961486233,2,0,,0,0
13.04.2023 16:35:00.000,287.686,287.767,287.506,287.697,0.8694,287.3520827214114,2,0,,0,0
13.04.2023 16:40:00.000,287.707,287.856,287.636,287.836,0.7272000000000001,287.38930712745673,2,0,,0,0
13.04.2023 16:45:00.000,287.836,287.957,287.766,287.837,0.7515,287.42374504072933,2,0,,0,0
13.04.2023 16:50:00.000,287.837,287.927,287.636,287.826,0.7065,287.454687729904,2,0,,0,0
13.04.2023 16:55:00.000,287.816,288.007,287.627,287.877,0.7479,287.48717328914216,2,0,,0,0
13.04.2023 17:00:00.000,287.886,287.937,287.547,287.817,0.9882,287.51254457459277,2,0,,0,0
13.04.2023 17:05:00.000,287.836,287.907,287.716,287.876,0.8163,287.54050268423947,2,0,,0,0
13.04.2023 17:10:00.000,287.876,288.416,287.876,288.407,0.9693,287.6071563239134,2,0,,0,0
13.04.2023 17:15:00.000,288.417,288.477,288.046,288.056,0.8109,287.64168276053545,2,0,,0,0
13.04.2023 17:20:00.000,288.057,288.157,287.886,287.917,0.8352,287.662861009725,2,0,,0,0
13.04.2023 17:25:00.000,287.906,288.156,287.846,288.107,0.8136000000000001,287.6970255474385,2,0,,0,0
13.04.2023 17:30:00.000,288.096,288.136,287.846,287.996,0.8208,287.7200235822509,2,0,,0,0
13.04.2023 17:35:00.000,287.996,288.217,287.906,288.196,0.8657999999999999,287.756637152847,2,0,,0,0
13.04.2023 17:40:00.000,288.206,288.497,288.136,288.367,0.9153,287.80358814108956,2,0,,0,0
13.04.2023 17:45:00.000,288.336,288.556,288.316,288.407,0.5787,287.8500044379289,2,0,,0,0
13.04.2023 17:50:00.000,288.417,288.497,288.306,288.336,0.8037000000000001,287.88738871193436,2,0,,0,0
13.04.2023 17:55:00.000,288.337,288.517,288.296,288.496,0.7946999999999999,287.9342049648625,2,0,,0,0
13.04.2023 18:00:00.000,288.516,288.667,288.297,288.576,0.8019,287.9835738137192,2,0,,0,0
13.04.2023 18:05:00.000,288.556,288.677,288.446,288.657,0.7883999999999999,288.03537582804853,2,0,,0,0
13.04.2023 18:10:00.000,288.657,288.757,288.546,288.636,0.7866,288.08157768742944,2,0,,0,0
13.04.2023 18:15:00.000,288.637,288.787,288.596,288.746,0.8127,288.1326870960887,2,0,,0,0
13.04.2023 18:20:00.000,288.736,288.846,288.626,288.696,0.8712,288.17601885792806,2,0,,0,0
13.04.2023 18:25:00.000,288.706,288.787,288.596,288.617,0.7515000000000001,288.2099404842413,2,0,,0,0
13.04.2023 18:30:00.000,288.607,288.697,288.446,288.456,0.6894,288.22886813929966,2,0,,0,0
13.04.2023 18:35:00.000,288.456,288.657,288.236,288.557,0.8684999999999999,288.25410905166126,2,0,,0,0
13.04.2023 18:40:00.000,288.546,288.727,288.406,288.717,0.9306,288.2897160476873,2,0,,0,0
13.04.2023 18:45:00.000,288.717,288.737,288.587,288.676,0.8244,288.31943019786524,2,0,,0,0
13.04.2023 18:50:00.000,288.677,288.797,288.577,288.767,0.7659,288.35385864418333,2,0,,0,0
13.04.2023 18:55:00.000,288.766,288.877,288.627,288.757,0.8883,288.3848695177077,2,0,,0,0
13.04.2023 19:00:00.000,288.746,288.847,288.576,288.796,0.9423,288.41649493942253,2,0,,0,0
13.04.2023 19:05:00.000,288.806,288.957,288.606,288.947,0.9414,288.45730302100543,2,0,,0,0
13.04.2023 19:10:00.000,288.956,288.997,288.606,288.657,0.9108,288.472664327082,2,0,,0,0
13.04.2023 19:15:00.000,288.657,289.167,288.636,289.157,0.9765,288.52530553269105,2,0,,0,0
13.04.2023 19:20:00.000,289.146,289.447,289.127,289.247,1.0818,288.5808204917148,2,0,,0,0
13.04.2023 19:25:00.000,289.257,289.337,289.056,289.277,0.9711,288.6343727615829,2,0,,0,0
13.04.2023 19:30:00.000,289.286,289.286,288.926,289.006,1.0494,288.66295947223034,2,0,,0,0
13.04.2023 19:35:00.000,289.017,289.187,288.917,289.127,0.9864,288.6986548974434,2,0,,0,0
13.04.2023 19:40:00.000,289.096,289.597,289.096,289.516,1.0089,288.76152759764005,2,0,,0,0
13.04.2023 19:45:00.000,289.487,289.557,289.077,289.176,1.2834,288.7934100901293,2,0,,0,0
13.04.2023 19:50:00.000,289.147,289.287,288.866,289.096,1.0557,288.81668623704246,2,0,,0,0
13.04.2023 19:55:00.000,289.107,289.866,289.097,289.717,1.3167,288.8859411418854,2,1,291.866,0,0
14.04.2023 13:30:00.000,286.907,286.997,286.406,286.766,1.5453,288.72286874635574,0,0,,0,0
14.04.2023 13:35:00.000,286.767,287.596,286.696,287.297,1.9062,288.61318653509767,0,0,,0,0
14.04.2023 13:40:00.000,287.296,287.626,287.236,287.577,1.9107,288.5334798785517,0,0,,0,0
14.04.2023 13:45:00.000,287.587,287.647,287.146,287.397,1.9503,288.4460583494324,0,0,,0,0
14.04.2023 13:50:00.000,287.406,288.337,287.396,288.177,1.6758,288.42536155332226,0,0,,0,0
14.04.2023 13:55:00.000,288.176,288.326,287.757,287.767,1.4876999999999998,288.37471835691287,0,0,,0,0
14.04.2023 14:00:00.000,287.767,288.467,287.496,288.377,1.971,288.3748938679196,0,0,,0,0
14.04.2023 14:05:00.000,288.387,288.427,286.107,286.296,1.8234,288.2149789550027,0,0,,0,0
14.04.2023 14:10:00.000,286.297,286.977,286.197,286.706,1.5084,288.0989036507718,0,0,,0,0
14.04.2023 14:15:00.000,286.707,286.956,286.236,286.426,1.7865,287.9702187545586,0,0,,0,0
14.04.2023 14:20:00.000,286.416,286.686,285.826,285.826,1.7991,287.8052788503618,0,0,,0,0
14.04.2023 14:25:00.000,285.837,286.267,285.796,285.977,1.3896000000000002,287.6646420157186,0,0,,0,0
14.04.2023 14:30:00.000,285.976,286.427,285.596,285.936,1.2888,287.531669552971,0,0,,0,0
14.04.2023 14:35:00.000,285.946,286.017,285.646,285.877,1.7055,287.4043872796655,0,0,,0,0
14.04.2023 14:40:00.000,285.876,285.986,285.436,285.886,1.5912,287.28758825815277,0,0,,0,0
14.04.2023 14:45:00.000,285.927,286.297,285.686,286.216,1.7315999999999998,287.205158392141,0,0,,0,0
14.04.2023 14:50:00.000,286.197,286.507,285.696,285.766,1.6596000000000002,287.0944539004379,0,0,,0,0
14.04.2023 14:55:00.000,285.727,286.337,285.696,286.246,1.3670999999999998,287.02918821578885,0,0,,0,0
14.04.2023 15:00:00.000,286.247,286.486,285.796,285.927,1.4400000000000002,286.944404506882,0,0,,0,0
14.04.2023 15:05:00.000,285.917,286.516,285.707,286.347,1.2501,286.89845031404496,0,0,,0,0
14.04.2023 15:10:00.000,286.337,287.096,286.336,286.976,1.503,286.90441567450307,0,0,,0,0
14.04.2023 15:15:00.000,286.976,287.187,286.756,287.166,1.4697,286.92453754569516,0,0,,0,0
14.04.2023 15:20:00.000,287.166,287.306,286.736,286.767,1.4661,286.9124192729494,0,0,,0,0
14.04.2023 15:25:00.000,286.767,286.767,286.326,286.346,1.5714,286.86884855964564,0,0,,0,0
14.04.2023 15:30:00.000,286.366,286.737,286.287,286.737,1.7775,286.85870636274984,0,0,,0,0
14.04.2023 15:35:00.000,286.716,286.777,285.996,286.066,1.5372,286.79772895023063,0,0,,0,0
14.04.2023 15:40:00.000,286.057,286.466,285.946,286.436,1.5318,286.76990364636674,0,0,,0,0
14.04.2023 15:45:00.000,286.447,286.807,286.376,286.396,1.4256000000000002,286.7411418274155,0,0,,0,0
14.04.2023 15:50:00.000,286.406,286.547,286.296,286.307,1.3716,286.7077463022297,0,0,,0,0
14.04.2023 15:55:00.000,286.317,286.406,285.926,286.216,1.4679,286.6699196635966,0,0,,0,0
14.04.2023 16:00:00.000,286.227,286.296,285.777,285.797,1.3482,286.6027719971661,0,0,,0,0
14.04.2023 16:05:00.000,285.807,286.166,285.546,285.837,1.4256,286.5438664589226,0,0,,0,0
14.04.2023 16:10:00.000,285.836,285.886,285.336,285.427,1.3311000000000002,286.45795365439005,0,0,,0,0
14.04.2023 16:15:00.000,285.416,285.617,285.206,285.536,1.1844,286.38703414251387,0,0,,0,0
14.04.2023 16:20:00.000,285.517,285.707,285.246,285.326,1.1043,286.3054161315513,0,0,,0,0
14.04.2023 16:25:00.000,285.326,285.527,285.227,285.446,1.2861,286.23930719835505,0,0,,0,0
14.04.2023 16:30:00.000,285.427,285.436,284.947,285.227,1.3077,286.16143741386617,0,0,,0,0
14.04.2023 16:35:00.000,285.227,285.307,284.626,284.636,1.0764,286.04409607433803,0,0,,0,0
14.04.2023 16:40:00.000,284.636,284.916,284.516,284.537,1.2348,285.92816560708127,0,0,,0,0
14.04.2023 16:45:00.000,284.526,284.577,284.056,284.137,1.4643,285.7903836373058,0,0,,0,0
14.04.2023 16:50:00.000,284.137,284.476,284.097,284.296,1.0557,285.67543104982076,0,0,,0,0
14.04.2023 16:55:00.000,284.296,284.327,284.046,284.157,1.1204999999999998,285.558628661373,0,0,,0,0
14.04.2023 17:00:00.000,284.147,284.577,283.997,284.527,1.3311,285.4792726104982,0,0,,0,0
14.04.2023 17:05:00.000,284.527,284.857,284.527,284.727,1.0656,285.42140548661376,0,0,,0,0
14.04.2023 17:10:00.000,284.746,285.016,284.696,284.896,1.017,285.3809896799512,0,0,,0,0
14.04.2023 17:15:00.000,284.906,285.167,284.866,284.946,1.1286,285.3475289353396,0,0,,0,0
14.04.2023 17:20:00.000,284.936,284.967,284.286,284.466,1.1241,285.2797190172366,0,0,,0,0
14.04.2023 17:25:00.000,284.466,284.657,284.277,284.316,1.044,285.20558678514146,0,0,,0,0
14.04.2023 17:30:00.000,284.307,284.307,283.826,283.997,1.4823,285.1126185708998,0,0,,0,0
14.04.2023 17:35:00.000,283.986,284.197,283.676,284.156,1.4022,285.0390325269845,0,2,281.676,0,0
14.04.2023 17:40:00.000,284.157,284.597,284.136,284.226,1.5021,284.9764915633703,0,0,,0,0
14.04.2023 17:45:00.000,284.226,284.757,284.156,284.587,1.1817,284.9465306738803,0,0,,0,0
14.04.2023 17:50:00.000,284.596,285.037,284.566,285.017,1.1889,284.9519513912741,0,0,,0,0
14.04.2023 17:55:00.000,285.017,285.197,284.886,284.926,1.089,284.94995513040686,0,0,,0,0
14.04.2023 18:00:00.000,284.917,284.996,284.596,284.676,1.2186,284.9288816588371,0,0,,0,0
14.04.2023 18:05:00.000,284.676,284.927,284.576,284.747,1.2159000000000002,284.9148907620035,0,0,,0,0
14.04.2023 18:10:00.000,284.747,285.057,284.746,285.057,1.161,284.9258222418494,0,0,,0,0
14.04.2023 18:15:00.000,285.057,285.497,285.006,285.297,1.2006,284.95437437709177,0,0,,0,0
14.04.2023 18:20:00.000,285.296,285.746,285.246,285.666,1.2114,285.0091148096232,0,0,,0,0
14.04.2023 18:25:00.000,285.666,285.787,285.536,285.747,1.1097,285.06587520888297,0,0,,0,0
14.04.2023 18:30:00.000,285.757,286.017,285.736,285.916,1.116,285.1312694235843,0,0,,0,0
14.04.2023 18:35:00.000,285.917,286.007,285.566,285.667,1.125,285.17247946792395,0,0,,0,0
14.04.2023 18:40:00.000,285.666,285.877,285.516,285.856,1.026,285.22505797039133,0,0,,0,0
14.04.2023 18:45:00.000,285.856,285.977,285.706,285.906,1.2024,285.2774381265151,0,0,,0,0
14.04.2023 18:50:00.000,285.916,285.966,285.546,285.697,1.08,285.3097121167832,0,0,,0,0
14.04.2023 18:55:00.000,285.697,285.936,285.666,285.756,1.0224,285.3440419539537,0,0,,0,0
14.04.2023 19:00:00.000,285.766,285.787,285.516,285.586,1.1394,285.3626541113419,0,0,,0,0
14.04.2023 19:05:00.000,285.586,285.637,285.336,285.597,0.9414,285.3806807181618,0,0,,0,0
14.04.2023 19:10:00.000,285.607,285.637,285.046,285.096,1.1196000000000002,285.3587822013801,0,0,,0,0
14.04.2023 19:15:00.000,285.097,285.216,284.596,285.167,1.4319000000000002,285.3440297243509,0,0,,0,0
14.04.2023 19:20:00.000,285.166,285.647,284.996,285.586,1.2276,285.3626428224777,0,0,,0,0
14.04.2023 19:25:00.000,285.596,285.877,285.596,285.677,1.2132,285.38682414382555,0,0,,0,0
14.04.2023 19:30:00.000,285.727,285.807,285.527,285.697,1.2555000000000005,285.4106838250697,0,0,,0,0
14.04.2023 19:35:00.000,285.696,285.977,285.666,285.956,1.1709,285.4526312231413,0,0,,0,0
14.04.2023 19:40:00.000,285.947,286.217,285.836,286.176,1.4489999999999998,285.50827497520737,0,0,,0,0
14.04.2023 19:45:00.000,286.186,286.397,286.016,286.196,1.3914,285.56117690019147,0,0,,0,0
14.04.2023 19:50:00.000,286.137,286.177,285.807,285.857,1.2411,285.5839325232537,0,0,,0,0
14.04.2023 19:55:00.000,285.867,286.196,285.766,286.037,1.629,285.61878386761884,0,0,,0,0
17.04.2023 13:30:00.000,289.916,290.397,289.266,290.336,1.5939e-06,285.9816466470328,0,0,,0,0
17.04.2023 13:35:00.000,290.347,291.557,290.157,290.746,1.458e-06,286.3481353664918,0,1,293.557,0,0
17.04.2023 13:40:00.000,290.747,291.167,289.047,289.407,1.3221e-06,286.58343264599245,0,0,,0,0
17.04.2023 13:45:00.000,289.387,289.417,288.366,289.036,1.3095e-06,286.77209167322377,0,0,,0,0
17.04.2023 13:50:00.000,289.037,289.287,288.337,288.647,1.2195e-06,286.9163153906681,0,0,,0,0
17.04.2023 13:55:00.000,288.647,288.656,287.896,288.516,1.3266e-06,287.03936805292443,0,0,,0,0
17.04.2023 15:00:00.000,287.447,287.816,287.356,287.597,1.3608e-06,287.08226281808413,0,0,,0,0
17.04.2023 15:05:00.000,287.596,288.206,287.416,287.966,1.1672999999e-06,287.15024260130843,0,0,,0,0
17.04.2023 15:10:00.000,287.956,288.177,287.747,287.986,1.3131e-06,287.214531631977,0,0,,0,0
17.04.2023 15:15:00.000,287.987,288.396,287.967,288.017,1.2096e-06,287.2762599679788,0,0,,0,0
17.04.2023 15:20:00.000,287.996,288.207,287.816,288.206,1.2267e-06,287.3477784319804,0,0,,0,0
17.04.2023 15:25:00.000,288.217,288.357,287.596,287.597,1.3491e-06,287.3669493218281,0,0,,0,0
17.04.2023 15:30:00.000,287.597,287.597,287.046,287.306,1.3221e-06,287.36226091245675,0,0,,0,0
17.04.2023 15:35:00.000,287.316,287.337,286.717,287.116,8.864999999999851e-07,287.3433177653447,0,0,,0,0
17.04.2023 15:40:00.000,287.136,287.317,286.817,287.126,8.342999999999873e-07,287.32660101416434,0,0,,0,0
17.04.2023 15:45:00.000,287.126,287.247,287.016,287.216,9.179999999999836e-07,287.31809324384403,0,0,,0,0
17.04.2023 15:50:00.000,287.197,287.247,287.066,287.177,7.577999999999905e-07,287.3072399173945,0,0,,0,0
17.04.2023 15:55:00.000,287.156,287.246,287.046,287.047,8.828999999999852e-07,287.2872214622103,0,0,,0,0
17.04.2023 17:00:00.000,287.047,287.217,286.996,287.116,8.774999999999855e-07,287.2740505805018,0,0,,0,0
17.04.2023 17:05:00.000,287.117,287.137,286.746,286.996,1.0736999999e-06,287.25266207430934,0,0,,0,0
17.04.2023 17:10:00.000,286.986,287.146,286.806,287.087,9.08999999999984e-07,287.239918837824,0,0,,0,0
17.04.2023 17:15:00.000,287.137,287.187,286.996,287.047,7.739999999999899e-07,287.22507892722217,0,0,,0,0
17.04.2023 17:20:00.000,287.037,287.137,286.856,286.896,7.208999999999921e-07,287.1997651635897,0,0,,0,0
17.04.2023 17:25:00.000,286.887,286.986,286.606,286.926,7.523999999999908e-07,287.1787063048521,0,0,,0,0
17.04.2023 17:30:00.000,286.937,287.147,286.847,287.097,6.929999999999933e-07,287.1724212044789,0,0,,0,0
17.04.2023 17:35:00.000,287.097,287.216,287.016,287.166,5.81399999999998e-07,287.1719272656728,0,0,,0,0
17.04.2023 17:40:00.000,287.136,287.157,286.966,286.996,6.542999999999949e-07,287.1583943990826,0,0,,0,0
17.04.2023 17:45:00.000,287.006,287.087,286.816,286.877,5.561999999999991e-07,287.1367486760763,0,0,,0,0
17.04.2023 17:50:00.000,286.856,286.907,286.676,286.747,8.018999999999887e-07,287.10676800868583,0,0,,0,0
17.04.2023 17:55:00.000,286.726,286.726,286.416,286.526,8.495999999999866e-07,287.0620935464793,0,2,284.416,0,0
17.04.2023 19:00:00.000,287.566,287.627,287.386,287.386,5.624999999999988e-07,287.0870094275194,0,0,,0,0
17.04.2023 19:05:00.000,287.417,287.657,287.266,287.597,6.938999999999933e-07,287.12623947155635,0,0,,0,0
17.04.2023 19:10:00.000,287.597,287.667,287.396,287.397,6.875999999999935e-07,287.1470672045136,0,0,,0,0
17.04.2023 19:15:00.000,287.396,287.797,287.396,287.717,7.46999999999991e-07,287.19090818878175,0,0,,0,0
17.04.2023 19:20:00.000,287.726,287.867,287.666,287.747,8.324999999999874e-07,287.2336844819524,0,0,,0,0
17.04.2023 19:25:00.000,287.736,288.067,287.566,287.947,7.973999999999889e-07,287.28855490641763,0,0,,0,0
17.04.2023 19:30:00.000,287.947,288.167,287.786,288.097,9.485999999999824e-07,287.35074299053935,0,0,,0,0
17.04.2023 19:35:00.000,288.087,288.307,287.967,288.186,9.989999999999857e-07,287.4149935297287,0,0,,0,0
17.04.2023 19:40:00.000,288.196,288.347,288.016,288.226,8.810999999999853e-07,287.47737864282647,0,0,,0,0
17.04.2023 19:45:00.000,288.197,288.217,287.897,288.176,1.0637999999e-06,287.5311187472244,0,0,,0,0
17.04.2023 19:50:00.000,288.177,288.597,288.006,288.457,8.531999999999865e-07,287.60234038205334,0,0,,0,0
17.04.2023 19:55:00.000,288.457,288.776,288.356,288.696,9.548999999999824e-07,287.68646804497234,0,0,,0,0
18.04.2023 13:30:00.000,291.296,291.656,289.997,290.197,1.5948e-06,287.8795858876668,0,1,293.656,0,0
18.04.2023 13:35:00.000,290.257,290.307,289.167,289.726,1.3437e-06,288.0216177424617,0,0,,0,0
18.04.2023 13:40:00.000,289.727,290.196,289.297,289.687,9.77399999999984e-07,288.1497240699647,0,0,,0,0
18.04.2023 13:45:00.000,289.686,290.446,289.526,290.177,1.4742e-06,288.30566837227514,0,0,,0,0
18.04.2023 13:50:00.000,290.176,290.407,289.877,290.217,1.8144e-06,288.4526938821001,0,0,,0,0
18.04.2023 13:55:00.000,290.267,290.696,289.506,289.776,2.1888e-06,288.55448666040013,0,0,,0,0
18.04.2023 15:00:00.000,287.697,288.007,287.436,287.706,1.1798999999e-06,288.489218455754,0,0,,0,0
18.04.2023 15:05:00.000,287.726,288.047,287.576,287.786,1.2312e-06,288.4351247283883,0,0,,0,0
18.04.2023 15:10:00.000,287.787,288.067,287.576,287.777,1.3284e-06,288.38449974928153,0,0,,0,0
18.04.2023 15:15:00.000,287.796,287.967,287.646,287.886,1.287e-06,288.34615361472146,0,0,,0,0
18.04.2023 15:20:00.000,287.856,288.017,287.556,287.617,1.1744999999e-06,288.2900648751275,0,0,,0,0
18.04.2023 15:25:00.000,287.617,287.937,287.577,287.846,1.269e-06,288.2559060385792,0,0,,0,0
18.04.2023 15:30:00.000,287.867,288.247,287.756,287.877,1.1780999999e-06,288.226759420227,0,0,,0,0
18.04.2023 15:35:00.000,287.877,288.057,287.206,287.257,1.3923e-06,288.152162541748,0,0,,0,0
18.04.2023 15:40:00.000,287.246,287.497,287.146,287.376,1.2645e-06,288.0924577308443,0,2,285.146,0,0
18.04.2023 15:45:00.000,287.357,287.697,287.346,287.626,1.1573999999e-06,288.05657636693314,0,0,,0,0
18.04.2023 15:50:00.000,287.636,287.636,287.256,287.407,1.0736999999e-06,288.00660895409214,0,0,,0,0
18.04.2023 15:55:00.000,287.427,287.487,287.156,287.296,8.621999999999861e-07,287.95194672685426,0,0,,0,0
18.04.2023 17:00:00.000,287.736,287.887,287.636,287.877,7.568999999999906e-07,287.9461815940194,0,0,,0,0
18.04.2023 17:05:00.000,287.886,288.267,287.827,288.266,7.7039999999999e-07,287.9707830098641,0,0,,0,0
18.04.2023 17:10:00.000,288.257,288.306,287.746,287.986,6.281999999999961e-07,287.9719535475669,0,0,,0,0
18.04.2023 17:15:00.000,287.976,288.176,287.866,288.087,8.243999999999877e-07,287.98080327467716,0,0,,0,0
18.04.2023 17:20:00.000,288.087,288.226,287.916,288.077,6.857999999999936e-07,287.988203022779,0,0,,0,0
18.04.2023 17:25:00.000,288.077,288.177,287.847,287.947,7.23599999999992e-07,287.9850335594883,0,0,,0,0
18.04.2023 17:30:00.000,287.906,288.087,287.766,288.037,7.109999999999925e-07,287.9890309779892,0,0,,0,0
18.04.2023 17:35:00.000,288.047,288.267,288.047,288.127,6.353999999999958e-07,287.9996439796824,0,0,,0,0
18.04.2023 17:40:00.000,288.127,288.267,288.036,288.267,7.514999999999908e-07,288.0202098273991,0,0,,0,0
18.04.2023 17:45:00.000,288.247,288.517,288.186,288.397,7.802999999999896e-07,288.04919368682994,0,0,,0,0
18.04.2023 17:50:00.000,288.407,288.457,288.326,288.346,6.686999999999943e-07,288.07202494168916,0,0,,0,0
18.04.2023 17:55:00.000,288.347,288.356,287.746,287.826,7.442999999999911e-07,288.0530999461746,0,0,,0,0
18.04.2023 19:00:00.000,287.757,288.016,287.716,287.976,1.0097999999e-06,288.04716918108426,0,0,,0,0
18.04.2023 19:05:00.000,287.976,288.147,287.946,288.076,8.468999999999868e-07,288.0493869363855,0,0,,0,0
18.04.2023 19:10:00.000,288.056,288.237,288.046,288.147,7.523999999999908e-07,288.0568956335866,0,0,,0,0
18.04.2023 19:15:00.000,288.147,288.427,288.076,288.386,8.072999999999884e-07,288.08221135407996,0,0,,0,0
18.04.2023 19:20:00.000,288.387,288.517,288.226,288.257,7.47899999999991e-07,288.0956566345354,0,0,,0,0
18.04.2023 19:25:00.000,288.266,288.287,287.996,288.136,9.170999999999838e-07,288.0987599703404,0,0,,0,0
18.04.2023 19:30:00.000,288.136,288.147,287.856,288.006,9.15299999999984e-07,288.0916245880065,0,0,,0,0
18.04.2023 19:35:00.000,288.027,288.077,287.816,287.907,8.846999999999852e-07,288.0774226966214,0,0,,0,0
18.04.2023 19:40:00.000,287.907,288.077,287.826,287.996,1.0007999999e-06,288.0711594122659,0,0,,0,0
18.04.2023 19:45:00.000,288.006,288.127,287.996,288.056,1.0385999999e-06,288.06999330363004,0,0,,0,0
18.04.2023 19:50:00.000,288.056,288.547,287.517,288.417,1.1357999999e-06,288.09668612642776,0,0,,0,0
18.04.2023 19:55:00.000,288.416,288.696,288.096,288.257,9.467999999999824e-07,288.1090179628564,0,0,,0,0
19.04.2023 13:30:00.000,285.757,286.746,285.636,286.627,1.3779e-06,287.99501658109824,0,0,,0,0
19.04.2023 13:35:00.000,286.597,286.957,285.196,285.267,1.5534e-06,287.785169151783,0,0,,0,0
19.04.2023 13:40:00.000,285.246,285.556,284.996,285.416,1.548e-06,287.6029253708767,0,0,,0,0
19.04.2023 13:45:00.000,285.417,286.166,285.276,285.907,1.5885e-06,287.47246957311694,0,0,,0,0
19.04.2023 13:50:00.000,285.886,286.036,284.586,284.627,2.0448e-06,287.25358729826183,0,0,,0,0
19.04.2023 13:55:00.000,284.636,285.516,284.516,285.196,1.6659e-06,287.0953113522417,0,2,282.516,0,0
19.04.2023 15:00:00.000,286.876,287.547,286.866,287.196,1.368e-06,287.1030566328385,0,0,,0,0
19.04.2023 15:05:00.000,287.207,287.366,286.986,287.176,1.1078999999e-06,287.10866766108165,0,0,,0,0
19.04.2023 15:10:00.000,287.187,287.497,287.096,287.356,1.1925e-06,287.1276932256139,0,0,,0,0
19.04.2023 15:15:00.000,287.347,287.517,287.066,287.156,1.1105999999e-06,287.12987066979747,0,0,,0,0
19.04.2023 15:20:00.000,287.157,287.347,287.016,287.306,1.0889999999e-06,287.1434190798131,0,0,,0,0
19.04.2023 15:25:00.000,287.287,287.487,287.186,287.446,1.0061999999e-06,287.1666945352121,0,0,,0,0
19.04.2023 15:30:00.000,287.446,287.497,287.136,287.216,1.0178999999e-06,287.1704872632727,0,0,,0,0
19.04.2023 15:35:00.000,287.207,287.816,287.176,287.696,1.1267999999e-06,287.21091131994405,0,0,,0,0
19.04.2023 15:40:00.000,287.696,287.987,287.586,287.707,1.0934999999e-06,287.24907198764066,0,0,,0,0
19.04.2023 15:45:00.000,287.707,287.787,287.517,287.627,9.74699999999984e-07,287.2781433732068,0,0,,0,0
19.04.2023 15:50:00.000,287.626,287.877,287.516,287.796,7.991999999999888e-07,287.3179784983447,0,0,,0,0
19.04.2023 15:55:00.000,287.797,287.917,287.647,287.916,1.1276999999e-06,287.3639801523182,0,0,,0,0
19.04.2023 17:00:00.000,288.427,288.547,288.256,288.446,8.270999999999876e-07,287.4472124482938,0,0,,0,0
19.04.2023 17:05:00.000,288.446,288.787,288.446,288.626,8.711999999999857e-07,287.53788841380964,0,1,290.787,0,0
19.04.2023 17:10:00.000,288.626,288.666,288.456,288.536,8.729999999999856e-07,287.614666228132,0,0,,0,0
19.04.2023 17:15:00.000,288.537,288.566,287.956,288.196,1.0709999999e-06,287.6593842105834,0,0,,0,0
19.04.2023 17:20:00.000,288.207,288.297,288.006,288.247,7.676999999999901e-07,287.70458542515394,0,0,,0,0
19.04.2023 17:25:00.000,288.236,288.566,288.236,288.437,5.858999999999979e-07,287.76092500783443,0,0,,0,0
19.04.2023 17:30:00.000,288.427,288.487,288.326,288.327,5.939999999999975e-07,287.80446923800105,0,0,,0,0
19.04.2023 17:35:00.000,288.327,288.397,288.166,288.196,8.333999999999873e-07,287.83458698892406,0,0,,0,0
19.04.2023 17:40:00.000,288.177,288.257,288.076,288.086,6.110999999999968e-07,287.8539264513146,0,0,,0,0
19.04.2023 17:45:00.000,288.097,288.187,287.966,288.186,7.577999999999905e-07,287.87947057044425,0,0,,0,0
19.04.2023 17:50:00.000,288.186,288.497,288.157,288.466,6.641999999999945e-07,287.92458821887163,0,0,,0,0
19.04.2023 17:55:00.000,288.457,288.577,288.436,288.507,6.497999999999951e-07,287.9693891251123,0,0,,0,0
19.04.2023 19:00:00.000,288.657,288.667,288.357,288.527,8.65799999999986e-07,288.01228226933443,0,0,,0,0
19.04.2023 19:05:00.000,288.516,288.596,288.386,288.567,7.397999999999913e-07,288.05495286400105,0,0,,0,0
19.04.2023 19:10:00.000,288.556,288.707,288.476,288.597,6.659999999999944e-07,288.09664879753944,0,0,,0,0
19.04.2023 19:15:00.000,288.607,288.657,288.337,288.407,8.87399999999985e-07,288.12052196695953,0,0,,0,0
19.04.2023 19:20:00.000,288.406,288.617,288.376,288.586,6.812999999999938e-07,288.15632796950115,0,0,,0,0
19.04.2023 19:25:00.000,288.586,288.587,288.346,288.376,5.840999999999979e-07,288.1732258180011,0,0,,0,0
19.04.2023 19:30:00.000,288.366,288.567,288.296,288.407,7.658999999999902e-07,288.19120844738563,0,0,,0,0
19.04.2023 19:35:00.000,288.396,288.486,288.247,288.456,8.018999999999887e-07,288.211577028356,0,0,,0,0
19.04.2023 19:40:00.000,288.447,288.617,288.396,288.496,9.34199999999983e-07,288.23345571848245,0,0,,0,0
19.04.2023 19:45:00.000,288.496,288.547,288.136,288.206,1.2384e-06,288.2313437401376,0,0,,0,0
19.04.2023 19:50:00.000,288.207,288.456,288.006,288.366,9.449999999999826e-07,288.2417019139732,0,0,,0,0
19.04.2023 19:55:00.000,288.367,288.597,288.196,288.336,1.0583999999e-06,288.2489556128984,0,0,,0,0
20.04.2023 13:30:00.000,285.157,286.177,285.157,286.037,0.7667999999999999,288.078805181137,0,2,283.157,0,0
20.04.2023 13:35:00.000,286.047,286.456,285.986,286.356,0.8946000000000001,287.94628170566494,0,0,,0,0
20.04.2023 13:40:00.000,286.387,286.797,286.266,286.736,0.9036,287.8531831129215,0,0,,0,0
20.04.2023 13:45:00.000,286.746,287.117,286.586,286.636,1.2555,287.7595536426968,0,0,,0,0
20.04.2023 13:50:00.000,286.687,286.947,286.486,286.877,1.2051,287.6916649009509,0,0,,0,0
20.04.2023 13:55:00.000,286.887,286.997,286.406,286.967,1.5381,287.6359214470316,0,0,,0,0
20.04.2023 14:00:00.000,286.966,287.216,286.296,286.367,1.4967,287.5383121049523,0,0,,0,0
20.04.2023 14:05:00.000,286.376,287.266,286.266,287.097,1.7208,287.504365019956,0,0,,0,0
20.04.2023 14:10:00.000,287.087,287.426,286.876,287.047,1.4877000000000002,287.4691830953441,0,0,,0,0
20.04.2023 14:15:00.000,287.067,287.277,286.866,287.247,1.4192999999999998,287.45209208801,0,0,,0,0
20.04.2023 14:20:00.000,287.247,287.707,287.166,287.276,1.4166,287.43854654277845,0,0,,0,0
20.04.2023 14:25:00.000,287.266,287.606,287.106,287.146,1.2762,287.41604296256475,0,0,,0,0
20.04.2023 14:30:00.000,287.156,287.637,287.097,287.307,1.2249,287.4076550423675,0,0,,0,0
20.04.2023 14:35:00.000,287.317,287.496,286.766,286.877,1.4508,287.36683542372384,0,0,,0,0
20.04.2023 14:40:00.000,286.887,287.177,286.817,287.126,1.2654,287.3483096218989,0,0,,0,0
20.04.2023 14:45:00.000,287.127,287.297,286.916,287.167,1.1852999999999998,287.3343627279067,0,0,,0,0
20.04.2023 14:50:00.000,287.166,287.467,287.046,287.087,1.1826,287.31533482576003,0,0,,0,0
20.04.2023 14:55:00.000,287.087,287.087,286.666,286.726,1.0656,287.2700013776247,0,0,,0,0
20.04.2023 15:00:00.000,286.736,286.907,286.516,286.557,1.0899,287.2151551178074,0,0,,0,0
20.04.2023 15:05:00.000,286.566,286.827,286.256,286.497,1.4139,287.15991241643763,0,0,,0,0
20.04.2023 15:10:00.000,286.496,286.827,286.366,286.736,1.0485,287.12730376901936,0,0,,0,0
20.04.2023 15:15:00.000,286.746,287.186,286.427,287.186,0.9945,287.1318188637102,0,0,,0,0
20.04.2023 15:20:00.000,287.187,287.447,286.856,286.997,1.1952,287.12144818188636,0,0,,0,0
20.04.2023 15:25:00.000,286.997,287.137,286.757,287.046,1.2627000000000002,287.11564447558743,0,0,,0,0
20.04.2023 15:30:00.000,287.057,287.157,286.856,286.966,1.2384,287.1041333620807,0,0,,0,0
20.04.2023 15:35:00.000,286.967,287.216,286.826,287.187,1.2069,287.11050771884373,0,0,,0,0
20.04.2023 15:40:00.000,287.177,287.317,286.946,286.957,1.1943,287.09869943277886,0,0,,0,0
20.04.2023 15:45:00.000,286.967,287.397,286.956,287.267,1.0017,287.1116456302574,0,0,,0,0
20.04.2023 15:50:00.000,287.266,287.477,287.136,287.387,0.9099,287.1328267356222,0,0,,0,0
20.04.2023 15:55:00.000,287.387,287.427,287.216,287.256,0.981,287.1423016021128,0,0,,0,0
20.04.2023 16:00:00.000,287.257,287.307,286.807,286.856,1.1205,287.1202784019503,0,0,,0,0
20.04.2023 16:05:00.000,286.847,287.077,286.626,287.047,1.0494,287.1146416018003,0,0,,0,0
20.04.2023 16:10:00.000,287.057,287.367,286.996,287.177,1.1088,287.11943840166185,0,0,,0,0
20.04.2023 16:15:00.000,287.177,287.396,287.136,287.317,0.8208,287.13463544768786,0,0,,0,0
20.04.2023 16:20:00.000,287.317,287.537,287.206,287.467,1.1277,287.1602019517119,0,0,,0,0
20.04.2023 16:25:00.000,287.457,287.797,287.286,287.727,1.0152,287.20380180158025,0,0,,0,0
20.04.2023 16:30:00.000,287.726,287.887,287.566,287.767,1.0314,287.24712473992025,0,0,,0,0
20.04.2023 16:35:00.000,287.786,288.167,287.677,287.817,1.116,287.2909612983879,0,0,,0,0
20.04.2023 16:40:00.000,287.827,287.886,287.556,287.886,1.0656,287.33673350620427,0,0,,0,0
20.04.2023 16:45:00.000,287.876,288.177,287.876,288.127,0.7038,287.3975232364963,0,0,,0,0
20.04.2023 16:50:00.000,288.117,288.317,288.086,288.176,0.9297,287.4574060644581,0,0,,0,0
20.04.2023 16:55:00.000,288.187,288.407,288.086,288.376,1.017,287.52806713642286,0,0,,0,0
20.04.2023 17:00:00.000,288.397,288.627,288.366,288.507,1.0611,287.60336966439036,0,0,,0,0
20.04.2023 17:05:00.000,288.516,288.796,288.506,288.706,1.0485,287.6881873825142,0,0,,0,0
20.04.2023 17:10:00.000,288.696,288.937,288.636,288.857,1.0305,287.7780960453977,0,0,,0,0
20.04.2023 17:15:00.000,288.867,289.016,288.746,288.856,0.9162,287.86101173421326,0,1,291.016,0,0
20.04.2023 17:20:00.000,288.867,288.936,288.646,288.816,0.9018,287.93447237004307,0,0,,0,0
20.04.2023 17:25:00.000,288.806,288.857,288.706,288.717,0.8082,287.9946668031167,0,0,,0,0
20.04.2023 17:30:00.000,288.717,288.856,288.566,288.706,0.8784000000000001,288.0493847413385,0,0,,0,0
20.04.2023 17:35:00.000,288.716,288.757,288.506,288.566,0.7956000000000001,288.0891243766202,0,0,,0,0
20.04.2023 17:40:00.000,288.556,288.676,288.447,288.556,0.6354,288.12503788611093,0,0,,0,0
20.04.2023 17:45:00.000,288.556,288.737,288.476,288.677,0.6372,288.1674965102562,0,0,,0,0
20.04.2023 17:50:00.000,288.676,288.857,288.556,288.817,0.8424,288.21745831715964,0,0,,0,0
20.04.2023 17:55:00.000,288.807,288.836,288.196,288.276,1.035,288.221961523532,0,0,,0,0
20.04.2023 18:00:00.000,288.277,288.427,287.997,288.206,1.1151,288.2207337140295,0,0,,0,0
20.04.2023 18:05:00.000,288.217,288.217,287.856,287.966,0.945,288.2011388129503,0,0,,0,0
20.04.2023 18:10:00.000,287.947,288.067,287.836,287.897,1.0044,288.1777435196464,0,0,,0,0
20.04.2023 18:15:00.000,287.916,287.917,287.137,287.206,1.0224,288.1029940181352,0,0,,0,0
20.04.2023 18:20:00.000,287.186,287.237,286.996,287.077,1.1331,288.02407140135557,0,0,,0,0
20.04.2023 18:25:00.000,287.076,287.147,286.597,286.706,1.2753,287.92268129355904,0,0,,0,0
20.04.2023 18:30:00.000,286.717,286.997,286.406,286.596,1.3797,287.8206288863622,0,0,,0,0
20.04.2023 18:35:00.000,286.597,286.627,286.047,286.397,1.4013,287.71111897202667,0,0,,0,0
20.04.2023 18:40:00.000,286.407,286.417,285.896,286.087,1.3491,287.58618674340926,0,0,,0,0
20.04.2023 18:45:00.000,286.096,286.397,285.996,286.117,1.2393,287.4731723785317,0,0,,0,0
20.04.2023 18:50:00.000,286.107,286.356,286.067,286.316,1.0035,287.3841591186446,0,0,,0,0
20.04.2023 18:55:00.000,286.316,286.486,286.246,286.407,1.0332,287.308993032595,0,0,,0,0
20.04.2023 19:00:00.000,286.416,286.607,285.966,286.126,1.2861,287.2179935685493,0,0,,0,0
20.04.2023 19:05:00.000,286.126,286.377,285.896,286.307,1.4013,287.14791714019935,0,0,,0,0
20.04.2023 19:10:00.000,286.306,286.306,285.816,285.837,1.4607,287.04707736018406,0,0,,0,0
20.04.2023 19:15:00.000,285.827,285.847,285.416,285.486,1.3365,286.92699448632374,0,0,,0,0
20.04.2023 19:20:00.000,285.477,285.527,285.246,285.297,1.3104,286.8016102950681,0,0,,0,0
20.04.2023 19:25:00.000,285.296,285.387,285.076,285.166,1.3653,286.67579411852444,0,0,,0,0
20.04.2023 19:30:00.000,285.176,285.707,285.166,285.496,1.7325,286.58504072479184,0,0,,0,0
20.04.2023 19:35:00.000,285.496,285.686,285.187,285.656,1.4175,286.513576053654,0,0,,0,0
20.04.2023 19:40:00.000,285.676,285.786,285.276,285.326,1.3041,286.4222240495268,0,0,,0,0
20.04.2023 19:45:00.000,285.337,285.726,285.306,285.516,1.4373,286.35251450725553,0,0,,0,0
20.04.2023 19:50:00.000,285.416,285.757,285.126,285.726,1.4453999999999998,286.3043210836205,0,0,,0,0
20.04.2023 19:55:00.000,285.736,286.237,285.707,285.996,1.7172,286.2806040771882,0,0,,0,0
21.04.2023 13:30:00.000,284.607,285.007,283.496,284.077,1.6803,286.11109607125064,0,0,,0,0
21.04.2023 13:35:00.000,284.077,285.206,283.966,284.437,2.0457,285.9823194503852,0,0,,0,0
21.04.2023 13:40:00.000,284.426,284.977,284.296,284.936,1.7145,285.90183333881714,0,0,,0,0
21.04.2023 13:45:00.000,284.946,285.186,284.526,284.656,2.322,285.80600000506195,0,0,,0,0
21.04.2023 13:50:00.000,284.666,284.667,283.966,284.287,2.358,285.6891538508264,0,0,,0,0
21.04.2023 13:55:00.000,284.266,284.517,283.017,283.186,2.1807,285.496603554609,0,2,281.017,0,0
21.04.2023 14:00:00.000,283.137,283.896,283.106,283.637,2.0934,285.3535571273314,0,0,,0,0
21.04.2023 14:05:00.000,283.637,283.866,283.506,283.637,1.9611,285.22151427138283,0,0,,0,0
21.04.2023 14:10:00.000,283.646,283.977,283.607,283.787,1.5894,285.111167019738,1,0,,0,0
21.04.2023 14:15:00.000,283.786,284.466,283.476,284.357,1.7946,285.05315417206583,1,0,,0,0
21.04.2023 14:20:00.000,284.376,285.037,284.376,284.927,1.8423,285.04345000498387,1,0,,0,0
21.04.2023 14:25:00.000,284.926,285.226,284.686,284.777,1.7298000000000002,285.0229538507544,1,0,,0,0
21.04.2023 14:30:00.000,284.776,284.887,284.616,284.757,1.5696,285.00249586223487,1,0,,0,0
21.04.2023 14:35:00.000,284.757,284.947,284.496,284.576,1.5426,284.9696884882168,1,0,,0,0
21.04.2023 14:40:00.000,284.586,284.757,284.086,284.086,1.7874,284.90171245066165,1,0,,0,0
21.04.2023 14:45:00.000,284.106,284.127,283.096,283.267,1.6910999999999998,284.77596533907234,1,0,,0,0
21.04.2023 14:50:00.000,283.266,283.987,283.066,283.767,1.4706,284.69835262068216,1,0,,0,0
21.04.2023 14:55:00.000,283.767,284.146,283.737,284.126,1.2915,284.6543254960143,1,0,,0,0
21.04.2023 15:00:00.000,284.126,284.797,284.126,284.766,1.2897,284.6629158424747,0,0,,0,0
21.04.2023 15:05:00.000,284.766,284.797,284.287,284.317,1.2213,284.6363069315151,0,0,,0,0
21.04.2023 15:10:00.000,284.317,284.637,284.197,284.517,1.3068,284.6271294752447,0,0,,0,0
21.04.2023 15:15:00.000,284.517,284.777,284.296,284.316,1.5075,284.60319643868746,0,0,,0,0
21.04.2023 15:20:00.000,284.307,284.837,284.176,284.747,1.3257,284.6142582510961,0,0,,0,0
21.04.2023 15:25:00.000,284.746,284.977,284.537,284.676,1.4562,284.6190076163964,0,0,,0,0
21.04.2023 15:30:00.000,284.696,284.986,284.616,284.986,1.3266,284.64723779975054,0,0,,0,0
21.04.2023 15:35:00.000,284.976,285.467,284.866,285.436,1.1565,284.7079118151543,0,0,,0,0
21.04.2023 15:40:00.000,285.416,285.867,285.366,285.536,1.3733999999999995,284.7716109062963,0,0,,0,0
21.04.2023 15:45:00.000,285.537,285.606,284.846,284.866,1.4967,284.778871605812,0,0,,0,0
21.04.2023 15:50:00.000,284.856,285.206,284.766,285.176,1.2564,284.80941994382647,0,0,,0,0
21.04.2023 15:55:00.000,285.187,285.757,285.136,285.587,1.2942,284.8692337943014,0,0,,0,0
21.04.2023 16:00:00.000,285.597,285.917,285.556,285.717,0.9522,284.93444657935515,0,1,287.917,0,0
21.04.2023 16:05:00.000,285.736,285.877,285.296,285.396,1.269,284.96995068863555,0,0,,0,0
21.04.2023 16:10:00.000,285.396,285.607,285.237,285.556,1.1601,285.01503140489433,0,0,,0,0
21.04.2023 16:15:00.000,285.557,285.777,285.496,285.607,1.1475,285.0605674506717,0,0,,0,0
21.04.2023 16:20:00.000,285.627,285.677,285.336,285.416,1.2987,285.0879084160047,0,0,,0,0
21.04.2023 16:25:00.000,285.426,285.437,285.176,285.216,1.3302,285.0977616147736,0,0,,0,0
21.04.2023 16:30:00.000,285.227,285.367,285.026,285.197,1.0844999999999998,285.1053953367141,0,0,,0,0
21.04.2023 16:35:00.000,285.197,285.307,285.046,285.116,1.0179,285.1062110800438,0,0,,0,0
21.04.2023 16:40:00.000,285.117,285.117,284.776,284.847,1.0548000000000002,285.0862717661943,0,0,,0,0
21.04.2023 16:45:00.000,284.847,285.167,284.776,285.047,1.1259,285.0832508611024,0,0,,0,0
21.04.2023 16:50:00.000,285.046,285.307,284.856,285.166,0.9855,285.08961617947915,0,0,,0,0
21.04.2023 16:55:00.000,285.167,285.306,285.056,285.076,1.0395,285.0885687810577,0,0,,0,0
21.04.2023 17:00:00.000,285.067,285.237,284.996,285.187,0.9963000000000002,285.09614041328405,0,0,,0,0
21.04.2023 17:05:00.000,285.186,285.537,285.157,285.496,1.0781999999999998,285.1268988430314,0,0,,0,0
21.04.2023 17:10:00.000,285.506,285.547,285.046,285.166,0.8712,285.12990662433674,0,0,,0,0
21.04.2023 17:15:00.000,285.167,285.347,284.806,284.996,1.1187,285.1196061147724,0,0,,0,0
21.04.2023 17:20:00.000,284.997,285.106,284.886,284.977,0.9891,285.1086364136361,0,0,,0,0
21.04.2023 17:25:00.000,284.976,285.116,284.906,285.097,1.0034999999999998,285.10774130489483,0,0,,0,0
21.04.2023 17:30:00.000,285.087,285.547,285.036,285.267,1.2168,285.1199919737491,0,0,,0,0
21.04.2023 17:35:00.000,285.277,285.576,285.206,285.547,1.0512,285.1528387449992,0,0,,0,0
21.04.2023 17:40:00.000,285.536,285.866,285.496,285.566,1.2978,285.1846203799993,0,0,,0,0
21.04.2023 17:45:00.000,285.596,285.797,285.546,285.666,1.0296,285.2216495815378,0,0,,0,0
21.04.2023 17:50:00.000,285.677,285.746,285.526,285.606,0.8469000000000001,285.2512149983426,0,0,,0,0
21.04.2023 17:55:00.000,285.607,285.826,285.506,285.747,1.0188,285.2893523061624,0,0,,0,0
21.04.2023 18:00:00.000,285.747,286.137,285.747,285.957,1.0206,285.340709821073,0,0,,0,0
21.04.2023 18:05:00.000,285.987,286.087,285.816,286.006,0.9837,285.39188598868276,0,0,,0,0
21.04.2023 18:10:00.000,286.006,286.157,285.967,286.037,0.7947000000000001,285.4415101433995,0,0,,0,0
21.04.2023 18:15:00.000,286.057,286.247,285.956,286.056,0.9756,285.4887785939072,0,1,288.247,0,0
21.04.2023 18:20:00.000,286.056,286.206,285.966,286.126,1.0224,285.5377956251452,0,0,,0,0
21.04.2023 18:25:00.000,286.126,286.137,285.817,285.917,0.99,285.5669651924417,0,0,,0,0
21.04.2023 18:30:00.000,285.916,286.077,285.647,285.837,0.9567,285.58773710071546,0,0,,0,0
21.04.2023 18:35:00.000,285.836,285.897,285.556,285.897,1.0305,285.6115265545066,0,0,,0,0
21.04.2023 18:40:00.000,285.896,286.057,285.706,285.757,1.0017,285.6227168195446,0,0,,0,0
21.04.2023 18:45:00.000,285.757,285.767,285.426,285.676,1.0755,285.6268155257335,0,0,,0,0
21.04.2023 18:50:00.000,285.676,285.676,285.476,285.546,0.9009,285.62059894683097,0,0,,0,0
21.04.2023 18:55:00.000,285.546,285.647,285.456,285.596,0.7191,285.6187067201517,0,0,,0,0
21.04.2023 19:00:00.000,285.597,285.867,285.276,285.326,1.1241,285.5961908186016,0,0,,0,0
21.04.2023 19:05:00.000,285.326,285.366,284.996,285.157,1.1817,285.56240690947845,0,0,,0,0
21.04.2023 19:10:00.000,285.167,285.257,285.097,285.136,0.8937,285.52960637798014,0,0,,0,0
21.04.2023 19:15:00.000,285.126,285.487,285.086,285.317,0.8703000000000001,285.51325204121247,0,0,,0,0
21.04.2023 19:20:00.000,285.307,285.567,285.307,285.496,0.9189,285.51192496111923,0,0,,0,0
21.04.2023 19:25:00.000,285.497,285.827,285.416,285.756,0.9036,285.53069996411006,0,0,,0,0
21.04.2023 19:30:00.000,285.756,285.817,285.636,285.716,0.9864,285.54495381302473,0,0,,0,0
21.04.2023 19:35:00.000,285.706,285.817,285.527,285.567,0.9126,285.5466496735613,0,0,,0,0
21.04.2023 19:40:00.000,285.556,285.607,285.147,285.286,1.179,285.52659969867204,0,0,,0,0
21.04.2023 19:45:00.000,285.267,285.396,285.036,285.277,1.188,285.50739972185113,0,0,,0,0
21.04.2023 19:50:00.000,285.286,285.546,285.116,285.476,0.9855,285.5049843586318,0,0,,0,0
21.04.2023 19:55:00.000,285.467,285.867,285.366,285.637,1.1142,285.51513940796787,0,0,,0,0
24.04.2023 13:30:00.000,281.496,283.167,281.206,283.047,1.5957,285.3252825304319,0,2,279.206,0,0
24.04.2023 13:35:00.000,282.987,284.217,282.987,283.867,1.5264,285.2131069511679,0,0,,0,0
24.04.2023 13:40:00.000,283.867,284.927,283.756,284.467,1.4580000000000002,285.1557141087704,0,0,,0,0
24.04.2023 13:45:00.000,284.466,284.717,284.177,284.307,1.7703000000000002,285.09042840809576,0,0,,0,0
24.04.2023 13:50:00.000,284.297,284.786,284.216,284.636,1.8252,285.0554723767038,0,0,,0,0
24.04.2023 13:55:00.000,284.607,284.777,283.896,283.987,1.7099999999999995,284.97328219388044,0,0,,0,0
24.04.2023 14:00:00.000,283.986,284.037,283.496,283.766,1.629,284.88041433281273,0,0,,0,0
24.04.2023 14:05:00.000,283.807,283.866,283.276,283.437,1.4823,284.7693824610579,0,0,,0,0
24.04.2023 14:10:00.000,283.436,284.207,283.286,283.757,1.539,284.69150688713034,0,0,,0,0
24.04.2023 14:15:00.000,283.777,283.856,283.326,283.706,1.4958,284.6156986650434,0,0,,0,0
24.04.2023 14:20:00.000,283.716,283.887,283.566,283.876,1.2789,284.55879876773236,0,0,,0,0
24.04.2023 14:25:00.000,283.877,284.057,283.656,283.806,1.1115,284.5008911702145,0,0,,0,0
24.04.2023 14:30:00.000,283.797,283.987,283.436,283.437,1.1961,284.4190533878903,0,0,,0,0
24.04.2023 14:35:00.000,283.447,283.567,282.366,282.477,1.5291,284.26966466574487,0,0,,0,0
24.04.2023 14:40:00.000,282.446,282.947,282.386,282.856,1.5750000000000002,284.16092122991836,0,0,,0,0
24.04.2023 14:45:00.000,282.856,283.157,282.707,282.956,1.4112,284.0682349814631,0,0,,0,0
24.04.2023 14:50:00.000,282.957,283.076,282.536,282.997,1.1682,283.98583229058136,0,0,,0,0
24.04.2023 14:55:00.000,282.987,283.706,282.986,283.607,1.1547,283.956691345152,0,0,,0,0
24.04.2023 15:00:00.000,283.607,283.787,283.146,283.276,1.3446,283.90433047244807,0,0,,0,0
24.04.2023 15:05:00.000,283.266,283.607,282.996,283.007,1.1295,283.83530505149054,0,0,,0,0
24.04.2023 15:10:00.000,283.017,283.447,282.746,282.746,1.116,283.7515123552221,0,0,,0,0
24.04.2023 15:15:00.000,282.747,282.917,282.416,282.596,1.2825,283.6626267894358,0,0,,0,0
24.04.2023 15:20:00.000,282.596,282.666,282.046,282.116,1.1835,283.5436554979408,0,0,,0,0
24.04.2023 15:25:00.000,282.147,282.207,281.596,281.717,1.2267,283.4031435365607,0,0,,0,0
24.04.2023 15:30:00.000,281.727,281.977,280.546,280.747,1.602,283.1988248029792,0,0,,0,0
24.04.2023 15:35:00.000,280.757,280.987,280.526,280.736,1.485,283.00937674121155,0,0,,0,0
24.04.2023 15:40:00.000,280.757,280.987,279.646,279.656,1.3815,282.7514246841953,0,0,,0,0
24.04.2023 15:45:00.000,279.667,279.667,278.686,278.866,1.4751,282.45254586233415,0,2,276.686,0,0
24.04.2023 15:50:00.000,278.876,279.137,278.746,278.976,1.1853,282.1851192575392,0,0,,0,0
24.04.2023 15:55:00.000,278.967,279.547,278.876,279.357,1.2411,281.96757162234394,0,0,,0,0
24.04.2023 16:00:00.000,279.356,280.046,279.326,280.046,1.0692000000000002,281.81975842062513,1,0,,0,0
24.04.2023 16:05:00.000,280.036,280.407,279.696,279.766,0.9549,281.661777003654,1,0,,0,0
24.04.2023 16:10:00.000,279.767,279.867,279.436,279.507,0.8666999999999999,281.4960249264498,1,0,,0,0
24.04.2023 16:15:00.000,279.497,279.956,279.226,279.956,0.9423,281.3775614705691,1,0,,0,0
24.04.2023 16:20:00.000,279.957,280.157,279.826,280.037,0.8352,281.2744413574484,1,0,,0,0
24.04.2023 16:25:00.000,280.046,280.067,279.866,280.006,0.8315999999999999,281.176868945337,1,0,,0,0
24.04.2023 16:30:00.000,280.006,280.067,279.726,279.756,0.9108,281.06757133415726,1,0,,0,0
24.04.2023 16:35:00.000,279.757,280.107,279.756,280.066,0.8226,280.9905273853759,1,0,,0,0
24.04.2023 16:40:00.000,280.067,280.126,279.937,280.016,0.8568000000000001,280.915563740347,1,0,,0,0
24.04.2023 16:45:00.000,280.016,280.056,279.746,279.956,0.8883000000000001,280.8417511449357,1,0,,0,0
24.04.2023 16:50:00.000,279.957,280.117,279.916,280.086,0.8514,280.7836164414791,1,0,,0,0
24.04.2023 16:55:00.000,280.087,280.557,279.986,280.447,0.6965999999999999,280.75772286905766,1,0,,0,0
24.04.2023 17:00:00.000,280.456,280.557,280.186,280.486,0.7857000000000001,280.7368211098994,1,0,,0,0
24.04.2023 17:05:00.000,280.486,280.486,280.096,280.127,0.7371,280.6899117937533,1,0,,0,0
24.04.2023 17:10:00.000,280.116,280.417,280.006,280.337,0.8819999999999999,280.66276473269534,1,0,,0,0
24.04.2023 17:15:00.000,280.366,280.436,280.086,280.156,0.7488,280.62378283018035,1,0,,0,0
24.04.2023 17:20:00.000,280.147,280.306,280.076,280.186,0.7110000000000001,280.59010722785877,1,0,,0,0
24.04.2023 17:25:00.000,280.187,280.486,280.136,280.477,0.7596,280.5814066718697,1,0,,0,0
24.04.2023 17:30:00.000,280.487,280.497,280.286,280.297,0.6948000000000001,280.55952923557203,1,0,,0,0
24.04.2023 17:35:00.000,280.287,280.467,280.256,280.406,0.6741,280.5477192943742,1,0,,0,0
24.04.2023 17:40:00.000,280.416,280.497,280.406,280.466,0.6039,280.5414331948069,1,0,,0,0
24.04.2023 17:45:00.000,280.466,280.496,280.336,280.406,0.5355,280.53101525674487,1,0,,0,0
24.04.2023 17:50:00.000,280.407,280.846,280.406,280.836,0.8271000000000001,280.55447562161066,0,0,,0,0
24.04.2023 17:55:00.000,280.847,281.167,280.827,280.996,0.8991,280.5884390353329,0,0,,0,0
24.04.2023 18:00:00.000,280.997,281.487,280.986,281.326,1.0539,280.6451744941534,0,0,,0,0
24.04.2023 18:05:00.000,281.327,281.557,281.106,281.126,0.9126,280.68216107152625,0,0,,0,0
24.04.2023 18:10:00.000,281.126,281.457,281.096,281.407,0.5841000000000001,280.7379179121781,0,0,,0,0
24.04.2023 18:15:00.000,281.417,281.777,281.326,281.507,0.8811,280.7970780727798,0,0,,0,0
24.04.2023 18:20:00.000,281.516,281.896,281.376,281.386,0.8640000000000001,280.84237975948906,0,0,,0,0
24.04.2023 18:25:00.000,281.387,281.427,281.246,281.347,0.7209,280.8811967010668,0,0,,0,0
24.04.2023 18:30:00.000,281.347,281.427,281.006,281.097,0.8415,280.89779695483094,0,0,,0,0
24.04.2023 18:35:00.000,281.087,281.257,281.067,281.126,0.6974999999999999,280.9153510352285,0,0,,0,0
24.04.2023 18:40:00.000,281.126,281.207,281.047,281.087,0.756,280.92855480174944,0,0,,0,0
24.04.2023 18:45:00.000,281.087,281.176,280.936,281.166,0.7424999999999999,280.9468198169995,0,0,,0,0
24.04.2023 18:50:00.000,281.167,281.427,281.096,281.406,0.828,280.982141369538,0,0,,0,0
24.04.2023 18:55:00.000,281.417,281.597,281.386,281.446,0.8784000000000001,281.01782280265047,0,0,,0,0
24.04.2023 19:00:00.000,281.467,281.667,281.416,281.536,0.8829,281.057682587062,0,0,,0,0
24.04.2023 19:05:00.000,281.537,281.717,281.456,281.657,0.7893,281.1037839265188,0,0,,0,0
24.04.2023 19:10:00.000,281.656,281.847,281.566,281.666,0.9531,281.14703131678664,0,0,,0,0
24.04.2023 19:15:00.000,281.656,281.687,281.486,281.647,0.8379000000000001,281.18549044626457,0,0,,0,0
24.04.2023 19:20:00.000,281.657,281.677,281.286,281.327,0.6993,281.19637579655193,0,0,,0,0
24.04.2023 19:25:00.000,281.326,281.607,281.297,281.527,0.8046000000000001,281.22180842758644,0,0,,0,0
24.04.2023 19:30:00.000,281.537,281.687,281.506,281.596,0.7236,281.25059239469516,0,0,,0,0
24.04.2023 19:35:00.000,281.596,281.766,281.446,281.666,0.9927,281.2825468258725,0,0,,0,0
24.04.2023 19:40:00.000,281.616,281.827,281.546,281.586,0.8811,281.3058893777285,0,0,,0,0
24.04.2023 19:45:00.000,281.587,281.886,281.556,281.857,0.9189,281.3482825025186,0,0,,0,0
24.04.2023 19:50:00.000,281.857,281.887,281.466,281.496,0.7956,281.35964538694026,0,0,,0,0
24.04.2023 19:55:00.000,281.536,281.926,281.196,281.687,1.1457000000000002,281.3848265110218,0,1,283.926,0,0
25.04.2023 13:30:00.000,279.007,279.977,278.946,279.326,1.6794e-06,281.2264552409432,0,0,,0,0
25.04.2023 13:35:00.000,279.326,280.467,279.036,279.896,1.4598e-06,281.12411253010146,0,0,,0,0
25.04.2023 13:40:00.000,279.916,281.587,279.827,281.256,1.2465e-06,281.1342577200936,0,0,,0,0
25.04.2023 13:45:00.000,281.256,281.417,279.996,280.677,1.4013e-06,281.0990840493172,0,0,,0,0
25.04.2023 13:50:00.000,280.726,280.856,280.257,280.327,1.2627e-06,281.0396929686005,0,0,,0,0
25.04.2023 13:55:00.000,280.346,280.806,280.126,280.767,1.5273e-06,281.01871658640044,0,0,,0,0
25.04.2023 15:00:00.000,279.717,279.997,279.646,279.906,1.1609999999e-06,280.9331230028312,0,0,,0,0
25.04.2023 15:05:00.000,279.906,280.026,279.496,279.986,1.0637999999e-06,280.8602673872288,0,0,,0,0
25.04.2023 15:10:00.000,279.996,280.396,279.996,280.317,9.62099999999983e-07,280.81847758821124,0,0,,0,0
25.04.2023 15:15:00.000,280.346,280.397,280.076,280.317,1.0934999999e-06,280.7799023891181,0,0,,0,0
25.04.2023 15:20:00.000,280.317,280.467,279.636,279.656,1.0592999999e-06,280.69344835918594,0,0,,0,0
25.04.2023 15:25:00.000,279.657,279.727,279.256,279.307,8.981999999999846e-07,280.58679848540237,0,0,,0,0
25.04.2023 15:30:00.000,279.306,279.407,278.937,279.146,9.683999999999834e-07,280.47596783267915,0,0,,0,0
25.04.2023 15:35:00.000,279.126,279.137,278.796,278.886,8.774999999999855e-07,280.3536626147808,0,0,,0,0
25.04.2023 15:40:00.000,278.886,279.116,278.746,278.806,9.017999999999844e-07,280.234611644413,0,0,,0,0
25.04.2023 15:45:00.000,278.826,278.927,278.337,278.427,7.757999999999898e-07,280.0955645948428,0,0,,0,0
25.04.2023 15:50:00.000,278.427,278.427,277.596,277.787,1.1096999999e-06,279.91798270293185,0,0,,0,0
25.04.2023 15:55:00.000,277.786,278.307,277.726,278.267,1.0061999999e-06,279.7909840334756,0,0,,0,0
25.04.2023 17:00:00.000,277.926,278.257,277.776,278.236,9.35099999999983e-07,279.6713698770544,0,0,,0,0
25.04.2023 17:05:00.000,278.237,278.427,277.766,277.956,8.351999999999873e-07,279.5394183480503,0,0,,0,0
25.04.2023 17:10:00.000,277.956,278.406,277.836,278.016,9.071999999999842e-07,279.4222323212772,0,0,,0,0
25.04.2023 17:15:00.000,278.006,278.107,277.216,277.846,9.548999999999824e-07,279.30098368117893,0,0,,0,0
25.04.2023 17:20:00.000,277.847,278.166,277.616,277.857,7.595999999999905e-07,279.18990801339595,0,0,,0,0
25.04.2023 17:25:00.000,277.857,278.486,277.576,278.297,6.947999999999932e-07,279.12122278159626,0,0,,0,0
25.04.2023 17:30:00.000,278.297,278.487,277.926,277.927,7.46999999999991e-07,279.0293594907043,0,0,,0,0
25.04.2023 17:35:00.000,277.946,278.137,277.826,277.867,8.189999999999879e-07,278.93994722218855,0,0,,0,0
25.04.2023 17:40:00.000,277.866,278.156,277.776,278.107,8.252999999999877e-07,278.8758743589433,0,0,,0,0
25.04.2023 17:45:00.000,278.066,278.067,277.606,277.847,7.262999999999919e-07,278.7967301774861,0,0,,0,0
25.04.2023 17:50:00.000,277.837,277.986,277.746,277.847,6.821999999999938e-07,278.72367400998723,0,0,,0,0
25.04.2023 17:55:00.000,277.856,278.047,277.786,277.836,8.774999999999855e-07,278.6553913938344,0,0,,0,0
25.04.2023 19:00:00.000,276.786,277.076,276.657,276.777,9.422999999999828e-07,278.5108997481548,0,0,,0,0
25.04.2023 19:05:00.000,276.767,277.327,276.746,277.046,7.7129999999999e-07,278.3982151521429,0,0,,0,0
25.04.2023 19:10:00.000,277.046,277.196,276.806,276.986,7.676999999999901e-07,278.2895832173627,0,0,,0,0
25.04.2023 19:15:00.000,276.987,277.066,276.626,276.776,8.17199999999988e-07,278.17315373910407,0,0,,0,0
25.04.2023 19:20:00.000,276.757,276.807,276.467,276.597,1.0700999999e-06,278.0519111437884,1,0,,0,0
25.04.2023 19:25:00.000,276.607,276.697,276.076,276.256,8.459999999999868e-07,277.91376413272775,1,0,,0,0
25.04.2023 19:30:00.000,276.246,276.826,276.236,276.596,1.0898999999e-06,277.8123976609795,1,0,,0,0
25.04.2023 19:35:00.000,276.587,276.636,275.866,275.877,1.2663e-06,277.6635209178272,1,0,,0,0
25.04.2023 19:40:00.000,275.897,276.187,275.786,276.026,1.1753999999e-06,277.53755777030204,1,0,,0,0
25.04.2023 19:45:00.000,276.027,276.316,275.846,275.877,1.2627e-06,277.4098225572019,1,0,,0,0
25.04.2023 19:50:00.000,275.846,276.577,275.676,276.326,1.26e-06,277.3264515912633,1,0,,0,0
25.04.2023 19:55:00.000,276.326,276.326,275.326,275.356,1.2312e-06,277.1748783919354,1,2,273.326,0,0
26.04.2023 13:30:00.000,296.297,297.247,294.556,294.646,2.3687999999e-06,278.518810823325,0,0,,0,0
26.04.2023 13:35:00.000,294.687,295.796,294.156,295.746,2.1942e-06,279.8439792215308,0,0,,0,0
26.04.2023 13:40:00.000,295.777,295.816,292.696,293.746,1.9206e-06,280.9133654352592,0,0,,0,0
26.04.2023 13:45:00.000,293.727,294.966,293.686,294.117,1.8207e-06,281.929029632547,0,0,,0,0
26.04.2023 13:50:00.000,294.116,295.086,293.666,294.806,1.8918e-06,282.91956581465877,0,0,,0,0
26.04.2023 13:55:00.000,294.817,294.966,294.136,294.856,1.881e-06,283.837753059685,0,0,,0,0
26.04.2023 15:00:00.000,296.076,296.167,295.497,295.717,1.3068e-06,284.7515412858631,0,0,,0,0
26.04.2023 15:05:00.000,295.737,296.397,295.576,296.296,1.2843e-06,285.63957657156595,0,0,,0,0
26.04.2023 15:10:00.000,296.286,296.327,295.416,296.006,1.1510999999e-06,286.4369937583686,0,0,,0,0
26.04.2023 15:15:00.000,296.006,296.217,295.806,296.156,1.2393e-06,287.1846096231095,0,0,,0,0
26.04.2023 15:20:00.000,296.157,296.977,296.096,296.857,1.206e-06,287.9286396521011,0,0,,0,0
26.04.2023 15:25:00.000,296.876,297.127,296.627,297.056,1.2015e-06,288.63074429424717,0,0,,0,0
26.04.2023 15:30:00.000,297.086,297.847,296.726,297.777,1.1988e-06,289.334302425459,0,0,,0,0
26.04.2023 15:35:00.000,297.796,297.977,297.496,297.847,1.1258999999e-06,289.9891253158083,0,0,,0,0
26.04.2023 15:40:00.000,297.856,298.177,297.446,297.467,1.0079999999e-06,290.5643464453615,0,0,,0,0
26.04.2023 15:45:00.000,297.447,297.577,297.066,297.246,1.1907e-06,291.0783197957183,0,0,,0,0
26.04.2023 15:50:00.000,297.287,297.956,297.216,297.686,1.0016999999e-06,291.5866028883554,0,0,,0,0
26.04.2023 15:55:00.000,297.687,298.636,297.667,298.636,1.0484999999e-06,292.12886420463576,0,1,300.636,0,0
26.04.2023 17:00:00.000,296.877,297.346,296.766,297.237,1.0835999999e-06,292.5217977273561,0,0,,0,0
26.04.2023 17:05:00.000,297.237,297.397,296.896,297.167,1.0475999999e-06,292.87912097909793,0,0,,0,0
26.04.2023 17:10:00.000,297.157,297.707,297.106,297.637,1.0655999999e-06,293.24511167301347,0,0,,0,0
26.04.2023 17:15:00.000,297.626,297.746,297.257,297.587,9.35099999999983e-07,293.57910308278167,0,0,,0,0
26.04.2023 17:20:00.000,297.596,297.597,297.096,297.296,1.0970999999e-06,293.86501823026003,0,0,,0,0
26.04.2023 17:25:00.000,297.296,297.327,297.126,297.207,8.765999999999855e-07,294.1220937510093,0,0,,0,0
26.04.2023 17:30:00.000,297.206,297.277,296.746,297.276,8.693999999999858e-07,294.36470192400856,0,0,,0,0
26.04.2023 17:35:00.000,297.267,297.267,296.546,296.706,9.12599999999984e-07,294.54480177600794,0,0,,0,0
26.04.2023 17:40:00.000,296.706,296.877,296.506,296.806,8.378999999999871e-07,294.71874010093046,0,0,,0,0
26.04.2023 17:45:00.000,296.787,296.837,295.757,295.937,1.0538999999e-06,294.81245240085894,0,0,,0,0
26.04.2023 17:50:00.000,295.916,296.017,295.656,295.826,1.1240999999e-06,294.8904176007929,0,0,,0,0
26.04.2023 17:55:00.000,295.827,296.047,295.496,296.017,1.0403999999e-06,294.9770777853473,0,0,,0,0
26.04.2023 19:00:00.000,295.346,295.457,295.126,295.176,8.999999999999845e-07,294.99237949416676,2,0,,0,0
26.04.2023 19:05:00.000,295.166,295.466,295.146,295.327,8.693999999999858e-07,295.018119533077,2,0,,0,0
26.04.2023 19:10:00.000,295.327,295.827,295.286,295.656,1.0718999999e-06,295.06718726130185,2,0,,0,0
26.04.2023 19:15:00.000,295.667,295.667,295.206,295.286,8.954999999999847e-07,295.0840190104325,2,0,,0,0
26.04.2023 19:20:00.000,295.296,295.576,295.276,295.387,1.0331999999e-06,295.10732524039923,2,0,,0,0
26.04.2023 19:25:00.000,295.387,295.687,295.296,295.686,1.0430999999e-06,295.1518386834454,2,0,,0,0
26.04.2023 19:30:00.000,295.707,295.897,295.376,295.386,1.1348999999e-06,295.16985109241114,2,0,,0,0
26.04.2023 19:35:00.000,295.396,295.496,295.106,295.277,1.1618999999e-06,295.1780933160718,2,0,,0,0
26.04.2023 19:40:00.000,295.276,295.737,295.096,295.596,1.1916e-06,295.2102399840663,2,0,,0,0
26.04.2023 19:45:00.000,295.597,295.997,295.536,295.817,1.2366e-06,295.25691383144584,2,0,,0,0
26.04.2023 19:50:00.000,295.816,295.827,295.086,295.296,1.0952999999e-06,295.2599204597962,2,2,293.086,0,0
26.04.2023 19:55:00.000,295.306,296.017,295.306,295.327,1.2573e-06,295.26508042442725,2,0,,0,0
27.04.2023 13:30:00.000,295.987,297.277,295.246,297.097,1.8999e-06,295.40599731485594,2,0,,0,0
27.04.2023 13:35:00.000,297.137,299.347,296.726,298.837,2.0916e-06,295.6699205983286,2,0,,0,0
27.04.2023 13:40:00.000,298.867,299.966,298.726,299.856,2.1321e-06,295.9919267061495,2,0,,0,0
27.04.2023 13:45:00.000,299.857,299.937,299.067,299.797,2.0781e-06,296.28462465183037,2,0,,0,0
27.04.2023 13:50:00.000,299.766,301.317,299.296,300.876,2.1663e-06,296.6378073709203,2,0,,0,0
27.04.2023 13:55:00.000,300.876,301.327,300.126,300.276,2.0016e-06,296.91766834238797,2,0,,0,0
27.04.2023 15:00:00.000,302.607,302.986,302.556,302.746,1.1555999999e-06,297.3660015468197,2,0,,0,0
27.04.2023 15:05:00.000,302.756,302.956,302.187,302.327,1.1447999999e-06,297.74761681244894,2,0,,0,0
27.04.2023 15:10:00.000,302.316,302.866,302.236,302.786,1.3239e-06,298.1351847499529,2,0,,0,0
27.04.2023 15:15:00.000,302.777,303.237,302.706,302.907,1.0790999999e-06,298.50224746149496,2,0,,0,0
27.04.2023 15:20:00.000,302.896,303.206,302.816,303.127,1.0781999999e-06,298.8579976567646,2,0,,0,0
27.04.2023 15:25:00.000,303.136,303.477,303.006,303.066,1.5156e-06,299.1816901447058,2,0,,0,0
27.04.2023 15:30:00.000,303.056,303.467,303.027,303.196,1.3293e-06,299.49048321049764,2,0,,0,0
27.04.2023 15:35:00.000,303.206,303.476,303.066,303.356,1.1402999999e-06,299.787830655844,2,0,,0,0
27.04.2023 15:40:00.000,303.356,303.647,303.256,303.376,1.0232999999e-06,300.0638436823176,2,0,,0,0
27.04.2023 15:45:00.000,303.386,303.417,303.106,303.317,8.675999999999859e-07,300.3140864759855,2,0,,0,0
27.04.2023 15:50:00.000,303.326,303.357,302.617,302.866,1.0169999999e-06,300.5103875162943,2,0,,0,0
27.04.2023 15:55:00.000,302.887,302.887,302.546,302.676,9.566999999999823e-07,300.67697309196404,2,0,,0,0
27.04.2023 17:00:00.000,302.636,302.777,302.086,302.567,1.1663999999e-06,300.8223597771976,2,0,,0,0
27.04.2023 17:05:00.000,302.516,302.547,302.266,302.427,7.847999999999894e-07,300.94579364049014,2,0,,0,0
27.04.2023 17:10:00.000,302.427,302.737,302.356,302.716,6.884999999999935e-07,301.08196336045245,2,0,,0,0
27.04.2023 17:15:00.000,302.726,302.917,302.647,302.796,6.308999999999959e-07,301.2138123327254,2,0,,0,0
27.04.2023 17:20:00.000,302.806,303.327,302.757,303.317,6.380999999999956e-07,301.3755959994388,2,0,,0,0
27.04.2023 17:25:00.000,303.306,303.497,303.217,303.237,9.998999999999858e-07,301.5187809225589,2,0,,0,0
27.04.2023 17:30:00.000,303.227,303.286,302.936,303.026,8.558999999999864e-07,301.6347208515929,2,0,,0,0
27.04.2023 17:35:00.000,303.027,303.377,302.997,303.167,9.476999999999824e-07,301.7525884783935,2,0,,0,0
27.04.2023 17:40:00.000,303.177,303.287,303.036,303.166,7.595999999999905e-07,301.861312441594,2,0,,0,0
27.04.2023 17:45:00.000,303.176,303.257,302.627,302.737,1.1321999999e-06,301.9286730230099,2,0,,0,0
27.04.2023 17:50:00.000,302.717,303.347,302.717,303.266,6.902999999999934e-07,302.0315443289322,2,0,,0,0
27.04.2023 17:55:00.000,303.287,303.396,303.156,303.247,6.461999999999953e-07,302.1250409190144,2,0,,0,0
27.04.2023 19:00:00.000,304.027,304.417,303.917,304.346,8.090999999999884e-07,302.2958839252441,2,0,,0,0
27.04.2023 19:05:00.000,304.346,304.786,304.286,304.737,6.884999999999935e-07,302.4836620848407,2,0,,0,0
27.04.2023 19:10:00.000,304.747,304.757,304.386,304.607,9.953999999999854e-07,302.64699577062225,2,0,,0,0
27.04.2023 19:15:00.000,304.606,304.957,304.587,304.846,9.251999999999834e-07,302.8161499421129,2,0,,0,0
27.04.2023 19:20:00.000,304.856,305.147,304.716,304.726,8.360999999999872e-07,302.96306148502725,2,0,,0,0
27.04.2023 19:25:00.000,304.726,304.917,304.676,304.827,8.88299999999985e-07,303.10644137079436,2,0,,0,0
27.04.2023 19:30:00.000,304.827,304.897,304.626,304.837,1.0637999999e-06,303.23956126534864,2,0,,0,0
27.04.2023 19:35:00.000,304.836,304.986,304.777,304.866,1.0250999999e-06,303.36467193724496,2,0,,0,0
27.04.2023 19:40:00.000,304.867,304.947,304.686,304.827,1.0466999999e-06,303.47715871130305,2,0,,0,0
27.04.2023 19:45:00.000,304.806,304.906,304.667,304.826,1.1195999999e-06,303.5809157335105,2,0,,0,0
27.04.2023 19:50:00.000,304.827,305.107,304.296,304.956,1.1825999999e-06,303.6866914463174,2,0,,0,0
27.04.2023 19:55:00.000,304.897,305.066,304.396,304.447,1.2429e-06,303.7451767196776,2,0,,0,0
28.04.2023 13:30:00.000,303.756,304.636,303.296,303.847,1.8702e-06,303.7530092797024,2,0,,0,0
28.04.2023 13:35:00.000,303.847,305.867,303.606,305.766,1.71e-06,303.90785471972526,0,0,,0,0
28.04.2023 13:40:00.000,305.767,306.156,304.947,305.387,1.9899e-06,304.0216351259003,0,0,,0,0
28.04.2023 13:45:00.000,305.347,306.027,305.246,305.947,1.998e-06,304.1697401162157,0,0,,0,0
28.04.2023 13:50:00.000,305.927,307.287,305.786,307.016,2.0997e-06,304.3886831841991,0,0,,0,0
28.04.2023 13:55:00.000,306.966,307.177,306.706,307.036,1.6686e-06,304.5923229392608,0,0,,0,0
28.04.2023 15:00:00.000,305.567,305.567,304.906,304.976,2.052e-06,304.62183655931767,0,0,,0,0
28.04.2023 15:05:00.000,304.966,305.837,304.936,305.527,1.8126e-06,304.69146451629325,0,0,,0,0
28.04.2023 15:10:00.000,305.526,305.526,304.667,305.247,1.6749e-06,304.73419801503996,0,0,,0,0
28.04.2023 15:15:00.000,305.227,305.347,304.997,305.297,1.4058e-06,304.77749047542153,0,0,,0,0
28.04.2023 15:20:00.000,305.306,305.387,304.877,305.156,1.2978e-06,304.8066065926968,0,0,,0,0
28.04.2023 15:25:00.000,305.157,305.197,304.827,304.907,1.2447e-06,304.8143291624894,0,0,,0,0
28.04.2023 15:30:00.000,304.906,305.877,304.906,305.857,1.6182e-06,304.8945346115287,0,0,,0,0
