Gmt time,Open,High,Low,Close,Volume,ema25,BBL_20_2.0,BBM_20_2.0,BBU_20_2.0,BBB_20_2.0,BBP_20_2.0,bbu_minus_kcu,squeeze,posibleBreak,entryArea,squezzeArea
2022-09-01 13:30:00,259.337,259.547,257.896,257.927,2.0268,257.927,,,,,,,0,0,,
2022-09-01 13:35:00,257.967,258.957,257.926,258.576,2.226,257.97692307692313,,,,,,,0,0,,
2022-09-01 13:40:00,258.547,259.377,258.396,258.737,2.2716000000000003,258.03539053254445,,,,,,,0,0,,
2022-09-01 13:45:00,258.687,259.277,258.466,258.766,2.7444,258.0915912608103,,,,,,,0,0,,
2022-09-01 13:50:00,258.726,259.147,258.496,259.087,2.4504,258.1681611638249,,,,,,,0,0,,
2022-09-01 13:55:00,259.086,259.557,258.516,259.396,2.1108,258.26261030506913,,,,,,,0,0,,
2022-09-01 14:00:00,259.397,259.797,258.256,258.326,3.0468,258.26748643544846,,,,,,,0,0,,
2022-09-01 14:05:00,258.327,258.757,258.156,258.336,2.5692,258.27275670964474,,,,,,,0,0,,
2022-09-01 14:10:00,258.336,258.517,257.696,257.706,2.3616,258.2291600396721,,,,,,,0,0,,
2022-09-01 14:15:00,257.707,257.847,257.496,257.746,2.1732,258.1919938827742,,,,,,,0,0,,
2022-09-01 14:20:00,257.727,258.296,257.607,258.296,2.1036,258.19999435333006,,,,,,,0,0,,
2022-09-01 14:25:00,258.276,258.526,258.036,258.426,2.31,258.2173794030739,,,,,,,0,0,,
2022-09-01 14:30:00,258.447,258.486,257.777,257.806,2.2884,258.18573483360666,,,,,,,0,0,,
2022-09-01 14:35:00,257.786,257.807,256.536,256.686,2.1096000000000004,258.07037061563693,,,,,,,0,0,,
2022-09-01 14:40:00,256.686,256.797,256.196,256.357,2.3952,257.93857287597257,,,,,,,0,0,,
2022-09-01 14:45:00,256.357,256.417,255.996,256.217,2.1552,257.80614419320545,,,,,,,0,0,,
2022-09-01 14:50:00,256.217,256.756,256.176,256.407,2.2248,257.69851771680504,,,,,,,0,0,,
2022-09-01 14:55:00,256.407,256.617,255.666,255.666,2.3148000000000004,257.54217020012777,,,,,,,0,0,,
2022-09-01 15:00:00,255.666,256.097,255.666,255.937,2.382,257.4186955693487,,,,,,,0,0,,
2022-09-01 15:05:00,255.936,256.927,255.896,256.606,2.7984,257.35618052555265,255.43139941244743,257.65035,259.8693005875526,1.7224510562881592,0.26467479585656467,0.6396874296578403,0,0,,
2022-09-01 15:10:00,256.566,256.947,256.546,256.706,2.2896,257.3061666389717,255.33721526802387,257.5893,259.8413847319761,1.7485856221326943,0.3038928137430886,0.7757347319761152,0,0,,
2022-09-01 15:15:00,256.696,256.936,256.366,256.547,2.43,257.2477692052047,255.23989988711944,257.48785000000004,259.7358001128806,1.7460630572515072,0.2907315659255522,0.801450112880616,0,0,,
2022-09-01 15:20:00,256.536,256.556,255.906,256.276,2.2824,257.1730177278813,255.13447369203521,257.3648,259.5951263079648,1.7332022933709565,0.2559101562601525,0.7901429746314648,0,0,,
2022-09-01 15:25:00,256.276,256.367,255.816,255.996,1.9572,257.08247790265966,255.01730094160277,257.2263,259.4352990583972,1.7175530327942559,0.22152545848239305,0.7928855663337231,0,0,,
2022-09-01 15:30:00,256.007,256.636,255.956,256.387,2.5008,257.0289796024551,255.0284813361326,257.0913,259.1541186638674,1.6047362659626396,0.32928698185240457,0.5969826472385193,0,0,,
2022-09-01 15:35:00,256.397,256.867,256.246,256.276,2.2356,256.97105809457395,255.1384997217276,256.9353,258.73210027827236,1.3986402633444075,0.31653497943747755,0.2739295965604924,0,0,,
2022-09-01 15:40:00,256.277,256.417,255.616,255.616,2.2044,256.86682285652984,255.03448092402542,256.79979999999995,258.56511907597445,1.3748601642014655,0.16470650657122105,0.22505988775895958,0,0,,
2022-09-01 15:45:00,255.616,255.747,255.447,255.696,1.7412,256.7767595598737,254.98900631404592,256.66780000000006,258.3465936859542,1.3081451478947752,0.21056598314290734,0.20120680137830504,0,0,,
2022-09-01 15:50:00,255.676,255.867,255.396,255.677,2.0652,256.6921626706527,254.90564385200167,256.56635,258.2270561479983,1.2945627109699505,0.23223739760584544,0.22703944290589106,0,0,,
2022-09-01 15:55:00,255.676,255.786,255.396,255.786,1.9452,256.62245784983327,254.86741174072844,256.46835,258.06928825927156,1.2484489873869882,0.2868905949219818,0.20584457371177223,0,0,,
2022-09-01 16:00:00,255.766,256.437,255.686,256.326,2.022,256.59965339984615,255.0059636007719,256.36985,257.73373639922806,1.063999061690038,0.4839246142403131,-0.12633169723079618,1,2,257.137,256.937
2022-09-01 16:05:00,256.317,256.677,256.086,256.516,1.8408,256.59321852293493,255.28317569141484,256.27435,257.2655243085852,0.7735259565268132,0.6219008593679788,-0.5791087310680041,1,2,257.377,257.177
2022-09-01 16:10:00,256.517,256.607,256.316,256.547,2.3976,256.58966325193995,255.49568150785436,256.2114,256.9271184921457,0.5586937131959648,0.7344497198848919,-0.8493590199215078,1,2,257.307,257.107
2022-09-01 16:15:00,256.546,256.917,256.496,256.627,1.9512,256.592535309483,255.5001324229208,256.20844999999997,256.9167675770791,0.5529228853140034,0.7954536309306405,-0.8304263624102646,1,2,257.61699999999996,255.99599999999998
2022-09-01 16:20:00,256.617,256.627,256.296,256.427,1.9152,256.5798018241382,255.50004818795057,256.21195,256.92385181204946,0.5557131992082707,0.6510390873854582,-0.7606569903456943,1,2,257.327,257.127
2022-09-01 16:25:00,256.436,256.737,256.247,256.497,1.9332,256.57343245305066,255.5032704098639,256.22595,256.94862959013614,0.5640955493665839,0.6875312404692011,-0.7161164691737554,1,2,257.437,257.237
2022-09-01 16:30:00,256.506,256.587,256.256,256.456,2.0772000000000004,256.5643991874314,255.50295492282373,256.2284,256.9538450771763,0.5662487664726384,0.6568692153001451,-0.6588299288659414,1,2,257.287,257.087
2022-09-01 16:35:00,256.426,256.487,256.026,256.197,2.0664,256.53613771147513,255.57643000029526,256.25495,256.93346999970476,0.529566355463375,0.4572967635255985,-0.6321883390954213,1,2,257.187,256.987
2022-09-01 16:40:00,256.166,256.406,256.046,256.397,1.7064,256.52543481059246,255.61305106783115,256.27795000000003,256.94284893216894,0.5188889111754607,0.5895248843396427,-0.5800800410311808,1,2,257.106,256.906
2022-09-01 16:45:00,256.397,256.477,256.196,256.277,1.4892,256.5063244405469,255.61382338316147,256.26149999999996,256.9091766168384,0.5054810159454052,0.5119658480768585,-0.5486162636760241,1,2,257.17699999999996,256.977
2022-09-01 16:50:00,256.287,256.327,255.656,255.737,1.8072,256.4471456374279,255.56067021030748,256.21305,256.86542978969254,0.5092479010671249,0.13514351032825633,-0.5562875783919594,1,2,257.027,256.827
2022-09-01 16:55:00,255.737,255.927,255.496,255.816,1.8204,256.3985959730104,255.52115200084285,256.1765,256.8318479991571,0.5116378740104025,0.22495529057567307,-0.5190391433955028,1,2,256.627,256.427
2022-09-01 17:00:00,255.816,256.316,255.686,256.216,1.746,256.3845501289327,255.51945336557762,256.1735,256.8275466344224,0.5106278630868423,0.5324900379905918,-0.5352560183633273,1,2,257.01599999999996,256.816
2022-09-01 17:05:00,256.207,256.707,256.206,256.696,1.8156,256.4085078113225,255.5220766612365,256.2085,256.89492333876353,0.5358318235058697,0.8551015623085927,-0.499802870899714,1,2,257.407,255.70600000000002
2022-09-01 17:10:00,256.696,256.897,256.367,256.827,1.8648,256.4406995181439,255.4960770973075,256.2305,256.9649229026925,0.5732517422340326,0.906101169920738,-0.4766865250981027,1,2,257.597,255.86700000000002
2022-09-01 17:15:00,256.826,256.957,256.686,256.807,1.866,256.4688764782867,255.4807679700655,256.25705000000005,257.03333202993457,0.6058619889166248,0.8542204886839642,-0.3994574523521237,1,2,257.657,256.186
2022-09-01 17:20:00,256.826,257.377,256.777,257.287,2.0544,256.53180905688004,255.50115866196663,256.34060000000005,257.18004133803345,0.6549421652546727,1.063708240898111,-0.35314914594022184,1,1,256.077,256.277
2022-09-01 17:25:00,257.267,257.477,256.996,257.376,2.4624,256.59674682173545,255.52585278303664,256.4246,257.3233472169633,0.7009836162079173,1.0292923204894866,-0.28649179234616895,1,1,256.296,256.496
2022-09-01 17:30:00,257.386,257.487,257.096,257.256,2.2596,256.6474586046789,255.60395109493209,256.50355,257.40314890506795,0.701431933451161,0.9182141595332047,-0.2474673414501467,1,1,256.396,256.596
2022-09-01 17:35:00,257.256,257.327,256.817,257.017,2.0184,256.6758848658574,255.702618023377,256.5651,257.42758197662295,0.6723299284454305,0.7619764889287464,-0.25983272260771173,1,1,256.117,256.317
2022-09-01 17:40:00,257.026,257.027,256.706,256.756,1.6584,256.68204756848377,255.72760002328317,256.5866,257.4455999767168,0.669559498989271,0.5986030294479532,-0.21425141782520996,1,2,257.727,256.206
2022-09-01 17:45:00,256.746,256.756,256.226,256.256,1.572,256.6492746786004,255.70292936192877,256.57360000000006,257.4442706380713,0.6786907445436898,0.3176118579675415,-0.18283300460950613,1,2,257.45599999999996,257.256
2022-09-01 17:50:00,256.276,256.417,256.196,256.206,1.572,256.6151766264004,255.67123141892338,256.55654999999996,257.44186858107656,0.6901547289099339,0.3020204209575776,-0.09198709563463581,1,2,257.11699999999996,256.917
2022-09-01 17:55:00,256.217,256.556,256.216,256.416,1.6787999999999998,256.5998553474465,255.65926328597521,256.546,257.43273671402477,0.6912886687181075,0.4266975202763721,-0.06132318395202674,1,2,257.256,257.056
2022-09-01 18:00:00,256.437,256.727,256.036,256.706,2.4372,256.6080203207199,255.67236260148675,256.55994999999996,257.4475373985132,0.6919142278545182,0.5822735880684486,-0.10308822346581792,1,2,257.42699999999996,255.536
2022-09-01 18:05:00,256.727,256.877,256.416,256.636,2.4204,256.61017260374143,255.67921629506935,256.56690000000003,257.4545837049307,0.691970558112274,0.5389215210418827,-0.09674423876458604,1,2,257.577,255.916
2022-09-01 18:10:00,256.636,256.727,256.286,256.647,2.0268,256.6130054803767,255.68963491781014,256.57645,257.46326508218993,0.6912677154819921,0.5397771764468297,-0.08593639067726144,1,2,257.42699999999996,255.786
2022-09-01 18:15:00,256.657,256.837,256.506,256.656,2.1084,256.616312751117,255.72945554200314,256.5994,257.46934445799684,0.6780565020782211,0.5325308124442482,-0.057837826978243356,1,2,257.537,256.006
2022-09-01 18:20:00,256.656,257.567,256.656,257.466,2.3376,256.6816733087234,255.71084059983488,256.65285,257.5948594001651,0.7340728148275815,0.9316039733029742,-0.10001981005052585,1,1,255.95600000000002,256.156
2022-09-01 18:25:00,257.457,258.146,257.426,257.866,2.3628000000000005,256.77277536189854,255.67011995876433,256.7323,257.79448004123566,0.8274611657634535,1.0336665894612018,-0.05383924419754749,1,0,,256.926
2022-09-01 18:30:00,257.866,258.387,257.826,258.207,2.5764,256.8831003340602,255.7138538366458,256.8558,257.9977461633542,0.889172962692835,1.0916215857458558,0.008409667009857458,0,0,,
2022-09-01 18:35:00,258.216,258.556,257.837,258.127,2.682,256.97878492374787,255.80619468417328,256.97135000000003,258.13650531582675,0.9068367472301776,0.9959210091145665,-0.0028943713418811967,1,0,,257.337
2022-09-01 18:40:00,258.126,258.257,257.796,257.857,2.6004,257.04633992961345,255.88146887574428,257.0534,258.2253311242558,0.9118191972996658,0.842852913182223,0.025017121579310242,0,0,,
2022-09-01 18:45:00,257.877,258.177,257.637,257.766,2.1384000000000003,257.1016983965663,255.90773931018427,257.1069,258.30606068981575,0.9328109745913015,0.7748172140721542,0.04425278263227028,0,0,,
2022-09-01 18:50:00,257.796,258.397,257.656,258.346,2.076,257.19741390452276,255.87658903449608,257.18285000000003,258.489110965504,1.0158227622906832,0.9452211429096914,0.07814190662367082,0,0,,
2022-09-01 18:55:00,258.346,258.476,257.896,258.097,2.2572,257.2666128349441,255.89510811705176,257.24735,258.59959188294823,1.0513164726075779,0.8141634683535787,0.10804844872325248,0,0,,
2022-09-01 19:00:00,258.097,258.816,257.946,258.416,2.7456,257.35502723225613,255.858585192437,257.3038,258.749014807563,1.1233528673599105,0.884787089842871,0.098951700407099,0,0,,
2022-09-01 19:05:00,258.416,259.167,258.376,259.017,2.106,257.48287129131336,255.75867904708832,257.38585,259.0130209529117,1.2643826013836295,1.0012226887043392,0.1773448083420135,0,0,,
2022-09-01 19:10:00,259.056,259.507,258.646,259.267,2.172,257.62011196121233,255.6666151335942,257.4864,259.3061848664058,1.4134997937023337,0.9892336541727679,0.2654302594141882,0,0,,
2022-09-01 19:15:00,259.277,259.366,258.756,258.777,1.9248,257.7091033488114,255.68503413813008,257.5744,259.46376586187,1.4670447543466754,0.8182549299397466,0.33194026506805585,0,0,,
2022-09-01 19:20:00,258.776,259.087,258.476,258.797,2.3916,257.79278770659516,255.75472135370273,257.67645000000005,259.59817864629736,1.49158267765433,0.7915474050301012,0.38186024919087913,0,0,,
2022-09-01 19:25:00,258.827,258.827,258.396,258.447,2.3796,257.8431117291648,255.95290153019542,257.78599999999994,259.6190984698045,1.4221862085641115,0.680295824498322,0.393953253374832,0,0,,
2022-09-01 19:30:00,258.456,258.707,258.216,258.377,2.46,257.88418005769057,256.19640578056527,257.89455000000004,259.5926942194348,1.3169291242756127,0.6420521279872674,0.35480092837940447,0,0,,
2022-09-01 19:35:00,258.376,258.736,258.266,258.496,2.1180000000000003,257.9312431301759,256.4251599688889,257.99855,259.5719400311111,1.2196890495013268,0.6580822269633508,0.3151794344419159,0,0,,
2022-09-01 19:40:00,258.507,258.716,258.196,258.596,2.2464,257.98237827400857,256.6175543578513,258.09305,259.5685456421487,1.1433827002693027,0.6704342546439426,0.2756670070670566,0,0,,
2022-09-01 19:45:00,258.587,258.937,258.447,258.686,2.4192,258.03650302216175,256.8610907874349,258.19555,259.5300092125652,1.033681031733622,0.6837635783027008,0.20159520939603226,0,0,,
2022-09-01 19:50:00,258.706,259.587,258.706,259.587,2.0508,258.155772020457,257.0768602315338,258.34254999999996,259.60823976846615,0.9798538943477865,0.9916094097482123,0.08357947988451997,0,0,,
2022-09-01 19:55:00,259.577,260.776,259.576,260.566,1.9716,258.34117417272955,257.17095622486966,258.53805,259.90514377513034,1.057557117902253,1.2417011315871966,0.052736847366020356,0,0,,
2022-09-02 13:30:00,261.786,261.786,260.526,261.376,2.2356,258.57462231328884,256.9737209770548,258.73355000000004,260.49337902294525,1.360340800754453,1.2507689569687834,0.2558679930632479,0,0,,
2022-09-02 13:35:00,261.407,262.307,261.266,262.167,2.166,258.8509590584205,256.68603522523654,258.94860000000006,261.2111647747636,1.7475010675968266,1.2112282565117505,0.5916071762989645,0,0,,
2022-09-02 13:40:00,262.187,262.207,260.996,261.217,2.5428,259.03296220777275,256.6603027636557,259.0991,261.53789723634435,1.8825208087132128,0.9342099393171819,0.630773694876325,0,0,,
2022-09-02 13:45:00,261.227,261.946,261.147,261.946,2.7192,259.25704203794413,256.600467023031,259.29004999999995,261.9796329769689,2.074574768271247,0.9937475479922212,0.8213783442121212,0,0,,
2022-09-02 13:50:00,261.947,262.867,261.896,262.356,2.5944,259.49542341964076,256.5993988612978,259.515,262.4306011387022,2.246961554208571,0.987206559616144,0.9733231376364415,0,0,,
2022-09-02 13:55:00,262.357,262.746,261.596,261.666,2.322,259.6623908488992,256.76684013346164,259.71,262.6531598665383,2.266497144151814,0.8322959147137002,0.9569559608121949,0,0,,
2022-09-02 14:00:00,261.707,261.887,260.876,261.107,2.2920000000000003,259.7735146297531,256.91476150583475,259.84804999999994,262.78133849416514,2.257695213926137,0.714597030347398,0.9486778175557902,0,0,,
2022-09-02 14:05:00,261.067,261.527,260.776,261.507,2.2896,259.90685965823366,257.11594975366876,260.01855,262.92115024633125,2.232610132108841,0.7563994132297984,0.9764572532085367,0,0,,
2022-09-02 14:10:00,261.486,262.716,261.466,262.436,2.5596,260.1014089152926,257.2331368018637,260.21954999999997,263.20596319813626,2.295302715062178,0.8710889707732361,0.9763838234061382,0,0,,
2022-09-02 14:15:00,262.417,263.067,262.417,262.547,2.1564,260.28953130642395,257.29956260457874,260.39605,263.49253739542127,2.378290604194083,0.8473209681364448,1.1089179611416853,0,0,,
2022-09-02 14:20:00,262.547,263.217,262.366,262.837,2.1996,260.485490436699,257.35003735620353,260.57455,263.79906264379645,2.4749252325650826,0.8508204572174123,1.2101688699244164,0,0,,
2022-09-02 14:25:00,262.856,263.387,262.797,263.357,2.2944,260.7063757877222,257.473401926715,260.80355,264.13369807328496,2.5537597730437245,0.8833838531812238,1.3592703731150664,0,0,,
2022-09-02 14:30:00,263.387,264.057,263.296,263.947,2.2992,260.95565457328206,257.59757368421486,261.06104999999997,264.52452631578507,2.653384191770547,0.9166262068614506,1.493472682297977,0,0,,
2022-09-02 14:35:00,263.967,264.377,263.916,264.317,2.22,261.21421960610655,257.8325207851858,261.35455,264.8765792148142,2.695211707478757,0.9205601117020066,1.6352449749925881,0,0,,
2022-09-02 14:40:00,264.297,264.717,264.256,264.336,2.0244,261.45435655948296,258.1805781978845,261.65250000000003,265.1244218021156,2.6538418720368115,0.8864574366802894,1.6910241565627189,0,0,,
2022-09-02 14:45:00,264.346,264.377,263.826,263.867,2.1012,261.63994451644584,258.6417408974594,261.92105000000004,265.2003591025407,2.5040439495341444,0.7967012164989805,1.620713613707096,0,0,,
2022-09-02 14:50:00,263.886,264.066,263.086,263.096,2.2332,261.7519487844116,259.2107002440073,262.14605,265.0813997559927,2.239476624570706,0.6618120631213731,1.361149075619494,0,0,,
2022-09-02 14:55:00,263.117,263.307,262.586,263.256,2.37,261.86764503176454,259.8726631540361,262.37455,264.8764368459639,1.9071109190764846,0.6761570475143488,1.0630671827690321,0,0,,
2022-09-02 15:00:00,263.246,263.597,263.036,263.557,2.274,261.9975954139365,260.375920192727,262.57305,264.77017980727305,1.6735379409829219,0.7239171296895799,0.8743691596205849,0,0,,
2022-09-02 15:05:00,263.566,263.766,263.256,263.396,2.0448,262.10516499747985,260.69536952515193,262.71455000000003,264.73373047484813,1.5371668412336499,0.6687442030290157,0.7883779841149021,0,0,,
2022-09-02 15:10:00,263.417,263.727,263.236,263.497,2.2872,262.21222922844294,260.8722145761149,262.8206,264.7689854238851,1.4826732941672756,0.6735796192344872,0.7728093608407676,0,0,,
2022-09-02 15:15:00,263.517,263.787,263.206,263.716,2.1888,262.3279039031781,260.93664198788,262.89804999999996,264.8594580121199,1.492143446571728,0.7085109255559722,0.7792987169844992,0,0,,
2022-09-02 15:20:00,263.717,263.777,263.536,263.627,2.1312,262.4278343721644,261.1936861174026,263.01855,264.8434138825974,1.3876313154318678,0.6667110642613985,0.7605078536654446,0,0,,
2022-09-02 15:25:00,263.627,263.697,263.376,263.667,2.1672,262.52315480507485,261.3284990569203,263.1046,264.8807009430797,1.3501101410463456,0.658324334602509,0.7762621549984488,0,0,,
2022-09-02 15:30:00,263.676,263.947,263.466,263.646,2.412,262.6095275123768,261.4128437658449,263.1691,264.9253562341551,1.3346979065210185,0.635771760044293,0.7729592354148735,0,0,,
2022-09-02 15:35:00,263.656,263.887,263.426,263.757,2.4168000000000003,262.69779462680935,261.64331981564806,263.27365,264.9039801843519,1.238506158403562,0.6482368432601181,0.7014305188250205,0,0,,
2022-09-02 15:40:00,263.756,263.807,263.006,263.266,2.4144,262.7415027324394,262.08834791320135,263.38160000000005,264.67485208679875,0.9820367761443488,0.4553064707259883,0.40892619894111704,0,0,,
2022-09-02 15:45:00,263.277,263.957,263.246,263.816,1.8804,262.8241563684056,262.5202686580358,263.49705,264.4738313419642,0.7413983131607937,0.6632658130828903,0.11532696723588742,0,0,,
2022-09-02 15:50:00,263.856,264.017,263.606,263.707,1.8108,262.89206741698985,262.71113089520014,263.5606,264.4100691047999,0.644610085725924,0.5861714682574952,0.03532705147421211,0,0,,
2022-09-02 15:55:00,263.706,263.757,263.276,263.357,1.6632000000000002,262.9278314618368,262.88148179566554,263.60110000000003,264.3207182043345,0.545990289368667,0.33039617499271884,-0.048715082007788624,1,1,262.576,262.776
2022-09-02 16:00:00,263.377,263.437,262.886,263.006,2.0052,262.9338444263109,262.92280129049294,263.60955,264.2962987095071,0.5210347724557561,0.06057434717769473,-0.04823616861216351,1,1,262.18600000000004,262.386
2022-09-02 16:05:00,262.997,263.087,262.726,262.887,1.7592,262.9302410089024,262.8370011431091,263.58605,264.3350988568909,0.5683524275210381,0.03337489699833472,0.06061491954494613,0,0,,
2022-09-02 16:10:00,262.867,262.957,262.606,262.676,1.9692,262.9106840082176,262.6951542439769,263.5225,264.34984575602306,0.6279128013912119,-0.011575719001077093,0.16074124128147105,0,0,,
2022-09-02 16:15:00,262.676,262.697,262.066,262.087,2.424,262.84732369989314,262.4514907504306,263.411,264.3705092495694,0.7285263330456264,-0.18993602750269203,0.26141468861277417,0,0,,
2022-09-02 16:20:00,262.067,262.196,261.046,261.446,3.3516,262.7395295691321,262.0672264698957,263.2665,264.46577353010434,0.9110718835129691,-0.25900115957766534,0.3912594035244865,0,0,,
2022-09-02 16:25:00,261.467,261.496,260.866,261.147,2.9904,262.6170272945835,261.6504293935732,263.1305,264.6105706064268,1.124970770341566,-0.1700693843209841,0.6948673490450119,0,0,,
2022-09-02 16:30:00,261.156,261.457,260.667,260.877,3.3012,262.483179041154,261.2428159765715,263.01955,264.7962840234285,1.3510281067916838,-0.10294618433252209,1.019504885797346,0,0,,
2022-09-02 16:35:00,260.877,260.927,259.956,260.227,3.0084,262.3096268072191,260.7201892104168,262.8681,265.0160107895833,1.634211826831213,-0.11480672586790554,1.3923534745836719,0,0,,
2022-09-02 16:40:00,260.236,260.377,259.226,259.297,2.9064,262.0778862835869,260.0306611723632,262.6551,265.2795388276368,1.998391676108191,-0.13977486627565672,1.84870601882767,0,0,,
2022-09-02 16:45:00,259.237,259.866,259.096,259.556,2.88,261.8838950310033,259.53883586008254,262.46310000000005,265.38736413991757,2.2283240119601655,0.0029347793318569115,2.17889636051882,0,0,,
2022-09-02 16:50:00,259.547,259.606,258.686,259.387,3.192,261.6918261824646,259.08567815985214,262.2576,265.4295218401479,2.4189360690770356,0.04749830786086063,2.409765277834765,0,0,,
2022-09-02 16:55:00,259.387,259.627,259.096,259.427,2.9088000000000003,261.51760878381344,258.7183633737626,262.04314999999997,265.36793662623734,2.5375871311555898,0.10656873747103869,2.589204498430206,0,0,,
2022-09-02 17:00:00,259.447,259.447,258.236,258.767,3.0804,261.3060234927509,258.26986308389723,261.80015,265.3304369161027,2.696932691675493,0.0704102708812653,2.703107848086688,0,0,,
2022-09-02 17:05:00,258.767,258.927,258.096,258.346,3.0444,261.0783293779239,257.8099893732857,261.53409999999997,265.25821062671423,2.8478967956486474,0.0719649173240614,2.8803414699378322,0,0,,
2022-09-02 17:10:00,258.347,258.776,258.166,258.716,3.0708,260.89661173346826,257.5031232647028,261.2876,265.0720767352972,2.8967901540656165,0.160243650593078,2.926766545832834,0,0,,
2022-09-02 17:15:00,258.706,259.116,258.146,258.796,3.2508,260.73502621550915,257.2847962410958,261.03955,264.7943037589042,2.8767700211743397,0.20123873041213863,2.783213587484113,0,0,,
2022-09-02 17:20:00,258.797,258.797,257.556,257.596,2.9496,260.49356266047,256.8628664453747,260.75605,264.6492335546253,2.986073423512356,0.094156047915373,2.8222472090546944,0,0,,
2022-09-02 17:25:00,257.596,257.766,257.396,257.626,2.9904,260.27298091735696,256.5916179655791,260.44655,264.3014820344209,2.960248108044377,0.13416345932753673,2.804113436047544,0,0,,
2022-09-02 17:30:00,257.626,257.917,257.236,257.316,2.9316,260.0455208467911,256.3473156216419,260.127,263.90668437835814,2.90603003791081,0.12814355398358449,2.6778270750679667,0,0,,
2022-09-02 17:35:00,257.296,257.727,257.106,257.387,3.0348,259.8410192431918,256.1754813852097,259.82849999999996,263.4815186147902,2.8118690711682945,0.16582431442932227,2.500266768956294,0,0,,
2022-09-02 17:40:00,257.386,257.796,257.196,257.597,2.4852000000000003,259.6684023783309,256.0898243167429,259.55805,263.02627568325704,2.672408490707231,0.2172833922736034,2.253047822740598,0,0,,
2022-09-02 17:45:00,257.596,257.957,256.617,256.676,2.4084,259.43821757999774,255.9176824374294,259.2475,262.5773175625706,2.5688329203333575,0.11386773424084787,1.9390637840081695,0,0,,
2022-09-02 17:50:00,256.696,256.796,256.146,256.357,2.6376,259.20120084307484,255.76793450661216,258.93155,262.09516549338787,2.443592133432833,0.09310004559957527,1.7408406461170784,0,0,,
2022-09-02 17:55:00,256.346,256.357,255.856,255.867,2.5536000000000003,258.94472385514604,255.53696452364238,258.62055,261.7041354763576,2.3846407227558664,0.05351489019650164,1.6817463288268755,0,0,,
2022-09-02 18:00:00,255.876,256.297,255.816,256.076,2.8176,258.7240527893656,255.36567363557384,258.35205,261.3384263644262,2.311865815987276,0.1189278037570236,1.6002647547555284,0,0,,
2022-09-02 18:05:00,256.076,256.287,255.566,256.236,2.5860000000000003,258.5326641132606,255.27622633831933,258.1065,260.9367736616806,2.1931052969844895,0.16955492231637012,1.394817919597699,0,0,,
2022-09-02 18:10:00,256.257,256.387,255.946,256.026,2.5824,258.3398437968559,255.19830017490995,257.86395000000005,260.52959982509014,2.0674854512157275,0.15525291756243495,1.2384970108245739,0,0,,
2022-09-02 18:15:00,256.036,256.207,255.756,256.037,2.8092,258.16270196632854,255.1086934935755,257.65445,260.20020650642454,1.9761013298427599,0.18232429222547347,1.1331134839938386,0,0,,
2022-09-02 18:20:00,256.056,256.187,255.806,256.086,2.5572,258.00295566122634,254.97791431641542,257.4939,260.00988568358457,1.9542099316407686,0.22020905977610317,1.1541348537663225,0,0,,
2022-09-02 18:25:00,256.056,256.757,255.967,256.747,2.5488,257.90634368728587,255.00559996432855,257.35345,259.70130003567147,1.8246112773475205,0.37084992849073556,0.8959064277406696,0,0,,
2022-09-02 18:30:00,256.757,256.757,256.066,256.366,2.3796,257.78785571134085,255.01400292451248,257.2024,259.3907970754875,1.7016925778978074,0.3089012251550179,0.6861076206930079,0,0,,
2022-09-02 18:35:00,256.357,256.927,256.317,256.766,2.3496,257.70925142585315,255.1285788877866,257.06935000000004,259.0101211122135,1.509920270318838,0.4218480741775742,0.37387827216133473,0,0,,
2022-09-02 18:40:00,256.766,256.967,256.516,256.907,2.3076,257.6475397777106,255.19846785823637,256.97635,258.7542321417637,1.383693201155402,0.4804964574504226,0.19677433409742662,0,0,,
2022-09-02 18:45:00,256.927,256.997,256.506,256.607,2.3628,257.56749825634824,255.22125151739957,256.88939999999997,258.5575484826004,1.2987289336192271,0.41535525675756096,0.09232475185473277,0,0,,
2022-09-02 18:50:00,256.617,256.776,256.546,256.557,2.3664,257.48976762124454,255.33545173236558,256.78145000000006,258.22744826763454,1.1262482298736758,0.42238925695006996,-0.09984939351630828,1,0,,257.276
2022-09-02 18:55:00,256.557,256.597,255.946,256.166,2.3976,257.3879393426873,255.51601199904857,256.64995,257.78388800095144,0.8836456044128834,0.28660649894705503,-0.46157178770886276,1,0,,257.097
2022-09-02 19:00:00,256.166,256.956,256.037,256.696,2.9508,257.33471323940364,255.5565524656641,256.60495000000003,257.653347534336,0.817129626171228,0.5434234138377927,-0.619592274451918,1,2,257.656,257.456
2022-09-02 19:05:00,256.707,256.986,256.446,256.576,2.4696,257.27635068252647,255.61448870548858,256.55245,257.49041129451143,0.7312043167090585,0.5125538229230884,-0.7237723420109887,1,2,257.686,257.486
2022-09-02 19:10:00,256.577,256.726,256.146,256.407,2.5644,257.20947755310135,255.63571474246285,256.50699999999995,257.3782852575371,0.6793461835638874,0.44261351312045993,-0.7742618421736438,1,2,257.426,257.226
2022-09-02 19:15:00,256.417,256.717,256.216,256.386,2.3916000000000004,257.14613312593974,255.68418471221761,256.45695,257.2297152877824,0.6026471794056707,0.4540934348878425,-0.8500178024320917,1,2,257.417,257.217
2022-09-02 19:20:00,256.386,256.837,255.586,255.797,2.7696,257.0423536547136,255.7409067187476,256.36695,256.9929932812524,0.488396247061014,0.04479984286404888,-1.1076223717988114,1,2,257.537,257.337
2022-09-02 19:25:00,255.787,256.337,255.626,256.187,2.3736,256.97655721973564,255.72856759329616,256.34250000000003,256.9564324067039,0.47899385135424777,0.3733573938254131,-1.0973627079614516,1,0,,256.837
2022-09-02 19:30:00,256.136,256.167,255.276,255.276,2.634,256.84574512590984,255.51859950152573,256.28845,257.0583004984743,0.600768781015519,-0.15756273588606434,-0.9044665100324778,1,0,,256.667
2022-09-02 19:35:00,255.296,255.307,254.616,254.716,2.2488,256.68191857776293,255.21187224767868,256.23089999999996,257.24992775232124,0.7953980197714473,-0.2433065471225448,-0.5352423982325263,1,0,,255.807
2022-09-02 19:40:00,254.737,254.757,254.466,254.466,1.8684,256.5114633025504,254.87342225547945,256.1504,257.4273777445205,0.9970530942138185,-0.1595259812583577,-0.09710953455191884,1,0,,255.257
2022-09-02 19:45:00,254.477,255.047,254.466,254.966,2.5536,256.3925815100465,254.7108046689998,256.0869,257.46299533100023,1.0747096637900768,0.09272443749035916,0.07150684041090472,0,0,,
2022-09-02 19:50:00,254.966,255.777,254.947,255.757,1.974,256.34369062465834,254.68999787216882,256.07345,257.45690212783114,1.0805119607918452,0.3856303034872362,0.0629839696788963,0,0,,
2022-09-02 19:55:00,255.767,256.147,255.307,255.476,1.7496,256.2769451919923,254.6375945588965,256.0454,257.4532054411034,1.09965298427815,0.29777035115248124,0.08194615515611758,0,0,,
2022-09-06 13:30:00,256.097,257.806,256.097,256.506,2.604,256.2945647926083,254.6443405919581,256.06640000000004,257.488459408042,1.1106958258029525,0.6545645693541099,-0.2442037554341141,1,1,255.397,255.59699999999998
2022-09-06 13:35:00,256.517,257.097,255.616,255.637,2.4324000000000003,256.24398288548457,254.61298528157099,256.0109,257.40881471842897,1.0920743752933901,0.366265089325272,-0.4063567151922598,1,0,,257.597
2022-09-06 13:40:00,255.676,255.967,255.236,255.356,2.4924,256.17567650967806,254.54458780906495,255.96040000000002,257.37621219093506,1.106274400989416,0.28655361075792,-0.34399053472225205,1,2,256.66700000000003,256.467
2022-09-06 13:45:00,255.387,255.727,255.036,255.367,2.8836,256.1134706243182,254.50279781375156,255.89045000000002,257.2781021862485,1.084567389090495,0.31139005682137794,-0.34960504172721585,1,2,256.427,256.227
2022-09-06 13:50:00,255.366,255.837,254.996,255.096,2.7804,256.03520365321685,254.45366942539553,255.79990000000004,257.1461305746045,1.0525653642589308,0.23856632984033302,-0.4006521554687197,1,2,256.537,256.337
2022-09-06 13:55:00,255.097,255.607,254.676,255.477,2.388,255.99226491066173,254.44334670878467,255.7434,257.0434532912153,1.0166857023214053,0.3975426615969899,-0.48354060742241245,1,2,256.307,256.10699999999997
2022-09-06 14:00:00,255.476,255.476,253.536,253.947,3.0648000000000004,255.83493684061085,254.15172268016525,255.6129,257.07407731983477,1.1432735357525075,-0.07005401650649712,-0.4816790646469826,1,2,256.176,255.976
2022-09-06 14:05:00,253.946,254.027,253.026,253.376,2.9544,255.64578785287156,253.74228516845386,255.47340000000003,257.2045148315462,1.355221194493176,-0.10579459021984833,-0.14383618298489864,1,0,,254.527
2022-09-06 14:10:00,253.387,253.536,252.646,253.366,2.8272,255.47041955649684,253.44272555537344,255.30689999999998,257.1710744446265,1.4603400414376126,-0.020578963410476183,0.03247114576504373,0,0,,
2022-09-06 14:15:00,253.406,253.407,252.906,253.216,2.8416,255.29700266753557,253.16039047007644,255.13889999999998,257.1174095299235,1.550927381064622,0.014053389453656343,0.25695892619171445,0,0,,
2022-09-06 14:20:00,253.227,253.436,252.917,253.297,2.7408,255.14315630849438,252.94019600626913,254.98340000000002,257.02660399373093,1.6026172635009952,0.08731482388093284,0.40667249511642467,0,0,,
2022-09-06 14:25:00,253.297,254.597,253.076,254.336,2.658,255.08106736168713,252.92564411904797,254.88090000000003,256.8361558809521,1.534250609560831,0.36065762407151014,0.1440273822056497,0,0,,
2022-09-06 14:30:00,254.336,254.387,253.876,254.226,2.634,255.01529294924967,252.87458546303046,254.80235000000002,256.73011453696955,1.5131450215977582,0.35051338248341546,0.1755220857227755,0,0,,
2022-09-06 14:35:00,254.226,254.997,253.826,254.886,2.3904,255.00534733776894,252.9159547718795,254.7373,256.5586452281205,1.4299792202559203,0.5408214757159024,-0.060081275388483846,1,2,255.697,255.497
2022-09-06 14:40:00,254.907,255.757,254.856,255.486,2.7623999999999995,255.04232061947903,252.9117912200653,254.7478,256.5838087799347,1.4414324912204943,0.7010338970236929,-0.09865805657341298,1,1,254.156,254.356
2022-09-06 14:45:00,255.517,255.717,254.996,255.157,2.7732,255.05114211028837,252.92532564125668,254.76985,256.6143743587433,1.4479926559153793,0.6049457542170349,-0.06014325524023434,1,1,254.29600000000002,254.496
2022-09-06 14:50:00,255.156,256.397,255.087,256.057,2.8632,255.12851579411236,252.9285035009669,254.8494,256.7702964990331,1.507475786902465,0.8143323965158591,-0.09493372314250337,1,1,254.387,254.587
2022-09-06 14:55:00,256.086,256.857,256.006,256.436,2.6496000000000004,255.22909150225757,252.88109316290746,254.92289999999997,256.9647068370925,1.6019014667513265,0.8705296633629243,-0.021739554399744065,1,0,,255.50599999999997
2022-09-06 15:00:00,256.447,256.467,255.846,256.156,2.5128,255.30039215593007,252.86142123350382,254.94285,257.0242787664962,1.6328591027331718,0.7914224160652342,-0.0013632067586968333,1,0,,255.346
2022-09-06 15:05:00,256.166,257.057,256.006,256.447,2.604,255.38859275932006,252.81917511293196,254.99140000000003,257.1636248870681,1.7037632540298087,0.8350481823188731,-0.007098803019630395,1,0,,255.50599999999997
2022-09-06 15:10:00,256.416,256.567,255.906,256.166,2.5356,255.44839331629544,252.84495421294696,254.9744,257.10384578705305,1.6703212456254775,0.7797911097913083,-0.09709469445488139,1,1,255.20600000000002,255.406
2022-09-06 15:15:00,256.186,256.257,255.616,255.626,2.4792,255.4620553688881,252.84508347687026,254.97385,257.10261652312977,1.669792037991155,0.6531755579849094,-0.07042486490126976,1,1,254.91600000000003,255.116
2022-09-06 15:20:00,255.637,256.196,255.427,255.956,2.5884,255.50005110974288,252.83780223736915,255.00384999999997,257.1698977626308,1.6988353412160837,0.7197897055703797,-0.033711112254422915,1,1,254.727,254.927
2022-09-06 15:25:00,255.956,256.347,255.206,255.416,2.8427999999999995,255.49358563976267,252.83850461297706,255.0063,257.174095387023,1.7001896714104419,0.5944969258751431,-0.07659835692078332,1,1,254.506,256.847
2022-09-06 15:30:00,255.406,256.647,255.226,256.067,2.8992,255.53769443670402,252.83824987593653,255.05485,257.27145012406345,1.7381360315739627,0.7283113650071784,-0.13717754902853585,1,1,254.526,254.726
2022-09-06 15:35:00,256.086,256.327,255.556,255.856,2.9196,255.5621794800345,252.83670236243515,255.07379999999998,257.31089763756484,1.7540787313827169,0.6748247342595771,-0.09671787618503913,1,1,254.85600000000002,255.056
2022-09-06 15:40:00,255.867,256.917,255.776,256.357,2.9376,255.62331952003186,252.95333823325817,255.19429999999997,257.43526176674175,1.7562788563394955,0.7594198654470041,-0.08962845998433977,1,1,255.07600000000002,255.276
2022-09-06 15:45:00,256.357,256.557,255.757,255.847,2.8164,255.64052571079867,253.2238557999128,255.31785,257.4118442000872,1.6403038017805722,0.6263494426054197,-0.1056279098078221,1,1,255.05700000000002,255.257
2022-09-06 15:50:00,255.846,256.337,255.736,256.216,2.8644,255.68479296381417,253.53603773064262,255.46034999999998,257.3846622693573,1.5065447685774676,0.696342873252169,-0.1233363062619901,1,1,255.036,255.236
2022-09-06 15:55:00,256.246,256.417,256.006,256.066,2.6004,255.71411658198232,253.96343128899312,255.60285000000005,257.24226871100694,1.282785939990036,0.6412543351159756,-0.20668238122004823,1,1,255.30599999999998,255.50599999999997
2022-09-06 16:00:00,256.067,256.167,255.627,255.776,2.5752,255.71887684490676,254.47426391668748,255.7268,256.97933608331255,0.9795892204591266,0.5196401527490855,-0.4131434763214088,1,2,256.86699999999996,255.127
2022-09-06 16:05:00,255.777,256.166,254.786,254.927,2.802,255.65796324145242,254.6133605381063,255.75634999999997,256.89933946189365,0.8938112089054111,0.1372013795184385,-0.5211896634894515,1,0,,256.666
2022-09-06 16:10:00,254.916,255.067,254.706,254.837,2.1804,255.59481222287917,254.78523221076046,255.7869,256.78856778923955,0.7832049172491224,0.025840797615562468,-0.4546728480117963,1,0,,255.567
2022-09-06 16:15:00,254.816,254.957,254.137,254.217,2.3976,255.4888266672731,254.60042970963215,255.75345000000002,256.90647029036785,0.901665483197078,-0.16627188299948023,-0.2047474290500304,1,0,,255.457
2022-09-06 16:20:00,254.166,254.337,253.606,253.737,2.388,255.35407076979055,254.21763057198802,255.666,257.11436942801197,1.133016848553951,-0.16592126383382108,0.18526768187194875,0,0,,
2022-09-06 16:25:00,253.736,254.037,253.496,253.876,2.3928,255.2403730182682,253.96782387573683,255.60195000000004,257.23607612426326,1.2786491842204006,-0.0280957125565269,0.49469835394609163,0,0,,
2022-09-06 16:30:00,253.896,254.147,253.876,253.976,2.076,255.1431135553245,253.73313623110647,255.4979,257.2626637688935,1.381431134184286,0.06880914408329014,0.7330362624160784,0,0,,
2022-09-06 16:35:00,253.966,254.177,253.686,253.896,2.022,255.04718174337648,253.5304963594909,255.37089999999998,257.211303640509,1.441357367271723,0.09929985804852512,0.838973991791363,0,0,,
2022-09-06 16:40:00,253.906,254.397,253.446,254.366,1.9632,254.99478314773214,253.42836655184024,255.2814,257.1344334481597,1.45175751007299,0.25299960156977874,0.7720399564627769,0,0,,
2022-09-06 16:45:00,254.347,254.427,254.066,254.217,2.0532,254.93495367482967,253.34264283145518,255.1699,256.99715716854485,1.4321886465016702,0.23925399872453154,0.7703249617714505,0,0,,
2022-09-06 16:50:00,254.237,254.387,253.926,254.327,1.8264,254.8881880075351,253.27553423497847,255.07795000000002,256.88036576502157,1.4132274193214662,0.29168235915007135,0.7466604350837542,0,0,,
2022-09-06 16:55:00,254.336,254.547,254.077,254.277,1.9428,254.84117354541704,253.19425745011904,255.0105,256.826742549881,1.4244453070606646,0.2980721242192866,0.7803424894610203,0,0,,
2022-09-06 17:00:00,254.287,254.307,253.646,253.816,2.0448,254.76231404192345,253.07060256697278,254.90350000000004,256.73639743302726,1.4381108403982223,0.2033385555557552,0.7765116640758833,0,0,,
2022-09-06 17:05:00,253.817,253.857,252.836,252.836,2.34,254.61413603869858,252.75080807680675,254.7745,256.7981919231932,1.5886141848522723,0.02104863942403791,0.9413428941419681,0,0,,
2022-09-06 17:10:00,252.836,253.057,252.447,252.557,2.196,254.45589480495252,252.44923768755774,254.59900000000002,256.7487623124423,1.6887437204720186,0.025063773752695,1.089994143300686,0,0,,
2022-09-06 17:15:00,252.556,252.877,252.277,252.806,2.2032,254.3289798199562,252.24299982981697,254.44650000000001,256.6500001701831,1.7319948752944625,0.12775133349235734,1.148638493340684,0,0,,
2022-09-06 17:20:00,252.787,252.976,252.626,252.727,2.0136,254.2057506030365,252.12374382662972,254.26500000000001,256.4062561733703,1.6842712708161125,0.14086501673005578,1.1024527514653073,0,0,,
2022-09-06 17:25:00,252.727,252.817,252.506,252.547,1.8648,254.07815440280297,251.96321783983578,254.1,256.2367821601642,1.6818434948163732,0.1366031060740787,1.1362933498691632,0,0,,
2022-09-06 17:30:00,252.566,253.147,252.426,252.926,1.8312,253.9895271410489,251.9764795815266,253.9355,255.89452041847338,1.5429275689877047,0.2423457176656995,0.8637924472540703,0,0,,
2022-09-06 17:35:00,252.897,252.986,252.517,252.906,1.8972,253.9061788994298,252.03334605037415,253.77749999999997,255.5216539496258,1.3745536539888887,0.25016540249014935,0.6039476899512124,0,0,,
2022-09-06 17:40:00,252.906,252.917,252.366,252.657,2.13,253.81008821485827,252.07329453335535,253.62154999999998,255.16980546664462,1.2209179122551954,0.18850424856230633,0.3624521840818886,0,0,,
2022-09-06 17:45:00,252.646,252.856,252.116,252.127,2.2284,253.6806198906384,251.92444018049636,253.48155000000003,255.0386598195037,1.228578426716789,0.06504352389487039,0.34562589718501613,0,0,,
2022-09-06 17:50:00,252.127,252.286,251.916,252.026,2.2236,253.55334143751242,251.79120969160516,253.34099999999998,254.8907903083948,1.2234816381042302,0.07574905686370932,0.3812834262969602,0,0,,
2022-09-06 17:55:00,252.026,252.987,252.026,252.917,2.0112,253.50439209616533,251.77020120866223,253.276,254.7817987913378,1.1890576219916467,0.38079416650312686,0.24091161229688396,0,0,,
2022-09-06 18:00:00,252.916,253.466,252.836,253.207,2.3808,253.4815157810757,251.7585040241522,253.24949999999998,254.74049597584778,1.1774917430026874,0.4857477817886719,0.20664567100124032,0,0,,
2022-09-06 18:05:00,253.186,253.376,253.096,253.237,1.8744,253.4627068748391,251.75449955999656,253.21755,254.68060044000342,1.1555679612281442,0.506647070896599,0.2169263546661,0,0,,
2022-09-06 18:10:00,253.237,254.067,253.226,253.897,2.3688,253.49611403831304,251.75835591051046,253.21359999999999,254.6688440894895,1.1494201650223572,0.734805969986702,0.09894848847000048,0,0,,
2022-09-06 18:15:00,253.907,254.127,253.756,253.966,2.0232,253.53225911228898,251.7549872957278,253.21710000000002,254.67921270427223,1.1548293573160857,0.756102008351253,0.09616430334983761,0,0,,
2022-09-06 18:20:00,253.967,254.057,253.716,253.967,2.1444,253.565700719036,251.7883713410212,253.19715000000002,254.60592865897885,1.1127918769850547,0.773233128246713,0.016599153382401255,0,0,,
2022-09-06 18:25:00,253.997,254.087,253.606,253.756,2.1948000000000003,253.580339125264,251.81874913767905,253.1741,254.52945086232097,1.0706868216938152,0.7146676614067002,-0.07213297607583513,1,1,252.906,253.106
2022-09-06 18:30:00,253.756,253.917,253.196,253.536,2.0820000000000003,253.57692842332062,251.87317067957568,253.13455,254.3959293204243,0.9966077885648648,0.6591313546606142,-0.24150367622041813,1,2,254.617,254.417
2022-09-06 18:35:00,253.507,254.057,253.306,253.837,1.8384000000000005,253.59693392921906,251.9180666012062,253.11255,254.3070333987938,0.9438357748707497,0.803248249716799,-0.39721550293236874,1,2,254.75699999999998,252.806
2022-09-06 18:40:00,253.836,253.866,253.426,253.537,1.902,253.59232362697145,251.93109181587707,253.09859999999998,254.26610818412288,0.9225718230941686,0.6877502898745751,-0.4107836793436661,1,2,254.566,254.366
2022-09-06 18:45:00,253.536,253.657,253.186,253.607,2.2476000000000003,253.5934525787429,251.9560347177375,253.13715000000002,254.31826528226253,0.9331820969482435,0.6989009908922474,-0.3464464037310222,1,2,254.357,252.686
2022-09-06 18:50:00,253.637,253.657,252.996,253.517,2.1096000000000004,253.58757161114733,252.0243917521317,253.18514999999996,254.34590824786824,0.9169244308904161,0.6429453551630894,-0.33540232517353274,1,2,254.357,254.157
2022-09-06 18:55:00,253.547,253.877,253.147,253.406,2.232,253.573604564136,252.0641661990739,253.21515,254.3661338009261,0.9090955268088018,0.5829073353797208,-0.3327662413497876,1,2,254.577,254.377
2022-09-06 19:00:00,253.386,253.576,252.896,253.116,2.3904,253.5384042130486,252.10430863933485,253.2346,254.36489136066515,0.8926831962655611,0.4475356513694873,-0.31278010615588414,1,2,254.27599999999998,254.076
2022-09-06 19:05:00,253.117,254.027,253.036,253.997,2.3088,253.5736808120449,252.17651362117064,253.3071,254.43768637882934,0.8926606311701089,0.8051071607259105,-0.3639211387706496,1,2,254.72699999999998,252.536
2022-09-06 19:10:00,254.006,254.067,253.696,253.747,2.1612,253.58701305727223,252.21627540005773,253.34815000000003,254.48002459994234,0.8935329505601735,0.6761900125775027,-0.29181077312432535,1,2,254.767,253.196
2022-09-06 19:15:00,253.747,254.267,253.676,253.696,2.3928000000000003,253.5953966682513,252.26515291314652,253.38765000000004,254.51014708685355,0.8859919470057153,0.637350022379257,-0.2717992030638925,1,1,252.976,253.176
2022-09-06 19:20:00,253.687,253.887,253.196,253.627,2.2596,253.59782769377045,252.36131117022376,253.43615,254.51098882977624,0.8482127192795821,0.5887807523848682,-0.29258162300621393,1,2,254.587,252.696
2022-09-06 19:25:00,253.647,253.857,253.377,253.556,2.0172,253.59461017886505,252.61599685958666,253.5076,254.39920314041333,0.7034133417801579,0.5271421206398944,-0.37697965019935964,1,2,254.557,254.357
2022-09-06 19:30:00,253.567,253.586,252.556,252.917,2.382,253.54248631895237,252.90581316057722,253.55214999999998,254.19848683942274,0.5098255640291425,0.008654032031322796,-0.5968213997030318,1,2,254.286,254.086
2022-09-06 19:35:00,252.926,253.166,252.766,252.826,2.1144,253.48737198672526,252.88243523845964,253.54759999999996,254.21276476154029,0.5246863007500958,-0.04242199957267317,-0.47118078814492037,1,2,253.86599999999999,253.666
2022-09-06 19:40:00,252.826,253.607,252.756,253.526,2.1096,253.4903433723618,252.9167747762978,253.56355000000002,254.21032522370223,0.5101484213343809,0.470971367931296,-0.5254350355367592,1,2,254.307,252.256
2022-09-06 19:45:00,253.547,253.736,253.097,253.526,2.3304,253.49308618987246,252.9483667734347,253.57800000000003,254.20763322656535,0.4965992527469399,0.458706118255795,-0.5346260556032405,1,2,254.43599999999998,252.597
2022-09-06 19:50:00,253.527,253.527,252.737,252.936,2.5284,253.45023340603612,252.85966394912697,253.52995,254.20023605087306,0.5287628154961931,0.05694289085503956,-0.5204747282318749,1,2,254.22699999999998,254.027
2022-09-06 19:55:00,252.926,253.387,252.496,253.336,2.3868,253.44144622095644,252.85439271217933,253.49845,254.14250728782065,0.5081350894418944,0.3738854422797761,-0.6160405599409557,1,2,254.087,253.887
2022-09-07 13:30:00,254.176,254.976,254.116,254.547,1.7508,253.5264888193444,252.76101057643478,253.52745,254.2938894235652,0.6046204650148949,1.1651210576156346,-0.7568919625048238,1,0,,253.616
2022-09-07 13:35:00,254.547,255.656,254.226,255.547,2.1252,253.68191275631793,252.45054297121794,253.61700000000002,254.7834570287821,0.9198571300678396,1.3272915128365825,-0.5869642252812639,1,0,,253.726
2022-09-07 13:40:00,255.537,255.777,254.916,255.226,2.0304,253.80068869813965,252.34189527803287,253.70149999999998,255.0611047219671,1.0718144922021482,1.0606408889910024,-0.4595621269473611,1,0,,254.416
2022-09-07 13:45:00,255.257,255.887,255.116,255.667,2.3772,253.94425110597507,252.185516874118,253.79300000000003,255.40048312588206,1.266767110111017,1.0828988092710778,-0.2809773564691227,1,0,,254.616
2022-09-07 13:50:00,255.606,255.747,255.297,255.516,2.6544,254.06515486705393,252.12404836529413,253.89195,255.6598516347059,1.392640951952891,0.9593157130798659,-0.09156499218329373,1,0,,254.797
2022-09-07 13:55:00,255.437,255.837,254.846,255.037,2.6004,254.13991218497287,252.13287200657942,253.96345000000002,255.79402799342063,1.441607438724434,0.793227058300301,-0.07811085947912488,1,0,,254.346
2022-09-07 14:00:00,255.017,255.037,254.246,254.836,2.5764,254.19345740151346,252.17305322205257,254.02940000000004,255.8857467779475,1.4615212081337552,0.717254666418475,-0.03837885086653614,1,1,253.54600000000002,253.746
2022-09-07 14:05:00,254.836,255.067,254.086,254.197,2.4876,254.19372990908937,252.2338317504052,254.06895000000003,255.90406824959487,1.444582857995707,0.5348887599009612,-0.042426366951161754,1,1,253.38600000000002,253.586
2022-09-07 14:10:00,254.196,254.407,253.536,253.636,2.3952000000000004,254.1508276083902,252.30028529872678,254.09495,255.88961470127325,1.4125937577848233,0.3721348896887504,-0.0027375708398551524,1,2,255.107,254.907
2022-09-07 14:15:00,253.637,253.716,253.326,253.606,2.37,254.1089177923602,252.26841683461188,254.0754,255.88238316538812,1.4223991503216116,0.37011500466879393,0.1334930144286659,0,0,,
2022-09-07 14:20:00,253.566,253.657,253.206,253.537,2.2536,254.0649241160248,252.24799252849903,254.0649,255.88180747150096,1.4302703533632302,0.3547256785828824,0.2576687634900168,0,0,,
2022-09-07 14:25:00,253.536,254.397,253.296,254.247,2.724,254.0789299532537,252.28205463158014,254.09245,255.9028453684199,1.4249895015927279,0.5426840464508293,0.20014844212425942,0,0,,
2022-09-07 14:30:00,254.226,255.246,254.226,254.426,2.3628,254.10562764915727,252.32960501443006,254.13240000000002,255.93519498556998,1.4187840555316522,0.5814291148882763,0.15980252844533993,0,0,,
2022-09-07 14:35:00,254.457,254.716,254.056,254.216,2.3352,254.11411782999136,252.38195833849372,254.1654,255.9488416615063,1.4033709242141439,0.5141860541592559,0.1962484860125926,0,0,,
2022-09-07 14:40:00,254.207,254.287,253.556,253.857,2.4936,254.09433953537666,252.51559424800706,254.21240000000003,255.909205751993,1.3349512077246968,0.39527381092897657,0.19790716464154912,0,0,,
2022-09-07 14:45:00,253.857,253.967,253.526,253.657,1.9392,254.0606980326554,252.65722930119372,254.25395000000003,255.85067069880634,1.256004635370509,0.3130700001427004,0.25101959596455004,0,0,,
2022-09-07 14:50:00,253.657,254.336,253.446,254.287,2.424,254.07810587629731,252.73060254899764,254.29199999999997,255.8533974510023,1.2280350549780061,0.4983988701926094,0.2092369293835361,0,0,,
2022-09-07 14:55:00,254.287,254.637,254.066,254.167,2.1936,254.08494388581292,252.80101783028178,254.32405,255.84708216971822,1.1977099057035467,0.44844166685295483,0.23484169777742636,0,0,,
2022-09-07 15:00:00,254.137,254.937,253.836,254.806,2.1996,254.14040974075039,253.02263903868499,254.41755000000003,255.81246096131508,1.0965524676383749,0.6392382778445469,0.06729101051152497,0,0,,
2022-09-07 15:05:00,254.806,255.197,254.667,254.897,1.914,254.1986089914619,253.17900068358023,254.49560000000002,255.81219931641982,1.0346735396759685,0.6524381772776118,0.04685507521656973,0,0,,
2022-09-07 15:10:00,254.916,255.727,254.866,255.297,1.9716,254.28310060750331,253.170848642872,254.53310000000002,255.89535135712805,1.0703923042842214,0.7803814420895392,0.010611329372721912,0,0,,
2022-09-07 15:15:00,255.287,255.347,254.876,255.007,1.74,254.33878517615693,253.20528088882537,254.50609999999998,255.80691911117458,1.0222302028710546,0.692532534192141,-0.083940913937397,1,0,,254.376
2022-09-07 15:20:00,255.037,255.497,255.006,255.426,1.8492,254.42241708568332,253.19045964153278,254.5161,255.8417403584672,1.0416946970876981,0.8431926292030203,-0.09837109282457845,1,0,,254.506
2022-09-07 15:25:00,255.407,255.557,255.086,255.127,1.8648,254.4766157714,253.23844738636302,254.4891,255.739752613637,0.982873226112228,0.7550268527984534,-0.21263393753173432,1,0,,254.586
2022-09-07 15:30:00,255.096,255.516,255.016,255.127,2.0988,254.52664532744615,253.27252957581663,254.46965,255.66677042418337,0.9408748148813562,0.7745546674840289,-0.3022459792550194,1,1,254.316,254.516
2022-09-07 15:35:00,255.116,255.377,255.096,255.167,1.8012,254.57590337918109,253.26544338401206,254.47615000000002,255.68685661598798,0.9515285546311191,0.7853085920556553,-0.25930108236104843,1,0,,254.596
2022-09-07 15:40:00,255.187,255.237,254.746,254.917,2.0388,254.60214158078256,253.26417523051663,254.48019999999997,255.6962247694833,0.9556930319005882,0.6796016047377141,-0.24544171949912652,1,1,254.04600000000002,254.246
2022-09-07 15:45:00,254.917,255.307,254.836,255.226,1.6932,254.65013068995316,253.2813176801757,254.53164999999998,255.78198231982427,0.9824572463379553,0.7776661808188708,-0.18123974163603407,1,1,254.13600000000002,254.336
2022-09-07 15:50:00,255.226,255.427,255.106,255.276,1.6668,254.6982744830337,253.39430242445096,254.61365,255.83299757554906,0.9578022038873808,0.7716001627762941,-0.12591762291503983,1,1,254.406,254.606
2022-09-07 15:55:00,255.276,255.447,255.147,255.216,1.5792,254.73809952280038,253.54072860692744,254.69415000000004,255.84757139307263,0.9057305737666853,0.7262182768302137,-0.09773283410916633,1,1,254.447,254.647
2022-09-07 16:00:00,255.206,255.507,255.187,255.357,1.7184,254.78570725181575,253.72811087584344,254.78515000000002,255.8421891241566,0.8297493979979401,0.7704961372438651,-0.10803850996029496,1,1,254.48700000000002,254.687
2022-09-07 16:05:00,255.356,255.677,255.196,255.607,1.3968,254.84888361706072,253.76871369020682,254.85315,255.93758630979318,0.8510283744134033,0.8475768900359737,-0.07157202583636035,1,1,254.496,254.696
2022-09-07 16:10:00,255.606,255.637,255.196,255.217,1.4976000000000005,254.87720026190223,253.81579181449953,254.89270000000002,255.9696081855005,0.8449894292778769,0.6505699391862629,-0.04810649911669884,1,1,254.496,254.696
2022-09-07 16:15:00,255.226,255.256,254.956,255.127,1.56,254.8964156263713,253.90344240918998,254.93825,255.97305759081004,0.8118103821690411,0.5912005292946527,-0.016969980986459632,1,2,255.956,254.456
2022-09-07 16:20:00,255.127,255.236,254.616,254.797,1.7952,254.8887682704966,254.07302154725463,254.98525,255.8974784527454,0.7155146838849552,0.39681860972793265,-0.09702268364193856,1,2,255.93599999999998,255.736
2022-09-07 16:25:00,254.806,255.156,254.726,255.077,1.1964,254.90324763430456,254.37740484092586,255.05625,255.73509515907415,0.5323101543868406,0.5152833085149291,-0.2539296786096088,1,2,255.856,254.226
2022-09-07 16:30:00,255.077,255.106,254.696,255.027,1.5215999999999998,254.91276704705038,254.51258077402153,255.09325000000004,255.67391922597855,0.4552603614392077,0.4429537531557552,-0.30157943668768894,1,2,255.80599999999998,254.196
2022-09-07 16:35:00,255.027,255.647,254.907,255.647,1.44,254.96924650496962,254.71446666329396,255.16725000000002,255.6200333367061,0.3548914186331218,1.0297787717742484,-0.46513211999192094,1,1,254.20700000000002,254.407
2022-09-07 16:40:00,255.626,256.417,255.546,256.156,2.1828,255.0605352353566,254.63791438611722,255.23475,255.83158561388277,0.46767582696539123,1.271778676214318,-0.4262307517011834,1,1,254.846,255.046
2022-09-07 16:45:00,256.146,256.437,256.096,256.177,1.8168,255.1464171403292,254.59548564714328,255.29874999999998,256.0020143528567,0.5509344271029188,1.1244095811429422,-0.3130575969573215,1,0,,255.596
2022-09-07 16:50:00,256.177,256.287,255.816,255.897,1.878,255.20415428338083,254.57870950109407,255.32874999999999,256.0787904989059,0.587509631332874,0.8788128779905292,-0.286179360449637,1,0,,255.316
2022-09-07 16:55:00,255.837,256.157,255.656,256.086,1.6416000000000002,255.27198856927464,254.5796438126761,255.38269999999997,256.1857561873238,0.6289041405888975,0.9378896589687968,-0.24807368542639097,1,1,254.95600000000002,255.156
2022-09-07 17:00:00,256.087,256.627,256.026,256.416,1.8996,255.3599894485612,254.5111869490614,255.43220000000002,256.3532130509386,0.7211409140575165,1.0340858085547155,-0.1933949291687327,1,0,,255.526
2022-09-07 17:05:00,256.416,256.596,256.186,256.286,1.9056,255.43122102944113,254.50933518057718,255.49015,256.4709648194228,0.7677907108534855,0.9057085926109563,-0.12891859115052284,1,0,,255.68599999999998
2022-09-07 17:10:00,256.296,256.347,256.016,256.187,1.5468,255.4893578733303,254.5324541456504,255.54315000000003,256.5538458543497,0.7910177630272106,0.8185181759819715,-0.06976294569284391,1,0,,255.51600000000002
2022-09-07 17:15:00,256.226,256.257,255.876,255.927,1.6284,255.52302265230492,254.5727351498517,255.58114999999998,256.5895648501483,0.7891151989481999,0.6714820046279255,-0.040271683223522814,1,1,255.17600000000002,255.376
2022-09-07 17:20:00,255.907,256.016,255.706,255.727,1.362,255.53871321751225,254.6591662806573,255.62165,256.5841337193427,0.7530533656618567,0.5547281984530413,-0.018766001327094273,1,2,256.716,255.206
2022-09-07 17:25:00,255.727,255.797,255.236,255.366,1.4448,255.52542758539596,254.67578982662732,255.62864999999996,256.5815101733726,0.745503427235271,0.3621780995052543,-0.010446716757201102,1,2,256.497,256.297
2022-09-07 17:30:00,255.406,256.207,255.366,256.187,1.5996000000000004,255.57631777113477,254.70614946412917,255.6742,256.64225053587086,0.7572532041722195,0.7648622055349058,-0.07132950757988965,1,1,254.66600000000003,254.866
2022-09-07 17:35:00,256.187,256.627,256.096,256.506,1.5132,255.64783178873978,254.73030045616827,255.73869999999997,256.74709954383167,0.7886170875442008,0.8804543569528164,-0.047853828814254484,1,1,255.39600000000002,255.596
2022-09-07 17:40:00,256.496,256.947,256.396,256.877,1.2144,255.74238318960596,254.708457693812,255.8147,256.92094230618795,0.864877824603496,0.9801389325186064,0.013222588079770503,0,0,,
2022-09-07 17:45:00,256.877,257.017,256.686,256.907,1.5072,255.83196909809783,254.68100569368158,255.8797,257.07839430631844,0.9369202061112545,0.9285079167328042,0.1076955137443747,0,0,,
2022-09-07 17:50:00,256.917,257.027,256.796,256.967,1.3524,255.9192791674749,254.72026253564968,255.9672,257.2141374643503,0.9742947255353891,0.9009022218772285,0.19979093773565637,0,0,,
2022-09-07 17:55:00,257.017,257.017,256.676,256.957,1.2708,255.99910384689994,254.80326476073012,256.0587,257.31413523926983,0.9805839358474112,0.8577643720286433,0.2402979056661252,0,0,,
2022-09-07 18:00:00,256.927,257.867,256.836,257.856,1.8516,256.14194201252303,254.86620475399377,256.21165,257.55709524600627,1.0502607871314593,1.1110802371486235,0.21238527750767844,0,0,,
2022-09-07 18:05:00,257.817,257.837,257.256,257.347,1.7244,256.2346387807905,254.9988726119695,256.32515,257.6514273880305,1.0348398415298061,0.8852323839726273,0.1922136070079432,0,0,,
2022-09-07 18:10:00,257.336,257.487,257.126,257.386,1.488,256.323205028422,255.18159107811272,256.4431,257.7046089218873,0.9838509376054946,0.8737191167024685,0.18360597715263793,0,0,,
2022-09-07 18:15:00,257.386,257.606,257.136,257.156,1.5732,256.3872661800819,255.27616351021456,256.51855,257.7609364897854,0.9686523565531081,0.75654255146887,0.18517192073971955,0,0,,
2022-09-07 18:20:00,257.157,257.417,257.116,257.406,1.4544,256.4656303200756,255.29298005236458,256.58105,257.8691199476354,1.004025782601955,0.8202271745856774,0.25219009945118387,0,0,,
2022-09-07 18:25:00,257.417,258.127,257.376,258.076,1.4555999999999998,256.589504910839,255.24862969065433,256.67600000000004,258.1033703093458,1.1121961611882158,0.9904123305751275,0.2996718752743277,0,0,,
2022-09-07 18:30:00,258.077,258.186,257.686,258.177,2.0028,256.7116199176976,255.26860787434606,256.79,258.311392125654,1.184930975235765,0.9558325156980182,0.376903066256034,0,0,,
2022-09-07 18:35:00,258.177,258.247,257.986,258.136,1.7508,256.82118761633626,255.30007135167634,256.89250000000004,258.4849286483238,1.2397626620658198,0.8904413555071835,0.4815337850589003,0,0,,
2022-09-07 18:40:00,258.137,258.497,258.076,258.257,1.7628,256.93163472277195,255.30261724569553,256.98455,258.66648275430447,1.308975776407157,0.8782701765999567,0.5587445446839183,0,0,,
2022-09-07 18:45:00,258.247,258.437,258.156,258.307,1.554,257.0374320517895,255.34197338859423,257.0856,258.8292266114058,1.3564560686446638,0.8502470058699326,0.6489872788919229,0,0,,
2022-09-07 18:50:00,258.306,258.467,258.026,258.426,1.7508,257.1442449708826,255.41206950724668,257.19755,258.98303049275324,1.388411742454996,0.8440110393213276,0.695385382383563,0,0,,
2022-09-07 18:55:00,258.427,258.546,258.167,258.266,1.3164,257.2305338192763,255.57131641815826,257.3145,259.0576835818418,1.3549050534204348,0.7729201932348077,0.6999094343644288,0,0,,
2022-09-07 19:00:00,258.277,258.397,258.146,258.386,1.6872,257.31941583317814,255.80623782907182,257.44745,259.08866217092816,1.2749880963498925,0.7859319521952021,0.6803903232105881,0,0,,
2022-09-07 19:05:00,258.396,258.667,258.216,258.657,1.5804,257.42230692293367,256.19376659184644,257.612,259.0302334081536,1.1010616028396059,0.8684160851070554,0.5123684030758113,0,0,,
2022-09-07 19:10:00,258.657,258.687,258.366,258.546,1.2516,257.5087448519388,256.4169064401731,257.72995000000003,259.042993559827,1.0189297439641387,0.8107474972526846,0.4613061742804234,0,0,,
2022-09-07 19:15:00,258.516,258.807,258.316,258.437,1.68,257.58014909409735,256.6070046125536,257.8265,259.0459953874464,0.9459814157554683,0.7503084498246377,0.3845639433804422,0,0,,
2022-09-07 19:20:00,258.406,258.577,258.166,258.497,1.6164,257.6506760868591,256.73680405313627,257.90749999999997,259.0781959468637,0.9078417237681746,0.7517733155134413,0.3541389260421397,0,0,,
2022-09-07 19:25:00,258.506,258.697,258.456,258.607,1.404,257.724239464793,256.8792664216332,257.99249999999995,259.1057335783667,0.8629968532936114,0.7759977833679877,0.3469200833376931,0,0,,
2022-09-07 19:30:00,258.577,258.697,258.287,258.597,1.7232,257.7913748905782,257.03694937442606,258.074,259.11105062557397,0.8036846994071113,0.7521574102086453,0.2895527015000994,0,0,,
2022-09-07 19:35:00,258.596,258.717,258.536,258.716,1.5648,257.8624998989953,257.225238630365,258.16195,259.09866136963495,0.725677327456632,0.7957421132914888,0.2527346764252343,0,0,,
2022-09-07 19:40:00,258.676,258.796,258.376,258.457,1.4676,257.90823067599564,257.2579197036639,258.192,259.1260802963361,0.7235547935924472,0.6418507600681862,0.23719424057492233,0,0,,
2022-09-07 19:45:00,258.446,258.806,258.396,258.667,1.7315999999999998,257.9665975470729,257.38771154207154,258.258,259.1282884579284,0.673968247201201,0.7349795612442919,0.18243916938257598,0,0,,
2022-09-07 19:50:00,258.677,258.706,258.316,258.486,2.1216,258.00655158191347,257.5360688576177,258.313,259.0899311423823,0.6015424251836304,0.6113354778581367,0.11359130988842026,0,0,,
2022-09-07 19:55:00,258.486,258.487,257.877,257.907,2.0544,257.99889376792015,257.7478731462852,258.35055,258.9532268537148,0.46655743811251593,0.13201672897668992,-0.03746156616057306,1,2,259.187,258.987
2022-09-08 13:30:00,256.186,256.826,255.496,255.806,3.1776,257.8302096319263,257.064676295998,258.27055,259.476423704002,0.933806586931408,-0.5218939146864173,0.32980084792427533,0,0,,
2022-09-08 13:35:00,255.737,256.367,255.496,256.016,2.7252,257.6906550448551,256.6116822067723,258.16755,259.7234177932277,1.205316309681615,-0.1914308559394037,0.7090447329669018,0,0,,
2022-09-08 13:40:00,256.076,257.647,255.576,257.547,2.994,257.6796046567893,256.5568875036104,258.13605,259.7152124963896,1.2235117848821082,0.31349291116439193,0.44611306091553615,0,0,,
2022-09-08 13:45:00,257.516,258.447,257.326,257.796,3.2448,257.6885581447286,256.5329462864921,258.11904999999996,259.7051537135078,1.2289706734220813,0.3981623971847633,0.3628256528407974,0,0,,
2022-09-08 13:50:00,257.847,257.877,257.336,257.647,2.6832,257.68536136436484,256.4908127906933,258.08855000000005,259.6862872093068,1.2381310285223646,0.3618202050286932,0.4023713448937656,0,0,,
2022-09-08 13:55:00,257.647,258.107,257.486,257.846,2.6208,257.69771818249063,256.4677324950096,258.06550000000004,259.6632675049905,1.2382650954819059,0.43131040676617277,0.3980102943310726,0,0,,
2022-09-08 14:00:00,257.836,258.037,256.416,256.677,2.6508000000000003,257.61920139922216,256.2804442183171,257.97805,259.6756557816829,1.3160854434576197,0.11679854827361973,0.3481373529911025,0,0,,
2022-09-08 14:05:00,256.676,257.457,256.616,257.126,2.5620000000000003,257.58126283005123,256.1897255965438,257.92105000000004,259.6523744034563,1.3425227630364063,0.27039253925697115,0.3743339203541609,0,0,,
2022-09-08 14:10:00,257.127,257.437,256.496,256.866,2.6424,257.52624261235496,256.06916413936506,257.84505,259.620935860635,1.3774829965787263,0.22434883859878932,0.39337542354252264,0,0,,
2022-09-08 14:15:00,256.866,257.947,256.356,257.867,2.9796000000000005,257.5524547190969,256.06895177645976,257.80555,259.5421482235402,1.3472155456236121,0.5176926358575803,0.14111735188515695,0,0,,
2022-09-08 14:20:00,257.866,258.326,257.326,257.507,2.2596,257.5489582022433,256.04680435903913,257.7536,259.4603956409609,1.3243622133393107,0.4277593655379937,0.049272471368226434,0,0,,
2022-09-08 14:25:00,257.506,257.977,257.356,257.917,2.076,257.57726910976305,256.0476059047714,257.7276,259.4075940952286,1.3036974660289453,0.5563692457425586,0.02048265607339772,0,0,,
2022-09-08 14:30:00,257.907,258.277,257.626,258.137,2.4708,257.620325332089,256.0554505025232,257.7096,259.3637494974769,1.2837313763063938,0.629190257788643,-0.02830370937783755,1,1,256.926,257.126
2022-09-08 14:35:00,258.167,258.917,257.917,258.687,2.4024,257.70237722962065,256.0504273210508,257.7136,259.3767726789492,1.2907139389998783,0.7926334746597172,-0.13860879391938852,1,1,257.217,257.417
2022-09-08 14:40:00,258.686,258.906,258.296,258.826,2.1024,257.7888097504191,256.03477588317656,257.72504999999995,259.41532411682334,1.3116878757601476,0.825672028294776,-0.15059245386731845,1,0,,257.796
2022-09-08 14:45:00,258.827,259.077,258.576,258.687,2.1684,257.85790130807914,256.03668229009145,257.7236,259.4105177099085,1.3090905993153346,0.7855503840943953,-0.16712109214495285,1,0,,258.076
2022-09-08 14:50:00,258.676,258.857,258.446,258.706,1.968,257.9231396689961,256.0241743649134,257.73605,259.44792563508656,1.328394405894391,0.7833003695245013,-0.12498566200935102,1,0,,257.946
2022-09-08 14:55:00,258.707,259.686,258.566,259.667,2.0688,258.05728277138104,255.9171203089728,257.78605000000005,259.6549796910273,1.4499851260587864,1.0032158269597846,-0.14022576824999078,1,0,,258.066
2022-09-08 15:00:00,259.667,260.026,259.576,259.736,1.9044,258.1864148658902,255.8139128849342,257.84855,259.88318711506577,1.5781644807122457,0.963829639699407,0.007905985243496616,0,0,,
2022-09-08 15:05:00,259.736,260.357,259.696,260.357,1.3776,258.3533829531294,255.66074608276242,257.97105,260.2813539172376,1.791134251101114,1.016371457061996,0.2342900378745867,0,0,,
2022-09-08 15:10:00,260.336,260.407,259.976,260.286,1.7616,258.50204580288874,255.89916006579068,258.19505,260.4909399342093,1.7784151432874482,0.9553680838189094,0.33902499573804334,0,0,,
2022-09-08 15:15:00,260.287,260.307,260.026,260.186,1.836,258.63158074112806,256.18086104515186,258.40355,260.62623895484813,1.7203238537923633,0.9009670350212736,0.41755401051699437,0,0,,
2022-09-08 15:20:00,260.186,260.307,260.006,260.096,1.9704,258.74422837642595,256.22849831704644,258.531,260.83350168295357,1.7812190282430822,0.839847742910762,0.5782153047491647,0,0,,
2022-09-08 15:25:00,260.086,260.327,259.856,259.907,1.8936,258.8336723474701,256.2854691868411,258.63655000000006,260.987630813159,1.8180576667597397,0.7701842473659873,0.6758002804978673,0,0,,
2022-09-08 15:30:00,259.916,260.047,259.796,259.937,1.8084,258.918543705357,256.38091663033407,258.75105,261.12118336966597,1.8319797115149485,0.7501863429244786,0.7972414591630468,0,0,,
2022-09-08 15:35:00,259.906,260.087,259.146,259.216,1.872,258.9414249587911,256.4789996822319,258.81955,261.16010031776807,1.808634871491027,0.5846916208103712,0.7624385892177656,0,0,,
2022-09-08 15:40:00,259.196,259.437,258.807,259.397,1.8264,258.9764691927303,256.8218261682907,258.95555,261.0892738317093,1.647946013676316,0.6034459083784842,0.6669132201637922,0,0,,
2022-09-08 15:45:00,259.357,259.536,258.896,258.906,1.5696,258.9710484855972,257.0818646482423,259.04455,261.00723535175774,1.5153264963557251,0.46470397053813856,0.6073852746451962,0,0,,
2022-09-08 15:50:00,258.907,259.226,258.726,259.226,1.6356000000000002,258.99066014055126,257.4732286599334,259.16255,260.8518713400666,1.3036770475260508,0.5187797307993182,0.4685784131552282,0,0,,
2022-09-08 15:55:00,259.216,259.246,258.816,258.826,1.7808,258.97799397589347,257.6194082364602,259.2105,260.8015917635399,1.22764453102004,0.379171016778891,0.48470768681050913,0,0,,
2022-09-08 16:00:00,258.837,258.987,257.246,257.247,2.8572,258.84484059313246,257.54777850835234,259.19750000000005,260.84722149164776,1.27294552736636,-0.09116038976127759,0.4910882793688529,0,0,,
2022-09-08 16:05:00,257.246,257.347,255.936,256.126,3.0204,258.63569900904537,257.0467875634112,259.10794999999996,261.1691124365887,1.590968117025159,-0.2233660838820534,0.947087149288734,0,0,,
2022-09-08 16:10:00,256.086,256.167,255.337,255.667,2.9988,258.4073375468111,256.46118620285074,258.98445000000004,261.50771379714934,1.9485832428543854,-0.15737280496553407,1.5614052038778823,0,0,,
2022-09-08 16:15:00,255.666,255.917,255.086,255.296,2.754,258.1680038893641,255.82239122641153,258.8149,261.8074087735885,2.312470243087625,-0.08795149258331263,2.145700998723896,0,0,,
2022-09-08 16:20:00,255.296,255.497,254.766,255.316,2.532,257.9486189747976,255.28077775866296,258.6394,261.9980222413371,2.5971466383985264,0.005243555066052405,2.6109533021738685,0,0,,
2022-09-08 16:25:00,255.257,255.737,255.096,255.626,2.2728,257.7699559767363,254.88047855054373,258.48635,262.0922214494563,2.7899898385011723,0.10337604375340258,2.941254314022899,0,0,,
2022-09-08 16:30:00,255.616,255.956,255.436,255.636,2.2176,257.6058055169874,254.52190396128418,258.33285,262.14379603871583,2.950415356557113,0.1461705344811483,3.2285400590379822,0,0,,
2022-09-08 16:35:00,255.636,256.027,255.626,255.776,2.1264,257.46505124644995,254.2237864874414,258.13829999999996,262.05281351255854,3.03288083369153,0.19826391039126395,3.3601533404690827,0,0,,
2022-09-08 16:40:00,255.776,256.407,255.596,256.377,2.1444,257.381354996723,254.05620977384515,257.97035,261.88449022615487,3.03456596942622,0.29646232532076855,3.257892927597709,0,0,,
2022-09-08 16:45:00,256.347,256.396,255.996,256.097,1.8696,257.28255845851356,253.92307221793942,257.75735,261.5916277820605,2.9751064573410253,0.28348595297812296,3.1297540357469416,0,0,,
2022-09-08 16:50:00,256.086,256.617,255.996,256.356,2.0436,257.21128473093563,253.8647467398078,257.56084999999996,261.2569532601921,2.8700815828121087,0.33701077659592704,2.8773532040036116,0,0,,
2022-09-08 16:55:00,256.357,256.606,256.216,256.256,1.8516,257.13780129009444,253.83320648691492,257.36435,260.89549351308506,2.744081309695822,0.3430607541306529,2.6438553670097917,0,0,,
2022-09-08 17:00:00,256.267,256.407,255.437,255.636,2.0988,257.02227811393334,253.76864857384282,257.14135,260.51405142615715,2.623227595372867,0.2768331954430992,2.32675977018431,0,0,,
2022-09-08 17:05:00,255.637,255.997,255.506,255.966,1.908,256.9410259513231,253.7873512135921,256.9443,260.1012487864079,2.457302058390005,0.34505608640025803,2.031984907194328,0,0,,
2022-09-08 17:10:00,255.957,257.327,255.936,257.237,2.6208,256.9637931858367,253.95985976725214,256.8093,259.65874023274785,2.219109847461017,0.5750498282232048,1.4037871991737347,0,0,,
2022-09-08 17:15:00,257.237,257.516,257.086,257.256,1.9752,256.98627063308004,254.07267140923514,256.71130000000005,259.349928590765,2.0557167454373246,0.6032164969913407,1.1082091794360167,0,0,,
2022-09-08 17:20:00,257.236,257.547,257.106,257.506,1.6176,257.02624981515083,254.24813970068902,256.61674999999997,258.9853602993109,1.8460293798522074,0.6877155563029294,0.7297094033465896,0,0,,
2022-09-08 17:25:00,257.507,257.707,257.106,257.317,2.1456,257.0486152139854,254.38439441916233,256.53729999999996,258.6902055808376,1.6784347389932193,0.6810808627512341,0.40947381782223147,0,0,,
2022-09-08 17:30:00,257.327,257.467,256.846,257.326,2.2488,257.0699525052173,254.63191594129816,256.4423,258.25268405870185,1.4119231177554112,0.7440642348103989,-0.05540658402628651,1,2,258.167,256.346
2022-09-08 17:35:00,257.326,257.827,257.207,257.466,2.1972,257.1004176971237,254.84715179501086,256.3743,257.90144820498915,1.1913426618730083,0.8574309279326829,-0.44453856700300776,1,1,256.507,256.707
2022-09-08 17:40:00,257.476,257.676,257.396,257.587,1.956,257.1378471050373,254.81877564724684,256.39129999999994,257.9638243527531,1.2266596820977318,0.8801848912249406,-0.36321129809698505,1,1,256.696,256.896
2022-09-08 17:45:00,257.586,257.687,257.237,257.557,1.7340000000000002,257.17008963541906,254.81662713841604,256.46285,258.10907286158397,1.2837905073455784,0.8323213477145016,-0.23034034632803468,1,1,256.53700000000003,256.737
2022-09-08 17:50:00,257.556,257.587,257.146,257.147,2.0412,257.1683135096176,254.90740760764555,256.53685,258.1662923923545,1.2703378811694792,0.6872266251519146,-0.143557652899176,1,2,258.287,258.087
2022-09-08 17:55:00,257.146,257.197,256.266,256.766,2.4888,257.1373663165701,255.08194111818796,256.61035,258.138758881812,1.1912293341340494,0.5509189660738898,-0.201391159131731,1,2,257.897,257.697
2022-09-08 18:00:00,256.786,257.067,256.646,256.906,2.0028,257.11956890760314,255.27805465009902,256.68985,258.10164534990093,1.1000009154245531,0.5765514633601787,-0.18210944904814141,1,2,257.767,257.567
2022-09-08 18:05:00,256.926,257.177,256.626,256.846,1.7808,257.09852514547987,255.42540542929854,256.75085,258.07629457070146,1.0324753127021498,0.5358936171693878,-0.17548358072866677,1,2,257.877,257.677
2022-09-08 18:10:00,256.856,257.027,256.506,256.556,1.9824,257.05679244198143,255.56910633375608,256.79685,258.0245936662439,0.9561983850221761,0.4019135644426284,-0.16491989933575724,1,2,257.727,257.527
2022-09-08 18:15:00,256.556,256.976,256.267,256.867,1.8852,257.0421930233675,255.71649517579576,256.8514,257.98630482420424,0.8837053831158728,0.5068728230188636,-0.21230268751071435,1,2,257.676,257.476
2022-09-08 18:20:00,256.837,257.007,256.716,256.967,1.8468,257.0364089446469,255.766364419589,256.8809,257.995435580411,0.867744998099131,0.5386259539458677,-0.14130454923582647,1,2,257.707,257.507
2022-09-08 18:25:00,256.966,257.117,256.796,256.866,1.8384000000000005,257.02330056428946,255.86416257115044,256.91935,257.97453742884954,0.8214153031677448,0.474720130973236,-0.10232268844998771,1,2,257.817,257.617
2022-09-08 18:30:00,256.867,257.407,256.846,257.316,1.794,257.045815905498,255.93188000526226,256.96735,258.00281999473776,0.805915611253922,0.6683535021641377,-0.10843439710464509,1,2,258.10699999999997,256.346
2022-09-08 18:35:00,257.306,257.627,257.166,257.547,1.9848,257.084368528152,256.02119412784816,257.0319,258.04260587215185,0.7864439177797352,0.7548219092184274,-0.10271952999130463,1,1,256.466,256.666
2022-09-08 18:40:00,257.566,257.797,256.626,257.196,2.1492,257.09295556444806,256.3270406512008,257.1099,257.8927593487992,0.6089686541041062,0.5549907209590774,-0.38520172933033336,1,1,255.926,256.126
2022-09-08 18:45:00,257.227,257.347,256.706,256.927,2.3112000000000004,257.08018975179823,256.5675072932093,257.15795,257.74839270679075,0.45920626353626237,0.3044264097567519,-0.523000649612186,1,2,258.04699999999997,257.847
2022-09-08 18:50:00,256.926,257.207,256.536,257.126,2.1228,257.0837136170445,256.5629479154313,257.1524,257.7418520845687,0.4584457190122877,0.47760632230239586,-0.5482657140815945,1,2,257.907,256.036
2022-09-08 18:55:00,257.127,257.146,256.517,256.696,1.986,257.0538894926565,256.50485875036253,257.1244,257.74394124963743,0.4819000060962322,0.15426030934126708,-0.5141653300937605,1,2,257.846,257.646
2022-09-08 19:00:00,256.656,256.907,256.016,256.397,2.1192,257.0033595316829,256.39944944734725,257.06895000000003,257.7384505526528,0.5208723594605866,-0.00182930942891275,-0.5121220671039737,1,2,257.60699999999997,257.407
2022-09-08 19:05:00,256.397,256.767,256.256,256.577,2.1420000000000003,256.9705626446304,256.3399585332879,257.03195,257.72394146671206,0.5384478207569665,0.17127484811218222,-0.46457661782977766,1,2,257.467,257.267
2022-09-08 19:10:00,256.546,257.027,256.426,257.016,2.0076,256.9740578258127,256.3377387285434,257.01645,257.69516127145664,0.5281461723221378,0.49966848937175085,-0.496164614557415,1,2,257.727,255.926
2022-09-08 19:15:00,257.016,257.277,256.896,257.187,1.8624,256.99043799305787,256.35037347853176,257.0025,257.65462652146823,0.5074865197562148,0.6414602795057475,-0.5136207087349476,1,2,257.977,256.396
2022-09-08 19:20:00,257.157,257.446,257.036,257.316,1.6212000000000002,257.0154812243611,256.37587334084367,256.98895,257.6020266591563,0.47712297291873457,0.766728471158935,-0.5631494062656088,1,2,258.146,256.536
2022-09-08 19:25:00,257.296,257.336,256.876,256.907,1.476,257.00713651479487,256.4010717595168,256.95645,257.5118282404832,0.43227421649326775,0.4554807909317696,-0.6211405806127459,1,2,258.036,257.836
2022-09-08 19:30:00,256.937,257.276,256.756,256.837,2.0748,256.9940490905799,256.39042680339315,256.94095,257.4914731966068,0.4285211809225678,0.40558980925717864,-0.6171176415276136,1,2,257.976,257.776
2022-09-08 19:35:00,256.836,257.066,256.667,256.927,1.8924,256.9888914682276,256.4042670378964,256.949,257.49373296210365,0.42400084227114127,0.4798066194534729,-0.5783254152560744,1,2,257.76599999999996,257.566
2022-09-08 19:40:00,256.966,257.026,256.476,256.537,1.7772,256.9541305860563,256.3570071594011,256.93055,257.50409284059884,0.4464574886862317,0.1569131613698797,-0.5265314055837962,1,2,257.726,257.526
2022-09-08 19:45:00,256.526,257.146,256.436,256.737,1.7808000000000002,256.93742823328273,256.34639872991136,256.9251,257.5038012700886,0.45048247141959225,0.3374809165606677,-0.5388587621718557,1,2,257.846,257.646
2022-09-08 19:50:00,256.737,257.977,256.727,257.917,1.866,257.0127799076456,256.29608607896967,256.99315,257.69021392103036,0.5424766543624597,1.1626723691525962,-0.5785737272053098,1,1,256.027,256.227
2022-09-08 19:55:00,257.907,258.597,257.786,258.456,1.6812,257.1237968378267,256.13161532424687,257.0726,258.0135846757532,0.7320769897322054,1.2350810462947932,-0.4275089107457575,1,0,,257.286
2022-09-09 13:30:00,261.267,262.916,261.136,262.127,1.7544,257.50865861953235,254.93761906401195,257.3306,259.7235809359881,1.8598494978739906,1.5021809885458937,0.08192483391763972,0,0,,
2022-09-09 13:35:00,262.127,262.407,261.486,261.687,1.9956,257.83006949495297,254.53085883485858,257.57165000000003,260.6124411651415,2.3611225576583883,1.176690666425383,0.6005618346968049,0,0,,
2022-09-09 13:40:00,261.687,261.917,261.257,261.306,2.0436,258.097448764572,254.32684854542282,257.77115,261.21545145457713,2.6723715625873243,1.0131446893683649,0.9546082508414884,0,0,,
2022-09-09 13:45:00,261.357,262.287,260.996,261.746,2.46,258.37810655191265,254.1292518254217,257.9811,261.83294817457835,2.9861475701734133,0.988713447332606,1.1847567045317646,0,0,,
2022-09-09 13:50:00,261.746,262.077,261.526,261.756,1.9212,258.63794450945784,254.04310720595888,258.2091,262.37509279404105,3.2268365398749217,0.9256968477085927,1.5164433687608607,0,0,,
2022-09-09 13:55:00,261.776,262.447,261.316,262.377,2.1948,258.9255641625765,253.98671480013084,258.48159999999996,262.97648519986905,3.4779150236373524,0.933314737394573,1.757802386520268,0,0,,
2022-09-09 14:00:00,262.416,263.146,262.197,262.936,2.4252,259.2340592269937,253.92780050884525,258.7721,263.61639949115477,3.7440662970658405,0.9297731805808936,2.0534007552677735,0,0,,
2022-09-09 14:05:00,262.946,263.296,262.776,263.277,1.9992,259.5450546710711,253.97953614204442,259.10114999999996,264.2227638579555,3.953370224682938,0.9076693514792772,2.397479287391093,0,0,,
2022-09-09 14:10:00,263.287,263.297,262.836,263.156,2.4072,259.82281969637336,254.18553321542373,259.43909999999994,264.69266678457615,4.049942190345409,0.8537501427518162,2.652837887398846,0,0,,
2022-09-09 14:15:00,263.156,263.626,263.116,263.347,2.2524,260.09391048896003,254.43366435667474,259.7776,265.1215356433253,4.114238982364351,0.8339673452522074,2.8600714030220615,0,0,,
2022-09-09 14:20:00,263.337,263.476,262.926,263.167,1.9584,260.3303019898093,254.70447906506985,260.08515,265.46582093493015,4.137622570862005,0.7863815718587501,3.0133532889415164,0,0,,
2022-09-09 14:25:00,263.166,263.837,262.876,263.796,1.9668,260.5968941444394,254.9760175013148,260.4156,265.85518249868517,4.177616470507284,0.8107223762868836,3.0917117713621565,0,0,,
2022-09-09 14:30:00,263.807,264.426,263.716,264.336,1.812,260.8845176717902,255.2667220959005,260.76660000000004,266.2664779040996,4.218237998347601,0.8244981127071368,3.218004388902557,0,0,,
2022-09-09 14:35:00,264.346,264.697,264.186,264.646,1.9812000000000003,261.1738624662679,255.70557953477146,261.15355,266.60152046522853,4.172235426421381,0.8205276187059427,3.303568237193076,0,0,,
2022-09-09 14:40:00,264.676,265.047,264.646,264.866,1.5432,261.4578730457858,256.2572957802457,261.555,266.8527042197543,4.050929418098893,0.8124938523043431,3.329033156293633,0,0,,
2022-09-09 14:45:00,264.867,265.057,264.537,264.896,1.5012,261.72234434995613,256.91565288320356,261.95345,266.9912471167964,3.846330038254058,0.7920472908872557,3.2378304403320044,0,0,,
2022-09-09 14:50:00,264.906,265.137,264.697,264.787,1.5828,261.9580870922672,257.84522109970055,262.36595,266.88667890029944,3.44612469743078,0.7677720842583166,2.951016193022099,0,0,,
2022-09-09 14:55:00,264.806,264.857,264.496,264.796,1.4616,262.1763880851697,258.9437819678339,262.76890000000003,266.59401803216616,2.911393267746777,0.7649722156223285,2.5076565351057525,0,0,,
2022-09-09 15:00:00,264.787,265.027,264.316,264.576,2.0616,262.36097361707976,259.9186062911391,263.10185,266.2850937088609,2.41978055940003,0.731548403896401,2.0166714019967458,0,0,,
2022-09-09 15:05:00,264.576,264.786,264.156,264.156,1.8252,262.4990525696121,260.99653568803126,263.38685,265.7771643119687,1.81505972068744,0.6608888831374091,1.3994488914725594,0,0,,
2022-09-09 15:10:00,264.136,264.297,263.756,263.896,1.7244,262.60651006425735,261.14791708350293,263.4753,265.8026829164971,1.76668015293811,0.5903804863862289,1.3677975360481582,0,0,,
2022-09-09 15:15:00,263.917,264.286,263.456,263.576,1.7376,262.68108621316065,261.3918030883416,263.56975,265.7476969116584,1.652653168019782,0.5014348375450676,1.2365149007760579,0,0,,
2022-09-09 15:20:00,263.536,263.817,263.227,263.746,1.6776,262.7630026583022,261.7772744190635,263.69175,265.60622558093655,1.452055728657828,0.5141683708426903,1.05553709490016,0,0,,
2022-09-09 15:25:00,263.777,264.247,263.657,264.207,1.3152,262.8740793768944,262.11169711408786,263.8148,265.5179028859121,1.2911352099367668,0.6151427794657138,0.8875656842600961,0,0,,
2022-09-09 15:30:00,264.206,264.457,263.896,264.167,1.9428,262.97353480944093,262.51425615721473,263.93535,265.3564438427853,1.0768499504028517,0.5815041178230421,0.6633768508144158,0,0,,
2022-09-09 15:35:00,264.186,264.426,264.086,264.386,1.4952,263.08218597794547,262.79722297776755,264.0358,265.27437702223244,0.9381887018597086,0.6413719105529742,0.5457926009254948,0,0,,
2022-09-09 15:40:00,264.387,264.506,263.936,264.026,1.3872,263.15478705656506,262.95879691118313,264.0903,265.2218030888169,0.8569062088360571,0.4715864673125922,0.4515600409677063,0,0,,
2022-09-09 15:45:00,264.036,264.036,263.556,263.626,1.1736,263.19103420606007,263.01692244717503,264.10775,265.198577552825,0.8260473634908297,0.2791814119690967,0.44588146191381384,0,0,,
2022-09-09 15:50:00,263.636,263.707,263.386,263.556,1.35,263.21910849790163,263.09429717088676,264.12775,265.1612028291132,0.7825401375760254,0.22337876297140363,0.4613349373364599,0,0,,
2022-09-09 15:55:00,263.566,263.867,263.516,263.796,1.146,263.2634847672938,263.1672929647204,264.1502,265.1331070352796,0.7442031353976604,0.31982019291415653,0.45246465700535055,0,0,,
2022-09-09 16:00:00,263.807,263.897,263.326,263.387,2.274,263.27298593904044,263.21844836780724,264.1612,265.1039516321928,0.7137699497070478,0.08939344491015168,0.43775138518276435,0,0,,
2022-09-09 16:05:00,263.386,263.517,263.106,263.437,2.0652,263.28560240526815,263.1605441691421,264.14324999999997,265.12595583085783,0.7440703715562424,0.14066052229311415,0.4985365597535747,0,0,,
2022-09-09 16:10:00,263.426,263.486,263.176,263.276,1.8048,263.2848637587091,263.04264857292856,264.09024999999997,265.1378514270714,0.7933662276978519,0.11137414528147037,0.5800911341675601,0,0,,
2022-09-09 16:15:00,263.267,263.387,262.967,263.376,1.782,263.2918742388084,262.96769440655737,264.02675,265.0858055934426,0.8022335565942633,0.19276872525423616,0.5605938998629085,0,0,,
2022-09-09 16:20:00,263.376,263.386,262.747,262.806,1.6944,263.25449929736163,262.81184139314325,263.92375,265.0356586068567,0.8425983693068395,-0.0026267415807600188,0.552467074570302,0,0,,
2022-09-09 16:25:00,262.787,263.117,262.696,262.967,1.836,263.23238396679534,262.7349857411889,263.82730000000004,264.9196142588112,0.8280524864645494,0.10620307157008628,0.5006314438853678,0,0,,
2022-09-09 16:30:00,262.987,263.397,262.756,263.336,1.6248,263.24035443088803,262.7368272377031,263.75475,264.7726727622969,0.7718706580995452,0.2943115059854371,0.33473592974490884,0,0,,
2022-09-09 16:35:00,263.306,263.597,263.236,263.367,1.3212,263.2500963977428,262.77281878657374,263.6833,264.5937812134262,0.6905869377592267,0.3263006444637747,0.1890764601648698,0,0,,
2022-09-09 16:40:00,263.387,263.517,263.206,263.327,1.38,263.2560120594549,262.7966028829276,263.62084999999996,264.44509711707235,0.625327713701241,0.32174641929978604,0.08379281650263692,0,0,,
2022-09-09 16:45:00,263.356,263.557,263.026,263.527,1.5084000000000002,263.2768572856507,262.80205550106564,263.58939999999996,264.3767444989343,0.5974022467779943,0.460373127592542,-0.00624510634310127,1,2,264.257,262.526
2022-09-09 16:50:00,263.526,263.897,263.437,263.756,1.4435999999999998,263.3137144175237,262.80364088448215,263.5824,264.36115911551786,0.590903729169973,0.6114593694897072,-0.04973624163784507,1,1,262.737,262.937
2022-09-09 16:55:00,263.756,264.017,263.666,263.957,1.38,263.3631979238681,262.8057924166124,263.60145,264.3971075833876,0.6036822509038509,0.7234315410444546,-0.037416787372308136,1,1,262.966,263.166
2022-09-09 17:00:00,263.957,264.006,263.526,263.867,1.4364,263.4019519297244,262.805721352241,263.60749999999996,264.4092786477589,0.6083124704410651,0.6618277068897898,-0.06262435435718317,1,1,262.826,263.026
2022-09-09 17:05:00,263.877,264.027,263.766,263.936,1.0776,263.4430325505149,262.8246535746852,263.59395,264.3632464253148,0.5836980896676817,0.722313524893871,-0.10733248136170914,1,1,263.06600000000003,263.266
2022-09-09 17:10:00,263.977,264.176,263.906,263.977,1.2924,263.48410696970603,262.83938343250276,263.58445,264.32951656749725,0.565334235382434,0.7634328374970483,-0.1454833956862558,1,1,263.206,263.406
2022-09-09 17:15:00,263.976,264.376,263.896,264.226,1.0836,263.54117566434405,262.8632256383843,263.57644999999997,264.28967436161565,0.5411897471232252,0.955361618978206,-0.25303989078844324,1,1,263.196,263.396
2022-09-09 17:20:00,264.236,264.416,264.076,264.077,0.9204,263.582392920933,262.8590319451516,263.579,264.2989680548484,0.5463015299765002,0.8458486780395178,-0.2641543639933843,1,1,263.37600000000003,263.576
2022-09-09 17:25:00,264.146,264.337,264.076,264.197,0.72,263.62967038855356,262.8387609587136,263.60755,264.3763390412864,0.5832830215116561,0.8833626445908132,-0.2016288614752284,1,1,263.37600000000003,263.576
2022-09-09 17:30:00,264.196,264.397,264.186,264.187,0.6396,263.6725418971264,262.8305977056296,263.6391,264.44760229437037,0.613340202094746,0.8388363915693647,-0.13332104622350016,1,0,,263.686
2022-09-09 17:35:00,264.206,264.436,264.186,264.306,0.7416,263.7212694435013,262.8072187779043,263.66459999999995,264.5219812220956,0.6503574784750215,0.8740459806387596,-0.08037799082268293,1,1,263.486,263.686
2022-09-09 17:40:00,264.307,264.317,263.996,264.026,0.7235999999999999,263.74471025553964,262.83531310459773,263.69655,264.5577868954023,0.6532030058051737,0.6912656098216317,-0.05082382104757244,1,1,263.296,263.496
2022-09-09 17:45:00,264.026,264.336,264.016,264.247,0.8111999999999999,263.78334792819044,262.85257626381434,263.73705,264.6215237361857,0.6707239170117878,0.7882787691351837,-0.013600245364216335,1,1,263.31600000000003,263.516
2022-09-09 17:50:00,264.257,264.337,264.106,264.297,0.7488,263.82285962602197,262.8981197979718,263.78810000000004,264.6780802020283,0.6747690301634189,0.7859052363413284,0.03115850443555246,0,0,,
2022-09-09 17:55:00,264.287,264.327,264.166,264.257,0.6144,263.8562550394049,262.9409085568421,263.83215,264.72339144315794,0.6756124628161683,0.7383473093972308,0.08293847866929127,0,0,,
2022-09-09 18:00:00,264.246,264.276,263.996,264.077,1.0812,263.87323542098915,263.1344178972272,263.89570000000003,264.6569821027729,0.576956807384765,0.6190754382242869,0.01685799204506111,0,0,,
2022-09-09 18:05:00,264.087,264.317,263.996,264.236,1.0439999999999998,263.90114038860537,263.3156355013271,263.95915,264.60266449867294,0.4875864304555566,0.7151078185269335,-0.06011445865226506,1,2,265.017,263.496
2022-09-09 18:10:00,264.247,264.397,264.036,264.337,1.2648,263.93466805102037,263.4133964753358,264.00919999999996,264.60500352466414,0.4513505776800029,0.7750906854611076,-0.09551077005863817,1,2,265.097,263.536
2022-09-09 18:15:00,264.386,264.496,264.266,264.327,0.9396,263.9648474317111,263.5247706243996,264.0572,264.58962937560045,0.4032682127966436,0.7533669368784519,-0.11912165295825616,1,1,263.56600000000003,263.766
2022-09-09 18:20:00,264.327,264.517,264.297,264.487,0.756,264.0050130138872,263.66761510302257,264.1152,264.56278489697746,0.33893156999479473,0.9153401985978344,-0.16675174790896108,1,1,263.59700000000004,263.797
2022-09-09 18:25:00,264.487,264.576,264.376,264.547,0.744,264.0467043205113,263.7686793841795,264.1662,264.5637206158205,0.30096251210071306,0.9789688695943946,-0.18652682479103078,1,1,263.676,263.876
2022-09-09 18:30:00,264.536,264.557,264.116,264.207,0.5256000000000001,264.05903475739507,263.838509011533,264.18874999999997,264.53899098846694,0.26514451388786586,0.5260534897413136,-0.243518600657751,1,2,265.257,263.616
2022-09-09 18:35:00,264.207,264.237,263.976,264.077,0.9948,264.0604166991339,263.8566956404625,264.19475,264.5328043595375,0.2559130032201798,0.3258416188433579,-0.23222812586101327,1,2,264.937,263.476
2022-09-09 18:40:00,264.056,264.267,263.986,264.086,0.9372,264.06238464535437,263.8979948814168,264.20570000000004,264.51340511858325,0.2329284482380317,0.30549559826764505,-0.2404814158249451,1,2,264.967,263.486
2022-09-09 18:45:00,264.056,264.227,263.996,264.116,1.1016,264.06650890340404,263.9293580297217,264.21470000000005,264.5000419702784,0.2159925017634163,0.3270496276734501,-0.23709346561469147,1,2,264.92699999999996,263.496
2022-09-09 18:50:00,264.116,264.297,264.026,264.226,1.0404,264.07877744929607,263.96347347468475,264.22715,264.49082652531524,0.19958321869289175,0.4978192977197712,-0.249248392873767,1,2,264.997,263.526
2022-09-09 18:55:00,264.237,264.457,264.226,264.386,0.9576,264.1024099531964,263.96254092091,264.23515000000003,264.5077590790901,0.20633824007899457,0.7766782392272487,-0.2425944183190154,1,2,265.157,263.726
2022-09-09 19:00:00,264.356,264.667,264.207,264.606,0.9036,264.14114764910437,263.95497162557524,264.2616,264.56822837442473,0.23206426845576286,1.0615918628635104,-0.25599621846924947,1,1,263.507,263.707
2022-09-09 19:05:00,264.617,264.677,264.516,264.607,0.7056,264.1769824453271,263.94244493967796,264.2821,264.6217550603221,0.2570397770579687,0.9782793456572463,-0.21244814277247315,1,1,263.81600000000003,264.016
2022-09-09 19:10:00,264.616,264.936,264.576,264.867,1.0116,264.23006071876347,263.89496538968825,264.3161,264.73723461031176,0.31865982459014297,1.1540664036045363,-0.16866352582133004,1,1,263.87600000000003,264.076
2022-09-09 19:15:00,264.846,264.877,264.586,264.627,0.8364,264.2605945096278,263.8898431947139,264.33215,264.77445680528615,0.334659862817396,0.8333093640841142,-0.16030817502473838,1,1,263.886,264.086
2022-09-09 19:20:00,264.647,264.647,264.086,264.216,1.0799999999999998,264.2571641627334,263.9182980069701,264.34165,264.76500199302995,0.32030668873402235,0.3516010293222815,-0.2081663224894328,1,2,265.347,265.147
2022-09-09 19:25:00,264.236,264.496,264.077,264.466,1.1592,264.27322845790775,263.9282791779768,264.3526,264.7769208220232,0.3210264033894269,0.6336253067423209,-0.22775527297051212,1,2,265.19599999999997,263.577
2022-09-09 19:30:00,264.476,264.937,264.356,264.826,1.1496,264.315749345761,263.90846208047543,264.37905,264.8496379195246,0.35599486383249784,0.974884693652526,-0.24868807118400582,1,1,263.656,263.856
2022-09-09 19:35:00,264.797,264.817,264.316,264.476,1.0884,264.328076319164,263.92109275970347,264.39,264.8589072402965,0.35470875622868997,0.5917025720754814,-0.27729246558271825,1,2,265.517,263.816
2022-09-09 19:40:00,264.477,265.167,264.347,265.037,1.0428,264.38260890999754,263.9137996566173,264.438,264.9622003433827,0.3964637029342894,1.07134643992659,-0.32074224765085546,1,1,263.647,263.847
2022-09-09 19:45:00,265.037,265.056,264.736,264.886,1.2336,264.4213313015362,263.92046272853327,264.4705,265.02053727146676,0.41595359139620425,0.8777016772809062,-0.2855536442302764,1,1,264.036,264.236
2022-09-09 19:50:00,264.826,265.026,264.277,264.906,1.5576,264.45861350911036,263.92130738557256,264.49895000000004,265.0765926144275,0.4367825387794356,0.8523372322551145,-0.33406107120310935,1,1,263.577,263.777
2022-09-09 19:55:00,264.856,264.866,264.297,264.337,1.5156,264.4492586237942,263.92238658060614,264.49945,265.0765134193939,0.436343757534377,0.3592442402858728,-0.3478875342719334,1,2,265.566,265.366
2022-09-12 13:30:00,265.507,266.126,265.107,265.517,1.9188,264.53139257581006,263.82332111794364,264.55095,265.27857888205637,0.5500860095617611,1.1638342868343987,-0.49540293316510997,1,0,,264.607
2022-09-12 13:35:00,265.497,265.926,265.336,265.747,2.0568,264.6249008392093,263.7158814048618,264.61095,265.5060185951382,0.6765166710887696,1.1346161658283986,-0.37777447577644807,1,0,,264.836
2022-09-12 13:40:00,265.746,266.117,265.356,265.437,1.8996,264.687370005424,263.7291285330532,264.67245,265.61577146694685,0.7128218044203898,0.9052436135448837,-0.3704222638806982,1,0,,264.856
2022-09-12 13:45:00,265.437,265.826,265.106,265.707,1.7399999999999998,264.76580308192985,263.7507386613466,264.75395,265.75716133865336,0.7578442842143708,0.9749996153748125,-0.3395853701906617,1,1,264.406,264.606
2022-09-12 13:50:00,265.667,266.237,265.597,266.116,1.686,264.8696643833199,263.73874565685327,264.85544999999996,265.97215434314666,0.8432557027968983,1.0644063299906203,-0.2483307743788714,1,0,,265.097
2022-09-12 13:55:00,266.126,267.317,266.116,266.897,1.8192,265.0256132769107,263.6183034297373,264.99449999999996,266.3706965702626,1.0386604780572157,1.19121666232496,-0.14298044083187733,1,0,,265.616
2022-09-12 14:00:00,266.927,266.967,266.356,266.446,2.0844,265.13487379407144,263.6399335566059,265.1055,266.5710664433941,1.1056477088510768,0.9573317047624142,-0.05254609045334746,1,0,,265.856
2022-09-12 14:05:00,266.477,266.747,266.296,266.607,2.1396,265.24811427145056,263.65260595048835,265.21655,266.7804940495116,1.1793713850147236,0.9445331661430709,0.07255889984008945,0,0,,
2022-09-12 14:10:00,266.607,266.767,266.436,266.696,2.0568,265.3594900967236,263.65808872865216,265.32105,266.98401127134787,1.253546427128834,0.9134040953598385,0.21416518354982372,0,0,,
2022-09-12 14:15:00,266.707,267.127,266.676,266.927,1.8372,265.48006778159106,263.66915356920913,265.43705,267.20494643079087,1.3320645560149722,0.9213906352346363,0.3342285418307256,0,0,,
2022-09-12 14:20:00,266.926,267.257,266.746,267.236,1.9092,265.61513949069945,263.64458686748895,265.5555,267.46641313251104,1.4391817397952904,0.9397112488812427,0.46357313773756914,0,0,,
2022-09-12 14:25:00,267.236,267.407,267.026,267.086,1.7244000000000002,265.7282826067995,263.7068552673018,265.67845,267.6500447326982,1.484196202362803,0.8569572328065985,0.5667133088555261,0,0,,
2022-09-12 14:30:00,267.086,267.226,266.826,266.897,1.8012,265.818183944738,263.89298730142167,265.8125,267.73201269857833,1.4442606713968158,0.7824935726664419,0.5902366484349955,0,0,,
2022-09-12 14:35:00,266.907,267.106,266.626,266.827,1.83,265.89578517975815,264.0672155184848,265.93055,267.7938844815152,1.4013692533747704,0.740549941219101,0.5906585313854862,0,0,,
2022-09-12 14:40:00,266.827,266.897,266.436,266.596,1.8936,265.94964785823834,264.20652552016435,266.01905,267.83157447983564,1.362702768719492,0.6591564711038626,0.5983700487659007,0,0,,
2022-09-12 14:45:00,266.606,266.807,266.446,266.756,1.7555999999999998,266.01167494606614,264.44021823340194,266.13305,267.8258817665981,1.2721695156599977,0.6839964290284511,0.5693634718207363,0,0,,
2022-09-12 14:50:00,266.756,266.897,266.486,266.656,2.172,266.0612384117534,264.58492111915854,266.214,267.84307888084146,1.223886708318467,0.6356594837727264,0.5654670903285819,0,0,,
2022-09-12 14:55:00,266.656,266.957,266.556,266.667,1.944,266.10783545700315,264.7830159905109,266.30305,267.8230840094891,1.1415821256940986,0.6197177160931794,0.5272447704535921,0,0,,
2022-09-12 15:00:00,266.747,266.967,266.076,266.236,2.2044,266.11769426800294,264.98992548948866,266.36955,267.74917451051135,1.03587253911819,0.45159914926760963,0.3845580561459201,0,0,,
2022-09-12 15:05:00,266.247,266.367,265.936,265.946,1.656,266.1044870166181,265.40735816312423,266.45,267.49264183687575,0.7826172541758375,0.25830626482907065,0.18103647340223006,0,0,,
2022-09-12 15:10:00,265.947,266.266,265.796,266.266,1.9716,266.1169110922629,265.53133003367583,266.48744999999997,267.4435699663241,0.7175722281286705,0.3841934026065131,0.14202225651473555,0,0,,
2022-09-12 15:15:00,266.266,266.297,265.916,266.227,1.6896,266.12537946978114,265.6082473704624,266.51144999999997,267.41465262953756,0.6777964920738593,0.3425325665041398,0.1428713682814191,0,0,,
2022-09-12 15:20:00,266.236,266.666,266.136,266.656,1.5072,266.16619643364413,265.81463634291174,266.57239999999996,267.3301636570882,0.5685237159497527,0.5551623182360631,0.016075849285016375,0,0,,
2022-09-12 15:25:00,266.636,267.027,266.636,267.017,1.3476,266.2316428618254,265.96947262174297,266.63790000000006,267.30632737825715,0.5013746194798958,0.7835760565257147,-0.05394254308856716,1,1,265.93600000000004,266.136
2022-09-12 15:30:00,267.046,267.247,266.816,267.056,1.632,266.2950549493773,266.0380269367151,266.6849,267.33177306328497,0.48512162727244235,0.7868414385006545,-0.0816140084088488,1,0,,266.316
2022-09-12 15:35:00,267.057,267.077,266.626,266.847,1.5288,266.33751226096365,266.038445218976,266.68240000000003,267.32635478102407,0.48293759245007206,0.6278040049164622,-0.11899542669891616,1,1,265.926,266.126
2022-09-12 15:40:00,266.846,267.077,266.776,266.886,1.5492,266.37970362550493,266.0642005310813,266.70439999999996,267.3445994689186,0.48008167013265485,0.6418307955697001,-0.10481262378317524,1,1,266.076,266.276
2022-09-12 15:45:00,266.886,266.957,266.386,266.527,1.7495999999999998,266.39103411585074,266.05682548216726,266.7004,267.34397451783275,0.4826198369651838,0.3652836655311152,-0.12635070889740518,1,1,265.68600000000004,265.886
2022-09-12 15:50:00,266.537,266.547,265.896,265.996,1.752,266.36064687616994,265.952294005071,266.6654,267.37850599492896,0.5348320366489097,0.030644809635443738,-0.07540730544599228,1,2,267.247,267.047
2022-09-12 15:55:00,265.996,265.997,265.336,265.596,2.5128000000000004,266.30182788569533,265.7587066134262,266.59884999999997,267.4389933865737,0.6302678249165314,-0.0968326454902958,0.036119448139231736,0,0,,
2022-09-12 16:00:00,265.596,265.777,265.456,265.536,2.0856000000000003,266.24291804833416,265.6073849372405,266.51385,267.42031506275947,0.6802386163116703,-0.03937544874768686,0.13409578512829512,0,0,,
2022-09-12 16:05:00,265.536,265.856,265.246,265.366,1.8936,266.17546281384693,265.4327943683876,266.42785,267.42290563161237,0.7469606736776114,-0.03356313268604444,0.2033739042317393,0,0,,
2022-09-12 16:10:00,265.367,265.816,265.166,265.646,2.2368,266.1347349050895,265.3392769788141,266.3653,267.3913230211859,0.7703879005154894,0.14947180270448607,0.19784193450811927,0,0,,
2022-09-12 16:15:00,265.677,265.877,265.326,265.737,2.2104,266.1041399123903,265.2729363095264,266.3108,267.34866369047353,0.7794379277697767,0.22356678181017445,0.18894270728890206,0,0,,
2022-09-12 16:20:00,265.737,266.087,265.516,265.966,2.1852,266.0935137652834,265.239731993565,266.27930000000003,267.3188680064351,0.7808102292856013,0.34931240762477156,0.16407283117280258,0,0,,
2022-09-12 16:25:00,265.967,265.986,265.716,265.846,1.7784,266.07447424487697,265.2020433232572,266.2338,267.26555667674273,0.7750756491044783,0.31206809282579634,0.1839800896007091,0,0,,
2022-09-12 16:30:00,265.836,266.037,265.706,265.736,1.5564,266.04843776450184,265.15340730860896,266.18780000000004,267.2221926913911,0.777190157769121,0.2816109859629534,0.20571863635785803,0,0,,
2022-09-12 16:35:00,265.726,266.077,265.486,265.967,1.6284,266.0421733210786,265.13845674448766,266.15279999999996,267.16714325551226,0.7622262516210999,0.40841364647013284,0.13804768191073435,0,0,,
2022-09-12 16:40:00,265.937,266.187,265.776,266.046,1.2395999999999998,266.0424676809957,265.12869266708583,266.1433,267.1579073329142,0.7624519068593358,0.45205041554324726,0.14415419489375836,0,0,,
2022-09-12 16:45:00,266.046,266.377,265.826,266.096,1.7052,266.04658555168834,265.13992659546153,266.1508,267.1616734045385,0.7596245470902001,0.4728947266027738,0.13037294632948715,0,0,,
2022-09-12 16:50:00,266.136,266.297,266.036,266.216,1.4555999999999998,266.05961743232774,265.1383316638611,266.1483,267.1582683361389,0.7589515590660628,0.5335159022206666,0.15490125490225637,0,0,,
2022-09-12 16:55:00,266.216,266.217,266.026,266.137,0.9708,266.0655699375333,265.1344725803768,266.1438,267.1531274196232,0.7584827597886696,0.49663142015772405,0.19589053659956335,0,0,,
2022-09-12 17:00:00,266.166,266.267,265.596,265.917,1.4568,266.0541414808,265.12140669366363,266.10685,267.0922933063364,0.740637308912851,0.40367279437624465,0.10631707883879926,0,0,,
2022-09-12 17:05:00,265.906,266.497,265.806,266.457,1.4028,266.08513059766153,265.1695596668263,266.07885,266.9881403331737,0.6834743409133908,0.707936885615038,-0.07907625360985548,1,2,267.197,265.306
2022-09-12 17:10:00,266.456,266.697,266.366,266.597,1.2084,266.1245051670722,265.22678386820473,266.0559,266.8850161317953,0.6232646085242043,0.82631134484643,-0.20046554196125044,1,1,265.666,265.866
2022-09-12 17:15:00,266.597,266.647,266.426,266.457,1.0308,266.150081692682,265.26638638972867,266.0364,266.80641361027136,0.5788783867706438,0.7731120556763678,-0.26130790407978566,1,2,267.347,265.926
2022-09-12 17:20:00,266.477,266.626,266.266,266.576,1.1808,266.1828446393988,265.30968304294464,266.0209,266.7321169570553,0.5347075790325813,0.8902466009094638,-0.3573453654528862,1,2,267.32599999999996,265.766
2022-09-12 17:25:00,266.566,266.836,266.456,266.767,1.2864,266.2277796671374,265.2809963093566,266.0329,266.78480369064334,0.5652712056616755,0.9881609234900057,-0.3463288868640575,1,1,265.75600000000003,265.956
2022-09-12 17:30:00,266.807,266.906,266.606,266.826,1.1328,266.27379661581915,265.2473574617934,266.07439999999997,266.90144253820654,0.6216626163257868,0.9543901705647979,-0.2577726509668423,1,1,265.906,266.106
2022-09-12 17:35:00,266.827,266.827,266.556,266.616,1.1292,266.3001199530638,265.2968541895567,266.1254,266.9539458104433,0.622673228818671,0.7960608778755899,-0.20515364642784562,1,1,265.856,266.056
2022-09-12 17:40:00,266.616,266.706,266.346,266.456,1.116,266.3121107259051,265.3774195468381,266.1714,266.9653804531619,0.5965933628946667,0.679223555735305,-0.195328579245313,1,2,267.406,265.846
2022-09-12 17:45:00,266.447,266.677,266.296,266.626,1.1016,266.33625605468166,265.5090536275659,266.2344,266.9597463724341,0.5448930509611855,0.7699400003103751,-0.22260941879147822,1,2,267.377,265.796
2022-09-12 17:50:00,266.636,267.007,266.576,266.936,1.2108,266.38239020432155,265.56494362527235,266.2989,267.03285637472766,0.5512274926615576,0.9340176214399535,-0.2081321982859663,1,1,265.87600000000003,266.076
2022-09-12 17:55:00,266.936,266.957,266.836,266.867,1.2036000000000002,266.41966788091224,265.6292291110191,266.35540000000003,267.081570888981,0.5452646268714354,0.8522586816430487,-0.14684734374560549,1,1,266.136,266.336
2022-09-12 18:00:00,266.857,266.897,266.496,266.566,1.1232,266.43092419776514,265.6766912022534,266.3854,267.0941087977466,0.5320928232152543,0.6274148145008196,-0.14760293662504864,1,2,267.597,265.996
2022-09-12 18:05:00,266.536,266.677,266.506,266.537,1.1856,266.43908387486016,265.7536922495735,266.41995000000003,267.0862077504266,0.5001560509462994,0.5878413796500013,-0.12096000924304917,1,2,267.377,266.006
2022-09-12 18:10:00,266.506,266.697,266.426,266.656,1.1676,266.45576973064016,265.87179363168985,266.46594999999996,267.0601063683101,0.44595293943568365,0.6599326457953985,-0.14618827139099722,1,2,267.397,265.926
2022-09-12 18:15:00,266.687,266.907,266.136,266.307,1.35,266.4443259052063,265.92875816497934,266.48294999999996,267.0371418350206,0.4159304263335553,0.3412553299405813,-0.23036283899466525,1,2,267.60699999999997,267.407
2022-09-12 18:20:00,266.317,266.627,266.046,266.337,1.6128,266.4360700663443,265.975621661684,266.4975,267.019378338316,0.3916572112804168,0.3462285285513947,-0.2701735096026141,1,2,267.327,267.127
2022-09-12 18:25:00,266.317,266.477,265.986,266.056,1.8048,266.40683390739474,265.96721503901443,266.4955,267.02378496098555,0.3964682037674624,0.08403131599649714,-0.24180956808368137,1,2,267.17699999999996,266.977
2022-09-12 18:30:00,266.056,266.256,265.816,266.006,1.6284,266.37600052990285,265.927378264409,266.485,267.042621735591,0.41850140577593403,0.07049737355344421,-0.18682093356682117,1,2,266.95599999999996,266.756
2022-09-12 18:35:00,266.007,266.457,265.976,266.386,1.5132,266.3767697199103,265.960736491689,266.49744999999996,267.03416350831094,0.40279072712401687,0.39617365850296643,-0.20657033521280255,1,2,267.157,265.476
2022-09-12 18:40:00,266.376,266.507,266.186,266.437,1.3908,266.3814028183788,266.05579222982664,266.52344999999997,266.9911077701733,0.3509317999398044,0.4075712994484034,-0.23422285015772104,1,2,267.207,265.686
2022-09-12 18:45:00,266.437,266.667,266.366,266.657,1.1448,266.40260260158044,266.0633566156565,266.53345,267.0035433843435,0.352746257059667,0.6314100603356795,-0.2249938435750778,1,2,267.36699999999996,265.866
2022-09-12 18:50:00,266.656,266.737,266.416,266.467,1.326,266.4075562476127,266.05695618088805,266.52695000000006,266.99694381911206,0.35268014668835956,0.43622256552933003,-0.22020891090949135,1,2,267.437,265.916
2022-09-12 18:55:00,266.466,266.597,266.366,266.487,1.1748,266.4136673054887,266.05916779279045,266.52845,266.9977322072096,0.35214417613547344,0.4558368084670567,-0.19388216757181453,1,2,267.29699999999997,265.866
2022-09-12 19:00:00,266.456,266.507,266.166,266.286,1.5084,266.403846743528,266.03364906308286,266.51395,266.9942509369172,0.3604321176562506,0.2627008584835046,-0.17606683074217244,1,2,267.207,267.007
2022-09-12 19:05:00,266.277,266.667,266.137,266.586,0.984,266.4178585324874,266.03736095349853,266.5049,266.9724390465015,0.35086712964863737,0.586730723997118,-0.2431817909045435,1,2,267.36699999999996,265.637
2022-09-12 19:10:00,266.586,266.776,266.536,266.666,1.1916,266.4369463376807,266.04644871517166,266.4969,266.9473512848283,0.33805367704338657,0.6877006523185565,-0.26163899663430357,1,2,267.476,266.036
2022-09-12 19:15:00,266.667,266.697,266.296,266.347,1.368,266.43002738862833,266.03196379865665,266.48345,266.93493620134336,0.33884746039077257,0.3488879620307,-0.2683407199799035,1,2,267.397,267.197
2022-09-12 19:20:00,266.327,266.386,266.037,266.047,1.2251999999999998,266.40056374334927,265.97298571449045,266.463,266.9530142855096,0.3677916149781198,0.07552257933930258,-0.2066172147352745,1,2,267.086,266.886
2022-09-12 19:25:00,266.067,266.227,265.906,266.087,1.188,266.37644345539934,265.925981190913,266.43604999999997,266.94611880908695,0.3828827285849555,0.15784028176044637,-0.1725001673250972,1,2,266.92699999999996,266.727
2022-09-12 19:30:00,266.097,266.257,265.916,265.976,1.5035999999999998,266.34564011267634,265.8948022022317,266.38805,266.88129779776835,0.3703227661813909,0.08230933633731906,-0.1934527046997232,1,2,266.957,266.757
2022-09-12 19:35:00,265.976,266.207,265.876,266.066,1.5588,266.3241293347782,265.8878456780565,266.348,266.8081543219435,0.34552864819220835,0.193581059057542,-0.2335723231466318,1,2,266.907,266.707
2022-09-12 19:40:00,266.066,266.507,265.797,266.466,1.5408,266.3350424628722,265.8903168878749,266.343,266.7956831121251,0.3399249179630031,0.6358566254245408,-0.32645051914693113,1,2,267.207,265.297
2022-09-12 19:45:00,266.466,266.527,266.077,266.426,1.5744,266.3420391964974,265.89174899034975,266.33745,266.7831510096502,0.33468895166656876,0.599337894780054,-0.35839846626254257,1,2,267.227,265.577
2022-09-12 19:50:00,266.416,266.557,266.177,266.326,2.01,266.34080541215144,265.89988968365185,266.32095,266.7420103163481,0.3162051775109186,0.5059967655511193,-0.39424873328727017,1,2,267.257,267.057
2022-09-12 19:55:00,266.347,266.637,266.206,266.607,1.6908,266.361281918909,265.896953656048,266.33595,266.774946343952,0.3296560933302461,0.8087155550771966,-0.3930023200038022,1,2,267.337,265.706
2022-09-13 13:30:00,258.836,260.377,258.576,259.487,2.2848,265.8324910020699,262.9759815594024,265.99345,269.0109184405976,2.2688291313922284,-0.5781305800022497,1.0447744113042177,0,0,,
2022-09-13 13:35:00,259.486,259.497,258.196,258.977,2.7228000000000003,265.3051455403722,261.3442322551438,265.6395,269.9347677448562,3.2339074157692482,-0.27556282818210115,2.5769231469240594,0,0,,
2022-09-13 13:40:00,258.976,259.246,258.097,258.337,2.9796,264.769134344959,259.9175458846133,265.25605,270.59455411538676,4.025170483679252,-0.14803265581998956,3.8769804315434158,0,0,,
2022-09-13 13:45:00,258.337,258.897,258.006,258.496,3.1344000000000003,264.286585549193,258.79843174368995,264.86155,270.9246682563101,4.578330268255303,-0.024940280801484856,4.820387304261374,0,0,,
2022-09-13 13:50:00,258.507,258.977,258.327,258.327,3.2412,263.82815589156274,257.8117033662067,264.45604999999995,271.1003966337932,5.024915583359314,0.03877707336734146,5.612999581939562,0,0,,
2022-09-13 13:55:00,258.356,258.406,257.397,257.397,3.2868,263.33345159221176,256.7620703021998,263.99305,271.2240296978002,5.478159139265367,0.043903435242209375,6.314956174694544,0,0,,
2022-09-13 14:00:00,257.396,257.657,256.996,257.077,3.0996,262.85218608511855,255.793892168634,263.52355,271.253207831366,5.866388663454186,0.08299900586538995,6.964141310460889,0,0,,
2022-09-13 14:05:00,257.096,257.486,256.596,257.186,2.97,262.4163256170325,254.9863859646312,263.0585,271.13061403536875,6.137124658863919,0.13624770572683564,7.34850623074027,0,0,,
2022-09-13 14:10:00,257.166,257.437,256.767,257.236,2.8224,262.0178390311069,254.29715230612592,262.606,270.9148476938741,6.32799531912758,0.17685049733435412,7.628559680162596,0,0,,
2022-09-13 14:15:00,257.237,257.377,256.746,257.186,3.0276,261.6461591056372,253.71812912904957,262.136,270.55387087095045,6.422521798570541,0.20598266023049955,7.7283721918781225,0,0,,
2022-09-13 14:20:00,257.217,257.217,256.746,257.056,3.0,261.2930699436651,253.22969861378184,261.65549999999996,270.0813013862181,6.440377814506587,0.22705860314229148,7.715564486105052,0,0,,
2022-09-13 14:25:00,257.057,257.677,257.006,257.306,2.8152000000000004,260.98637225569087,252.86328646503293,261.20345000000003,269.5436135349671,6.385952049995579,0.2663445096933933,7.531946815817207,0,0,,
2022-09-13 14:30:00,257.327,257.536,256.747,256.997,3.1332000000000004,260.6794974667916,252.52987027833362,260.75095,268.9720297216664,6.305694933549723,0.2716875321068486,7.28766459481642,0,0,,
2022-09-13 14:35:00,257.017,257.037,256.506,256.587,2.5896000000000003,260.3646899693461,252.24745937037397,260.27595,268.3044406296261,6.169214350865724,0.270258808898189,7.004395991047545,0,0,,
2022-09-13 14:40:00,256.586,256.707,255.876,256.067,2.4036,260.03409843324255,252.0010580534338,259.78049999999996,267.5599419465661,5.989242415474709,0.26132606776254136,6.599996797376036,0,0,,
2022-09-13 14:45:00,256.066,256.147,255.766,255.787,2.3964000000000003,259.70739855376235,251.86714157837653,259.26655,266.66595842162343,5.707954552273287,0.2648764737846061,6.126103286641921,0,0,,
2022-09-13 14:50:00,255.797,255.877,255.596,255.776,2.7168,259.40498328039604,251.9734365482636,258.73204999999996,265.4906634517363,5.22441147259208,0.28131239335484537,5.35098499627685,0,0,,
2022-09-13 14:55:00,255.776,256.027,255.696,255.767,2.418,259.12513841267327,252.32869592872936,258.1991,264.0695040712706,4.547191737903523,0.2928507160263014,4.28322356395023,0,0,,
2022-09-13 15:00:00,255.766,255.967,255.596,255.657,2.5464,258.85835853477533,253.03893171270505,257.66565,262.292368287295,3.5912573424474523,0.28292929509931547,2.828685923528951,0,0,,
2022-09-13 15:05:00,255.656,255.907,255.296,255.677,2.4384,258.61363864748495,254.8801165232541,257.11915,259.3581834767459,1.7416310506206298,0.1779525596696413,0.13875657619570347,0,0,,
2022-09-13 15:10:00,255.637,255.707,255.037,255.137,2.4924,258.34620490537077,254.78304505570563,256.90165,259.0202549442944,1.6493509825992752,0.08353490943358978,0.06201155808224712,0,0,,
2022-09-13 15:15:00,255.147,255.407,255.046,255.107,2.6855999999999995,258.09703529726534,254.67801303171726,256.70815000000005,258.7382869682828,1.581669275621187,0.10565468610859508,0.07806676170986293,0,0,,
2022-09-13 15:20:00,255.107,255.357,254.606,254.687,2.6099999999999994,257.8347248897834,254.45813697465087,256.52565,258.5931630253491,1.6119347327248679,0.05534742043777372,0.16829712416409848,0,0,,
2022-09-13 15:25:00,254.666,255.017,254.616,254.777,2.4828,257.599515282877,254.346862816488,256.3397,258.332537183512,1.5548408486956915,0.1079208043363466,0.178706130058913,0,0,,
2022-09-13 15:30:00,254.807,255.086,254.616,254.866,2.7564,257.3892448765019,254.29686367263852,256.16665,258.03643632736146,1.4598202594767642,0.15219287868165743,0.10620823138003743,0,0,,
2022-09-13 15:35:00,254.907,255.157,254.776,255.127,2.2092,257.2152260398479,254.22066695506132,256.05315,257.88563304493874,1.4313302101057628,0.24729643404940851,0.14980762476506015,0,0,,
2022-09-13 15:40:00,255.137,255.196,254.756,255.187,2.1180000000000003,257.0592086521673,254.15236582800827,255.95864999999998,257.7649341719917,1.411387481526181,0.2863985047410611,0.18804450612032042,0,0,,
2022-09-13 15:45:00,255.167,255.367,254.897,255.216,2.2476000000000003,256.91742337123134,254.1186329285971,255.86014999999998,257.60166707140286,1.3613038774524926,0.315060670211785,0.16010023085254943,0,0,,
2022-09-13 15:50:00,255.226,255.937,255.166,255.616,1.9044,256.8173138811366,254.15435250185212,255.77915,257.4039474981479,1.2704690731421109,0.44979374347081313,-0.010612976635741234,1,0,,256.437
2022-09-13 15:55:00,255.616,255.827,255.096,255.207,2.082,256.69344358258763,254.17340597293875,255.6802,257.1869940270613,1.1786552318570427,0.34297787504410154,-0.1565606882191446,1,0,,256.327
2022-09-13 16:00:00,255.206,255.587,254.946,255.556,2.3004,256.60594792238857,254.2368256944873,255.60520000000002,256.9735743055128,1.0706936365244095,0.48202246278601685,-0.3218323416456883,1,0,,256.087
2022-09-13 16:05:00,255.557,255.777,255.356,255.696,2.3040000000000003,256.5359519283587,254.39792050072455,255.5247,256.65147949927547,0.8819339181499537,0.5760130975537527,-0.5717931814868962,1,0,,256.277
2022-09-13 16:10:00,255.696,255.876,255.466,255.846,1.6787999999999998,256.48287870310037,254.54872890377706,255.46715,256.385571096223,0.7190130678037917,0.7062507065430124,-0.7846279958953915,1,0,,256.376
2022-09-13 16:15:00,255.807,255.997,255.666,255.757,1.8036,256.42704187978495,254.64937806956107,255.42565,256.2019219304389,0.6078261368338878,0.7134239220865948,-0.8967343910014733,1,2,256.697,256.497
2022-09-13 16:20:00,255.756,255.837,255.496,255.527,1.8108,256.3578078890323,254.6779069736811,255.39865,256.1193930263189,0.5644062929219865,0.5890400567977148,-0.8945341216509632,1,0,,256.337
2022-09-13 16:25:00,255.546,255.556,255.036,255.126,1.7628,256.26305343602985,254.65863058058548,255.3656,256.07256941941455,0.5536919768477306,0.3305442969524544,-0.86060276208201,1,0,,256.05600000000004
2022-09-13 16:30:00,255.157,255.317,254.956,255.297,2.0544,256.1887416332583,254.65991184646353,255.34165,256.0233881535364,0.5339811609554832,0.46725282297289744,-0.8227200106747432,1,0,,255.817
2022-09-13 16:35:00,255.296,255.527,255.286,255.476,1.7028,256.1339153537769,254.67033096907113,255.32710000000003,255.98386903092893,0.514453053302136,0.6133579637497317,-0.7776574033573525,1,0,,256.027
2022-09-13 16:40:00,255.496,255.757,255.386,255.586,1.7292,256.091768018871,254.67321609346635,255.32354999999998,255.97388390653362,0.5094194456669837,0.7017809600293823,-0.7463542959158644,1,2,256.457,256.257
2022-09-13 16:45:00,255.596,255.677,255.326,255.676,1.5804,256.05978586357327,254.67327465445643,255.32350000000002,255.9737253455436,0.5093345074335806,0.7710598736390945,-0.7139187423868805,1,2,256.377,256.177
2022-09-13 16:50:00,255.627,256.066,255.506,255.906,1.5696,256.04795618175996,254.6707306498749,255.36194999999998,256.053169350125,0.5413644046225781,0.8935436702557689,-0.6666991103834903,1,2,256.76599999999996,256.566
2022-09-13 16:55:00,255.917,255.937,255.626,255.856,1.5324,256.0331903216246,254.68666487389254,255.39939999999996,256.1121351261074,0.5581337513771907,0.8203153480688854,-0.5846982429241621,1,2,256.637,256.437
2022-09-13 17:00:00,255.836,256.247,255.496,255.966,1.9368,256.0280218353458,254.78930451934798,255.46335,256.137395480652,0.5277042524119503,0.8728605965236929,-0.6328823294241488,1,2,256.947,256.747
2022-09-13 17:05:00,255.967,256.347,255.916,256.026,1.4532,256.02786630954995,254.88717879773102,255.52579999999998,256.16442120226895,0.4998487058989463,0.8916249556253804,-0.6170682449428,1,2,257.04699999999997,256.847
2022-09-13 17:10:00,255.997,256.427,255.996,256.117,1.6728,256.0347227472769,254.97595853207486,255.58835,256.2007414679251,0.479201393901667,0.931627502740334,-0.5995585081236072,1,2,257.127,255.496
2022-09-13 17:15:00,256.117,256.257,255.796,255.837,1.9224,256.01951330517863,255.04094442446697,255.62385000000003,256.2067555755331,0.45606509371725334,0.6828340720579086,-0.5896110694633308,1,2,256.957,256.757
2022-09-13 17:20:00,255.856,256.726,255.836,256.627,1.5983999999999998,256.06624305093413,255.0014889195904,255.69585,256.39021108040964,0.5431148611990543,1.170508490662149,-0.559549217444328,1,1,255.13600000000002,255.336
2022-09-13 17:25:00,256.627,256.896,256.486,256.816,1.2456,256.12391666240075,254.96256449663252,255.77585,256.58913550336746,0.63593611622635,1.139474081176393,-0.4259809565956516,1,1,255.786,255.986
2022-09-13 17:30:00,256.816,256.816,256.396,256.746,1.5264,256.1717692268315,254.92032362429165,255.83235,256.7443763757083,0.7129875293006037,1.0008901191538415,-0.32510994521067005,1,1,255.69600000000003,255.89600000000002
2022-09-13 17:35:00,256.747,256.947,256.296,256.526,1.4232,256.19901774784444,254.98593382351834,255.89829999999998,256.8106661764816,0.7130693533185961,0.8439956544753958,-0.3310595424450753,1,1,255.596,255.796
2022-09-13 17:40:00,256.526,256.556,256.196,256.326,1.3944,256.20878561339487,255.02048420291487,255.9368,256.85311579708514,0.716048490943962,0.7123721981210464,-0.2794931867056789,1,2,257.256,255.69600000000003
2022-09-13 17:45:00,256.357,256.487,256.117,256.296,1.5108,256.2154944123645,255.04471397365117,255.9668,256.88888602634887,0.7204731444459597,0.6785082902207578,-0.23452210184285605,1,2,257.187,255.61700000000002
2022-09-13 17:50:00,256.286,256.336,255.726,255.886,1.6740000000000002,256.1901486883364,255.0475976118204,255.96880000000002,256.8900023881796,0.719777088597981,0.4550587357010501,-0.2317478230415304,1,2,257.036,256.836
2022-09-13 17:55:00,255.887,256.077,255.726,255.757,1.4676,256.1568295584644,255.0475976118204,255.96880000000002,256.8900023881796,0.719777088597981,0.38504154856863826,-0.16862875530614474,1,2,256.777,256.577
2022-09-13 18:00:00,255.786,255.867,255.236,255.497,1.9152,256.1060734385825,255.04313202826123,255.96730000000002,256.8914679717388,0.7220984647170029,0.24555491296936785,-0.13862687236735383,1,2,256.567,256.36699999999996
2022-09-13 18:05:00,255.506,255.717,255.416,255.447,1.5168,256.05537548176846,255.10834068005664,255.98335000000003,256.8583593199434,0.6836454948678401,0.1935175501703636,-0.07829791996215363,1,2,256.41700000000003,256.217
2022-09-13 18:10:00,255.456,255.676,255.337,255.617,1.3716,256.02165429086324,255.16433831745428,255.99935,256.8343616825457,0.6523545333577699,0.2710511074322179,-0.04118534403551166,1,2,256.376,256.176
2022-09-13 18:15:00,255.566,255.876,255.446,255.697,1.5156,255.99668088387378,255.19783605790818,256.0104,256.82296394209186,0.6347897914239748,0.3071536381535664,-0.02224527243402008,1,2,256.576,256.376
2022-09-13 18:20:00,255.707,255.837,255.246,255.277,1.8936,255.9413208158835,255.14004802316998,255.99494999999996,256.84985197682994,0.6679053448749507,0.08009805833987557,0.041424592258920256,0,0,,
2022-09-13 18:25:00,255.276,255.316,254.876,254.956,1.6835999999999998,255.8655269069694,254.9991526307664,255.95895000000002,256.91874736923364,0.7499619522846352,-0.0224800734767883,0.20293211652648324,0,0,,
2022-09-13 18:30:00,254.966,255.077,254.876,254.966,1.2552,255.7963325295102,254.85885732127335,255.91195000000002,256.9650426787267,0.8230117262806094,0.05087048884254356,0.37759078342025987,0,0,,
2022-09-13 18:35:00,254.967,255.057,254.846,254.867,1.2492,255.7248454118556,254.7149020739006,255.8625,257.01009792609943,0.8970426898036423,0.06626795092614349,0.5463081160602314,0,0,,
2022-09-13 18:40:00,254.866,254.957,254.796,254.817,1.2048,255.6550111494052,254.5720655759347,255.80505,257.0380344240653,0.9640031923258023,0.0993258387067617,0.7004150721250539,0,0,,
2022-09-13 18:45:00,254.796,254.927,254.626,254.657,1.2252,255.57824106098943,254.41170417013728,255.7366,257.06149582986274,1.036140958988839,0.09257174199429022,0.8266021304882543,0,0,,
2022-09-13 18:50:00,254.646,254.716,254.137,254.216,1.5396,255.47345328706717,254.17433665832553,255.64155,257.10876334167443,1.1478676621030122,0.014198119827253816,0.9558595184308274,0,0,,
2022-09-13 18:55:00,254.216,254.616,253.996,254.186,2.2344,255.37441841883125,253.96477855992734,255.55900000000003,257.15322144007274,1.2476347458494523,0.06938228106585358,1.0695465523761527,0,0,,
2022-09-13 19:00:00,254.197,254.307,253.996,254.006,1.932,255.26915546353655,253.7765619202358,255.42795,257.0793380797642,1.2930363178847242,0.06946824994551448,1.1342988956577926,0,0,,
2022-09-13 19:05:00,254.006,254.226,253.876,254.046,1.4544,255.17506658172607,253.6624975759915,255.28945000000004,256.9164024240086,1.2745943273476832,0.1178591390716912,1.085557447912322,0,0,,
2022-09-13 19:10:00,254.077,254.226,253.786,253.986,1.572,255.0835999215933,253.5746535673597,255.15145,256.72824643264033,1.2359690157671623,0.13043739322504272,0.9892914542675442,0,0,,
2022-09-13 19:15:00,253.966,254.186,253.876,254.076,1.6283999999999998,255.0060922353169,253.51908146599214,255.02895000000004,256.53881853400793,1.1840761874351071,0.18442616739933257,0.8991926011944429,0,0,,
2022-09-13 19:20:00,254.076,254.227,253.617,253.846,2.0352,254.9168543710618,253.43471009100995,254.90495,256.3751899089901,1.1535593239676722,0.13987169933122642,0.7901950173969112,0,0,,
2022-09-13 19:25:00,253.856,253.907,253.346,253.357,1.9464,254.79686557328782,253.2857724360728,254.75799999999998,256.2302275639272,1.1557851482011994,0.024190405638516887,0.750565519152417,0,0,,
2022-09-13 19:30:00,253.356,253.397,252.206,252.517,1.9188,254.62149129841953,252.91506745605187,254.58954999999997,256.2640325439481,1.3154369799923855,-0.11886282645661726,0.839671646294704,0,0,,
2022-09-13 19:35:00,252.486,252.637,251.816,252.476,2.9832,254.4564535062334,252.6042166612559,254.4255,256.2467833387441,1.4316830182069762,-0.03519953719675094,0.9468377646767294,0,0,,
2022-09-13 19:40:00,252.497,252.506,251.846,252.047,2.4708,254.27111092883084,252.2281844528484,254.253,256.2778155471516,1.5927564647430632,-0.04474097729625157,1.161960027757317,0,0,,
2022-09-13 19:45:00,252.076,252.426,251.527,252.127,2.8716,254.10617931892077,251.94025781706637,254.087,256.2337421829336,1.6897693962568898,0.043494320002239496,1.2313014749102251,0,0,,
2022-09-13 19:50:00,252.106,252.376,251.797,252.336,2.9040000000000004,253.9700116790038,251.76752136745696,253.92295000000004,256.07837863254315,1.6977028917969736,0.13187136515680548,1.2195989443315227,0,0,,
2022-09-13 19:55:00,252.336,252.966,251.596,251.666,2.8932,253.79278001138812,251.51398138089158,253.7214,255.9288186191084,1.7400334533140758,0.03443357272437503,1.113160805964526,0,0,,
2022-09-14 13:30:00,253.666,253.677,251.496,251.577,2.496,253.62233539512752,251.26230480410644,253.53640000000001,255.8104951958936,1.7939003597854821,0.06919129780974434,0.8878524125729825,0,0,,
2022-09-14 13:35:00,251.577,252.417,251.106,252.156,1.8864,253.5095403647331,251.14447705283104,253.3964,255.64832294716896,1.7773914287408694,0.22459093203890926,0.7394556670217014,0,0,,
2022-09-14 13:40:00,252.147,253.527,251.917,253.526,2.544,253.5108064905229,251.18873819157005,253.32439999999997,255.46006180842988,1.6861082536304564,0.5471984841430144,0.3762295073442772,0,0,,
2022-09-14 13:45:00,253.526,254.197,252.906,252.987,2.8644000000000003,253.4705136835596,251.2123434695762,253.2304,255.2484565304238,1.5938501304928567,0.4396944544588911,0.1184177818225578,0,0,,
2022-09-14 13:50:00,252.986,253.417,252.436,253.016,2.6004000000000005,253.43555109251656,251.2573073265627,253.14035000000004,255.02339267343737,1.4877459665654489,0.4669816298498803,-0.0921661943447134,1,2,254.117,253.917
2022-09-14 13:55:00,253.047,253.456,252.706,253.407,2.952,253.4333548546307,251.32160408612972,253.07784999999998,254.83409591387024,1.387909620593236,0.5937084030774128,-0.2616002045992616,1,2,254.15599999999998,253.956
2022-09-14 14:00:00,253.407,253.716,252.646,252.846,2.7408,253.38817371196683,251.33086719997314,253.00934999999998,254.68783280002683,1.3268148390775614,0.45133998394342567,-0.3974160690646329,1,2,254.416,254.216
2022-09-14 14:05:00,252.797,253.577,252.426,252.787,2.0628,253.3419295802771,251.34857651513886,252.93940000000003,254.5302234848612,1.2578692642278548,0.4521002796820894,-0.5553826347929487,1,2,254.277,254.077
2022-09-14 14:10:00,252.836,253.157,252.296,252.447,2.5212,253.27308884333274,251.33587502970659,252.86145000000002,254.38702497029345,1.206648914093812,0.364165967562938,-0.6112853284412552,1,2,253.857,253.657
2022-09-14 14:15:00,252.446,252.997,251.876,252.176,2.8524000000000003,253.18869739384564,251.31683091805468,252.76794999999998,254.2190690819453,1.148182815064416,0.29603672525398317,-0.7239735692908766,1,2,253.697,253.497
2022-09-14 14:20:00,252.206,252.397,251.546,251.887,2.6076,253.0885668250883,251.27729656853066,252.66299999999995,254.04870343146925,1.0968787922800691,0.21999780675395247,-0.7653827767920234,1,0,,252.897
2022-09-14 14:25:00,251.906,252.086,251.026,251.066,2.6844,252.93298476161996,251.11953876579938,252.5125,253.9054612342006,1.1032810131780506,-0.019217607958091673,-0.7535691447024533,1,0,,252.586
2022-09-14 14:30:00,251.027,252.056,250.876,251.756,2.8452,252.84244747226458,251.12134775483597,252.408,253.694652245164,1.0195019533168685,0.24662928446649907,-0.9126609547959106,1,0,,252.556
2022-09-14 14:35:00,251.776,252.697,251.756,252.516,3.1776,252.81733612824422,251.1532613383949,252.36595000000003,253.57863866160514,0.9610556904408963,0.5618666623803338,-1.0087399478823897,1,2,253.397,253.197
2022-09-14 14:40:00,252.546,252.977,252.376,252.827,2.9160000000000004,252.8180795029947,251.15360514417105,252.38145,253.60929485582895,0.9730072125577758,0.6814357888477676,-0.9249048384692742,1,2,253.677,251.876
2022-09-14 14:45:00,252.827,253.047,252.336,252.507,3.1548,252.79415031045664,251.1546034842179,252.38299999999998,253.61139651578208,0.9734383978176775,0.5504723020648896,-0.8651651123925319,1,2,253.74699999999999,253.547
2022-09-14 14:50:00,252.516,253.187,252.416,253.106,3.3324,252.81813874811382,251.17908493564917,252.43595,253.6928150643508,0.9957892798952125,0.7665560603938377,-0.8000740278071703,1,2,253.887,251.916
2022-09-14 14:55:00,253.117,253.397,252.497,253.397,2.7912,252.86266653672047,251.184454110278,252.49944999999997,253.81444588972192,1.0415831715450916,0.841274830976773,-0.7455013841352809,1,1,251.79700000000003,251.997
2022-09-14 15:00:00,253.367,253.457,252.696,253.026,2.8716,252.87523064928044,251.20182350826371,252.53395,253.8660764917363,1.0550078448749483,0.6846859149834449,-0.6927329465154912,1,1,251.996,252.196
2022-09-14 15:05:00,252.996,253.986,252.686,253.716,2.8199999999999994,252.93990521472043,251.27214908378483,252.63645000000002,254.00075091621522,1.0800507339421526,0.8956421883065345,-0.7254100041078004,1,1,251.98600000000002,252.186
2022-09-14 15:10:00,253.747,253.866,253.276,253.326,2.7684,252.9696048135881,251.41954730230447,252.72390000000001,254.02825269769556,1.0322353348421331,0.7308041379696352,-0.6769405159300277,1,1,252.57600000000002,252.776
2022-09-14 15:15:00,253.336,253.467,252.856,252.916,2.5332,252.965481366389,251.48188501571835,252.76190000000003,254.0419149842817,1.01282272706581,0.5601946078336143,-0.6092598280462198,1,1,252.156,253.967
2022-09-14 15:20:00,252.957,252.967,252.417,252.536,2.454,252.93244433820524,251.4786764653353,252.71240000000003,253.94612353466476,0.9763854363020834,0.428509104737162,-0.6083679622033458,1,2,253.667,253.467
2022-09-14 15:25:00,252.527,252.827,252.266,252.296,2.6592,252.88348708142024,251.43813402043625,252.67784999999998,253.9175659795637,0.9812620928694198,0.3459929506860256,-0.5286882318883954,1,2,253.527,253.327
2022-09-14 15:30:00,252.327,252.657,252.096,252.287,2.3148,252.83760345977254,251.40072882680957,252.64139999999998,253.88207117319038,0.9821598306456558,0.3571740813931284,-0.46539692288533274,1,2,253.357,253.157
2022-09-14 15:35:00,252.287,252.817,252.167,252.647,2.9052,252.82294165517465,251.41333001887048,252.60340000000002,253.79346998112956,0.942243834508593,0.5183182504774161,-0.5158582962722846,1,2,253.517,253.317
2022-09-14 15:40:00,252.677,253.086,252.506,252.656,2.4324,252.810099989392,251.40870467433183,252.5939,253.77909532566815,0.9384195941930198,0.5261982133472413,-0.48324930626685614,1,2,253.786,253.586
2022-09-14 15:45:00,252.687,252.977,252.576,252.617,2.1204,252.79524614405418,251.4034320816597,252.5854,253.76736791834028,0.9358956759498301,0.5133675371004865,-0.41465817721993403,1,2,253.677,253.477
2022-09-14 15:50:00,252.636,252.696,252.086,252.337,1.9452,252.75999644066542,251.39438881912247,252.5799,253.76541118087755,0.938721712121622,0.3975547409767066,-0.3570886198674259,1,2,253.396,253.196
2022-09-14 15:55:00,252.337,252.407,251.856,251.936,2.0172,252.69661209907576,251.36160187764978,252.5679,253.77419812235024,0.9552267903801183,0.2380829878235782,-0.24501598308569328,1,2,253.107,252.907
2022-09-14 16:00:00,251.956,252.137,251.636,251.717,2.2512,252.6212573222238,251.33182215726023,252.5594,253.7869778427398,0.9721101988203779,0.1568853026379645,-0.10840634789269643,1,2,252.837,252.637
2022-09-14 16:05:00,251.716,251.766,251.406,251.677,2.4108,252.54862214359122,251.48863651602474,252.58995,253.69126348397523,0.8720168668430766,0.08551765083967926,-0.061417450406537455,1,0,,252.266
2022-09-14 16:10:00,251.667,251.867,251.446,251.847,2.31,252.49465120946883,251.50633227396432,252.5945,253.6826677260357,0.8615925731048715,0.1565327283123797,0.031289737785527905,0,0,,
2022-09-14 16:15:00,251.797,252.056,251.706,251.927,2.0796,252.45098573181738,251.4387646942334,252.56504999999999,253.69133530576656,0.8918774040719983,0.21674583840649367,0.13751712592116405,0,0,,
2022-09-14 16:20:00,251.916,252.017,251.606,251.976,2.28,252.41444836783145,251.3749160161515,252.52250000000004,253.67008398384857,0.9088964221790408,0.26189106518927857,0.18824848779797776,0,0,,
2022-09-14 16:25:00,251.977,252.146,251.716,251.916,2.1972,252.3761061856906,251.31525029719555,252.49294999999998,253.6706497028044,0.9328574938860131,0.2550521586164524,0.2560366349491403,0,0,,
2022-09-14 16:30:00,251.926,252.207,251.766,251.896,2.5404,252.33917494063746,251.26264685844768,252.43245000000002,253.60225314155235,0.9268246943309673,0.27070928391927634,0.24826988968328578,0,0,,
2022-09-14 16:35:00,251.916,252.347,251.737,252.167,2.0016,252.32593071443458,251.28405911771893,252.37095,253.45784088228106,0.8613438926160623,0.40617733420858215,0.10071317820904824,0,0,,
2022-09-14 16:40:00,252.157,252.487,252.126,252.427,1.5828,252.3337052748627,251.29574692060459,252.34100000000004,253.3862530793955,0.8284449054219891,0.5411383624192221,0.048947061425593574,0,0,,
2022-09-14 16:45:00,252.436,252.617,252.116,252.477,2.0112,252.34472794602712,251.44073204720067,252.27905,253.11736795279936,0.6645957742423267,0.6180637962833728,-0.23343273012577015,1,2,253.31699999999998,251.616
2022-09-14 16:50:00,252.457,252.687,252.346,252.516,2.1804,252.35790271940965,251.5398195870468,252.23854999999998,252.93728041295316,0.5540234931997368,0.6985386601589119,-0.39896782397912034,1,2,253.387,251.846
2022-09-14 16:55:00,252.527,252.537,252.256,252.477,2.2212,252.36706404868585,251.57951212538163,252.21659999999997,252.85368787461832,0.5051910735600631,0.7043674117609194,-0.45425100641563176,1,2,253.237,251.756
2022-09-14 17:00:00,252.486,252.937,252.386,252.436,1.8768,252.37236681417156,251.5831057995608,252.2116,252.8400942004392,0.49838643459635196,0.6785219337292109,-0.48975526335345876,1,1,251.686,251.886
2022-09-14 17:05:00,252.427,252.577,252.266,252.437,1.932,252.37733859769685,251.5834000413336,252.21865000000003,252.85389995866646,0.503729568504498,0.6718614830439058,-0.4501543180983276,1,2,253.277,251.766
2022-09-14 17:10:00,252.436,252.537,252.226,252.437,1.542,252.38192793633556,251.58434122007745,252.22615000000002,252.8679587799226,0.5089153364332526,0.6642623212675831,-0.4127569942931473,1,2,253.237,251.726
2022-09-14 17:15:00,252.427,252.707,252.146,252.277,1.9236,252.37385655661745,251.59475220265878,252.20765,252.82054779734122,0.48602633373033616,0.5565755010874811,-0.4714331412349111,1,2,253.40699999999998,253.207
2022-09-14 17:20:00,252.277,252.366,251.956,252.116,1.7076,252.35402143687767,251.60254610796528,252.18065,252.75875389203475,0.4584839415987965,0.4440844449494589,-0.4993241000103126,1,2,253.066,252.866
2022-09-14 17:25:00,252.086,252.177,251.896,252.007,1.7652,252.3273274801948,251.6038591342648,252.15015,252.69644086573518,0.43330600099598393,0.3689800535037841,-0.4960106508769968,1,2,252.87699999999998,252.677
2022-09-14 17:30:00,252.016,252.137,251.706,251.776,1.8504,252.284917674026,251.5596930654893,252.1221,252.68450693451067,0.44613854518162127,0.19230464743370929,-0.4551396757575219,1,2,252.837,252.637
2022-09-14 17:35:00,251.777,251.877,251.576,251.636,1.8,252.23500092987018,251.51066596342454,252.1071,252.70353403657546,0.4731592538055925,0.1050694870593586,-0.350241467952884,1,2,252.577,252.377
2022-09-14 17:40:00,251.637,251.796,251.556,251.716,1.6608,252.19507778141863,251.51048500774377,252.10705000000002,252.70361499225626,0.4732632365943338,0.1722486191143815,-0.26846760707891804,1,2,252.49599999999998,252.296
2022-09-14 17:45:00,251.717,251.757,250.586,250.776,2.622,252.08591795207874,251.24644987892484,252.06199999999998,252.87755012107513,0.6471027930232627,-0.2884248722228291,-0.10842937356147786,1,2,252.457,252.257
2022-09-14 17:50:00,250.737,251.227,250.676,251.166,2.3712,252.01515503268809,251.12694911765544,252.02795,252.92895088234457,0.7150007626888697,0.02167083468494344,0.011350387197154532,0,0,,
2022-09-14 17:55:00,251.196,251.196,250.546,250.737,2.6436,251.916835414789,250.9059464517774,251.96845000000002,253.03095354822264,0.8433623719339642,-0.07950394709740893,0.1972197668988258,0,0,,
2022-09-14 18:00:00,250.717,251.157,250.417,250.417,2.6976,251.80146345980523,250.63113627176827,251.89049999999997,253.14986372823168,0.9999295155884838,-0.08501764302396608,0.40534268798629114,0,0,,
2022-09-14 18:05:00,250.416,250.926,250.396,250.577,2.4636,251.70727396289715,250.4404396681806,251.82355,253.20666033181942,1.098475763541106,0.04936711435007437,0.5676174858831189,0,0,,
2022-09-14 18:10:00,250.567,250.747,250.356,250.647,2.5536000000000003,251.6257144272897,250.28692281933763,251.7611,253.23527718066237,1.1710921033172845,0.122128189672754,0.7114765105295362,0,0,,
2022-09-14 18:15:00,250.677,250.896,250.516,250.887,2.1228,251.56889024057512,250.18823500935784,251.6971,253.20596499064217,1.1989530198338927,0.23155318566466623,0.765669146236263,0,0,,
2022-09-14 18:20:00,250.896,251.027,250.796,250.917,1.8888000000000005,251.51874483745397,250.11526904035483,251.6216,253.12793095964517,1.1972986100121523,0.2661204546423268,0.7887109099445979,0,0,,
2022-09-14 18:25:00,250.917,251.057,250.716,250.977,2.0076,251.47707215764984,250.06900297780973,251.54659999999998,253.02419702219024,1.1748097745628465,0.3072546196811977,0.7497598343659035,0,0,,
2022-09-14 18:30:00,250.977,251.507,250.937,251.427,2.1972,251.47322045321528,250.08277165832394,251.49214999999998,252.90152834167603,1.1208129889350789,0.47688697276186626,0.5992280288826066,0,0,,
2022-09-14 18:35:00,251.426,251.707,251.296,251.606,2.0412,251.48343426450643,250.1116754097611,251.44860000000003,252.78552459023896,1.063378034507996,0.5588664466003413,0.4712528786639325,0,0,,
2022-09-14 18:40:00,251.576,251.807,251.246,251.376,2.3952,251.47517009031364,250.13774716282646,251.3956,252.65345283717355,1.0006959844751018,0.49220894550588323,0.32168319336759055,0,0,,
2022-09-14 18:45:00,251.376,251.407,250.896,251.207,2.4324,251.45454162182799,250.16907812896687,251.33409999999998,252.49912187103308,0.9270702789896832,0.44545166783552476,0.17713981235149845,0,0,,
2022-09-14 18:50:00,251.207,251.386,250.657,250.756,2.1516,251.40080765091815,250.1764669384787,251.25005000000002,252.32363306152132,0.8545933117396829,0.2699060195212425,0.011935008428480387,0,0,,
2022-09-14 18:55:00,250.757,251.036,250.646,250.746,2.2104,251.35043783161677,250.18910729381744,251.17350000000002,252.1578927061826,0.7838348441874443,0.28286104858607075,-0.07897696090137174,1,2,251.736,251.536
2022-09-14 19:00:00,250.757,251.027,250.556,250.816,2.4372,251.30932722918473,250.2140565976623,251.1085,252.00294340233768,0.7123959581915273,0.33649049272680526,-0.18831962978592287,1,2,251.72699999999998,251.527
2022-09-14 19:05:00,250.816,251.407,250.796,251.387,2.1888,251.315302057709,250.27112725741418,251.07750000000001,251.88387274258585,0.6423297528339544,0.6919087685227904,-0.3471747626688284,1,2,252.107,250.296
2022-09-14 19:10:00,251.387,251.447,250.516,250.607,2.3748,251.26081728403912,250.25533212670814,251.01904999999996,251.7827678732918,0.608493955571758,0.23023415163513095,-0.4709417743196127,1,2,252.147,251.947
2022-09-14 19:15:00,250.636,250.647,250.126,250.397,2.1084,251.19436980065151,250.20266142729486,250.9571,251.71153857270514,0.6012490363533374,0.1287968164248999,-0.46457967989564963,1,0,,251.147
2022-09-14 19:20:00,250.407,250.877,250.126,250.666,2.1792,251.15372596983218,250.226429991827,250.9046,251.582770008173,0.54057997196783,0.3240854084341007,-0.5925750775134304,1,2,251.577,251.377
2022-09-14 19:25:00,250.676,250.677,250.166,250.487,2.2548,251.10243935676817,250.18968607517206,250.89015,251.59061392482795,0.5583829614896744,0.21222643614441844,-0.5212697241263982,1,2,251.37699999999998,251.177
2022-09-14 19:30:00,250.486,250.677,249.866,250.587,2.6976,251.06279017547834,250.160872476633,250.8612,251.561527523367,0.558338653699343,0.3042344539868152,-0.5596053018774114,1,2,251.37699999999998,251.177
2022-09-14 19:35:00,250.576,250.637,250.156,250.407,2.5752,251.01234477736463,250.11837772993977,250.84469999999996,251.57102227006015,0.579101149085625,0.198687471083824,-0.4784788575419441,1,2,251.337,251.137
2022-09-14 19:40:00,250.346,251.347,250.206,251.166,2.6184000000000003,251.02416440987506,250.1708165268769,250.88215,251.5934834731231,0.5670658300106968,0.6995196421403911,-0.5892080232788146,1,2,252.047,249.706
2022-09-14 19:45:00,251.167,251.246,250.846,251.116,2.208,251.0312286860385,250.20525061271223,250.9091,251.61294938728776,0.5610393463511375,0.6469774668678017,-0.5443429189806182,1,2,251.946,250.346
2022-09-14 19:50:00,251.107,252.277,251.106,252.057,1.9932,251.11013417172788,250.12794363738337,250.97959999999998,251.83125636261659,0.6786658059990605,1.1325321146488199,-0.5395319144833763,1,1,250.406,250.606
2022-09-14 19:55:00,252.057,252.686,251.896,252.117,1.8768,251.18758538928728,250.05763146466938,251.0411,252.02456853533062,0.7835119710124084,1.0469925886537395,-0.4725256201407717,1,0,,251.396
2022-09-15 13:30:00,249.627,249.627,248.666,248.806,1.296,251.00438651318828,249.5503780287324,250.93555,252.3207219712676,1.104006165142879,-0.2686951671607985,-0.48217274082554695,1,0,,250.127
2022-09-15 14:15:00,248.807,249.247,248.586,248.687,2.0592,250.8261260121738,249.12484476772846,250.82105,252.51725523227157,1.3525222323019157,-0.12906597603819722,-0.019554269146055958,1,0,,249.747
2022-09-15 14:20:00,248.706,248.706,247.526,247.546,3.1116,250.573808626622,248.43651010046034,250.62700000000004,252.81748989953974,1.7480079157789854,-0.20326733774199893,0.5312336839714362,0,0,,
2022-09-15 14:25:00,247.556,247.807,247.156,247.216,3.072,250.3155156553434,247.8111908889761,250.40749999999997,253.00380911102383,2.073667211264724,-0.11462250131329542,1.0764344397953778,0,0,,
2022-09-15 14:30:00,247.236,247.837,246.946,246.996,3.0504,250.06016829724007,247.24078139063687,250.18849999999998,253.13621860936308,2.3563981632753768,-0.04152048127310015,1.5087843830135057,0,0,,
2022-09-15 14:35:00,246.996,247.517,246.846,247.397,3.0708,249.85530919745239,246.85238241358144,249.998,253.14361758641854,2.516514201248452,0.08656767255657236,1.791272334007033,0,0,,
2022-09-15 14:40:00,247.396,247.657,247.116,247.646,3.0564000000000004,249.6853623361099,246.5577386692507,249.84249999999997,253.12726133074923,2.6294656279450153,0.16565302942436932,2.024853721424563,0,0,,
2022-09-15 14:45:00,247.647,247.776,247.076,247.126,3.2904,249.48848831025532,246.20155419117788,249.6615,253.1214458088221,2.771709541777257,0.13359252715244718,2.264410352766447,0,0,,
2022-09-15 14:50:00,247.136,247.146,245.746,245.766,3.1512,249.20214305562033,245.6031347895668,249.40900000000002,253.21486521043323,3.05190687620191,0.02139660779193012,2.576023607335287,0,0,,
2022-09-15 14:55:00,245.766,245.906,245.566,245.617,2.8788,248.92636282057262,245.08998675724965,249.1205,253.15101324275034,3.2357941179070733,0.06537793216512532,2.9256803637569533,0,0,,
2022-09-15 15:00:00,245.616,245.796,245.166,245.576,3.0108,248.66864260360552,244.61892800123505,248.86894999999998,253.11897199876492,3.4154698677877944,0.11259612291925457,3.2164327272947446,0,0,,
2022-09-15 15:05:00,245.577,246.147,245.517,245.846,2.9016,248.45151624948204,244.25776806289744,248.64140000000003,253.02503193710263,3.5260676115100638,0.18115480039050927,3.3888297391057733,0,0,,
2022-09-15 15:10:00,245.846,246.157,245.586,246.087,2.9568,248.2696303841373,243.99750408980063,248.41244999999998,252.82739591019933,3.55452869628664,0.2366389025709505,3.4204510643926653,0,0,,
2022-09-15 15:15:00,246.087,246.457,245.807,246.376,2.658,248.12396650843442,243.81470028232025,248.2069,252.59909971767974,3.5391439300678145,0.29157368543259343,3.35700676194989,0,0,,
2022-09-15 15:20:00,246.377,246.967,246.086,246.826,2.646,248.02412293086257,243.7295180112183,248.01885,252.30818198878168,3.45887579817558,0.3609515417412585,3.1283836002642147,0,0,,
2022-09-15 15:25:00,246.827,247.137,246.686,246.847,2.0796,247.93357501310393,243.6688448094488,247.84085,252.01285519055116,3.3666808280807423,0.380890608399665,2.969323315225836,0,0,,
2022-09-15 15:30:00,246.857,247.387,246.796,246.977,2.6172000000000004,247.85999231978826,243.73677897094137,247.63140000000004,251.5260210290587,3.1454985345627966,0.4159866909877228,2.5667302847167264,0,0,,
2022-09-15 15:35:00,246.977,247.176,246.576,246.817,2.6556,247.77976214134304,243.85450937865522,247.41645,250.97839062134477,2.8793078401575762,0.41585345409636926,2.1088418526544217,0,0,,
2022-09-15 15:40:00,246.807,246.967,246.376,246.447,2.5152,247.67724197662434,244.26302017315322,247.13595,250.0088798268468,2.3249792892104817,0.3800962707891529,1.2574785599364873,0,0,,
2022-09-15 15:45:00,246.447,246.716,246.096,246.147,2.2812,247.5595310553456,245.06805762124796,246.83745,248.60684237875202,1.4336498604664978,0.30489064825548207,-0.014615910357292705,1,0,,247.216
2022-09-15 15:50:00,246.117,246.157,245.546,245.606,2.1432,247.40925943570363,245.07851116752838,246.67745,248.2763888324716,1.2963802183552793,0.16494965966153746,-0.1742639052939694,1,0,,246.657
2022-09-15 15:55:00,245.617,245.837,245.376,245.786,2.2272,247.2843933252649,245.18194609112876,246.5324,247.88285390887123,1.0955589682096396,0.22364847289609888,-0.40183190148809445,1,0,,246.337
2022-09-15 16:00:00,245.787,246.217,245.706,245.917,2.4744,247.17920922332144,245.1596499612849,246.45095,247.7422500387151,1.047916462659278,0.29325099357570267,-0.41427521827668556,1,0,,246.717
2022-09-15 16:05:00,245.926,246.096,245.566,245.627,2.1828,247.05980851383518,245.08273120770812,246.37150000000003,247.66026879229193,1.046199574457195,0.21115843103400186,-0.3563016783196815,1,0,,246.596
2022-09-15 16:10:00,245.627,245.877,245.386,245.616,2.3052,246.94874632046327,245.0071093253441,246.3025,247.59789067465593,1.0518696924764628,0.23502202330492206,-0.2835778463736176,1,0,,246.377
2022-09-15 16:15:00,245.637,245.857,245.426,245.667,2.1444,246.8501504496584,244.99563366156488,246.21599999999998,247.43636633843508,0.9912973473982999,0.2750675421349411,-0.3162956567821311,1,0,,246.357
2022-09-15 16:20:00,245.666,245.676,245.246,245.357,2.2932,246.7352927227616,245.01734753275258,246.10155,247.18575246724743,0.8811016974475963,0.15663701084804282,-0.4206560046157506,1,0,,246.176
2022-09-15 16:25:00,245.376,245.637,245.296,245.526,2.2116,246.64227020562612,245.01843136794028,246.02155000000002,247.02466863205976,0.8154721666128341,0.25299531672416525,-0.44855808057835134,1,0,,246.137
2022-09-15 16:30:00,245.557,246.076,245.506,245.956,2.2932,246.58948018980874,245.0342129069976,246.03104999999996,247.02788709300233,0.8103343809672557,0.46235593532443037,-0.4094132660512173,1,0,,246.576
2022-09-15 16:35:00,245.946,246.147,245.886,246.086,2.0388,246.55075094443885,245.07582691873876,246.05450000000002,247.03317308126128,0.7954929345013102,0.5160932187689267,-0.3251462912157308,1,2,246.84699999999998,246.647
2022-09-15 16:40:00,246.067,246.547,245.996,246.257,2.0544,246.52815471794355,245.1316946347617,246.08855000000003,247.04540536523837,0.7776512684058969,0.5880227075687766,-0.31297882890751794,1,2,247.24699999999999,247.047
2022-09-15 16:45:00,246.256,246.587,246.036,246.506,1.728,246.52645050887097,245.15495650220197,246.12154999999998,247.088143497798,0.7854602718031117,0.6988685010171422,-0.2940136302387373,1,2,247.28699999999998,247.087
2022-09-15 16:50:00,246.516,246.626,246.316,246.327,1.8228,246.51110816203476,245.16301911950964,246.13355,247.1040808804904,0.7886213646943883,0.599661949912527,-0.23663271154285326,1,2,247.326,247.126
2022-09-15 16:55:00,246.327,246.557,246.246,246.507,1.8312,246.51079214957056,245.16137881396924,246.1401,247.11882118603074,0.795255373692262,0.6874384682975926,-0.20172920676122885,1,2,247.25699999999998,247.057
2022-09-15 17:00:00,246.537,248.076,246.507,247.817,3.0420000000000003,246.6112696765267,244.99953180839654,246.18964999999997,247.3797681916034,0.9668304021744472,1.1836925993911271,-0.2869202590179043,1,1,245.80700000000002,246.007
2022-09-15 17:05:00,247.816,248.417,247.776,248.057,2.4288,246.72247970140927,244.83144717347662,246.25015000000002,247.66885282652342,1.1522452486005799,1.136796503897769,-0.15710339070537316,1,0,,247.276
2022-09-15 17:10:00,248.057,248.066,247.647,247.846,2.1144,246.80890433976242,244.7415525265039,246.29359999999997,247.84564747349603,1.260323023818776,1.0001135682090896,-0.06202719923479094,1,0,,247.147
2022-09-15 17:15:00,247.866,248.016,247.696,247.817,2.4012,246.8864501597807,244.66782813008885,246.3436,248.01937186991117,1.360515856641828,0.9396183115539797,0.0593804993451954,0,0,,
2022-09-15 17:20:00,247.817,248.047,247.616,247.757,2.4924000000000004,246.95341553210528,244.6234763106451,246.40910000000002,248.19472368935496,1.4493163518351675,0.8774311485772561,0.1719695921762252,0,0,,
2022-09-15 17:25:00,247.747,248.087,247.566,247.636,2.1612,247.00592202963566,244.62516409013477,246.48355,248.34193590986524,1.5079188123225538,0.8100674606609455,0.25677744098922517,0,0,,
2022-09-15 17:30:00,247.656,247.757,247.346,247.597,2.0796,247.05138956581754,244.71016306566779,246.58309999999997,248.45603693433216,1.5191121648906092,0.7706711532605742,0.3390840339205283,0,0,,
2022-09-15 17:35:00,247.597,247.637,247.126,247.466,2.088,247.0832826761393,244.79400161497432,246.66709999999998,248.54019838502563,1.518725752259346,0.7132562833823299,0.38790766560560996,0,0,,
2022-09-15 17:40:00,247.447,247.477,247.026,247.127,2.0088,247.0866455472055,244.87729511701838,246.72760000000002,248.57790488298167,1.4998766923373357,0.6079281592113561,0.43735613683972474,0,0,,
2022-09-15 17:45:00,247.127,247.226,246.796,246.797,1.7784000000000002,247.0643651204974,245.00603304620702,246.78609999999998,248.56616695379293,1.4425990392432586,0.5030616825891844,0.4716704691883251,0,0,,
2022-09-15 17:50:00,246.807,246.927,246.576,246.857,1.8516,247.04841395738222,245.15097113199997,246.84814999999998,248.54532886799998,1.3750792687731377,0.5026072679099678,0.5018320485958156,0,0,,
2022-09-15 17:55:00,246.856,247.127,246.736,247.016,1.5756,247.04592057604515,245.30661592301672,246.91560000000004,248.52458407698336,1.3032664416369955,0.5311998115569269,0.5044679070462621,0,0,,
2022-09-15 18:00:00,247.026,247.067,246.037,246.097,2.4336,246.97292668558018,245.45876996951267,246.95260000000002,248.44643003048736,1.2098111382405732,0.2136220378027613,0.4132773053061669,0,0,,
2022-09-15 18:05:00,246.097,246.337,245.906,246.046,2.3352,246.90162463284327,245.56928408084423,246.9786,248.38791591915577,1.141245370372796,0.16913025414533522,0.46192059637280636,0,0,,
2022-09-15 18:10:00,246.047,246.327,245.906,246.107,1.9332,246.84049966108608,245.5973596954595,246.98615000000004,248.3749403045406,1.1245896213537068,0.18348353342987744,0.5419921553559846,0,0,,
2022-09-15 18:15:00,246.107,246.277,245.846,246.027,1.998,246.77792276407948,245.58654562615308,246.98320000000004,248.379854373847,1.1309711541893996,0.15768195127392653,0.636806048394277,0,0,,
2022-09-15 18:20:00,245.966,246.077,245.746,245.877,2.1492,246.70862101299645,245.5190488522006,246.96419999999998,248.40935114779936,1.1703324998517026,0.12384557433472826,0.780974091437372,0,0,,
2022-09-15 18:25:00,245.876,246.386,245.746,246.346,1.9248000000000005,246.6807270889198,245.49926807297464,246.95620000000002,248.4131319270254,1.1799111964189437,0.2905873333265932,0.7849812569836274,0,0,,
2022-09-15 18:30:00,246.347,246.697,246.126,246.237,1.9872,246.646594235926,245.48648983077993,246.9517,248.41691016922005,1.186637038109118,0.2561100738263256,0.8124881344203345,0,0,,
2022-09-15 18:35:00,246.256,246.687,246.106,246.566,1.7532,246.6403946793163,245.49279935441896,246.95465000000004,248.41650064558112,1.183902101524373,0.367069183443992,0.8003092807623489,0,0,,
2022-09-15 18:40:00,246.577,246.616,245.996,246.247,2.1228,246.61013355013813,245.4395628950927,246.87614999999997,248.31273710490723,1.1638119801424813,0.28102615641932555,0.708849679595005,0,0,,
2022-09-15 18:45:00,246.266,246.287,245.496,245.517,2.3988,246.5260463539737,245.30352110225837,246.74915000000001,248.19477889774166,1.1717397184481826,0.07383599555706162,0.6389759891258393,0,0,,
2022-09-15 18:50:00,245.517,245.847,245.466,245.766,2.1684,246.4675812498219,245.2311911215365,246.64515,248.0591088784635,1.1465531582222392,0.18911755023761437,0.6011919611444227,0,0,,
2022-09-15 18:55:00,245.766,245.827,245.497,245.596,1.9452,246.40053653829716,245.15734731342712,246.5341,247.91085268657287,1.1168862129602932,0.15930700221287053,0.567404047093703,0,0,,
2022-09-15 19:00:00,245.616,245.717,245.216,245.456,2.55,246.32787988150508,245.08643415513484,246.41904999999997,247.7516658448651,1.08158508432293,0.138661808010602,0.4925456472411156,0,0,,
2022-09-15 19:05:00,245.477,245.617,245.166,245.286,2.238,246.2477352752355,245.00493633742138,246.30155,247.5981636625786,1.0528668313931502,0.10838373475860924,0.4410549123473686,0,0,,
2022-09-15 19:10:00,245.306,245.347,244.806,244.917,1.938,246.14537102329433,244.8802502718926,246.16755000000003,247.45484972810746,1.0458728033873088,0.014273959399270668,0.40803704932682194,0,0,,
2022-09-15 19:15:00,244.946,245.047,244.546,244.637,2.1816,246.02934248304095,244.7190306215868,246.02609999999999,247.33316937841317,1.062545297765716,-0.03137959734256143,0.42043409761163275,0,0,,
2022-09-15 19:20:00,244.636,244.847,244.466,244.736,2.2428,245.92985459973013,244.58680116405225,245.90654999999998,247.22629883594772,1.0733742846196939,0.05652546601437269,0.44830024855585293,0,0,,
2022-09-15 19:25:00,244.727,244.736,243.996,244.186,1.9692,245.79571193821243,244.32443463805956,245.776,247.22756536194046,1.1812100139480284,-0.04768460370068723,0.5554714019192772,0,0,,
2022-09-15 19:30:00,244.196,244.576,244.066,244.407,2.4456,245.68888794296532,244.17426472460082,245.65349999999998,247.13273527539914,1.204326643340447,0.07866743014778059,0.5792216925228217,0,0,,
2022-09-15 19:35:00,244.397,244.737,244.206,244.696,2.2176,245.61251194735263,244.14236810659878,245.5375,246.9326318934012,1.1363900776062423,0.19841561074613148,0.4548815088940614,0,0,,
2022-09-15 19:40:00,244.676,245.007,244.496,244.836,2.4312,245.55278025909476,244.07220031111245,245.47445,246.87669968888753,1.142481173814657,0.2723479616149936,0.4579731505239124,0,0,,
2022-09-15 19:45:00,244.826,245.437,244.716,245.296,2.586,245.53302793147208,244.05792346291477,245.43694999999997,246.81597653708516,1.1237318073624984,0.4488951096264265,0.3668430023752194,0,0,,
2022-09-15 19:50:00,245.287,246.346,244.796,245.327,2.238,245.51717962905116,244.05323642827358,245.39794999999998,246.74266357172638,1.0959452364833544,0.47361891725801003,0.10516180222691673,0,0,,
2022-09-15 19:55:00,245.346,246.037,245.276,245.317,2.6196,245.50178119604723,244.04891150037957,245.36245000000002,246.67598849962047,1.0706923570582616,0.4826994031719856,0.019296422454289086,0,0,,
2022-09-16 13:30:00,243.246,244.197,243.096,243.096,2.5032,245.3167211040436,243.6040017907923,245.2234,246.8427982092077,1.3207534103251992,-0.15684894175622016,0.10217204415258152,0,0,,
2022-09-16 13:35:00,243.047,244.017,243.006,243.957,3.1500000000000004,245.21212717296336,243.48096355828676,245.10395,246.72693644171324,1.3243249990163255,0.1466544727295213,0.05884610190142325,0,0,,
2022-09-16 13:40:00,243.997,244.466,243.017,243.167,2.8560000000000003,245.05480969812004,243.20877534898594,244.95045,246.69212465101404,1.4220628302695923,-0.01199286817478044,0.08147148642237312,0,0,,
2022-09-16 13:45:00,243.217,244.176,242.746,243.007,2.6532,244.89728587518775,243.00044892850548,244.77249999999998,246.54455107149448,1.4479167974298601,0.001848443196674518,0.004722017816305879,0,0,,
2022-09-16 13:50:00,243.007,243.517,242.876,242.936,2.5992,244.74641773094254,242.79856558567192,244.60695,246.4153344143281,1.4786042786830778,0.037999225507356495,0.09663193719072183,0,0,,
2022-09-16 13:55:00,242.997,243.086,242.376,242.637,2.2212,244.58415482856236,242.51415227063333,244.46295,246.41174772936668,1.594350169926915,0.03151885070355453,0.3084454881471572,0,0,,
2022-09-16 14:00:00,242.677,243.136,242.467,242.756,2.8884000000000003,244.44352753405758,242.32489889625833,244.31244999999998,246.30000110374164,1.6270567494547672,0.10845031932263302,0.38806098073351336,0,0,,
2022-09-16 14:05:00,242.767,243.717,242.757,243.176,3.0936000000000003,244.34602541605315,242.23681474246868,244.19145000000003,246.14608525753138,1.6009039280706596,0.24024565552896843,0.3116632414764524,0,0,,
2022-09-16 14:10:00,243.146,244.416,242.886,244.216,3.1068,244.33602346097217,242.2624936025486,244.12945,245.99640639745138,1.5294806894058781,0.5231794379660306,0.024691240068335674,0,0,,
2022-09-16 14:15:00,244.206,244.346,243.506,243.626,3.1764,244.28140627166664,242.24613308623603,244.04645,245.84676691376396,1.475388733385767,0.38322889242846037,-0.06154680005877822,1,2,245.046,244.846
2022-09-16 14:20:00,243.626,244.117,243.376,243.957,2.9856,244.2564519430769,242.24290057318666,243.99845,245.75399942681332,1.438984081098328,0.48819457903978314,-0.10961774283583736,1,2,244.81699999999998,244.617
2022-09-16 14:25:00,243.957,244.077,243.196,243.356,2.9916,244.18718640899408,242.1832451353508,243.9344,245.68555486464922,1.4357588471730176,0.3348518421539259,-0.10705114598573573,1,2,244.777,244.577
2022-09-16 14:30:00,243.356,243.897,243.236,243.857,3.1752,244.1617874544561,242.1782868681739,243.89045000000002,245.60261313182613,1.404042783820454,0.49023165509809224,-0.13155421112929844,1,2,244.59699999999998,244.397
2022-09-16 14:35:00,243.856,244.327,243.456,243.597,2.8236,244.1183422656518,242.14992256166335,243.86099999999996,245.57207743833658,1.4033219238308845,0.42285562474115884,-0.12445491957549848,1,2,245.027,244.827
2022-09-16 14:40:00,243.597,244.036,243.386,243.386,2.5188,244.06200824521707,242.10617085058405,243.80995000000001,245.51372914941598,1.3976288903844694,0.37558540079993813,-0.08656203155206299,1,2,244.736,244.536
2022-09-16 14:45:00,243.417,243.466,242.806,242.897,2.7888000000000006,243.97239222635426,242.02289128221418,243.71999999999997,245.41710871778577,1.3926708663924139,0.2575287925355363,-0.05144044594726438,1,0,,243.966
2022-09-16 14:50:00,242.907,243.257,242.817,242.966,3.2352,243.89497743971162,241.98034660496523,243.62650000000002,245.2726533950348,1.3513746616519853,0.29938078614294167,-0.04136727691411579,1,0,,243.757
2022-09-16 14:55:00,242.976,242.997,242.397,242.416,2.904,243.7812099443492,241.94545966221295,243.4825,245.01954033778702,1.262546867053717,0.15306701009047913,-0.13276407969058823,1,0,,243.497
2022-09-16 15:00:00,242.406,242.826,242.396,242.587,2.6424,243.68934764093774,242.01607719292,243.3455,244.67492280707998,1.0926216487093399,0.21472582087484904,-0.3149716658759303,1,0,,243.326
2022-09-16 15:05:00,242.586,242.987,242.527,242.716,2.508,243.614474745481,242.2146480265885,243.21545,244.21625197341152,0.8229756566957505,0.25047511232542763,-0.6447001687866987,1,0,,243.487
2022-09-16 15:10:00,242.736,242.886,242.406,242.696,2.568,243.5438228419825,242.17021022805184,243.19545000000002,244.2206897719482,0.8431405866747747,0.25642283216785455,-0.5255050233739951,1,0,,243.386
2022-09-16 15:15:00,242.697,243.597,242.636,243.467,2.736,243.53791339259925,242.19756837392296,243.17095,244.14433162607705,0.8005739386855564,0.6520729342268148,-0.6630827125477765,1,2,244.297,244.097
2022-09-16 15:20:00,243.466,243.476,243.036,243.087,2.3904,243.5032277470147,242.1928790631662,243.16695000000004,244.14102093683388,0.8011540522540912,0.45896089443961535,-0.5863539409695306,1,2,244.176,243.976
2022-09-16 15:25:00,243.136,243.327,242.826,243.036,2.4828,243.46728715109052,242.19519983560193,243.16839999999996,244.141600164398,0.8004330862053104,0.4319769946391983,-0.5201199631383986,1,2,244.027,243.827
2022-09-16 15:30:00,243.037,243.467,242.976,243.226,2.6832,243.44872660100665,242.21535715341162,243.18290000000002,244.15044284658842,0.7957326330004297,0.5222729154331273,-0.46806584023022424,1,2,244.167,243.967
2022-09-16 15:35:00,243.206,243.276,242.456,242.577,2.9016,243.38167070862153,242.205259163597,243.1799,244.15454083640302,0.8015800947389251,0.19070657749933043,-0.42572892786148486,1,2,243.976,243.776
2022-09-16 15:40:00,242.547,243.297,242.496,243.166,2.4648,243.36508065411218,242.24523291514814,243.2004,244.15556708485187,0.7854979554736468,0.48199267931990136,-0.44258174948268447,1,2,243.99699999999999,243.797
2022-09-16 15:45:00,243.167,243.366,243.046,243.216,2.2548,243.35361291148817,242.24727814390812,243.20239999999998,244.15752185609185,0.7854543015133603,0.5071195104128772,-0.3699461368775019,1,2,244.066,243.866
2022-09-16 15:50:00,243.217,243.836,243.196,243.826,2.4276000000000004,243.38995037983526,242.29800726074606,243.18290000000002,244.06779273925397,0.7277590153369801,0.8633773741561979,-0.5147735400992701,1,2,244.536,242.696
2022-09-16 15:55:00,243.827,244.247,243.646,244.107,2.1552,243.4451080429249,242.25183420074612,243.20695,244.1620657992539,0.785434626151834,0.9711732340220359,-0.4896846439704632,1,1,242.946,243.146
2022-09-16 16:00:00,244.126,244.197,243.587,243.806,2.1936,243.47286896269992,242.26597868034608,243.19939999999997,244.13282131965386,0.7676181106153127,0.8249336538750633,-0.5545719385015104,1,1,242.887,243.087
2022-09-16 16:05:00,243.807,243.986,243.226,243.306,2.466,243.46003288864608,242.26490302576437,243.1969,244.12889697423563,0.7664546499035396,0.5585302329385187,-0.5716969260001576,1,1,242.526,244.486
2022-09-16 16:10:00,243.296,243.467,243.076,243.147,2.1768,243.4359534356733,242.2799642621357,243.16140000000001,244.04283573786432,0.724979982731065,0.49183150887725857,-0.5842730290156908,1,2,244.167,243.967
2022-09-16 16:15:00,243.146,243.267,242.696,242.837,2.2548,243.38988009446769,242.2549240014921,243.12340000000003,243.99187599850796,0.7144322582753715,0.3351134628406042,-0.5735081239072599,1,2,243.96699999999998,243.767
2022-09-16 16:20:00,242.836,242.847,242.536,242.646,2.0076,243.3326585487394,242.20290412565515,243.0864,243.96989587434484,0.7268986453745214,0.25076284293540774,-0.4719278554593984,1,2,243.547,243.347
2022-09-16 16:25:00,242.647,242.757,242.346,242.506,1.8852,243.26906942960562,242.15075256523426,243.06685,243.98294743476572,0.753782290563877,0.1938917309907047,-0.3527978445809765,1,0,,243.257
2022-09-16 16:30:00,242.506,242.836,242.396,242.816,2.0148,243.23421793502058,242.13763393201356,243.05935,243.98106606798643,0.7584288100716453,0.36799080082676117,-0.2937510895177411,1,2,243.536,243.336
2022-09-16 16:35:00,242.786,242.987,242.617,242.747,1.9164,243.1967396323267,242.18978626013114,243.0759,243.96201373986884,0.729083993821557,0.3144143436661663,-0.23777321215877123,1,2,243.68699999999998,243.487
2022-09-16 16:40:00,242.736,242.977,242.697,242.917,1.8336,243.17522119907082,242.231380975829,243.0924,243.95341902417098,0.7083882706090243,0.39814394625666,-0.17753107528253054,1,2,243.677,243.477
2022-09-16 16:45:00,242.876,243.137,242.687,243.097,1.7411999999999996,243.16920418375767,242.26790332673025,243.11144999999996,243.95499667326968,0.6939588186979377,0.49143497303833616,-0.16319627385493618,1,2,243.837,243.637
2022-09-16 16:50:00,243.137,243.316,242.996,243.037,1.9896,243.15903463116095,242.30570172582557,243.12849999999997,243.95129827417438,0.6768423069894339,0.4443970637324324,-0.12487629703360881,1,2,244.016,243.816
2022-09-16 16:55:00,243.046,243.247,242.897,243.157,1.512,243.15887812107167,242.30474137803276,243.113,243.92125862196724,0.6649242302692498,0.5272190106014077,-0.13404218055427464,1,2,243.947,243.747
2022-09-16 17:00:00,243.147,243.337,242.797,242.887,1.9692,243.13796441945078,242.28877521532172,243.10299999999998,243.91722478467824,0.6698599233067956,0.36735849604152493,-0.129666417603147,1,2,244.03699999999998,243.837
2022-09-16 17:05:00,242.886,242.917,242.506,242.737,2.1456,243.10712100256998,242.25861562044707,243.08805,243.91748437955295,0.6824147707408371,0.28837988353627775,-0.08294099393972942,1,2,243.617,243.417
2022-09-16 17:10:00,242.736,242.817,242.366,242.377,1.7879999999999998,243.05095784852614,242.16351964085786,243.0456,243.92768035914216,0.7258558551499397,0.12100958655839983,-0.00403783592261675,1,2,243.517,243.317
2022-09-16 17:15:00,242.377,242.627,242.326,242.326,1.7712,242.995191860178,242.11812738579465,243.03305,243.94797261420536,0.7529203243800398,0.11360120024243173,0.11184662819437108,0,0,,
2022-09-16 17:20:00,242.306,242.707,242.277,242.537,2.1228,242.95994633247201,242.0641540228982,243.0016,243.93904597710178,0.7715553947807654,0.2521990539463675,0.1447415135680501,0,0,,
2022-09-16 17:25:00,242.547,242.606,242.296,242.476,1.65,242.92271969151267,242.00575352637438,242.96460000000002,243.92344647362566,0.789289035213888,0.24521468585450432,0.19564719709515543,0,0,,
2022-09-16 17:30:00,242.476,242.897,242.276,242.337,2.1108,242.87766433062708,241.9804304223365,242.89015,243.79986957766351,0.7490790200125521,0.1959777421627514,0.08624166080255691,0,0,,
2022-09-16 17:35:00,242.347,242.957,242.276,242.806,2.3160000000000003,242.87215168980964,242.10681373395823,242.82510000000002,243.5433862660418,0.5916079235975085,0.48670446526476,-0.21351518254667212,1,2,243.65699999999998,243.457
2022-09-16 17:40:00,242.807,242.877,242.566,242.696,1.764,242.8586015598243,242.2087840230662,242.7696,243.3304159769338,0.4620149944093578,0.4343813273630348,-0.3846853336938807,1,2,243.577,243.377
2022-09-16 17:45:00,242.697,242.717,242.356,242.467,1.4748,242.82847836291475,242.20972750581362,242.72764999999998,243.24557249418635,0.4267519536289872,0.2483696856906744,-0.41942392971486697,1,2,243.417,243.217
2022-09-16 17:50:00,242.466,242.477,242.206,242.216,1.6956,242.78136464269056,242.15501791516516,242.68110000000001,243.20718208483487,0.4335583486599116,0.05795871651283367,-0.37143372726623625,1,2,243.177,242.977
2022-09-16 17:55:00,242.226,242.497,242.146,242.407,1.8492,242.75256736248363,242.12567251430164,242.6596,243.19352748569838,0.44006294059527884,0.2634510240003815,-0.3403630109645235,1,2,243.197,242.997
2022-09-16 18:00:00,242.426,242.477,242.166,242.367,1.8024,242.72290833460028,242.09666356120192,242.64565,243.19463643879806,0.4525005404366964,0.2462141318007181,-0.28735972484932404,1,2,243.177,242.977
2022-09-16 18:05:00,242.356,242.536,242.276,242.476,1.5816,242.7039153857849,242.0934841212821,242.64415000000002,243.19481587871795,0.45388761997181626,0.3473212101033772,-0.24089493601061918,1,2,243.236,243.036
2022-09-16 18:10:00,242.487,242.567,242.146,242.187,1.6344,242.66415266380147,242.0337636995453,242.6127,243.1916363004547,0.47725143857242425,0.13234297135485326,-0.205340150966407,1,2,243.267,243.067
2022-09-16 18:15:00,242.196,242.417,242.056,242.146,1.86,242.624294766586,241.97313403631722,242.58265,243.19216596368278,0.5025223062595627,0.14180593617129122,-0.1544317780791573,1,2,243.117,242.917
2022-09-16 18:20:00,242.136,242.517,242.106,242.516,1.836,242.61596439992556,241.9723185756064,242.56260000000003,243.15288142439366,0.486704400755618,0.46052730267777675,-0.1928974848195253,1,2,243.21699999999998,243.017
2022-09-16 18:25:00,242.507,243.837,242.496,243.587,2.1912000000000003,242.69065944608514,241.88084681594762,242.58710000000002,243.29335318405242,0.582267716669518,1.2078906138607801,-0.3308277338071264,1,1,241.79600000000002,241.996
2022-09-16 18:30:00,243.627,243.647,243.126,243.607,2.1276,242.7611471810017,241.80128939587885,242.6156,243.42991060412115,0.6712763763922408,1.1087357790642907,-0.29187213108514243,1,1,242.42600000000002,242.626
2022-09-16 18:35:00,243.617,243.796,243.236,243.377,1.9152,242.8085204747708,241.77810665295232,242.6266,243.47509334704768,0.699423185295989,0.9421955708969433,-0.3205196038532563,1,1,242.536,242.736
2022-09-16 18:40:00,243.376,243.557,243.156,243.366,1.6980000000000002,242.85140351517305,241.74864790443522,242.65055,243.5524520955648,0.7433752740843103,0.8966339603368877,-0.2786262885836379,1,1,242.45600000000002,242.656
2022-09-16 18:45:00,243.337,244.187,243.286,243.856,1.9812,242.92868016785206,241.66245354510244,242.7065,243.75054645489757,0.8603366246042593,1.0505023242058549,-0.254524464093862,1,1,242.586,242.786
2022-09-16 18:50:00,243.846,243.947,243.476,243.886,2.148,243.00232015494038,241.63138831543705,242.78194999999997,243.93251168456288,0.947814847490035,0.979787400716131,-0.15093343261983705,1,1,242.776,242.976
2022-09-16 18:55:00,243.917,243.967,243.646,243.697,1.9248,243.05575706609883,241.6543056178094,242.85049999999995,244.0466943821905,0.9851282020753963,0.8538304528942355,-0.06108929526052975,1,0,,243.146
2022-09-16 19:00:00,243.697,244.606,243.627,244.597,2.2284,243.1743142148605,241.54678716506024,242.95350000000002,244.3602128349398,1.1580099360081513,1.0841632916039836,0.019360936293594477,0,0,,
2022-09-16 19:05:00,244.597,245.136,244.576,244.877,2.5992,243.30529004448664,241.45628001945119,243.07354999999998,244.69081998054878,1.3306836392102703,1.057559968864336,0.1922396912974591,0,0,,
2022-09-16 19:10:00,244.866,244.897,244.156,244.287,2.3856,243.38080619491078,241.5086637061488,243.17105,244.8334362938512,1.3672567469287147,0.8356470166193175,0.21386365119522566,0,0,,
2022-09-16 19:15:00,244.317,244.597,244.127,244.286,2.2896,243.45043648760995,241.5235406070589,243.24505,244.9665593929411,1.4154527649718678,0.8023364276338932,0.28923176387141325,0,0,,
2022-09-16 19:20:00,244.296,245.156,244.266,244.506,2.7552000000000003,243.53163368087075,241.54990126915047,243.33554999999996,245.12119873084944,1.4676431214834726,0.8277380315005254,0.29066420931019366,0,0,,
2022-09-16 19:25:00,244.506,244.587,243.996,244.177,2.6412,243.58127724388072,241.64621699659253,243.42105,245.1958830034075,1.4582411861319962,0.7129636981475568,0.31501843630056214,0,0,,
2022-09-16 19:30:00,244.206,244.426,243.586,244.006,2.6376,243.61394822512068,241.80878756358752,243.51054999999997,245.21231243641242,1.397690930772775,0.6455696721818911,0.25476830426805464,0,0,,
2022-09-16 19:35:00,244.006,244.297,243.816,244.296,2.6388,243.66641374626525,241.94966498859455,243.60499999999996,245.26033501140537,1.359032048936116,0.7087190795938515,0.27417603470334484,0,0,,
2022-09-16 19:40:00,244.306,244.577,244.096,244.397,2.886,243.72261268886027,242.11972685931966,243.7065,245.29327314068036,1.3022000978064598,0.71757993701101,0.27160549509278553,0,0,,
2022-09-16 19:45:00,244.406,244.476,243.756,244.476,2.4084000000000003,243.78056555894796,242.29208625204848,243.8065,245.32091374795152,1.2423079351465383,0.7210426314821828,0.2140715924199128,0,0,,
2022-09-16 19:50:00,244.427,245.016,244.206,244.747,2.3856,243.8549066697981,242.56327244777364,243.93449999999999,245.30572755222633,1.1242588090051584,0.7962673841700607,0.07887036388819979,0,0,,
2022-09-16 19:55:00,244.717,245.247,244.406,244.597,1.8948,243.91199077212133,242.930894686562,244.05705000000003,245.18320531343807,0.9228623499612352,0.7397315865569047,-0.14385595220116443,1,1,243.70600000000002,243.906
2022-09-19 13:30:00,242.046,242.677,241.996,242.307,2.268,243.78852994349663,242.8611224759681,244.04659999999998,245.23207752403187,0.9715173446644056,-0.2337127717459838,-0.3027874305940941,1,0,,243.177
2022-09-19 13:35:00,242.277,242.517,241.937,242.267,2.6736,243.67148917861226,242.57380159227247,243.9806,245.38739840772755,1.1532051382179858,-0.10904248632469972,0.053282496399305046,0,0,,
2022-09-19 13:40:00,242.237,243.307,242.146,243.126,3.1956,243.62952847256517,242.50916581120126,243.95655000000002,245.4039341887988,1.1865917834948596,0.21308585293814788,0.05897217378750952,0,0,,
2022-09-19 13:45:00,243.126,243.617,242.756,242.977,2.9868,243.57933397467556,242.44723841742746,243.93654999999998,245.4258615825725,1.2210647257022584,0.17785451639927372,0.1424197594670602,0,0,,
2022-09-19 13:50:00,243.017,243.927,242.897,243.646,2.9148000000000005,243.58446213046975,242.47778274412255,243.95054999999996,245.42331725587738,1.2074309780219104,0.39660620210538994,0.0996317968772189,0,0,,
2022-09-19 13:55:00,243.626,243.846,243.376,243.586,2.7504,243.58458042812595,242.4561361638891,243.93705,245.41796383611089,1.2141770478169565,0.38147521096774295,0.17024842082503255,0,0,,
2022-09-19 14:00:00,243.617,243.646,242.946,243.346,2.6904,243.5662280875009,242.4068744979429,243.91005,245.41322550205712,1.2325654494819742,0.3123805240212792,0.21329250727467297,0,0,,
2022-09-19 14:05:00,243.337,243.837,243.066,243.307,2.3772,243.54628746538546,242.3668468169671,243.89055000000002,245.41425318303294,1.2494975168434541,0.30850929285371764,0.24774237822978762,0,0,,
2022-09-19 14:10:00,243.306,244.316,243.296,243.906,3.0216,243.57395766035583,242.3669969778457,243.856,245.3450030221543,1.2212149975020445,0.5167897577291922,0.10425515114192763,0,0,,
2022-09-19 14:15:00,243.886,244.067,243.016,243.116,2.9172,243.53873014802076,242.32325259570231,243.76795,245.2126474042977,1.1853054548784603,0.27436451465179745,-0.025934002808725154,1,0,,244.567
2022-09-19 14:20:00,243.116,243.137,242.676,243.086,2.904,243.50390475201917,242.2546776632654,243.70790000000002,245.16112233673465,1.1925935406563564,0.2860272360671895,0.039739158876443526,0,0,,
2022-09-19 14:25:00,243.097,243.537,243.016,243.386,3.0828,243.49483515571004,242.22845266392088,243.66289999999998,245.09734733607908,1.1774031549974189,0.4034819916230393,0.04200065135020736,0,0,,
2022-09-19 14:30:00,243.386,243.616,243.016,243.336,3.03,243.4826170668093,242.2176197867058,243.60440000000003,244.99118021329426,1.1385510387285533,0.40322907789315704,-0.014704882412814868,1,2,244.316,244.116
2022-09-19 14:35:00,243.367,244.167,243.346,244.097,2.898,243.52987729243938,242.21980152108426,243.60039999999998,244.9809984789157,1.1334944268693443,0.6798495390166029,-0.09661184577166182,1,1,242.64600000000002,242.846
2022-09-19 14:40:00,244.086,244.567,243.916,244.096,2.838,243.57342519302097,242.21846833562404,243.60490000000004,244.99133166437605,1.1382625426467239,0.6771093421402025,-0.11679196272203285,1,1,243.216,243.416
2022-09-19 14:45:00,244.077,244.297,243.836,243.836,2.8524,243.5936232550963,242.22719178049869,243.5819,244.9366082195013,1.1123225654297835,0.5937840327319936,-0.13817030025410304,1,1,243.13600000000002,243.336
2022-09-19 14:50:00,243.836,243.987,243.496,243.546,2.7996,243.5899599277812,242.23728528963252,243.53935,244.8414147103675,1.0692848694615378,0.5025536365232195,-0.18128966464928453,1,2,244.68699999999998,244.487
2022-09-19 14:55:00,243.547,243.827,243.386,243.587,2.4912,243.5897322410288,242.26507856581358,243.4949,244.72472143418642,1.0101414314520916,0.5374444604069354,-0.2452491908287584,1,2,244.527,244.327
2022-09-19 15:00:00,243.587,244.026,243.436,243.676,2.7372,243.59636822248814,242.3486474283986,243.44135,244.5340525716014,0.8977132041055416,0.6073713955189564,-0.42506370817426387,1,2,244.726,242.936
2022-09-19 15:05:00,243.667,244.007,243.546,243.776,2.628,243.61018605152753,242.42944921847672,243.40029999999996,244.3711507815232,0.797740004037168,0.6934900847535953,-0.5630972811309505,1,2,244.707,243.046
2022-09-19 15:10:00,243.747,243.987,243.316,243.597,2.6544000000000003,243.60917173987158,242.631380873759,243.46480000000003,244.29821912624104,0.6846321326458785,0.5793118347284923,-0.6364815018746413,1,2,244.68699999999998,244.487
2022-09-19 15:15:00,243.616,244.157,243.466,243.497,2.4156,243.60054314449687,242.89962557098252,243.5263,244.15297442901746,0.5146667353936474,0.47662262999472005,-0.7764213773729409,1,1,242.76600000000002,244.657
2022-09-19 15:20:00,243.466,243.546,242.837,243.057,2.0364,243.55873213338174,242.88671030623425,243.52284999999998,244.1589896937657,0.5224476419898401,0.13384614687198837,-0.727130321539903,1,2,244.24599999999998,244.046
2022-09-19 15:25:00,243.016,243.087,242.646,242.767,2.0136000000000003,243.49782966158315,242.8349253842793,243.51235000000003,244.18977461572075,0.5563780364492596,-0.05013501333062638,-0.5785244457462113,1,2,243.78699999999998,243.587
2022-09-19 15:30:00,242.746,242.826,242.296,242.317,2.3424,243.40699661069215,242.59534632151505,243.44590000000002,244.296453678485,0.6987619659932419,-0.16362654618744504,-0.33934071046130043,1,0,,243.326
2022-09-19 15:35:00,242.337,242.337,241.776,241.857,2.2848,243.2877661021774,242.2664988620326,243.35945,244.45240113796743,0.8982195990066695,-0.18733630800464918,-0.025603309174442757,1,0,,242.837
2022-09-19 15:40:00,241.836,242.087,241.776,242.006,2.4852,243.18916870970222,242.05030854670886,243.29245,244.53459145329114,1.0211097412115664,-0.01783554787237139,0.23277790587704317,0,0,,
2022-09-19 15:45:00,242.006,242.277,241.986,242.117,2.0376,243.10669419357131,241.8894290325476,243.23295,244.57647096745237,1.1047195435095267,0.08469200442919253,0.4273063293158259,0,0,,
2022-09-19 15:50:00,242.126,242.307,241.836,241.996,2.0304,243.02125617868123,241.72891267710648,243.13745,244.54598732289352,1.1586346100886742,0.0948101688725081,0.5121716979128337,0,0,,
2022-09-19 15:55:00,241.977,242.116,241.626,241.667,2.0556,242.917082626475,241.51731333921106,243.065,244.61268666078894,1.2734755401139124,0.04835819309595941,0.7109487143778495,0,0,,
2022-09-19 16:00:00,241.657,241.947,241.186,241.197,1.8228,242.78476857828466,241.22199419877893,242.97055,244.71910580122108,1.4393150126392462,-0.007147097839677979,0.9300095639919732,0,0,,
2022-09-19 16:05:00,241.196,241.617,240.836,241.506,2.3592,242.68640176457046,241.02815475276964,242.87655,244.72494524723038,1.5220862180645858,0.12925948818207694,1.004524842118343,0,0,,
2022-09-19 16:10:00,241.457,241.767,241.336,241.436,2.1036,242.59021701344966,240.84421084797117,242.78154999999998,244.7188891520288,1.5959525359557285,0.15273246075915692,1.1339373569274471,0,0,,
2022-09-19 16:15:00,241.457,241.687,241.297,241.397,2.1696,242.49843108933814,240.71841696776815,242.64655000000002,244.5746830322319,1.5892523773627685,0.17596893494593638,1.1238218842830747,0,0,,
2022-09-19 16:20:00,241.407,241.667,241.177,241.467,2.166,242.41909023631214,240.6424902809225,242.5151,244.3877097190775,1.5443242248235283,0.22014990915557703,1.0324543947428424,0,0,,
2022-09-19 16:25:00,241.466,241.606,241.206,241.326,2.2968,242.33500637198046,240.55180170856994,242.38960000000003,244.22739829143012,1.516400284030412,0.21063200870309007,0.9892149027463972,0,0,,
2022-09-19 16:30:00,241.337,241.646,241.216,241.417,2.1384,242.26439049721273,240.4792891101354,242.28315000000003,244.08701088986467,1.489051871634191,0.2599177395367141,0.9403687762936954,0,0,,
2022-09-19 16:35:00,241.427,241.907,241.396,241.767,2.334,242.22612968973485,240.4792380612293,242.19215,243.9050619387707,1.4145065715554381,0.37589846553783796,0.7924809788731579,0,0,,
2022-09-19 16:40:00,241.807,242.046,241.616,242.007,2.1324,242.20927355975527,240.53621609229756,242.1087,243.68118390770243,1.29899000548302,0.46766262614776505,0.5919916106522578,0,0,,
2022-09-19 16:45:00,242.046,242.126,241.896,242.096,1.8936,242.20056020900486,240.65045983176776,242.02470000000002,243.3989401682323,1.1356197679263829,0.5259416081876341,0.3605280899487866,0,0,,
2022-09-19 16:50:00,242.096,242.597,242.096,242.577,1.6896,242.2295171160045,240.77173758794916,241.97369999999995,243.17566241205074,0.9934653328446771,0.7509645867255931,0.08576576979424999,0,0,,
2022-09-19 16:55:00,242.576,242.796,242.436,242.556,1.6631999999999998,242.25463118400418,240.90704963221717,241.92665000000002,242.94625036778288,0.8429004144709622,0.8086258204126207,-0.161370403782513,1,1,241.73600000000002,241.936
2022-09-19 17:00:00,242.556,242.616,242.296,242.297,1.704,242.2578903236962,240.9910406696213,241.88865,242.78625933037873,0.7421673818748534,0.7274653271639322,-0.30511184389473556,1,2,243.316,241.796
2022-09-19 17:05:00,242.287,242.667,242.186,242.626,1.7652,242.28620645264263,241.00985407372164,241.8816,242.75334592627834,0.7208038364872323,0.9269592650567341,-0.3853232313976207,1,2,243.367,241.686
2022-09-19 17:10:00,242.626,242.697,241.936,242.047,1.8564,242.2678059562855,241.0155926627982,241.8681,242.72060733720178,0.7049357374550722,0.6049257831534965,-0.4590457102193568,1,2,243.397,243.197
2022-09-19 17:15:00,242.037,242.057,241.806,241.996,1.9644,242.246897805802,241.0207534531365,241.87505000000002,242.72934654686352,0.706394931485086,0.5707892361522782,-0.38538716270798545,1,2,242.75699999999998,242.557
2022-09-19 17:20:00,241.996,242.347,241.906,242.337,1.9596,242.25382874381725,241.01525705344147,241.8916,242.76794294655855,0.7245749307198245,0.7541242568044259,-0.35672088591093143,1,2,243.047,241.406
2022-09-19 17:25:00,242.337,242.717,242.266,242.717,1.9128000000000005,242.28945730198515,240.97795125179812,241.92159999999998,242.86524874820185,0.7801277341104443,0.9214491893915364,-0.30649471927054606,1,2,243.417,241.766
2022-09-19 17:30:00,242.696,242.717,242.046,242.086,2.0448,242.27380674029402,240.98021926756965,241.9261,242.87198073243033,0.7819584017022879,0.5845243985408053,-0.32416811909232024,1,2,243.417,243.217
2022-09-19 17:35:00,242.087,242.187,241.716,241.986,2.1948,242.25166776027143,241.00345328682494,241.94204999999997,242.880646713175,0.7758855586906291,0.5234126112861359,-0.28996415248835206,1,2,242.887,242.687
2022-09-19 17:40:00,241.976,242.237,241.926,242.166,1.9716,242.24507793255827,241.11267028987226,241.99050000000003,242.8683297101278,0.7255075799486096,0.5999624403088537,-0.26584202547235236,1,2,242.93699999999998,242.737
2022-09-19 17:45:00,242.166,242.637,242.107,242.307,1.9068,242.24984116851536,241.1719142274031,242.03055,242.8891857725969,0.7095267705642102,0.6609821118702488,-0.2671600834222829,1,2,243.337,241.607
2022-09-19 17:50:00,242.307,242.607,242.276,242.587,1.8528,242.27577646324497,241.24238328621038,242.0881,242.9338167137896,0.6986850768704563,0.79495692343861,-0.23135334641821714,1,2,243.307,241.776
2022-09-19 17:55:00,242.587,242.746,242.196,242.307,2.0004,242.2781782737646,241.34555472212367,242.13359999999997,242.92164527787628,0.6509177395258711,0.61001905909982,-0.26655620516891076,1,2,243.446,241.696
2022-09-19 18:00:00,242.316,242.406,242.086,242.147,2.0244,242.2680876373212,241.44126938658545,242.1676,242.89393061341454,0.5998577955222306,0.48581913000805566,-0.25606120457871384,1,2,243.106,242.906
2022-09-19 18:05:00,242.147,242.397,241.996,242.217,1.9308,242.26415781906576,241.59696928672693,242.21215,242.82733071327308,0.5079685005670249,0.5039419311231331,-0.3101856934827083,1,2,243.09699999999998,242.897
2022-09-19 18:10:00,242.217,242.297,242.046,242.077,1.884,242.249761063753,241.74385995423484,242.24514999999997,242.7464400457651,0.4138700368326312,0.332282725918368,-0.33788432225205156,1,2,242.99699999999999,242.797
2022-09-19 18:15:00,242.076,242.587,242.026,242.317,2.0760000000000005,242.25493328961818,241.821458566146,242.27264999999997,242.72384143385395,0.37246584280477246,0.5491476529388081,-0.3942615657806243,1,2,243.28699999999998,241.526
2022-09-19 18:20:00,242.326,242.516,241.836,241.936,2.1756,242.23039995964757,241.80858294278804,242.26910000000004,242.72961705721204,0.3801698666581925,0.13834130051920565,-0.40542851388593704,1,2,243.21599999999998,243.016
2022-09-19 18:25:00,241.927,242.417,241.856,242.397,2.0124,242.243215347367,241.82758794509047,242.28415,242.74071205490955,0.3768814880457842,0.623586705012465,-0.43090060465527813,1,2,243.117,241.356
2022-09-19 18:30:00,242.407,242.717,242.386,242.677,2.2379999999999995,242.27658339756954,241.81791448565158,242.28915,242.76038551434843,0.3889860642529157,0.9115245861045373,-0.4271687966864022,1,2,243.417,241.886
2022-09-19 18:35:00,242.646,242.896,242.466,242.716,1.9656,242.3103846746796,241.8031810637467,242.29715000000002,242.79111893625333,0.4077381316728737,0.9239639066951401,-0.4334302023019916,1,1,241.76600000000002,241.966
2022-09-19 18:40:00,242.726,242.746,242.366,242.396,1.962,242.316970468935,241.8062557099419,242.30210000000002,242.79794429005815,0.4092777487757063,0.5946869832754895,-0.42007635911093644,1,2,243.446,241.866
2022-09-19 18:45:00,242.396,242.426,242.086,242.256,2.01,242.3122804328631,241.8103819107608,242.28360000000004,242.75681808923926,0.3906315485152317,0.47083797024284657,-0.43434345048515866,1,2,243.12599999999998,242.926
2022-09-19 18:50:00,242.227,242.726,242.226,242.616,2.2752,242.33564347648905,241.83080184157936,242.31205,242.79329815842064,0.39721355864938696,0.8157934162257545,-0.43832418704431575,1,2,243.426,241.726
2022-09-19 18:55:00,242.617,243.077,242.586,243.047,2.184,242.39036320906683,241.80907631915167,242.36460000000002,242.92012368084838,0.45841981943596777,1.114195239128118,-0.3874393936199283,1,1,241.88600000000002,242.086
2022-09-19 19:00:00,243.057,244.197,243.036,244.177,2.5692000000000004,242.5277968083694,241.49142801533435,242.45659999999998,243.4217719846656,0.7961606198104161,1.3912401247307333,-0.18973746366285127,1,0,,242.536
2022-09-19 19:05:00,244.176,244.227,243.836,243.936,2.2224,242.63612013080254,241.35959465112708,242.51755000000003,243.67550534887297,0.9549456102232154,1.112480438637196,-0.04138415199562928,1,0,,243.336
2022-09-19 19:10:00,243.946,244.836,243.856,244.617,2.6052,242.7884955053562,241.18770308981945,242.64410000000004,244.10049691018062,1.2004387579838838,1.1773222279616489,0.1112159332042495,0,0,,
2022-09-19 19:15:00,244.636,244.816,244.396,244.456,2.3256,242.91676508186728,241.1458539779658,242.7676,244.38934602203418,1.3360481563719275,1.020550066736778,0.2756156142936561,0,0,,
2022-09-19 19:20:00,244.477,244.717,244.286,244.616,2.1180000000000003,243.04747546018518,241.10657339240933,242.8901,244.67362660759065,1.4685873220774819,0.9838447580918118,0.4299657624920883,0,0,,
2022-09-19 19:25:00,244.607,245.037,244.457,244.727,2.2128,243.17666965555557,241.07997536394362,243.01110000000003,244.94222463605644,1.5893303935963499,0.9442747940661282,0.54205530001488,0,0,,
2022-09-19 19:30:00,244.737,245.117,244.666,244.796,2.6580000000000004,243.30123352820516,241.0523359003998,243.12154999999998,245.19076409960016,1.7022054191413094,0.9046101368446007,0.66699184318162,0,0,,
2022-09-19 19:35:00,244.807,244.907,244.586,244.617,2.5788,243.40244633372785,241.1056509782342,243.23705,245.36844902176583,1.7525282614353495,0.8237193003065006,0.7746550754823716,0,0,,
2022-09-19 19:40:00,244.627,244.707,244.277,244.487,2.3244,243.48587353882573,241.21794630635952,243.35405,245.49015369364048,1.7555522035819653,0.7651907778103111,0.8246258374792603,0,0,,
2022-09-19 19:45:00,244.487,244.677,244.196,244.337,2.1252,243.55134480506993,241.34991811076068,243.46004999999997,245.57018188923925,1.7334522762476097,0.7077950682779758,0.8443233527124221,0,0,,
2022-09-19 19:50:00,244.317,244.437,243.796,244.257,1.7652,243.60562597391072,241.53199502038242,243.56905,245.60610497961758,1.6726714495274169,0.6688589672059688,0.8028043989504852,0,0,,
2022-09-19 19:55:00,244.266,244.567,244.066,244.496,1.962,243.67411628360992,241.68791608217524,243.67800000000003,245.66808391782482,1.6333718413847704,0.705518971505,0.7986214876974316,0,0,,
2022-09-20 13:30:00,241.347,242.367,241.046,242.147,2.4072,243.55664580025532,241.73359010527457,243.68855,245.6435098947254,1.6044741492576649,0.10573359991701607,0.37618674365776883,0,0,,
2022-09-20 13:35:00,242.147,242.206,241.216,241.447,2.0796,243.39436535408183,241.52347303800198,243.64105,245.75862696199803,1.7382760105475048,-0.01805673167359708,0.6665726824606395,0,0,,
2022-09-20 13:40:00,241.446,242.247,241.186,242.247,2.3016,243.30610648069094,241.45504548626369,243.61954999999998,245.78405451373627,1.7769546932799853,0.18294129411845975,0.7608625465357761,0,0,,
2022-09-20 13:45:00,242.256,243.236,242.136,242.867,2.502,243.27232905909935,241.47423271194324,243.62709999999998,245.77996728805672,1.7673463157889577,0.32346798518033837,0.7526031272562648,0,0,,
2022-09-20 13:50:00,242.867,242.997,242.376,242.517,1.2936,243.21422682378403,241.49351589343297,243.63314999999997,245.77278410656697,1.756439225587324,0.23917269392596854,0.8662165325094122,0,0,,
2022-09-20 13:55:00,242.516,242.987,242.506,242.507,1.8816,243.15982476041606,241.53578567946826,243.64569999999998,245.7556143205317,1.7319528483627784,0.2301549193445423,0.9859579440034167,0,0,,
2022-09-20 14:00:00,242.506,242.737,242.506,242.506,0.606,243.10953054807638,241.51903422618952,243.64019999999996,245.7613657738104,1.7412280681188463,0.23264701561667764,1.1632957188562614,0,0,,
2022-09-20 14:05:00,242.507,242.507,242.506,242.506,0.0312,243.06310512130128,241.44905154799167,243.61315,245.7772484520083,1.7766680099233707,0.24420063953824808,1.3782326880021856,0,0,,
2022-09-20 14:25:00,241.907,241.987,241.906,241.977,0.03,242.97955857350888,241.2433415767073,243.50315,245.7629584232927,1.8560814702337087,0.16232757072028797,1.4803251130014417,0,0,,
2022-09-20 14:30:00,241.966,241.977,241.506,241.907,2.9604,242.89705406785436,241.04848244949926,243.40169999999998,245.7549175505007,1.9336081469445088,0.1824135533746285,1.6088207459514479,0,0,,
2022-09-20 14:35:00,241.906,242.066,241.296,241.656,2.8260000000000005,242.8015883703271,240.85280420945355,243.25364999999996,245.65449579054638,1.9739443091985778,0.16727350705095745,1.5988843959541725,0,0,,
2022-09-20 14:40:00,241.646,242.507,241.646,242.327,2.8944,242.76508157260963,240.78048475730938,243.14720000000003,245.51391524269067,1.9467345235237299,0.3267218664067993,1.4589335047263035,0,0,,
2022-09-20 14:45:00,242.327,242.507,242.106,242.377,3.1188,242.73522914394735,240.7464999590422,243.03525,245.32400004095777,1.8834716700213485,0.3561988010441452,1.352445135180517,0,0,,
2022-09-20 14:50:00,242.376,242.967,242.376,242.656,3.0047999999999995,242.72913459441295,240.77488548781216,242.9317,245.08851451218786,1.7756550604040973,0.43608629800057924,1.129679121246511,0,0,,
2022-09-20 14:55:00,242.656,242.807,242.506,242.767,2.5056,242.73204731791967,240.8501028463814,242.83025000000004,244.81039715361868,1.6308900177129044,0.4840289647452584,0.9077365618146302,0,0,,
2022-09-20 15:00:00,242.747,242.917,242.466,242.606,2.694,242.7223513703874,240.92634090098952,242.7297,244.5330590990105,1.485899005363161,0.46570289298790013,0.6679852302353879,0,0,,
2022-09-20 15:05:00,242.617,243.017,242.486,242.876,2.6724,242.73417049574223,241.03273083716388,242.64915000000002,244.26556916283616,1.3323097672801556,0.5701705365834558,0.3935499482301168,0,0,,
2022-09-20 15:10:00,242.876,242.936,242.546,242.607,2.4168,242.7243881499159,241.14368216738936,242.56265000000002,243.98161783261068,1.1699804834838847,0.5156275565170436,0.15579092415759987,0,0,,
2022-09-20 15:15:00,242.606,242.737,242.316,242.417,2.376,242.70074290761468,241.2833454434587,242.47064999999998,243.65795455654126,0.9793387830991324,0.47740680783864614,-0.11388883682107576,1,2,243.43699999999998,243.237
2022-09-20 15:20:00,242.446,242.617,242.286,242.287,2.5668,242.66891653010586,241.62044852823155,242.3602,243.09995147176843,0.6104562314839178,0.45052392405182073,-0.5935258841307984,1,2,243.31699999999998,243.117
2022-09-20 15:25:00,242.286,242.756,242.256,242.447,2.5367999999999995,242.65184602779004,241.64120528613375,242.3752,243.10919471386626,0.605668165609561,0.5489104339878662,-0.560808608137819,1,2,243.456,243.256
2022-09-20 15:30:00,242.447,242.737,242.106,242.226,2.7816,242.619088641037,241.81014593545765,242.41414999999998,243.0181540645423,0.4983240991025675,0.3442477368570795,-0.6345156077470904,1,2,243.43699999999998,243.237
2022-09-20 15:35:00,242.227,242.287,241.996,242.176,2.4384,242.58500489941878,241.80189172834304,242.41060000000002,243.019308271657,0.5022125861302926,0.3072968522660137,-0.5481547651762639,1,2,242.987,242.787
2022-09-20 15:40:00,242.167,242.337,241.996,242.096,2.1732,242.54738913792502,241.78663067166892,242.37205,242.9574693283311,0.48307494889042274,0.26422882996794617,-0.5348067526132922,1,2,243.03699999999998,242.837
2022-09-20 15:45:00,242.097,242.517,242.096,242.417,2.4708,242.5373592042385,241.78496942998964,242.36705,242.94913057001037,0.4803297890619719,0.5429064313202434,-0.5209287413202617,1,2,243.21699999999998,243.017
2022-09-20 15:50:00,242.446,243.167,242.287,243.046,2.5272,242.5764854192971,241.74270129741907,242.394,243.04529870258094,0.5373884688407559,1.00053838386003,-0.5519930552896142,1,1,241.58700000000002,241.787
2022-09-20 15:55:00,243.057,243.417,243.016,243.326,2.424,242.6341403870435,241.66774384982355,242.43500000000003,243.2022561501765,0.632958236373856,1.0806405069513103,-0.4455792498016251,1,1,242.316,242.516
2022-09-20 16:00:00,243.336,243.487,243.106,243.157,2.5992,242.67436035727093,241.6382776744135,242.46755000000002,243.29682232558653,0.6840274713762856,0.9156957725029409,-0.3768382743936911,1,1,242.406,242.606
2022-09-20 16:05:00,243.156,243.216,242.836,242.857,2.0652,242.68840956055777,241.69782093576322,242.51155000000003,243.32527906423684,0.6710847910021687,0.7122635255285897,-0.3429852881262434,1,1,242.13600000000002,242.336
2022-09-20 16:10:00,242.856,242.997,242.706,242.906,1.8564,242.70514728666873,241.78034892627375,242.56150000000002,243.3426510737263,0.644084962969208,0.7205079219546064,-0.308445245078417,1,2,243.697,242.206
2022-09-20 16:15:00,242.906,243.017,242.576,242.786,1.8312,242.71136672615577,241.9520255260269,242.61800000000002,243.28397447397316,0.5489901606419445,0.6261309603938022,-0.36873171923110704,1,2,243.71699999999998,242.076
2022-09-20 16:20:00,242.807,242.906,242.497,242.586,1.8120000000000005,242.7017231318361,241.97817148474095,242.63094999999998,243.283728515259,0.5380834681305331,0.4655702516632805,-0.3452913738305483,1,2,243.606,243.406
2022-09-20 16:25:00,242.586,242.587,242.146,242.187,2.1516,242.6621290447718,241.9489330931614,242.62145,243.29396690683862,0.5543754740882221,0.17699696797045913,-0.2817177547186134,1,2,243.28699999999998,243.087
2022-09-20 16:30:00,242.186,242.237,241.816,241.886,2.1516,242.6024268105586,241.83844439895742,242.58294999999998,243.32745560104254,0.6138152751811796,0.031937705355057626,-0.16749718798541835,1,2,242.93699999999998,242.737
2022-09-20 16:35:00,241.887,242.007,241.637,241.817,1.9728,242.54200936359257,241.72562002402745,242.53545,243.34527997597255,0.6678033878944689,0.05641923532332633,-0.06034397600512875,1,0,,242.507
2022-09-20 16:40:00,241.817,242.037,241.746,241.796,1.7508,242.4846240279316,241.62453320904083,242.49495000000002,243.3653667909592,0.7178844680758779,0.09849694579662524,0.0576117867889252,0,0,,
2022-09-20 16:45:00,241.796,241.837,241.496,241.626,1.5384,242.41857602578304,241.50294723508551,242.43244999999996,243.3619527649144,0.7668138196140376,0.06619279122091502,0.14941252304606678,0,0,,
2022-09-20 16:50:00,241.647,241.907,241.546,241.876,1.7376,242.37683940841512,241.43962307359027,242.39589999999998,243.3521769264097,0.7890207106718506,0.22816451718023112,0.1981643266240667,0,0,,
2022-09-20 16:55:00,241.856,242.037,241.786,241.957,1.8864,242.3445440693063,241.39781684458015,242.37290000000002,243.34798315541988,0.8046140104111201,0.2867361374830965,0.2601622318043155,0,0,,
2022-09-20 17:00:00,241.957,242.126,241.776,241.807,1.5936,242.3031945255135,241.34338721540522,242.34890000000001,243.3544127845948,0.829805940604475,0.23053549974583312,0.32190813941880947,0,0,,
2022-09-20 17:05:00,241.806,241.937,241.536,241.786,2.2788,242.26341033124325,241.28234464927195,242.31585,243.34935535072808,0.8530233170699014,0.24366363965762144,0.3591844812831084,0,0,,
2022-09-20 17:10:00,241.786,241.807,241.416,241.517,2.0508,242.20599415191685,241.1899303030421,242.28040000000001,243.37086969695793,0.9001716168191158,0.14996734795580302,0.44652462460297215,0,0,,
2022-09-20 17:15:00,241.506,241.506,241.216,241.257,2.3652,242.1329946017694,241.0563293822433,242.23445,243.41257061775673,0.9727110390423149,0.08516556570362659,0.5896869808641725,0,0,,
2022-09-20 17:20:00,241.256,241.457,241.216,241.326,2.3328,242.070918093941,240.95366911791925,242.19595000000004,243.43823088208083,1.0258477749778983,0.149857768662229,0.7120028296542387,0,0,,
2022-09-20 17:25:00,241.316,241.357,240.896,240.996,1.7244000000000002,241.9882320867148,240.78278496767845,242.12489999999997,243.46701503232148,1.1086138041329214,0.07943247306929772,0.8177610801259902,0,0,,
2022-09-20 17:30:00,240.996,241.007,240.596,240.747,2.3904,241.89275269542907,240.61050175516084,242.00994999999998,243.4093982448391,1.1565212462042451,0.04876859338762634,0.8630256214241285,0,0,,
2022-09-20 17:35:00,240.746,240.837,240.536,240.647,2.0664,241.79692556501146,240.49331637748065,241.87599999999998,243.2586836225193,1.1432995605345908,0.055574398950107816,0.8358702965724092,0,0,,
2022-09-20 17:40:00,240.647,240.896,240.556,240.777,2.1324,241.71846975231827,240.42713609719522,241.75699999999998,243.08686390280474,1.100165788626398,0.13154124345614887,0.7560327983766228,0,0,,
2022-09-20 17:45:00,240.767,240.907,240.316,240.317,2.0148,241.61066438675536,240.26005766545336,241.62999999999997,242.99994233454657,1.133917422957917,0.02078274870069368,0.7483332400639711,0,0,,
2022-09-20 17:50:00,240.327,240.426,239.996,240.057,1.9536,241.49115174162034,240.08583512529012,241.48754999999997,242.88926487470982,1.1609003236066235,-0.010285660019159756,0.7647614082732161,0,0,,
2022-09-20 17:55:00,240.026,240.087,239.626,239.846,2.1096,241.36460160764958,239.8982908728031,241.34054999999998,242.78280912719686,1.1952066299648998,-0.018128112978119636,0.78749646708755,0,0,,
2022-09-20 18:00:00,239.846,240.437,239.796,240.297,2.184,241.28247840706115,239.8349542995133,241.2261,242.6172457004867,1.153395673591459,0.16606660981845664,0.6615818651496852,0,0,,
2022-09-20 18:05:00,240.246,240.697,240.246,240.636,1.6356000000000002,241.23274929882567,239.8083230826526,241.14855000000003,242.48877691734745,1.1115363682240031,0.3087823810409389,0.5728905901377743,0,0,,
2022-09-20 18:10:00,240.636,240.637,240.336,240.407,1.6848,241.16923012199294,239.74210363603405,241.0746,242.40709636396596,1.1054639219278668,0.2494927498289788,0.5775801631572222,0,0,,
2022-09-20 18:15:00,240.397,240.707,240.236,240.656,2.0988,241.12975088183964,239.71775017324362,241.01655,242.31534982675637,1.0777681671705779,0.36119878037694764,0.5078827879294181,0,0,,
2022-09-20 18:20:00,240.657,241.147,240.506,240.956,2.298,241.11638542939045,239.72593084670208,240.97455,242.2231691532979,1.0363079033017464,0.4925717942292453,0.3746989753116168,0,0,,
2022-09-20 18:25:00,240.957,240.957,240.606,240.607,2.184,241.07720193482197,239.70261377567874,240.92360000000002,242.1445862243213,1.013587896180598,0.37035070761096683,0.34749415852417087,0,0,,
2022-09-20 18:30:00,240.626,240.626,240.166,240.217,2.0868,241.0110325552203,239.66518068522302,240.84065,242.016119314777,0.9761386333884997,0.23472297738443443,0.2818931600081669,0,0,,
2022-09-20 18:35:00,240.226,240.487,240.146,240.297,1.5876,240.95610697404953,239.67874513395194,240.75765,241.8365548660481,0.8962580138559064,0.2865196392674865,0.17425501173343605,0,0,,
2022-09-20 18:40:00,240.296,240.566,240.027,240.496,2.2992,240.92071412989188,239.72240233578594,240.69209999999998,241.66179766421402,0.8057577828387709,0.3988860099199495,0.007907319834089321,0,0,,
2022-09-20 18:45:00,240.477,241.527,240.426,241.417,3.0564,240.95888996605404,239.77658561547562,240.67365,241.5707143845244,0.745461237259986,0.9143236610570099,-0.2703292603907812,1,0,,239.926
2022-09-20 18:50:00,241.436,241.457,241.136,241.227,2.4972000000000003,240.97951381481914,239.8089294933183,240.65915,241.50937050668173,0.7065765059684808,0.8339427804536393,-0.3343356482415061,1,2,242.15699999999998,240.636
2022-09-20 18:55:00,241.226,241.636,241.047,241.487,2.448,241.01855121367925,239.78299685266023,240.67064999999997,241.5583031473397,0.7376496862743618,0.959836143456823,-0.36362146901942083,1,1,240.347,240.547
2022-09-20 19:00:00,241.476,242.236,241.346,241.686,2.7528,241.06989342801162,239.7363252077247,240.68864999999997,241.64097479227524,0.7913333613988673,1.0236396280397095,-0.42800462252583316,1,1,240.64600000000002,240.846
2022-09-20 19:05:00,241.687,241.737,241.236,241.557,2.6172,241.10736316431843,239.69901201246054,240.71670000000003,241.73438798753952,0.8455483043257811,0.9128475575463894,-0.38126005442339306,1,1,240.536,240.736
2022-09-20 19:10:00,241.556,242.007,241.447,241.907,2.2164,241.16887369014012,239.63215370335283,240.77470000000002,241.91724629664722,0.9490584323412691,0.9955160256187088,-0.2851971698906368,1,1,240.747,240.947
2022-09-20 19:15:00,241.906,242.156,241.716,242.027,2.3400000000000003,241.2348834062832,239.5800712412333,240.84369999999998,242.10732875876667,1.0493351154850101,0.9682150480473851,-0.16221533000566524,1,1,241.01600000000002,241.216
2022-09-20 19:20:00,242.036,242.427,241.977,242.306,2.6076,241.31727699041525,239.50588209398563,240.92015,242.33441790601438,1.174055309208776,0.9899531390433463,-0.024312460017711146,1,0,,241.477
2022-09-20 19:25:00,242.316,242.476,242.246,242.246,2.6916,241.38871722192178,239.51934886542625,241.0166,242.51385113457377,1.2424464825856465,0.9105523688081849,0.12204747006853722,0,0,,
2022-09-20 19:30:00,242.236,242.237,241.446,242.167,2.9532,241.44858512792783,239.61287584170458,241.1221,242.6313241582954,1.2518339532505816,0.8461712411164198,0.10854941421922604,0,0,,
2022-09-20 19:35:00,242.176,242.866,242.076,242.777,2.6903999999999995,241.550770887318,239.71497612495972,241.26864999999998,242.82232387504024,1.2879202292052951,0.9854139675744117,0.1248610113522659,0,0,,
2022-09-20 19:40:00,242.777,242.937,242.656,242.736,2.2644,241.64194235752433,239.77932170002114,241.3906,243.00187829997887,1.3349967231357505,0.9174946066168806,0.24722142330878683,0,0,,
2022-09-20 19:45:00,242.736,243.007,242.546,242.656,2.6232,241.71994679156094,239.82974051135997,241.4916,243.15345948864004,1.3763290223262699,0.8503304605351673,0.3203889811766487,0,0,,
2022-09-20 19:50:00,242.616,242.697,242.036,242.597,2.3508,241.78741242297934,239.95097080506312,241.6011,243.25122919493688,1.3659947698391113,0.8017642506585978,0.31473683104144357,0,0,,
2022-09-20 19:55:00,242.587,242.646,242.186,242.547,2.1468,241.84584223659633,240.0562994853195,241.69564999999997,243.33500051468044,1.356541182830947,0.759660759665532,0.34798361401311695,0,0,,
2022-09-21 13:30:00,243.896,244.257,243.516,243.777,2.2536,241.99439283378123,240.00233993720335,241.83669999999998,243.6710600627966,1.5170237294807893,1.0288765382958294,0.28309239076423864,0,0,,
2022-09-21 13:35:00,243.807,244.567,243.766,244.387,2.2668,242.178439538875,239.97134695342223,242.0257,244.08005304657777,1.6976321494599735,1.0747064760688412,0.4443680099770688,0,0,,
2022-09-21 13:40:00,244.397,244.817,243.996,244.286,2.3004,242.34055957434617,240.1262208737612,242.22915000000003,244.33207912623885,1.7363138385605692,0.9890440610518183,0.4780783788382337,0,0,,
2022-09-21 13:45:00,244.297,245.457,244.286,245.277,2.448,242.56643960708877,240.17911887581226,242.47814999999997,244.77718112418768,1.8962790042630289,1.1087020681350943,0.5646090193966415,0,0,,
2022-09-21 13:50:00,245.267,245.446,244.746,244.916,2.2056,242.74717502192811,240.35543096607464,242.69915,245.04286903392537,1.9313780323708323,0.972934248498019,0.62997046292395,0,0,,
2022-09-21 13:55:00,244.917,245.027,244.536,244.796,2.1864,242.9047769433183,240.4330606245516,242.8681,245.3031393754484,2.005236072953518,0.8958662885369095,0.7602311445423595,0,0,,
2022-09-21 14:00:00,244.796,245.136,244.636,244.876,2.4552,243.05640948613998,240.58804002235843,243.05055000000002,245.5130599776416,2.0263356553948038,0.870648244387678,0.8431906258694823,0,0,,
2022-09-21 14:05:00,244.876,245.067,244.326,244.787,2.5272,243.18953183336,240.75198157391873,243.21554999999998,245.67911842608123,2.0258313467878617,0.8189377618586589,0.8569509173350411,0,0,,
2022-09-21 14:10:00,244.796,244.806,243.996,244.017,2.5248,243.25318323079387,240.94979154810204,243.33210000000003,245.714408451898,1.9580716657588404,0.6437471288519149,0.8146378487466848,0,0,,
2022-09-21 14:15:00,244.037,244.157,243.836,244.006,2.4504,243.3110922130405,241.20154094764695,243.45454999999998,245.70755905235302,1.8508662519168662,0.6223807777035081,0.8317666018827765,0,0,,
2022-09-21 14:20:00,244.006,244.416,243.896,244.347,2.7384000000000004,243.39077742742202,241.40933404629698,243.57655,245.74376595370302,1.7794947450425922,0.6777510909061875,0.8192870699442381,0,0,,
2022-09-21 14:25:00,244.346,244.707,244.126,244.677,1.9044,243.48971762531266,241.61415692635998,243.70905000000002,245.80394307364006,1.7191754460000865,0.731026111112699,0.7923669407154534,0,0,,
2022-09-21 14:30:00,244.677,244.747,243.896,244.037,2.1624,243.5318162695194,241.79899944906722,243.7956,245.7922005509328,1.6379299305916784,0.5604527530274446,0.7113459544771956,0,0,,
2022-09-21 14:35:00,244.007,244.056,243.636,243.936,2.0424,243.56290732571023,242.01421062493372,243.8801,245.74598937506627,1.5301694357729674,0.5149794518225451,0.6941685497016863,0,0,,
2022-09-21 14:40:00,243.916,244.077,243.766,243.857,2.3064,243.58552983911716,242.2716302542617,243.96460000000002,245.65756974573833,1.3878814760324325,0.4682215230747982,0.6603032846942085,0,0,,
2022-09-21 14:45:00,243.847,244.137,243.687,244.007,1.9932,243.61795062072355,242.4231968962581,244.02609999999999,245.62900310374187,1.313714478690501,0.4940420603231123,0.6403334485114556,0,0,,
2022-09-21 14:50:00,244.006,244.277,243.956,244.076,2.0748,243.65318518836023,242.60347965911262,244.0931,245.58272034088736,1.2205345754446728,0.49426028245901477,0.6198287480598594,0,0,,
2022-09-21 14:55:00,244.087,244.087,243.756,243.917,1.6223999999999998,243.67347863540948,242.81591923256272,244.15614999999997,245.49638076743722,1.097847232139963,0.41078029030132523,0.5700502786885409,0,0,,
2022-09-21 15:00:00,243.927,244.027,243.556,243.607,2.166,243.66836489422414,243.0403992079379,244.20665,245.3729007920621,0.9551343438535363,0.2429155015021561,0.4825065403370843,0,0,,
2022-09-21 15:05:00,243.637,243.816,243.466,243.697,2.0928,243.67056759466846,243.34329338250438,244.26415000000003,245.18500661749567,0.7539842563844464,0.19205303560588846,0.341602294506373,0,0,,
2022-09-21 15:10:00,243.697,243.927,243.676,243.917,1.83,243.6895239335401,243.36317394856172,244.27115000000003,245.17912605143835,0.7434165282623928,0.30497833646656813,0.376141187781343,0,0,,
2022-09-21 15:15:00,243.936,244.037,243.686,243.686,1.6104,243.68925286172936,243.29519492509314,244.2361,245.17700507490684,0.7704881259624202,0.20767508079683508,0.41354257921719295,0,0,,
2022-09-21 15:20:00,243.697,243.767,243.397,243.687,1.824,243.68907956467325,243.23583123279744,244.20614999999998,245.17646876720252,0.7946718517961503,0.2324848196553527,0.44505031872139966,0,0,,
2022-09-21 15:25:00,243.696,243.897,243.536,243.826,1.5816,243.69961190585227,243.2850580976844,244.13360000000003,244.98214190231565,0.6951455287724564,0.3187479020419525,0.26819187749941875,0,0,,
2022-09-21 15:30:00,243.827,244.037,243.776,244.016,1.8132,243.72394945155597,243.31901611244425,244.08859999999999,244.85818388755573,0.630577493218233,0.4528316528100805,0.16099100796009225,0,0,,
2022-09-21 15:35:00,244.017,244.077,243.906,243.947,1.4424,243.7411071860517,243.34688001638463,244.04614999999998,244.74541998361534,0.5730637288196122,0.4291046360324542,0.0871026163621309,0,0,,
2022-09-21 15:40:00,243.947,244.197,243.866,244.186,1.152,243.77532971020156,243.4197049772273,244.01165,244.6035950227727,0.48517767309282606,0.6472687439648858,-0.07278735712304751,1,2,244.897,243.366
2022-09-21 15:45:00,244.177,244.257,243.906,244.026,0.852,243.79461204018608,243.4998750165071,243.97360000000003,244.44732498349296,0.38834118404034584,0.5553063505471203,-0.2339733602222509,1,2,244.957,243.406
2022-09-21 15:50:00,244.027,244.377,243.936,244.317,0.8340000000000001,243.83479572940254,243.49188744732453,243.9886,244.48531255267545,0.40716045968988834,0.8305734858432136,-0.24529071068593566,1,1,243.23600000000002,243.436
2022-09-21 15:55:00,244.296,244.587,244.246,244.426,0.9072,243.88027298098697,243.47746979038456,244.0096,244.54173020961545,0.4361551427611417,0.8912576212323122,-0.22481560009245527,1,1,243.54600000000002,243.746
2022-09-21 16:00:00,244.427,244.527,244.246,244.386,0.7716000000000001,243.9191750593726,243.4742279457482,244.01155,244.5488720542518,0.4404070661833857,0.8484409368990085,-0.23495510691248,1,1,243.54600000000002,243.746
2022-09-21 16:05:00,244.396,244.637,244.236,244.636,0.9012,243.97431543942088,243.48212821464796,244.00949999999997,244.536871785352,0.4322551256012711,1.0939832366855171,-0.30925755093952034,1,1,243.536,243.736
2022-09-21 16:10:00,244.656,245.007,244.576,244.996,1.0848,244.05290655946544,243.37670820608295,244.05744999999996,244.73819179391697,0.5578537298632007,1.189358291489351,-0.20430617701345,1,0,,244.076
2022-09-21 16:15:00,244.997,245.166,244.876,245.086,0.8016000000000001,244.13237528566043,243.30327433202334,244.11495,244.92662566797665,0.6649946412349249,1.0981761178209575,-0.08477725810325865,1,0,,244.376
2022-09-21 16:20:00,245.066,245.107,244.856,244.926,1.0188,244.19342334060966,243.29338996578022,244.16840000000002,245.04341003421982,0.7167266806186207,0.9329093212488022,-0.007668803662028267,1,0,,244.356
2022-09-21 16:25:00,244.937,245.206,244.836,245.167,1.3392,244.26831385287048,243.25356036265717,244.2264,245.19923963734286,0.7966703332177388,0.9834301378637738,0.06664449830688568,0,0,,
2022-09-21 16:30:00,245.147,245.477,245.016,245.477,1.1604,244.361289710342,243.18511522146324,244.29645,245.40778477853675,0.9098247465624311,1.0311405810382293,0.15457965274228513,0,0,,
2022-09-21 16:35:00,245.476,245.667,245.296,245.296,1.0848,244.43319050185414,243.1876597230351,244.3654,245.5431402769649,0.9639173769812726,0.8950786171626085,0.21519278219844296,0,0,,
2022-09-21 16:40:00,245.307,245.387,245.186,245.306,0.84,244.50032969401923,243.2586630822295,244.45035,245.64203691777047,0.974993014140076,0.8590078850579539,0.2778939463150891,0,0,,
2022-09-21 16:45:00,245.316,245.556,245.186,245.427,1.3488,244.57161202524853,243.3254662829288,244.53685000000002,245.74823371707123,0.9907576032579257,0.8674104197768605,0.30762817146876387,0,0,,
2022-09-21 16:50:00,245.416,245.447,245.126,245.177,1.6416000000000002,244.61818033099865,243.39291582201625,244.59984999999998,245.8067841779837,0.9868642012525568,0.7390975458844781,0.3301410652957486,0,0,,
2022-09-21 16:55:00,245.177,245.196,244.996,245.006,1.3428,244.64801261322953,243.5233819216778,244.66585,245.8083180783222,0.9339007289510947,0.6488663037743387,0.3384028811283599,0,0,,
2022-09-21 17:00:00,245.006,245.067,244.856,245.046,1.1412,244.67862702759652,243.67359349182098,244.73380000000003,245.79400650817908,0.8664160881570505,0.6472354666715725,0.32427371071798916,0,0,,
2022-09-21 17:05:00,245.047,245.047,244.716,244.846,0.9432,244.6915018716276,243.80943779036443,244.7848,245.76016220963555,0.7969140319460708,0.5313729604219958,0.2867849166945575,0,0,,
2022-09-21 17:10:00,244.867,244.977,244.786,244.946,0.8472,244.71107865073319,243.92043840788781,244.8313,245.74216159211218,0.7440728306488459,0.562962364970304,0.2826297556417501,0,0,,
2022-09-21 17:15:00,244.937,244.937,244.606,244.907,1.1844,244.72614952375372,244.06370105444825,244.8793,245.69489894555176,0.6661232252393368,0.5169813853678237,0.2232272839832774,0,0,,
2022-09-21 17:20:00,244.906,245.027,244.806,244.896,1.0032,244.73921494500345,244.16374511519786,244.91479999999996,245.66585488480206,0.6133193133302698,0.4874842702042181,0.20691385766866688,0,0,,
2022-09-21 17:25:00,244.876,245.047,244.786,245.007,0.8124,244.75981379538783,244.3328453169864,244.96385,245.5948546830136,0.5151818792965576,0.5341915053577083,0.12924137275004455,0,0,,
2022-09-21 17:30:00,245.017,245.266,244.997,245.227,1.2612,244.79575119574264,244.44361816424646,245.00934999999998,245.5750818357535,0.46180428277820795,0.6923614566520921,0.08095550741981583,0,0,,
2022-09-21 17:35:00,245.236,245.477,245.176,245.456,1.1256000000000002,244.8465395653009,244.53048851008487,245.06085000000002,245.59121148991517,0.4328406515485041,0.8725289331086141,0.04338290713707238,0,0,,
2022-09-21 17:40:00,245.477,245.737,245.416,245.656,1.0524,244.90880575258547,244.6294656599922,245.12435,245.61923434000778,0.4037822762265652,1.0371457096335364,-3.91396486065787e-05,1,0,,244.916
2022-09-21 17:45:00,245.677,245.917,245.516,245.767,0.96,244.97482069469427,244.66415871077984,245.1809,245.69764128922017,0.4215183884390374,1.0671116400283165,-0.012082335230843455,1,0,,245.016
2022-09-21 17:50:00,245.777,245.817,245.597,245.627,0.7571999999999999,245.02498833356395,244.66838806420142,245.21245,245.75651193579856,0.4437474001002533,0.8809768453949538,0.012761989866675094,0,0,,
2022-09-21 17:55:00,245.626,246.147,245.576,245.857,0.798,245.08898923098212,244.64276484811808,245.25100000000003,245.859235151882,0.4960103338065544,0.9981625923172358,-0.004062418246832067,1,1,244.876,245.076
2022-09-21 18:00:00,245.986,245.986,240.687,240.717,2.85,244.75268236706046,242.97098497565673,245.04055,247.11011502434326,1.6891612627732533,-0.5445552444944272,0.7276076989886064,0,0,,
2022-09-21 18:05:00,240.717,243.166,240.257,242.307,3.2604,244.5645529542097,242.51164040615845,244.89755,247.28345959384154,1.9484960905828144,-0.042885197051613776,0.7350005851873505,0,0,,
2022-09-21 18:10:00,242.316,242.657,240.896,241.026,3.3648,244.29235657311665,241.77240150899488,244.675,247.57759849100515,2.372615503018401,-0.12857470837042886,1.219659387937071,0,0,,
2022-09-21 18:15:00,240.957,241.607,240.796,241.167,3.288,244.05194452903075,241.20685164025159,244.46855,247.7302483597484,2.668399153795781,-0.006109032144630597,1.7122082188772652,0,0,,
2022-09-21 18:20:00,241.156,241.967,241.097,241.896,2.9172,243.88610264218224,240.87668574140585,244.29805000000002,247.71941425859418,2.8009754957881707,0.14896313013642262,1.9282350835203204,0,0,,
2022-09-21 18:25:00,241.897,242.676,241.626,241.806,2.4756,243.72609474662977,240.57274069797572,244.11700000000002,247.66125930202432,2.9037382091573307,0.17397983569090428,2.0496210007670186,0,0,,
2022-09-21 18:30:00,241.746,244.087,241.036,244.017,3.6648,243.7484720738121,240.54821689647656,244.05900000000003,247.5697831035235,2.876995401540992,0.49401842854406497,1.5288722595287823,0,0,,
2022-09-21 18:35:00,244.047,244.547,242.967,243.717,3.9624,243.74605114505735,240.50843270564715,243.99454999999998,247.4806672943528,2.857537018226697,0.46019210247894315,1.3601289116909072,0,0,,
2022-09-21 18:40:00,243.666,246.737,243.207,246.376,3.6036,243.94835490312988,240.4487825417425,244.06104999999997,247.67331745825743,2.960134325618499,0.820428930962487,0.8560684453728697,0,0,,
2022-09-21 18:45:00,246.297,247.617,244.886,245.516,3.0312,244.06894298750453,240.4415876692353,244.09454999999997,247.74751233076464,2.99307160341324,0.6945612726456001,0.5340013191071762,0,0,,
2022-09-21 18:50:00,245.577,246.496,244.636,246.277,3.0684,244.23879352692728,240.40157312019375,244.16109999999998,247.9206268798062,3.0795461519515035,0.7814050900081696,0.44202167878276555,0,0,,
2022-09-21 18:55:00,246.276,246.557,245.356,246.197,3.6588,244.38942479408672,240.37396323623506,244.2256,248.07723676376492,3.1541630064701898,0.75591717507559,0.49192729617229247,0,0,,
2022-09-21 19:00:00,246.276,246.707,245.176,245.677,3.7296,244.48846904069543,240.3710101463431,244.26465000000002,248.15828985365692,3.1880502182013704,0.6813662861850841,0.4631050972636217,0,0,,
2022-09-21 19:05:00,245.677,246.236,244.656,244.826,3.5172,244.51443296064195,240.36806739435085,244.25560000000002,248.14313260564919,3.18316763722033,0.573362728735844,0.42025115938855606,0,0,,
2022-09-21 19:10:00,244.837,244.946,242.726,244.887,2.9196,244.5430919636695,240.36525992198133,244.2386,248.11194007801865,3.1717673439158736,0.5837003706025844,0.23628543616379716,0,0,,
2022-09-21 19:15:00,244.946,245.397,244.006,244.096,3.3852,244.50870027415647,240.33759572658917,244.17059999999998,248.0036042734108,3.1396116267976635,0.49026872986843917,0.22296435935163572,0,0,,
2022-09-21 19:20:00,244.127,244.127,243.077,243.416,3.78,244.42464640691367,240.27516936630445,244.05859999999998,247.84203063369552,3.100428039573718,0.4150770739290234,0.27707071145150053,0,0,,
2022-09-21 19:25:00,243.366,243.387,241.487,241.536,3.5472,244.2024428371511,239.9968149695134,243.84705,247.6972850304866,3.1579098705410638,0.19988195763364622,0.3390831960753644,0,0,,
2022-09-21 19:30:00,241.536,241.937,240.867,241.887,3.3996,244.02433184967794,239.81048527265924,243.66005,247.5096147273408,3.1597832532175683,0.26970772988861924,0.4686702104925189,0,0,,
2022-09-21 19:35:00,241.887,241.927,240.116,240.296,3.186,243.7375370920104,239.406078723115,243.38199999999998,247.35792127688495,3.267227056138067,0.11191384523365357,0.6144000473555593,0,0,,
2022-09-21 19:40:00,240.227,240.906,239.986,240.006,2.388,243.45049577724038,239.26454787109162,243.34645,247.4283521289084,3.3548072132619007,0.0908218895863953,1.1512614926675155,0,0,,
2022-09-21 19:45:00,239.997,240.077,239.447,239.836,2.49,243.1724576405296,238.88130730146335,243.22290000000004,247.56449269853672,3.570052571971378,0.10994728948876707,1.7808392657473746,0,0,,
2022-09-21 19:50:00,239.836,240.417,239.647,240.187,3.1248,242.94280705279655,238.7401784690623,243.18095000000002,247.62172153093775,3.652236353988849,0.16290204538311356,2.2244160441283327,0,0,,
2022-09-21 19:55:00,240.187,240.187,238.847,238.906,2.4768,242.63228343335066,238.32309535070334,243.0679,247.81270464929668,3.904098113569639,0.061425568846450875,2.7783806374214635,0,0,,
2022-09-22 13:30:00,237.907,239.947,237.756,239.296,2.3496,242.37564624616985,237.93626555114355,242.93789999999998,247.93953444885642,4.117623844493952,0.13592901108230032,3.034384152397905,0,0,,
2022-09-22 13:35:00,239.296,239.857,239.006,239.267,2.7947999999999995,242.1365196118491,237.57733329737573,242.81095,248.04456670262425,4.310857234918163,0.1614243838087174,3.5142878629713152,0,0,,
2022-09-22 13:40:00,239.316,240.156,239.116,239.787,2.9664,241.9557873340146,237.2375699015655,242.59945,247.96133009843447,4.420356351537057,0.23773658228378328,3.684696862557985,0,0,,
2022-09-22 13:45:00,239.827,240.877,239.596,239.777,2.8692,241.78818830832117,236.93088866981387,242.40245,247.8740113301861,4.514443917696475,0.2600821921235146,3.78191459296454,0,0,,
2022-09-22 13:50:00,239.817,240.137,239.376,239.657,2.8668,241.62425074614262,236.79049649355795,242.0665,247.34250350644203,4.359135614752176,0.27165481438194994,3.527844553717756,0,0,,
2022-09-22 13:55:00,239.657,240.587,239.456,240.226,2.9352,241.51669299643936,236.7173122023089,241.80200000000005,246.8866877976912,4.205662316846961,0.345024899983468,3.198377316654927,0,0,,
2022-09-22 14:00:00,240.197,240.226,239.336,239.426,2.9376,241.35587045825173,236.7151230519504,241.45945,246.2037769480496,3.9297090654762976,0.28569668340037474,2.7518769890168073,0,0,,
2022-09-22 14:05:00,239.447,240.097,239.337,239.757,3.0768,241.2328804230016,236.8730985381725,241.13745,245.4018014618275,3.536863694815955,0.3381406865314516,2.157034832226401,0,0,,
2022-09-22 14:10:00,239.756,241.007,239.576,240.977,3.3924,241.21319731353995,237.1812352265704,240.90245,244.62366477342957,3.089395540335584,0.5100168902548063,1.322304489504745,0,0,,
2022-09-22 14:15:00,240.976,241.046,239.916,239.936,3.012,241.1149513663446,237.38437785477527,240.65794999999997,243.93152214522468,2.720518599302209,0.3897305499967211,0.7354342692926821,0,0,,
2022-09-22 14:20:00,239.966,240.157,239.496,239.756,2.862,241.01041664585657,237.7483389452952,240.40140000000002,243.05446105470486,2.2071926824925603,0.3783669152929036,0.0600958336235351,0,0,,
2022-09-22 14:25:00,239.746,240.137,239.716,240.007,2.8704,240.93323075002147,238.1542483110616,240.19695000000002,242.23965168893844,1.7008556427868229,0.45350520317562226,-0.5503930348970698,1,0,,240.637
2022-09-22 14:30:00,240.016,240.507,239.497,239.936,3.3108,240.85652069232754,238.61132377822875,240.02294999999998,241.4345762217712,1.176242706600539,0.46920218728620905,-1.2760356712228145,1,2,241.207,241.007
2022-09-22 14:35:00,239.937,240.576,239.697,240.477,2.9652000000000003,240.82732679291772,238.719063550778,239.97000000000003,241.22093644922205,1.042577363188752,0.7026481842124304,-1.4443790730106514,1,2,241.27599999999998,241.076
2022-09-22 14:40:00,240.487,240.717,240.056,240.077,3.0168,240.7696093473087,238.98541219670977,239.8795,240.77358780329024,0.7454474461471141,0.6104477654617326,-1.7711262406345725,1,2,241.417,241.217
2022-09-22 14:45:00,240.057,240.296,239.526,239.826,3.048,240.69702401290033,238.9824657991856,239.856,240.72953420081438,0.7283821966633233,0.4828283769702249,-1.702921362736646,1,2,240.99599999999998,240.796
2022-09-22 14:50:00,239.826,239.897,239.456,239.867,2.6976,240.633176011908,238.97819238248007,239.84904999999998,240.71990761751988,0.7261714128281124,0.5103059327029444,-1.5522188447405938,1,0,,240.397
2022-09-22 14:55:00,239.856,240.126,239.536,239.577,2.5548,240.55193170329972,238.95718569246344,239.8361,240.71501430753653,0.732929119124725,0.35260224018527797,-1.4128143964134097,1,2,240.826,240.626
2022-09-22 15:00:00,239.557,239.757,239.467,239.566,2.7576,240.4760908030459,238.93407434592436,239.80505,240.67602565407563,0.7264030962447504,0.3627688392428748,-1.2630574590219226,1,0,,240.257
2022-09-22 15:05:00,239.567,239.937,239.526,239.716,2.6916,240.41762227973467,239.07615712896958,239.84555,240.61494287103042,0.6415736052058661,0.41581024150477686,-1.19070375510546,1,2,240.637,240.437
2022-09-22 15:10:00,239.707,239.717,239.466,239.506,2.1828,240.34749748898588,239.11161585919749,239.85605,240.60048414080254,0.6207340951395849,0.2648885369344799,-1.0339580447489993,1,0,,240.217
2022-09-22 15:15:00,239.516,239.656,239.166,239.357,2.5224,240.2713053744485,239.1294444057166,239.86054999999996,240.5916555942833,0.6096088700566635,0.15562430110143266,-0.9192206688347255,1,0,,240.156
2022-09-22 15:20:00,239.346,239.687,239.136,239.447,2.4036,240.20789726872172,239.09089988873154,239.84355,240.59620011126844,0.6276175542502197,0.23656417898372487,-0.8230688886955022,1,0,,240.187
2022-09-22 15:25:00,239.426,239.897,239.426,239.717,2.6076,240.17013594035853,239.08638596612383,239.84055000000004,240.59471403387624,0.6288878455925887,0.41808811183622224,-0.7521483946625551,1,2,240.59699999999998,240.397
2022-09-22 15:30:00,239.747,240.177,239.716,239.767,2.4888,240.1391254834079,239.09572594334688,239.84605000000002,240.59637405665316,0.6256713893375702,0.4473227605465363,-0.6878348072629024,1,2,240.87699999999998,240.677
2022-09-22 15:35:00,239.766,240.127,239.667,240.066,2.4744,240.13350044622268,239.10080282978336,239.83804999999998,240.5752971702166,0.6147874953257997,0.6545953712735476,-0.6805108495170202,1,2,240.827,240.627
2022-09-22 15:40:00,240.076,240.167,239.796,240.047,2.37,240.12684656574402,239.15184693448384,239.86910000000003,240.58635306551622,0.5980370673139551,0.6240148063166069,-0.6249970475761017,1,2,240.867,240.667
2022-09-22 15:45:00,240.027,240.966,239.917,240.887,2.6411999999999995,240.18531990684065,239.08512765661663,239.92559999999997,240.7660723433833,0.7006108088368559,1.0719402949833479,-0.6141968065573735,1,1,239.217,239.417
2022-09-22 15:50:00,240.887,241.246,240.746,241.047,2.2692,240.25160299092985,239.07075044417073,239.92909999999998,240.78744955582923,0.715502667937528,1.1511915759774694,-0.6563177703075667,1,1,240.04600000000002,240.246
2022-09-22 15:55:00,241.066,241.287,240.716,241.067,2.2379999999999995,240.3143258377814,238.99422369916255,239.98565,240.97707630083744,0.826237986177462,1.0453506726050192,-0.5395703275720507,1,1,240.01600000000002,240.216
2022-09-22 16:00:00,241.086,241.406,240.826,241.117,2.5632,240.3760700041059,238.95377016587778,240.0537,241.1536298341222,0.91640314989705,0.9833490132798146,-0.43543140110540435,1,1,240.126,240.326
2022-09-22 16:05:00,241.127,241.157,240.596,240.926,2.6688,240.4183723114824,238.93640225768885,240.09965000000003,241.2628977423112,0.9689707938442815,0.8551908892417658,-0.36987194670425083,1,1,239.89600000000002,240.096
2022-09-22 16:10:00,240.926,240.987,240.206,240.447,2.3568,240.42057444136836,238.95502555147024,240.12520000000004,241.29537444852983,0.9746369381720803,0.6375008659624543,-0.373226698674614,1,1,239.506,239.706
2022-09-22 16:15:00,240.447,240.737,240.256,240.607,2.2212,240.43491486895542,238.95237271718494,240.1317,241.31102728281505,0.9822337349171743,0.7015131876138166,-0.34808804084610756,1,2,241.43699999999998,239.756
2022-09-22 16:20:00,240.597,241.647,240.306,241.396,2.5212000000000003,240.5088444944204,238.89668585368705,240.19765,241.49861414631297,1.0832446914555276,0.9605622696813728,-0.3908711465233239,1,1,239.60600000000002,239.806
2022-09-22 16:25:00,241.396,241.426,240.746,240.776,2.3904,240.52939491792654,238.93261211102623,240.24515000000002,241.55768788897382,1.092665461903221,0.7022227337052462,-0.35527499502094884,1,1,240.04600000000002,240.246
2022-09-22 16:30:00,240.777,240.826,240.476,240.506,2.2572,240.52759530885527,238.97184846868825,240.27710000000002,241.5823515313118,1.0864552063528052,0.587684248786109,-0.2632815542072535,1,2,241.52599999999998,241.326
2022-09-22 16:35:00,240.507,241.027,240.476,240.936,2.2944,240.55901105432795,239.0512128425526,240.34505,241.63888715744739,1.076649722927432,0.7283710885092762,-0.22506658659366963,1,2,241.72699999999998,239.976
2022-09-22 16:40:00,240.936,241.176,240.636,240.757,2.3364,240.57424097322584,239.1506516119108,240.4046,241.65854838808917,1.04319833155371,0.6405161501650869,-0.20283833270985951,1,1,239.936,240.136
2022-09-22 16:45:00,240.757,240.977,240.406,240.486,2.0136000000000003,240.5674532060546,239.22944899580176,240.44310000000002,241.65675100419827,1.0095120252552514,0.51767394409578,-0.1824084098580272,1,2,241.677,241.477
2022-09-22 16:50:00,240.457,240.877,240.356,240.517,2.2668,240.56357219020427,239.35866607500756,240.49365000000003,241.6286339249925,0.9438784974093647,0.5102864892998903,-0.1838436401060335,1,2,241.577,241.377
2022-09-22 16:55:00,240.546,240.927,240.166,240.267,2.4816,240.54075894480397,239.52338087761478,240.53915,241.55491912238523,0.8445769617005985,0.3660374715068373,-0.25532248413250613,1,2,241.62699999999998,241.427
2022-09-22 17:00:00,240.256,240.466,239.866,240.026,2.3508,240.501162102896,239.65019980935224,240.56810000000002,241.4860001906478,0.7631104794424288,0.20470645636458587,-0.26859935810634283,1,2,241.166,240.966
2022-09-22 17:05:00,239.986,240.147,239.747,239.817,2.2236,240.4485342488271,239.67287960476824,240.57309999999998,241.47332039523172,0.7483965540883346,0.08004728397353511,-0.17293633935534558,1,2,240.84699999999998,240.647
2022-09-22 17:10:00,239.816,240.036,239.786,239.877,1.9404,240.4045700758404,239.69699500909354,240.5786,241.46020499090645,0.7329039165631965,0.10208936698588209,-0.06517014991041492,1,2,240.736,240.536
2022-09-22 17:15:00,239.866,240.097,239.717,240.026,1.5204,240.37544930077578,239.69018420592187,240.5766,241.46301579407816,0.7369094035564113,0.1894234039609961,0.008057333339081652,0,0,,
2022-09-22 17:20:00,240.017,240.266,239.846,239.967,1.4784000000000002,240.34403012379306,239.67599743476205,240.57259999999997,241.46920256523788,0.7453904270377534,0.16228068963908374,0.07595443409297786,0,0,,
2022-09-22 17:25:00,239.966,240.387,239.886,240.347,1.7064,240.344258575809,239.6559991007248,240.5456,241.4352008992752,0.7396526058054643,0.38837691139824104,0.046166875858403955,0,0,,
2022-09-22 17:30:00,240.317,240.837,240.237,240.817,1.8684,240.38062330074678,239.66501314588746,240.53410000000002,241.4031868541126,0.7226308902667576,0.6627570355375216,-0.04565345278831501,1,2,241.53699999999998,239.737
2022-09-22 17:35:00,240.826,240.997,240.677,240.677,1.6404,240.40342150838165,239.67729565868123,240.51460000000003,241.35190434131883,0.6962607187412311,0.5969778800765406,-0.08437974587721442,1,1,239.977,240.177
2022-09-22 17:40:00,240.706,240.957,240.606,240.687,1.5324000000000002,240.42523523850616,239.69774048381166,240.4931,241.28845951618834,0.661440611966282,0.6218945621781546,-0.1433213246080527,1,1,239.906,240.106
2022-09-22 17:45:00,240.687,241.127,240.516,241.127,1.7244,240.47921714323647,239.68151862889047,240.50315,241.32478137110954,0.6832603823355597,0.8796410543316745,-0.194353675325317,1,1,239.816,240.016
2022-09-22 17:50:00,241.116,241.657,241.067,241.507,1.6164,240.55827736298752,239.62622822372455,240.55614999999997,241.4860717762754,0.7731432152330515,1.0112526796653978,-0.14428850383231406,1,0,,240.567
2022-09-22 17:55:00,241.486,241.767,241.206,241.296,1.9488,240.61502525814234,239.60623941566558,240.5906,241.5749605843344,0.8182868194637786,0.8583036598712267,-0.13041300242971943,1,0,,240.706
2022-09-22 18:00:00,241.297,241.487,240.746,240.767,2.0952,240.62671562290063,239.64181750303325,240.55915,241.47648249696672,0.7626668925016873,0.6132904375933956,-0.2806650339150849,1,1,240.04600000000002,240.246
2022-09-22 18:05:00,240.787,241.107,240.316,240.356,2.1996,240.605891344216,239.62240761810907,240.53815,241.45389238189094,0.7614113452613953,0.4005451731829417,-0.3204791936688025,1,1,239.616,241.607
2022-09-22 18:10:00,240.357,240.436,240.096,240.096,1.9344,240.5666689331225,239.5818104250774,240.51765,241.4534895749226,0.7781878584981986,0.2747210038457315,-0.22579899344097498,1,2,241.136,240.936
2022-09-22 18:15:00,240.096,240.366,240.006,240.066,1.6992,240.5281559382669,239.5392591454125,240.47415,241.40904085458752,0.7775395855126279,0.28171248654470465,-0.18517261202714508,1,2,241.066,240.866
2022-09-22 18:20:00,240.036,240.197,239.726,239.957,2.2092,240.48422086609253,239.48277788037942,240.43415000000005,241.38552211962067,0.7913785288991841,0.24923061641205088,-0.1424805406497569,1,2,240.897,240.697
2022-09-22 18:25:00,239.937,240.446,239.906,240.256,1.8192,240.46666541485465,239.46850655691009,240.42264999999998,241.37679344308987,0.7937217588192214,0.41267036355650166,-0.1329232495357644,1,2,241.146,240.946
2022-09-22 18:30:00,240.256,240.346,240.006,240.186,2.0628,240.44507576755817,239.44760411581925,240.4061,241.36459588418077,0.7973973074566438,0.3851846921658281,-0.08381445676621979,1,2,241.046,240.846
2022-09-22 18:35:00,240.187,240.447,240.006,240.436,1.8636,240.44437763159218,239.45813074570228,240.41455000000002,241.37096925429776,0.7956417399011352,0.5112137014722362,-0.06502105417808934,1,2,241.147,240.947
2022-09-22 18:40:00,240.446,240.486,240.186,240.387,1.8,240.43996396762356,239.49271055969788,240.4326,241.37248944030213,0.7818319481652026,0.4757418276848874,-0.020739886414133935,1,2,241.18599999999998,240.986
2022-09-22 18:45:00,240.386,240.447,240.037,240.407,1.8912,240.4374282778064,239.5653003791307,240.46210000000002,241.35889962086935,0.74589685515458,0.4692796480296246,-0.018498341397730655,1,2,241.147,240.947
2022-09-22 18:50:00,240.416,241.506,240.396,241.256,2.1672,240.50039533335976,239.6129976104321,240.53105,241.44910238956788,0.7633545769395595,0.8948304085027364,-0.12816243343567635,1,1,239.696,239.896
2022-09-22 18:55:00,241.276,241.796,241.166,241.747,1.9344,240.5962880000244,239.58856047232436,240.6171,241.64563952767563,0.8549180649884263,1.0492739800450104,-0.06779055027996606,1,0,,240.666
2022-09-22 19:00:00,241.746,242.466,241.736,242.187,2.3568,240.718650461561,239.53772158958122,240.72809999999998,241.91847841041874,0.9889816854939323,1.1127883315217413,0.020898816077959737,0,0,,
2022-09-22 19:05:00,242.207,242.457,242.056,242.356,2.4012,240.84460042605633,239.45829302045533,240.82855,242.19880697954468,1.137952273137614,1.0573589563132688,0.18118734656968627,0,0,,
2022-09-22 19:10:00,242.366,243.387,242.326,243.296,2.4396,241.03316962405202,239.21072360792468,240.95249999999996,242.69427639207524,1.445742536039494,1.1727327372969547,0.35281100985977787,0,0,,
2022-09-22 19:15:00,243.297,243.317,242.496,242.507,2.3748,241.14654119143268,239.18163322624392,241.044,242.9063667737561,1.5452504719106002,0.8927797737309711,0.3927552374659058,0,0,,
2022-09-22 19:20:00,242.517,242.727,242.146,242.307,2.4996,241.23580725363018,239.19220151076462,241.125,243.05779848923538,1.6031506390754846,0.8057742456296076,0.4531975754490247,0,0,,
2022-09-22 19:25:00,242.296,242.877,242.106,242.826,2.3088,241.35812977258172,239.13979942818392,241.20995,243.28010057181606,1.7164719546735712,0.8903218495315286,0.5075568879141201,0,0,,
2022-09-22 19:30:00,242.837,243.207,242.757,243.066,2.844,241.48950440546005,239.06696435032657,241.28789999999998,243.5088356496734,1.8409009732136652,0.9003042592119893,0.6226294594763715,0,0,,
2022-09-22 19:35:00,243.087,243.396,242.887,242.957,3.1332000000000004,241.60238868196313,239.03382959446026,241.37095,243.70807040553973,1.9365382665475988,0.839317134932489,0.7181695667900385,0,0,,
2022-09-22 19:40:00,242.957,242.977,242.366,242.666,2.9496,241.68420493719677,239.08083195904393,241.4659,243.85096804095608,1.975490569025333,0.7515861139791474,0.7755339487539743,0,0,,
2022-09-22 19:45:00,242.666,243.726,242.566,243.216,3.2232000000000003,241.80203532664316,239.1649384700266,241.6089,244.0528615299734,2.023072436465207,0.8287899544019212,0.7430878275048372,0,0,,
2022-09-22 19:50:00,243.216,243.216,241.516,241.576,2.3196,241.78464799382448,239.339081073549,241.68289999999996,244.0267189264509,1.939581928593997,0.4771953373203114,0.5582570051698212,0,0,,
2022-09-22 19:55:00,241.577,241.717,240.636,240.666,2.6892000000000005,241.6985981481457,239.43829428471884,241.7129,243.98750571528115,1.8820722562024241,0.2698722040117202,0.5800401674553655,0,0,,
2022-09-23 13:30:00,238.996,239.207,238.217,239.087,2.3064,241.49770598290374,239.23450875807774,241.6694,244.10429124192225,2.01505961608897,-0.030290625621803027,0.6418224129370458,0,0,,
2022-09-23 13:35:00,239.056,239.527,238.316,238.767,2.8896,241.28765167652656,238.9132025491781,241.59495,244.27669745082193,2.2200360155060497,-0.027258821320644906,1.0307494626924552,0,0,,
2022-09-23 13:40:00,238.736,239.746,238.696,239.637,2.6292,241.16067847063994,238.81823809905455,241.56749999999997,244.31676190094538,2.2761852492122605,0.14890576642841696,1.2145232450187393,0,0,,
2022-09-23 13:45:00,239.616,240.417,239.076,239.477,3.1272,241.0311647421292,238.66171449213917,241.51954999999998,244.3773855078608,2.3665459031045835,0.14264038388813785,1.364979104879552,0,0,,
2022-09-23 13:50:00,239.477,239.526,238.636,238.996,3.066,240.87461360811926,238.42262456903836,241.45,244.47737543096162,2.507662398808554,0.09469843500373493,1.6779601139785996,0,0,,
2022-09-23 13:55:00,238.986,239.757,238.696,238.777,2.8344,240.713258715187,238.1513818796957,241.36849999999998,244.58561812030428,2.6657315435148266,0.0972326935022705,1.9671947382720134,0,0,,
2022-09-23 14:00:00,238.786,239.127,238.336,238.776,3.228,240.5642388140188,237.83421775361765,241.24449999999996,244.65478224638227,2.8272414470649565,0.13807980957901944,2.2516372816864134,0,0,,
2022-09-23 14:05:00,238.777,239.287,238.616,239.187,3.042,240.4582973667866,237.60072853416344,241.1165,244.63227146583657,2.9162429496418243,0.2255936543729709,2.4076164977784345,0,0,,
2022-09-23 14:10:00,239.166,239.587,238.826,239.047,3.1464,240.34973603087997,237.36931546435414,240.95950000000002,244.5496845356459,2.9799070264055785,0.23364878866094782,2.482710993117081,0,0,,
2022-09-23 14:15:00,239.046,239.197,238.507,239.066,3.2076,240.25098710542767,237.174473795152,240.795,244.41552620484796,3.007144006186156,0.26122255410210676,2.502931094940948,0,0,,
2022-09-23 14:20:00,239.026,239.147,238.596,238.686,3.0252000000000003,240.13060348193326,237.02412360758194,240.5645,244.10487639241808,2.9433905604676234,0.23470334905309434,2.394623673930795,0,0,,
2022-09-23 14:25:00,238.706,239.567,238.606,239.557,3.3168,240.08648013716916,236.96800159466673,240.417,243.86599840533327,2.8691801372891854,0.37532612385813596,2.1777697552733457,0,0,,
2022-09-23 14:30:00,239.557,239.557,238.946,239.146,3.4704,240.0141355112331,236.88191890893913,240.25895,243.63598109106087,2.811159451967031,0.3352176852996656,2.073488502911431,0,0,,
2022-09-23 14:35:00,239.156,239.486,238.926,239.396,3.0012,239.96658662575365,236.90662032993086,240.08745,243.26827967006912,2.649725897850246,0.3913098040887905,1.8054530426958024,0,0,,
2022-09-23 14:40:00,239.376,240.067,239.306,239.937,2.9808,239.96431073146493,237.05872807694112,239.93099999999998,242.80327192305884,2.394248282263535,0.5010444693540086,1.3408097363877687,0,0,,
2022-09-23 14:45:00,239.926,240.306,239.626,239.637,2.8524,239.93913298289073,237.24991073717203,239.76500000000001,242.280089262828,2.0979619734556625,0.47455358704523865,0.8619568082208389,0,0,,
2022-09-23 14:50:00,239.647,240.667,239.597,240.517,2.6964,239.98358429189915,237.48742728688148,239.65755,241.8276727131185,1.8110196929898534,0.6980187559912143,0.29155287323581547,0,0,,
2022-09-23 14:55:00,240.486,241.087,240.096,240.106,2.9124000000000003,239.99300088483,238.04588387280398,239.50205,240.958216127196,1.2159947083509417,0.7073767507430491,-0.6304637279359326,1,1,239.39600000000002,239.596
2022-09-23 15:00:00,240.097,240.157,239.516,239.786,2.3628,239.97707773984308,238.29709018898342,239.41255,240.5280098110166,0.9318306922645384,0.6673973353014133,-1.0110814864837323,1,2,240.857,240.657
2022-09-23 15:05:00,239.787,240.776,239.776,240.417,2.9076,240.01091791370132,238.33652717221943,239.4001,240.46367282778058,0.8885316487174194,0.978058471144859,-1.1590288223387404,1,1,239.07600000000002,239.276
2022-09-23 15:10:00,240.407,240.666,239.846,239.996,2.8464,240.00977038187816,238.36188151287254,239.44555,240.52921848712745,0.9051481534131282,0.7539752731294804,-1.0947496725043209,1,1,239.14600000000002,241.166
2022-09-23 15:15:00,239.986,240.426,239.847,240.327,2.8404000000000003,240.03417266019522,238.42204821153433,239.52354999999997,240.6250517884656,0.9197440405886105,0.8647066252698549,-0.9856813083440841,1,2,241.12599999999998,239.347
2022-09-23 15:20:00,240.316,240.517,240.046,240.306,2.9436,240.05508245556484,238.40430663227687,239.55700000000002,240.70969336772316,0.9623541518078331,0.8248912594506619,-0.8664937198665541,1,2,241.21699999999998,239.546
2022-09-23 15:25:00,240.296,240.447,239.267,239.427,3.0984,240.0067684205214,238.40090691749955,239.55450000000002,240.70809308250048,0.9631153516218347,0.4447378794420021,-0.8881714253188022,1,2,241.147,240.947
2022-09-23 15:30:00,239.437,239.757,239.366,239.526,3.2268,239.96978623432747,238.45594622351067,239.581,240.7060537764893,0.9391844733007407,0.47555672397651816,-0.7675188734424125,1,2,240.457,240.257
2022-09-23 15:35:00,239.536,239.667,239.096,239.127,2.8536,239.9049565239946,238.5138521308771,239.5985,240.6831478691229,0.9053878627144192,0.28264835370890073,-0.6757035760534222,1,2,240.367,240.167
2022-09-23 15:40:00,239.107,239.257,238.576,238.607,2.8548,239.80511371445658,238.47762535536432,239.59005000000002,240.7024746446357,0.9286067135389761,0.05814984649052049,-0.524009996238135,1,0,,239.757
2022-09-23 15:45:00,238.606,238.647,238.196,238.466,2.3328,239.7021049671907,238.34880375042366,239.55400000000003,240.7591962495764,1.0062000630975683,0.04862123061598752,-0.290289854071375,1,0,,239.147
2022-09-23 15:50:00,238.466,238.717,238.216,238.396,2.2932,239.60163535432991,238.23108455176722,239.52145000000002,240.8118154482328,1.077452936455412,0.06390261319327029,-0.08038626459136822,1,0,,239.217
2022-09-23 15:55:00,238.367,238.507,238.016,238.186,2.5044,239.4927403270738,238.07299373866857,239.47745,240.88190626133144,1.1729340372811157,0.040231320989770274,0.1539142354428975,0,0,,
2022-09-23 16:00:00,238.186,238.447,238.046,238.317,2.7,239.40229876345273,238.0046320960661,239.459,240.9133679039339,1.2147114152601486,0.10738957559809459,0.338613213844269,0,0,,
2022-09-23 16:05:00,238.346,238.427,237.626,237.817,2.808,239.2803527047256,237.7526723617522,239.37199999999999,240.99132763824778,1.3529799961965445,0.019862453010875507,0.52664482340478,0,0,,
2022-09-23 16:10:00,237.816,238.387,237.736,238.226,2.5236,239.19924865051595,237.6330126993999,239.32600000000002,241.01898730060014,1.4147959691802168,0.17513046329110107,0.6435123728850556,0,0,,
2022-09-23 16:15:00,238.196,238.317,238.046,238.267,2.442,239.12753721586088,237.51547594512283,239.26955000000004,241.02362405487725,1.466190791830559,0.21422244197374424,0.7973372155159382,0,0,,
2022-09-23 16:20:00,238.287,238.317,237.896,238.046,2.4132,239.04434204541008,237.3718544151973,239.175,240.97814558480272,1.5078043982880371,0.18693598300784178,0.8793146349044036,0,0,,
2022-09-23 16:25:00,238.046,238.227,237.486,237.606,2.3616,238.93370034960932,237.1604032703058,239.07345,240.9864967296942,1.6003840909094686,0.11646258368331024,0.9839353940719207,0,0,,
2022-09-23 16:30:00,237.626,237.996,237.496,237.827,2.4576,238.84856955348553,237.073113193097,238.93894999999998,240.80478680690297,1.5617686500279595,0.202023779387853,0.9141836937209007,0,0,,
2022-09-23 16:35:00,237.836,238.097,237.796,238.017,2.382,238.78460266475588,237.0082182583199,238.83450000000002,240.66078174168013,1.5293282517225153,0.2761845882421305,0.8912836868963723,0,0,,
2022-09-23 16:40:00,238.017,238.047,237.616,237.627,1.7724,238.6955563059285,236.88284910506226,238.72655,240.57025089493774,1.5446131944165742,0.20180900735606458,0.9227050358476845,0,0,,
2022-09-23 16:45:00,237.626,237.976,237.526,237.936,2.3844000000000003,238.63712889778017,236.90216209240793,238.60249999999996,240.302837907592,1.4252473528919685,0.3040095450957054,0.7325821303200257,0,0,,
2022-09-23 16:50:00,237.906,238.446,237.876,238.307,2.4516,238.6117343671817,236.93953253414963,238.51805,240.09656746585034,1.3236042017368108,0.43314929845064887,0.5380503340328744,0,0,,
2022-09-23 16:55:00,238.287,238.376,238.046,238.287,2.3064,238.58675480047543,237.07205662576231,238.41604999999998,239.76004337423765,1.1274353167395146,0.4519900906977399,0.259765969259945,0,0,,
2022-09-23 17:00:00,238.257,238.697,238.076,238.406,2.4216,238.57285058505425,237.29350136854993,238.32105,239.3485986314501,0.8623230146477519,0.5413362430740186,-0.16574759210112688,1,2,239.397,239.197
2022-09-23 17:05:00,238.376,238.577,238.046,238.136,2.2932,238.53924669389625,237.36128326646838,238.25650000000002,239.15171673353166,0.751473083447159,0.43269786215643713,-0.3325012782528063,1,2,239.277,239.077
2022-09-23 17:10:00,238.167,238.566,238.106,238.317,2.4228,238.52215079436579,237.51399267836558,238.19605,238.87810732163445,0.5726856693336698,0.5886655682473709,-0.5825661175991002,1,2,239.266,239.066
2022-09-23 17:15:00,238.327,238.717,238.217,238.656,2.2608,238.5324468871069,237.59633943210665,238.17249999999999,238.74866056789332,0.48381787812895216,0.9195878952354197,-0.7306154009370118,1,2,239.417,237.717
2022-09-23 17:20:00,238.656,238.716,238.106,238.146,2.424,238.5027202034833,237.60887790490514,238.14944999999997,238.6900220950948,0.4539771938123987,0.49680893628131007,-0.7784656862278894,1,2,239.416,239.216
2022-09-23 17:25:00,238.147,238.197,237.536,237.596,2.472,238.43297249552307,237.53509994088174,238.10594999999998,238.67680005911822,0.4794924772927706,0.05334155453389668,-0.7392603144594432,1,2,238.897,238.697
2022-09-23 17:30:00,237.596,237.936,237.547,237.826,2.3352,238.38628230355977,237.51046729303675,238.07745,238.64443270696324,0.47630105830119124,0.2782560235860015,-0.6942885834165509,1,2,238.636,238.436
2022-09-23 17:35:00,237.826,237.887,237.496,237.507,2.1744,238.31864520328597,237.4273953011091,238.0435,238.6596046988909,0.5176404303338622,0.06460322331107662,-0.5791431352622567,1,2,238.587,238.387
2022-09-23 17:40:00,237.507,237.606,237.296,237.557,2.5524,238.26005711072554,237.36817355303938,238.00550000000004,238.6428264469607,0.5355560665284261,0.14813950359434935,-0.49480254584452155,1,0,,238.106
2022-09-23 17:45:00,237.537,237.787,237.436,237.667,2.4348,238.21443733297744,237.34856178123277,237.998,238.6474382187672,0.5457509884681517,0.24516436634395838,-0.4169880128184502,1,2,238.487,238.287
2022-09-23 17:50:00,237.656,237.717,237.516,237.656,2.2368,238.1714806150561,237.31260046430555,237.96949999999998,238.62639953569442,0.5520871672163329,0.2613790366980831,-0.3421765785973889,1,2,238.417,238.217
2022-09-23 17:55:00,237.657,237.796,237.356,237.686,2.0328,238.1341359523595,237.2873691550844,237.94044999999997,238.59353084491553,0.5489447842227451,0.3051925715009599,-0.33670468706276324,1,2,238.49599999999998,238.296
2022-09-23 18:00:00,237.717,237.837,237.196,237.716,2.3856,238.10197164833187,237.2657152470466,237.92395000000002,238.58218475295345,0.5533152530070496,0.34203963778351093,-0.3545045378840541,1,2,238.53699999999998,238.337
2022-09-23 18:05:00,237.716,237.927,237.036,237.067,2.8248,238.02235844461404,237.15066093496606,237.897,238.64333906503393,0.6274472271898648,-0.056047538501983456,-0.2849988647714099,1,2,238.62699999999998,238.427
2022-09-23 18:10:00,237.047,237.166,236.226,236.356,2.7876000000000003,237.8941770257976,236.81879095833668,237.82345,238.82810904166334,0.8448780317191855,-0.2303223975222869,-0.03429194244625933,1,0,,237.666
2022-09-23 18:15:00,236.367,236.367,235.916,235.987,2.4972,237.74747110073628,236.44322086918447,237.72194999999996,239.00067913081546,1.0758191499064282,-0.17838839289346944,0.32622109757343765,0,0,,
2022-09-23 18:20:00,235.986,236.457,235.886,236.157,2.64,237.6251271699104,236.19877769565107,237.64845,239.09812230434892,1.2200141043199926,-0.014409358420428267,0.5546602742728055,0,0,,
2022-09-23 18:25:00,236.157,236.407,236.016,236.217,2.4936,237.5168096953019,235.99238121468582,237.5625,239.13261878531418,1.3218574356762358,0.07152923314309813,0.7362483771500763,0,0,,
2022-09-23 18:30:00,236.217,236.217,235.596,235.926,2.8164,237.39443971874022,235.7601936945026,237.44344999999998,239.12670630549738,1.4178165836938392,0.0492516513842504,0.8473235552536664,0,0,,
2022-09-23 18:35:00,235.926,235.947,235.566,235.576,2.7168,237.2545597403756,235.4871816912007,237.30790000000002,239.12861830879933,1.5344776206770312,0.024391007760520035,1.034129153816906,0,0,,
2022-09-23 18:40:00,235.576,235.976,235.416,235.897,2.7132,237.15013206803906,235.336094836442,237.18245000000002,239.02880516355805,1.556907067582808,0.15189525141985918,1.0369340233358457,0,0,,
2022-09-23 18:45:00,235.857,236.047,235.706,235.717,2.4012,237.03989113972838,235.16461597613412,237.06150000000002,238.95838402386593,1.600330736003871,0.14560300390429826,1.1182148969982393,0,0,,
2022-09-23 18:50:00,235.737,235.876,235.466,235.506,2.5164,236.92189951359543,235.00058238154827,236.92095,238.84131761845174,1.6211041011373075,0.13159397544393478,1.1453550750952388,0,0,,
2022-09-23 18:55:00,235.497,235.497,235.186,235.397,2.6076,236.8045995510112,234.90219666990316,236.75799999999998,238.6138033300968,1.5676795124953067,0.1333124372804673,1.0758372194409276,0,0,,
2022-09-23 19:00:00,235.377,236.486,235.326,236.337,3.0504,236.7686303547796,234.91785843003728,236.66755000000003,238.41724156996278,1.4786070755899987,0.4055404947721494,0.7727008031789069,0,0,,
2022-09-23 19:05:00,236.337,237.127,236.206,236.617,2.8368,236.756966481335,234.92156041295473,236.61860000000001,238.3156395870453,1.4344092873893108,0.4995285908436554,0.5935312742408314,0,0,,
2022-09-23 19:10:00,236.607,236.697,236.196,236.477,2.8764,236.7354305981554,234.94672097071918,236.55115,238.15557902928083,1.356517632047718,0.4768920910034767,0.4566238891244154,0,0,,
2022-09-23 19:15:00,236.476,237.267,236.437,236.916,3.1656000000000004,236.74932055214347,234.96770394170042,236.52160000000003,238.07549605829965,1.3139569986839372,0.6269068152574964,0.2930128362533537,0,0,,
2022-09-23 19:20:00,236.917,237.106,236.336,236.387,2.9232000000000005,236.72144974044016,234.98319569228303,236.4631,237.94300430771696,1.2516999969271858,0.47428887813787246,0.1467575830084229,0,0,,
2022-09-23 19:25:00,236.396,236.906,236.216,236.827,2.9628,236.72956899117557,235.0355783076403,236.42110000000002,237.80662169235976,1.172079558347145,0.646479121271884,-0.02874439190037492,1,2,237.606,235.716
2022-09-23 19:30:00,236.817,237.567,236.796,237.277,2.8908,236.77167906877744,235.0755938157396,236.40214999999998,237.72870618426035,1.1222877492953165,0.8297447972351764,-0.20033932054641923,1,1,236.096,236.296
2022-09-23 19:35:00,237.286,237.497,236.687,237.357,2.916,236.81670375579458,235.1163054829174,236.38570000000004,237.6550945170827,1.0740027988855883,0.8825839748513421,-0.37375617774250713,1,1,235.98700000000002,236.187
2022-09-23 19:40:00,237.356,238.077,237.176,237.896,2.8080000000000003,236.8997265438104,235.08576912329207,236.3947,237.70363087670793,1.107411356268083,1.073483301034153,-0.4841864186101077,1,1,236.476,236.676
2022-09-23 19:45:00,237.907,238.017,237.446,237.646,2.8104000000000005,236.95713219428654,235.03343400599067,236.42365,237.81386599400935,1.1760380097416974,0.9396259305270828,-0.4311115588974417,1,1,236.746,236.946
2022-09-23 19:50:00,237.636,237.767,236.897,237.666,2.49,237.01166048703377,234.99807290273134,236.48915000000002,237.9802270972687,1.2610109996747725,0.8946308350372005,-0.37532402202791104,1,1,236.197,236.397
2022-09-23 19:55:00,237.666,238.246,236.986,237.887,2.7444,237.0789942957235,234.99431450222076,236.58415,238.17398549777923,1.3439915546153314,0.9097436501511937,-0.3769417053939037,1,1,236.286,236.486
2022-09-26 13:30:00,237.227,239.097,236.906,238.826,3.4884000000000004,237.21337934989864,234.8669168396512,236.7176,238.5682831603488,1.5636210914176285,1.0696274881548626,-0.4261747853792599,1,1,236.20600000000002,236.406
2022-09-26 13:35:00,238.796,239.797,238.716,239.506,3.4752,237.38973478452183,234.68619759375812,236.88205,239.07790240624186,1.8539626841644345,1.0974786812950725,-0.17117859227400345,1,0,,238.216
2022-09-26 13:40:00,239.507,240.146,239.226,239.316,3.6348,237.53790903186632,234.66222729471343,237.05155,239.44087270528655,2.0158676079414457,0.9738685977808149,0.010180373296009293,0,0,,
2022-09-26 13:45:00,239.297,239.857,239.067,239.817,3.7056,237.71322372172278,234.69006248133093,237.2636,239.83713751866907,2.1693487906860307,0.9960875801259983,0.21917778972522228,0,0,,
2022-09-26 13:50:00,239.817,240.116,239.586,239.637,3.7188,237.8612065123595,234.76056175491925,237.45059999999998,240.1406382450807,2.2657666437404065,0.9063882742184594,0.4199127760362842,0,0,,
2022-09-26 13:55:00,239.646,240.696,239.586,240.537,3.4608,238.06703678063954,234.80922581193963,237.69159999999997,240.5739741880603,2.4253058905408014,0.9935861575132304,0.5640797160677096,0,0,,
2022-09-26 14:00:00,240.537,241.227,239.966,240.407,3.6,238.24703395135958,235.00625874455375,237.93665000000001,240.86704125544628,2.463169297749016,0.9215051480597919,0.5791367331672461,0,0,,
2022-09-26 14:05:00,240.417,240.916,239.956,240.087,3.5376,238.388569801255,235.34235723452645,238.17114999999998,240.99994276547352,2.3754285651083578,0.8386338552939728,0.5483148643639311,0,0,,
2022-09-26 14:10:00,240.087,240.467,239.846,240.267,3.45,238.5330644319277,235.52981355122517,238.36765,241.20548644877482,2.3810583766503743,0.8346475447554427,0.6531564430089816,0,0,,
2022-09-26 14:15:00,240.256,241.227,240.256,241.067,3.414,238.72798255254864,235.64063585187418,238.59015,241.5396641481258,2.4724525703394,0.9198742361642608,0.7533655714805434,0,0,,
2022-09-26 14:20:00,241.066,241.196,240.696,240.816,3.2496,238.8885992792757,235.87296204141762,238.8071,241.74123795858236,2.457328914075309,0.842332233241448,0.8568725797128138,0,0,,
2022-09-26 14:25:00,240.787,241.107,240.546,241.007,2.9736,239.05155318086986,236.06301253330568,239.01165,241.96028746669433,2.46735878079108,0.8383511914465637,0.9573854572409175,0,0,,
2022-09-26 14:30:00,241.007,241.436,240.716,240.717,3.1404,239.17966447464914,236.4513064484125,239.22815,242.0049935515875,2.321502341248294,0.7680831621120418,0.8921774477963424,0,0,,
2022-09-26 14:35:00,240.737,240.856,240.396,240.566,2.6796,239.28630566890692,236.812039654946,239.4151,242.01816034505399,2.174516431966062,0.7210667152197996,0.8698029178143543,0,0,,
2022-09-26 14:40:00,240.557,240.636,240.006,240.516,3.4116,239.38089754052947,237.12774116075732,239.57704999999996,242.0263588392426,2.0446940466481522,0.6916765221592824,0.8182259288829528,0,0,,
2022-09-26 14:45:00,240.517,240.587,239.756,240.007,3.54,239.42905926818108,237.47792821529006,239.70954999999998,241.9411717847099,1.8619381536613084,0.5666443574888053,0.689146770574979,0,0,,
2022-09-26 14:50:00,240.007,240.276,239.756,239.976,3.3528,239.47113163216716,237.74152727087957,239.81355,241.8855727291204,1.7280280694067702,0.5392008248068223,0.656026287760227,0,0,,
2022-09-26 14:55:00,239.997,240.667,239.766,240.547,3.2724,239.55389073738507,238.12092337991933,239.95860000000002,241.7962766200807,1.5316613949912072,0.66009345539101,0.46011555408813365,0,0,,
2022-09-26 15:00:00,240.536,240.777,240.407,240.546,3.1872,239.6302068345093,238.5821013449559,240.1026,241.6230986550441,1.2665407663591262,0.6458074292039208,0.29171483343176874,0,0,,
2022-09-26 15:05:00,240.576,240.626,239.266,239.296,3.4392000000000005,239.60449861647012,238.97288026617454,240.17305000000002,241.3732197338255,0.9994208208002319,0.13461418194388378,-0.023365628585622744,1,1,238.566,241.126
2022-09-26 15:10:00,239.296,239.696,239.066,239.666,3.1656000000000004,239.60922949212627,239.15586985007715,240.21505000000002,241.2742301499229,0.8818599416838091,0.24081368498078146,-0.0775375589252576,1,2,240.396,238.566
2022-09-26 15:15:00,239.686,239.806,239.226,239.277,3.0371999999999995,239.58367337734734,239.10962771516338,240.2036,241.2975722848366,0.9108708485939514,0.07649749776869366,0.03292531016447242,0,0,,
2022-09-26 15:20:00,239.276,239.767,238.906,239.096,3.2952,239.5461600406283,239.05942739179298,240.1926,241.32577260820702,0.9435533053116699,0.01613726273567957,0.10366344064652822,0,0,,
2022-09-26 15:25:00,239.096,239.207,238.716,238.767,3.2016,239.4862246528877,238.85506803152964,240.1401,241.42513196847034,1.0702352239133317,-0.034266864051046585,0.3433189121060707,0,0,,
2022-09-26 15:30:00,238.766,239.047,238.746,238.866,3.852,239.43851506420404,238.71612335452545,240.10155,241.48697664547456,1.1540339039665115,0.05409042981962641,0.5588600706687998,0,0,,
2022-09-26 15:35:00,238.866,239.336,238.836,239.147,3.3888,239.41609082849607,238.60222630807462,240.03204999999997,241.46187369192532,1.1913606469847255,0.19050379952503044,0.6081491718629763,0,0,,
2022-09-26 15:40:00,239.137,239.376,238.576,238.576,3.2364,239.3514684570733,238.38912351442622,239.9405,241.49187648557375,1.2931343275301745,0.06022925038233424,0.7026971578982852,0,0,,
2022-09-26 15:45:00,238.576,239.256,238.336,239.037,3.5412,239.32727857575998,238.28965272860015,239.888,241.48634727139986,1.3325779292001763,0.23378751438206574,0.6888040701696809,0,0,,
2022-09-26 15:50:00,239.046,239.077,238.666,239.066,3.3132,239.30718022377846,238.2010822764307,239.82794999999996,241.45481772356922,1.3566956841929911,0.26582300178398094,0.7438976843609453,0,0,,
2022-09-26 15:55:00,239.077,239.807,238.986,239.626,3.3528,239.33170482194936,238.23043562480413,239.75589999999997,241.2813643751958,1.2725145660197212,0.4574228011770884,0.5173891016264065,0,0,,
2022-09-26 16:00:00,239.627,239.727,239.246,239.487,3.1632,239.34365060487636,238.2406304149613,239.68945,241.1382695850387,1.2089139384638796,0.430132777714145,0.40429195657117134,0,0,,
2022-09-26 16:05:00,239.487,239.586,239.166,239.426,3.174,239.34998517373202,238.2910152342884,239.61040000000003,240.92978476571164,1.1012750412433,0.43011894452920185,0.24037643519338303,0,0,,
2022-09-26 16:10:00,239.427,239.696,239.327,239.436,2.9616,239.35660169882956,238.32752396237524,239.54635,240.76517603762474,1.0176118631110442,0.45473102945231103,0.1248542147748708,0,0,,
2022-09-26 16:15:00,239.437,239.717,239.296,239.526,2.8176,239.36963233738115,238.3687983530321,239.49435,240.6199016469679,0.9399400419825289,0.514059772417052,0.00551523581799529,0,0,,
2022-09-26 16:20:00,239.517,239.526,238.546,238.546,3.0144,239.30627600373646,238.3007804542668,239.39585000000002,240.49091954573325,0.9148609265642862,0.11196528416329993,-0.1131443500690068,1,2,240.226,240.026
2022-09-26 16:25:00,238.537,238.537,237.796,238.046,3.0084,239.20933169575676,238.09345775628663,239.2978,240.50214224371337,1.0065635736838114,-0.019702769928714618,-0.0011536620124843466,1,0,,239.037
2022-09-26 16:30:00,238.036,238.277,237.947,238.046,3.0660000000000003,239.11984464223704,237.92278490818734,239.2013,240.47981509181267,1.0689867419722758,0.048186795995485886,0.14769022472736992,0,0,,
2022-09-26 16:35:00,238.027,238.427,238.006,238.196,2.802,239.0487796697573,237.89241765762316,239.08374999999995,240.27508234237675,0.9965816098976167,0.1274129525314375,0.06620746263288879,0,0,,
2022-09-26 16:40:00,238.196,238.287,237.777,237.847,2.6184000000000003,238.95633507977598,237.84213752209934,238.94880000000003,240.05546247790073,0.9262758196740879,0.002196910981339547,-0.025614794248468797,1,0,,238.787
2022-09-26 16:45:00,237.847,238.487,237.777,238.247,2.9088000000000003,238.90177084287015,237.7614081909219,238.89634999999998,240.03129180907806,0.9501541644132041,0.21392806450251156,-0.010349532390250715,1,2,239.18699999999998,238.987
2022-09-26 16:50:00,238.217,238.847,238.216,238.776,2.6856000000000004,238.89209616264938,237.77268527207684,238.85185,239.93101472792318,0.9036268531503281,0.4648570797222152,-0.11027981911956886,1,2,239.547,239.347
2022-09-26 16:55:00,238.787,239.297,238.727,239.056,2.8296,238.90470415013792,237.77482953136894,238.8408,239.90677046863107,0.8926200788400178,0.6009408826664651,-0.14925793107431673,1,2,239.99699999999999,238.227
2022-09-26 17:00:00,239.047,239.107,238.346,238.346,2.784,238.86172690781964,237.72320368948243,238.80329999999998,239.88339631051753,0.9045907745140432,0.28830591515452364,-0.1547246225492529,1,2,239.807,239.607
2022-09-26 17:05:00,238.346,238.456,238.056,238.166,2.5032,238.80820945337197,237.6579192194718,238.77325000000002,239.88858078052823,0.9342175310912851,0.22777134344286928,-0.04743339700834781,1,2,239.15599999999998,238.956
2022-09-26 17:10:00,238.167,238.226,237.626,237.707,2.7384,238.72350103388186,237.50857416535746,238.7153,239.92202583464257,1.0110167506167846,0.08221661828484464,0.08401300734755068,0,0,,
2022-09-26 17:15:00,237.687,238.137,237.646,237.926,2.7792,238.66215480050633,237.41788243734155,238.65424999999996,239.89061756265838,1.036116107430239,0.20548806762848737,0.1411773855819547,0,0,,
2022-09-26 17:20:00,237.917,238.227,237.656,237.767,2.3844000000000003,238.59329673892893,237.31831636830336,238.61380000000003,239.9092836316967,1.0858413316385465,0.1731722503930856,0.23988537624660466,0,0,,
2022-09-26 17:25:00,237.756,237.857,237.316,237.756,2.6495999999999995,238.5288892974729,237.21812965245562,238.54975,239.88137034754436,1.1164298831119068,0.20196084737525424,0.2911528783276367,0,0,,
2022-09-26 17:30:00,237.757,238.256,237.426,237.497,2.8068,238.4495131976673,237.08676078423386,238.4713,239.85583921576617,1.1611789056093151,0.14815008888684408,0.30688055314152507,0,0,,
2022-09-26 17:35:00,237.497,237.777,237.487,237.597,2.7132,238.38393525938523,237.04244873813735,238.36984999999999,239.69725126186262,1.1137325142945997,0.20888606851424107,0.278955329011751,0,0,,
2022-09-26 17:40:00,237.606,237.687,237.357,237.487,2.856,238.31494023943253,236.9938115562238,238.26985,239.5458884437762,1.0710867898529348,0.1932498374879304,0.2486683140539867,0,0,,
2022-09-26 17:45:00,237.496,237.857,237.456,237.516,2.736,238.25348329793775,236.97513587817065,238.17435,239.37356412182936,1.0070052646973586,0.2255077354343842,0.1696030520807028,0,0,,
2022-09-26 17:50:00,237.516,238.047,237.466,237.727,2.6256000000000004,238.21298458271178,237.02561266348408,238.08890000000002,239.15218733651596,0.8931851392617977,0.32982022470715555,-0.02177744087569522,1,2,238.74699999999999,238.547
2022-09-26 17:55:00,237.727,237.727,236.896,236.957,2.4972000000000003,238.11637038404166,237.00768004350712,237.96044999999998,238.91321995649284,0.8007800930724902,-0.026596159525055455,-0.20789103257578745,1,2,238.427,238.227
2022-09-26 18:00:00,236.926,238.177,236.896,238.137,3.2448,238.11795727757695,237.02143699182068,237.94,238.85856300817932,0.7720963336801876,0.6072327092675307,-0.41282312478756467,1,2,238.87699999999998,236.396
2022-09-26 18:05:00,238.136,238.427,237.946,238.367,2.9964000000000004,238.13711441007104,237.01959594880714,237.95604999999995,238.89250405119276,0.787081522989486,0.7194181334773412,-0.3843691167296299,1,2,239.12699999999998,237.446
2022-09-26 18:10:00,238.376,238.427,237.886,238.246,2.9088,238.14549022468097,237.0217289793744,237.96605,238.9103710206256,0.7936602894619702,0.6482281945892447,-0.3713713693994123,1,2,239.12699999999998,237.386
2022-09-26 18:15:00,238.227,238.447,238.006,238.227,2.7564,238.15176020739784,237.02167391409512,237.96760000000003,238.91352608590495,0.7950040979569615,0.6371143072726541,-0.3517646479272116,1,2,239.147,237.506
2022-09-26 18:20:00,238.227,238.497,238.126,238.227,2.7444,238.15754788375187,237.03587345677354,237.9866,238.93732654322648,0.7989748525559557,0.626429624644828,-0.2997460254788109,1,2,239.197,237.626
2022-09-26 18:25:00,238.216,238.226,237.566,237.596,2.7984,238.11435189269406,236.99666032489617,237.95405,238.91143967510382,0.8046844969470587,0.31300717497232144,-0.29524502991526447,1,2,238.926,238.726
2022-09-26 18:30:00,237.597,237.957,237.556,237.687,2.7144,238.08147867017914,237.014230834061,237.89960000000002,238.78496916593903,0.7443216936379975,0.3799370882910022,-0.3533646147924969,1,2,238.65699999999998,238.457
2022-09-26 18:35:00,237.667,237.757,237.096,237.397,2.7755999999999994,238.02882646478076,237.0821944805873,237.81664999999998,238.55110551941266,0.6176653480003835,0.21431217486419588,-0.5472917107730098,1,2,238.457,238.257
2022-09-26 18:40:00,237.406,237.567,237.186,237.427,2.688,237.9825321213361,237.05985371563477,237.77070000000003,238.4815462843653,0.5979258877273442,0.2582459052262313,-0.5302416858027073,1,2,238.267,238.067
2022-09-26 18:45:00,237.416,238.707,237.276,238.597,3.3432000000000004,238.02979888123335,237.01202775602346,237.79225000000002,238.5724722439766,0.6562217599409291,1.0157184419008656,-0.6723835385563461,1,0,,236.776
2022-09-26 18:50:00,238.597,238.877,238.226,238.737,3.4356,238.08419896729234,236.96329855330023,237.84375,238.72420144669977,0.7403612217682961,1.007268176654262,-0.5962871184490837,1,1,237.526,237.726
2022-09-26 18:55:00,238.736,238.797,238.426,238.516,3.108,238.1174144313468,236.9454866950587,237.87325,238.80101330494134,0.7800484543271028,0.846397619186194,-0.513523968288581,1,1,237.726,237.926
2022-09-26 19:00:00,238.507,239.027,238.486,238.667,3.4668,238.15969024432013,236.93012311037725,237.91825,238.90637688962275,0.8306440465351004,0.8788734057656615,-0.4495377861566965,1,1,237.786,237.986
2022-09-26 19:05:00,238.667,238.887,238.266,238.817,3.2892,238.2102525332186,236.912327460226,237.9713,239.03027253977402,0.8900002141216221,0.8993021387412345,-0.3926026430740137,1,1,237.566,237.766
2022-09-26 19:10:00,238.837,238.936,238.256,238.336,3.2256,238.21992541527874,236.96635327634706,238.01325000000003,239.060146723653,0.8796961712450576,0.6541460550539336,-0.3887403465428463,1,1,237.556,237.756
2022-09-26 19:15:00,238.326,238.597,237.777,238.267,3.2484,238.2235465371804,237.01247307867033,238.04675000000003,239.08102692132974,0.8689695795718327,0.6064753527115362,-0.411489951704624,1,2,239.297,237.277
2022-09-26 19:20:00,238.257,238.537,237.997,238.137,3.3588,238.21688911124346,237.0770181156563,238.07925,239.0814818843437,0.8419313185367482,0.5288106978545267,-0.38479528649688177,1,2,239.237,239.037
2022-09-26 19:25:00,238.136,238.367,237.996,238.307,3.168,238.2238207180709,237.1466190291951,238.11879999999996,239.09098097080482,0.8165512095683809,0.5967926783447606,-0.33555551709855536,1,2,239.06699999999998,237.496
2022-09-26 19:30:00,238.317,238.317,237.726,237.877,3.1752,238.19714220129623,237.16406154722696,238.1263,239.088538452773,0.8081748658363415,0.3704583051729367,-0.30299456009197456,1,2,239.017,238.817
2022-09-26 19:35:00,237.877,238.556,237.686,237.846,3.462,238.170131262735,237.3581856948555,238.17075,238.9833143051445,0.6823376129474262,0.30016966168465453,-0.4267393731618938,1,2,239.256,239.056
2022-09-26 19:40:00,237.836,238.347,237.477,237.966,3.4032,238.15442885790924,237.34481083932133,238.16219999999998,238.97958916067864,0.6864138479394786,0.3799837278016532,-0.4586498815985749,1,2,239.047,238.847
2022-09-26 19:45:00,237.947,238.317,237.746,238.266,3.036,238.1630112534547,237.34364566073992,238.15715,238.97065433926008,0.6831660013231413,0.5669019172651212,-0.4647047942288509,1,2,239.017,237.246
2022-09-26 19:50:00,238.267,239.567,237.977,239.136,2.7324,238.2378565416505,237.28299940810186,238.20165000000003,239.1203005918982,0.7713217703556384,1.0085448201091105,-0.5894052907822527,1,1,237.27700000000002,237.477
2022-09-26 19:55:00,238.686,238.717,237.146,237.416,2.9544,238.17463680767742,237.18096615200014,238.16109999999998,239.1412338479998,0.8230847506161484,0.11989885283499427,-0.7290714744253535,1,0,,239.217
2022-09-27 13:30:00,239.556,240.987,239.556,240.956,2.5704,238.3885878224715,236.7330652317793,238.29755,239.8620347682207,1.3130514923218424,1.3496247627336992,-0.79186052349732,1,0,,239.056
2022-09-27 13:35:00,240.956,241.777,240.696,241.477,3.012,238.6261579899737,236.43725412844037,238.4916,240.54594587155964,1.722782581491032,1.2266059823055797,-0.3922451066614201,1,0,,240.196
2022-09-27 13:40:00,241.456,241.687,240.656,240.876,3.0852,238.79922275997575,236.3869307032328,238.65105000000003,240.91516929676726,1.8974308277857848,0.991349992727154,-0.21347968352799285,1,0,,240.156
2022-09-27 13:45:00,240.887,240.976,239.557,239.616,3.318,238.8620517784392,236.53743397490808,238.76200000000003,240.98656602509197,1.863417147696824,0.6919475507508678,-0.26830686184183605,1,0,,239.057
2022-09-27 13:50:00,239.596,240.267,239.276,240.176,3.3552,238.96312471855927,236.6821186783448,238.89944999999997,241.11678132165514,1.8562883436149948,0.787857296636912,-0.22410367128495068,1,1,238.57600000000002,238.776
2022-09-27 13:55:00,240.177,240.347,239.736,240.036,3.0324,239.04565358636242,236.70514649255807,238.9714,241.2376535074419,1.896673415682309,0.7348810485023151,-0.09533767664674997,1,0,,239.236
2022-09-27 14:00:00,240.066,240.117,238.636,238.917,3.72,239.03575715664226,236.71651304169293,238.9804,241.24428695830707,1.8946214487104955,0.485997534071354,-0.14070506539218286,1,1,237.936,240.617
2022-09-27 14:05:00,238.916,239.077,238.356,238.467,3.5412,238.99200660613133,236.71195295896206,238.97795000000002,241.24394704103798,1.8964067948846013,0.3872571343328051,-0.00047431373749873273,1,2,239.777,239.577
2022-09-27 14:10:00,238.467,239.206,238.456,239.096,3.4416,239.0000060979674,236.73746468704502,238.9994,241.261335312955,1.8928376497639652,0.5213533957949038,0.07866837292004902,0,0,,
2022-09-27 14:15:00,239.097,239.776,238.716,239.456,3.6312,239.03508255196994,236.76258141109702,239.03134999999997,241.30011858890293,1.8983021171933794,0.5935860100666657,0.07999135744273644,0,0,,
2022-09-27 14:20:00,239.446,239.767,239.036,239.367,3.4068000000000005,239.06061466335686,236.83289752000297,239.08289999999997,241.33290247999696,1.8821944020228916,0.5631332637465367,0.15002546105679926,0,0,,
2022-09-27 14:25:00,239.367,239.606,238.956,238.986,3.4728,239.05487507386786,236.89937237902868,239.11884999999998,241.33832762097128,1.856380307091059,0.4700717865445627,0.2408674609777961,0,0,,
2022-09-27 14:30:00,239.006,239.497,238.946,239.136,3.6564,239.06111545280112,236.99547217383287,239.1688,241.34212782616714,1.8174007865299644,0.4924539686086257,0.3265210147444293,0,0,,
2022-09-27 14:35:00,239.127,239.507,238.816,238.896,3.6336,239.04841426412412,237.05670178667575,239.19825,241.33979821332426,1.7906052517727502,0.42943189461729603,0.39443966965609434,0,0,,
2022-09-27 14:40:00,238.886,239.766,238.736,239.716,3.7188,239.09976701303765,237.22697867401672,239.2902,241.35342132598328,1.724451169319327,0.6031881540379785,0.32895407218828154,0,0,,
2022-09-27 14:45:00,239.686,240.076,239.606,239.986,3.342,239.16793878126555,237.4246962509562,239.39720000000003,241.36970374904385,1.64789207981031,0.6492519343208817,0.3546143289436259,0,0,,
2022-09-27 14:50:00,239.967,240.096,239.376,239.446,3.3264000000000005,239.1893281057836,237.61117939796577,239.4712,241.33122060203425,1.5534399143063882,0.4932258814842019,0.32842541241979006,0,0,,
2022-09-27 14:55:00,239.427,239.676,239.336,239.536,3.204,239.21599517456949,237.75878163476145,239.53470000000002,241.31061836523858,1.4828067626432138,0.5003660078147263,0.38275605082552033,0,0,,
2022-09-27 15:00:00,239.546,239.837,238.996,239.027,3.516,239.201457084218,237.74781048376835,239.52925,241.31068951623163,1.487450502376343,0.3590325421032438,0.40367123176264386,0,0,,
2022-09-27 15:05:00,239.027,239.707,238.846,239.656,3.3384000000000005,239.23642192389354,238.14679399529746,239.64124999999999,241.1357060047025,1.247244374415947,0.5049349060640151,0.18383231875438355,0,0,,
2022-09-27 15:10:00,239.666,239.737,238.727,238.797,3.1728,239.20262023744021,238.1248881142252,239.53329999999997,240.94171188577474,1.1759633301714363,0.23860629570200892,0.0026833127740530927,0,0,,
2022-09-27 15:15:00,238.806,238.927,238.466,238.517,2.808,239.1498802191756,238.22470220576122,239.3853,240.54589779423878,0.9696483403440248,0.12592553410395327,-0.2502709146666291,1,2,239.62699999999998,239.427
2022-09-27 15:20:00,238.507,238.637,237.856,238.047,3.036,239.06504327923903,238.15723741494853,239.24384999999998,240.33046258505144,0.9083724284251863,-0.050725261452456136,-0.35264243729153577,1,2,239.337,239.137
2022-09-27 15:25:00,238.047,238.176,237.216,237.376,3.2424,238.93511687314376,237.78997649255138,239.13185,240.4737235074486,1.1222875643278893,-0.15425317299038493,-0.07727627467124876,1,0,,238.676
2022-09-27 15:30:00,237.377,237.947,237.256,237.826,3.1824000000000003,238.84980019059424,237.64745625504665,239.01435,240.38124374495337,1.1437754636517503,0.06531003072204306,-0.0418512960122257,1,0,,238.447
2022-09-27 15:35:00,237.827,238.257,237.546,238.046,3.0408000000000004,238.7879694067024,237.57038575354613,238.91485000000003,240.25931424645393,1.125475663361985,0.17687872612020705,-0.07281936203872874,1,0,,238.757
2022-09-27 15:40:00,238.057,238.247,237.726,237.726,3.1056,238.70627945234068,237.41444218605966,238.8553,240.29615781394034,1.2064692003404072,0.10811539172221192,0.11298931101839571,0,0,,
2022-09-27 15:45:00,237.726,237.796,237.166,237.257,2.5692,238.59479641754527,237.2003761416759,238.79479999999998,240.38922385832407,1.3353924443280103,0.017756839885610325,0.36473806996610847,0,0,,
2022-09-27 15:50:00,237.236,237.597,236.896,236.916,2.892,238.46565823158025,236.90184455212767,238.68579999999997,240.46975544787227,1.494814897134477,0.0039674331242995665,0.6077921155483921,0,0,,
2022-09-27 15:55:00,236.916,237.197,236.666,236.746,2.9963999999999995,238.33337682915104,236.61562192859031,238.55030000000002,240.48497807140973,1.622029459958513,0.03369503002499384,0.8186302945452439,0,0,,
2022-09-27 16:00:00,236.746,236.836,236.256,236.697,3.0732,238.2075016884471,236.36126244500525,238.41680000000002,240.4723375549948,1.724322744869297,0.08166660691237154,0.9783086140221826,0,0,,
2022-09-27 16:05:00,236.727,236.736,236.106,236.227,2.6532,238.0551554047204,236.03310715853436,238.27885,240.52459284146565,1.8849703542430576,0.04316897684934837,1.2217095139189666,0,0,,
2022-09-27 16:10:00,236.227,236.297,235.376,235.707,2.9136,237.8745280658958,235.63723365742416,238.1074,240.57756634257586,2.074833745256007,0.014121790377704054,1.4417195224146155,0,0,,
2022-09-27 16:15:00,235.686,235.687,234.496,234.547,2.9784,237.6185643685192,235.00490313902964,237.88995,240.77499686097036,2.4255306800227268,-0.0793580071825293,1.8455164046339974,0,0,,
2022-09-27 16:20:00,234.546,235.077,234.516,234.727,3.3072,237.39613634017158,234.5731635332922,237.64049999999997,240.70783646670776,2.5814930255640656,0.025076555568246863,2.0717351014510825,0,0,,
2022-09-27 16:25:00,234.726,235.676,234.686,235.287,3.0816,237.2338950832353,234.37318040016623,237.40555,240.43791959983378,2.554590320094683,0.15067747676336454,1.9322088407920148,0,0,,
2022-09-27 16:30:00,235.246,235.466,235.076,235.267,2.8596000000000004,237.082595461448,234.17954564848486,237.1966,240.21365435151512,2.5439271486312434,0.18021789215846049,1.942106521905913,0,0,,
2022-09-27 16:35:00,235.246,235.407,234.846,235.026,2.7732,236.9243958105674,234.01357428413596,236.97109999999998,239.928625715864,2.4961066694327054,0.1711609319968805,1.8593205366937582,0,0,,
2022-09-27 16:40:00,235.006,235.457,234.896,235.296,3.186,236.79913459436995,233.89948469917968,236.78455,239.6696153008203,2.4368695515145014,0.24202490328784557,1.7575772815710593,0,0,,
2022-09-27 16:45:00,235.296,235.517,235.116,235.427,2.8212,236.6935857794184,233.95311893900015,236.57309999999998,239.19308106099982,2.214944185116426,0.2812770448877564,1.4413323769171882,0,0,,
2022-09-27 16:50:00,235.426,235.896,235.047,235.806,3.3444,236.6253099502324,233.99386232665637,236.42355000000003,238.8532376733437,2.0553685733453073,0.37291576469370474,1.1250841020308542,0,0,,
2022-09-27 16:55:00,235.807,235.877,235.566,235.656,3.1788000000000003,236.5507476463684,234.03042244578137,236.2805,238.5305775542186,1.904581676624707,0.3612270055249602,0.9405338468403102,0,0,,
2022-09-27 17:00:00,235.637,235.647,234.927,235.116,3.5076,236.4403824428016,233.98358979994077,236.13395,238.28431020005922,1.8213054074259336,0.26330709618510695,0.7910325600502688,0,0,,
2022-09-27 17:05:00,235.126,235.837,235.086,235.166,3.4992,236.34235302412455,233.91298659354183,236.02345,238.13391340645816,1.7883506121600765,0.29685741117895176,0.7192336369262762,0,0,,
2022-09-27 17:10:00,235.167,235.337,234.877,235.286,2.88,236.26109509919192,233.93469848923232,235.89645000000002,237.8582015107677,1.6632310581763292,0.3444119969707261,0.5586341002388622,0,0,,
2022-09-27 17:15:00,235.277,235.687,235.216,235.507,2.9724000000000004,236.20308778386948,234.06943382481748,235.76949999999997,237.46956617518245,1.4421425800898635,0.4227971228908829,0.2510051847039563,0,0,,
2022-09-27 17:20:00,235.477,235.576,235.126,235.297,2.7696000000000005,236.13338872357184,234.1953637331138,235.64805,237.10073626688623,1.2329287400309215,0.37917212133061656,-0.020533200689555997,1,0,,236.076
2022-09-27 17:25:00,235.307,235.717,235.116,235.506,3.0144,236.08512805252786,234.30912915169003,235.5605,236.81187084830995,1.0624623808405573,0.47822388140430344,-0.27003962235383483,1,2,236.417,236.217
2022-09-27 17:30:00,235.506,235.847,235.376,235.626,3.0504,236.04981051002574,234.40849367817924,235.496,236.58350632182078,0.923587935099338,0.5597697674907957,-0.44946029449405955,1,2,236.547,236.347
2022-09-27 17:35:00,235.617,235.707,235.106,235.107,2.6256,235.97728662463916,234.47939980340223,235.41405,236.34870019659778,0.794047930952101,0.33574068613172126,-0.6153172181632556,1,2,236.40699999999998,236.207
2022-09-27 17:40:00,235.107,235.147,234.757,234.996,2.7768,235.9018030381285,234.587111868271,235.329,236.07088813172902,0.6305114386488813,0.27557263301683854,-0.779984767340494,1,0,,235.647
2022-09-27 17:45:00,234.967,235.406,234.937,235.107,2.622,235.84066434288786,234.65136505889672,235.273,235.89463494110328,0.5284371271699523,0.3664811217775346,-0.8794881580548406,1,2,236.106,235.906
2022-09-27 17:50:00,235.107,235.197,234.746,234.937,2.5776,235.77115170112728,234.63000930528207,235.23449999999997,235.83899069471786,0.5139473119103668,0.25392507891391586,-0.8460730616632759,1,0,,235.697
2022-09-27 17:55:00,234.906,235.197,234.647,235.186,2.7432,235.72614003180982,234.74947322102395,235.26645000000002,235.7834267789761,0.43948193971224764,0.42219186308584983,-0.8636309053687512,1,0,,235.697
2022-09-27 18:00:00,235.197,235.797,235.007,235.596,3.0144,235.71612926013213,234.83742485779632,235.30990000000003,235.78237514220373,0.4015769351002281,0.802767251061671,-0.9150580007749625,1,2,236.49699999999999,236.297
2022-09-27 18:05:00,235.627,235.647,235.346,235.397,2.532,235.6915808555066,234.84156019584634,235.3154,235.78923980415368,0.4027274068366709,0.5861050499395328,-0.8416758966365592,1,2,236.34699999999998,236.147
2022-09-27 18:10:00,235.416,235.607,235.216,235.256,2.4348,235.65807463585224,234.84076128467305,235.31485000000004,235.78893871532702,0.4029399039856475,0.43793355747832396,-0.785508823483184,1,2,236.307,236.107
2022-09-27 18:15:00,235.256,235.397,234.926,234.926,2.202,235.60176120232515,234.82177817126944,235.30985,235.79792182873058,0.4148333176282831,0.10676894526120909,-0.7092449920976946,1,2,236.09699999999998,235.897
2022-09-27 18:20:00,234.926,235.307,234.796,235.286,2.1444,235.57747187906938,234.82120195893006,235.30935,235.79749804106993,0.41489897538702475,0.4760830751785724,-0.690700511108048,1,2,236.00699999999998,235.807
2022-09-27 18:25:00,235.287,235.437,234.936,235.147,2.0556,235.54435865760252,234.80544418252035,235.29535,235.78525581747968,0.41641776386967816,0.3485933472241537,-0.6706381106813524,1,2,236.137,235.937
2022-09-27 18:30:00,235.167,235.227,234.796,235.166,2.2548000000000004,235.51525414547925,234.8307932869548,235.26335,235.69590671304522,0.3677212902436488,0.38747140309688166,-0.719235412433818,1,2,235.927,235.727
2022-09-27 18:35:00,235.156,236.256,235.066,236.147,2.718,235.5638499804424,234.73109917385077,235.28789999999998,235.8447008261492,0.47329320899987964,1.2714607806362943,-0.7715706207127937,1,1,234.366,234.566
2022-09-27 18:40:00,236.126,236.776,236.126,236.347,3.2796000000000003,235.62409228963915,234.63299889210754,235.34945,236.06590110789244,0.6088402653096945,1.1961745114292994,-0.6485349630779069,1,0,,235.626
2022-09-27 18:45:00,236.366,236.897,236.036,236.846,2.9616,235.71808519043617,234.4710156957484,235.43345,236.39588430425158,0.8175850154271516,1.2338422964352065,-0.49508166472159587,1,1,235.336,235.536
2022-09-27 18:50:00,236.837,236.847,236.366,236.416,2.8608,235.771770945018,234.44007220234917,235.48995,236.53982779765082,0.8916540155117637,0.9410275186655569,-0.3975223647534847,1,0,,235.866
2022-09-27 18:55:00,236.397,236.507,236.196,236.377,2.7756000000000003,235.8183270261705,234.41452739767217,235.53345,236.6523726023278,0.9501177877943144,0.8769474306109711,-0.29084897318085723,1,1,235.496,235.696
2022-09-27 19:00:00,236.397,236.417,235.307,235.736,3.168,235.81199417800354,234.43867077588163,235.55540000000002,236.6721292241184,0.9481669485126533,0.58086114167136,-0.3675474394370326,1,0,,236.917
2022-09-27 19:05:00,235.746,236.217,235.576,236.146,2.7780000000000005,235.83768693354176,234.4418600574402,235.58740000000003,236.73293994255985,0.9724967825612248,0.7438151561750476,-0.34371989589507734,1,2,236.917,235.076
2022-09-27 19:10:00,236.146,236.417,235.926,236.286,2.3916,235.87217255403857,234.43498186280118,235.62040000000002,236.80581813719886,1.0062101050663164,0.7807448186902249,-0.2890645737841737,1,1,235.226,235.426
2022-09-27 19:15:00,236.287,236.717,235.797,236.717,2.6412,235.937159280651,234.44906711978,235.7009,236.95273288021997,1.0622215530105985,0.9058449079167293,-0.28139909638372274,1,1,235.097,235.297
2022-09-27 19:20:00,236.717,236.767,236.046,236.217,2.4384,235.9586854898317,234.53472867114374,235.76195,236.9891713288563,1.0410681866656377,0.6853985052655865,-0.28542426902325246,1,1,235.346,235.546
2022-09-27 19:25:00,236.216,236.317,235.596,235.887,2.958,235.95317122138312,234.6104359135652,235.80095,236.9914640864348,1.0097619084527036,0.5361398495744354,-0.2883128830752355,1,2,237.017,236.817
2022-09-27 19:30:00,235.906,235.907,235.176,235.456,2.8596000000000004,235.91492728127673,234.69149418708568,235.82690000000002,236.96230581291437,0.9629145893995489,0.3366663285578863,-0.2830162071185214,1,2,236.607,236.407
2022-09-27 19:35:00,235.497,235.836,235.356,235.527,2.6832000000000003,235.8850867211785,234.7376855695858,235.84395,236.9502144304142,0.9381325494372018,0.35674763135910026,-0.22288644485365694,1,2,236.536,236.336
2022-09-27 19:40:00,235.497,236.077,235.336,235.907,2.7768,235.88677235801094,234.75888517182452,235.85949999999997,236.96011482817542,0.9332800486522291,0.5215788479239305,-0.23354786849549214,1,2,236.777,234.836
2022-09-27 19:45:00,235.887,236.286,235.606,236.087,2.5188,235.9021744843178,234.81041244008637,235.894,236.97758755991364,0.9187071819661701,0.5890560242383023,-0.2402024989790732,1,2,236.986,235.106
2022-09-27 19:50:00,236.087,236.896,235.996,236.737,2.8764000000000003,235.96639183167798,234.86671018413958,235.96805,237.06938981586043,0.9334652007849601,0.8490975214580994,-0.2740392850424769,1,1,235.29600000000002,235.496
2022-09-27 19:55:00,236.737,236.927,235.976,236.347,2.508,235.9956693830874,235.03695033053972,236.03910000000002,237.0412496694603,0.8491386973262434,0.6536197682756351,-0.38842427897563425,1,1,235.276,235.476
2022-09-28 13:30:00,235.907,236.267,234.836,235.306,2.6340000000000003,235.94261789208068,235.04092275846608,236.04010000000002,237.03927724153397,0.8466165211198796,0.13264775783272562,-0.47595156895570767,1,2,236.96699999999998,236.767
2022-09-28 13:35:00,235.307,236.017,235.187,235.666,3.798,235.92133959268986,235.1364661199766,236.06605,236.99563388002338,0.7875625317773451,0.28482307589610495,-0.5015731389910627,1,2,236.71699999999998,236.517
2022-09-28 13:40:00,235.666,236.597,235.217,236.456,4.1004000000000005,235.96246731632914,235.2844534393172,236.13055,236.9766465606828,0.7166345571827192,0.6923243841916503,-0.6842550279493196,1,0,,234.717
2022-09-28 13:45:00,236.436,237.087,235.636,236.507,4.1508,236.0043544458423,235.2866496635346,236.14855000000003,237.01045033646545,0.7299645383936718,0.7079416754087529,-0.8169368151540937,1,1,234.936,235.136
2022-09-28 13:50:00,236.477,236.827,235.077,235.117,4.146,235.93609641154674,235.12129341058457,236.08705,237.05280658941544,0.8181360133183371,-0.002222822309283432,-0.8497817858593919,1,0,,237.327
2022-09-28 13:55:00,235.117,235.897,235.036,235.117,3.7908,235.87308899527395,235.01277928752253,236.0006,236.98842071247745,0.8371340687078402,0.05275284834637171,-0.8128735318188376,1,2,236.59699999999998,236.397
2022-09-28 14:00:00,235.117,236.727,235.086,235.277,3.546,235.82723599563752,234.92727186662663,235.94365,236.96002813337336,0.8615431128350903,0.1720462699313548,-0.9134285638470772,1,0,,237.227
2022-09-28 14:05:00,235.226,235.517,234.717,234.777,3.0996,235.74644861135772,234.749163342386,235.86365,236.97813665761402,0.9450262112148344,0.012488555795537273,-0.7528003541568467,1,2,236.21699999999998,236.017
2022-09-28 14:10:00,234.756,235.967,234.756,235.877,2.4396,235.75649102586868,234.7577496686736,235.87070000000003,236.98365033132646,0.943695279936364,0.5028303149847098,-0.8013879174185945,1,2,236.667,234.256
2022-09-28 14:15:00,235.877,236.557,235.287,236.507,2.778,235.81422248541725,234.74718407987115,235.88875,237.03031592012883,0.9678850052228779,0.770790319288018,-0.8749091620690876,1,0,,234.787
2022-09-28 14:20:00,236.507,237.587,236.386,237.587,3.0312,235.950589986539,234.60047230871473,235.9538,237.30712769128527,1.147112435811818,1.1034015303599223,-0.7965521449890218,1,1,235.686,235.886
2022-09-28 14:25:00,237.577,238.347,237.166,238.347,2.8824,236.1349292183437,234.35187692780474,236.0353,237.71872307219527,1.4264163641584693,1.1866069611917074,-0.6330824939576587,1,0,,236.666
2022-09-28 14:30:00,238.346,238.407,237.866,238.107,2.7768,236.2866269707788,234.2193085867769,236.1298,238.0402914132231,1.6181705258913521,1.0174584890346015,-0.3912469561533669,1,0,,237.366
2022-09-28 14:35:00,238.127,238.737,237.836,238.157,2.8032,236.43050181918045,234.14364144680638,236.2433,238.34295855319363,1.7775391329139243,0.9557169538564334,-0.23405235243268407,1,0,,237.336
2022-09-28 14:40:00,238.127,239.027,238.096,238.587,2.6412,236.5963862946281,234.100904130694,236.39984999999996,238.6987958693059,1.9449638985015885,0.9756854063424135,-0.05649971197502168,1,0,,237.596
2022-09-28 14:45:00,238.597,239.267,238.567,239.186,2.7264,236.7955873488875,234.02322537909154,236.5828,239.14237462090844,2.1637875795775936,1.008521997900589,0.2127262378447199,0,0,,
2022-09-28 14:50:00,239.187,239.257,238.846,239.007,2.6832,236.96569601435772,233.9920159152624,236.73780000000002,239.48358408473763,2.319683704704198,0.9132153020722372,0.46828316672761616,0,0,,
2022-09-28 14:55:00,239.007,239.147,238.756,238.876,2.6376,237.11264247479176,233.99780270060415,236.87725,239.75669729939585,2.4311725160570288,0.8470718148617217,0.6801869450058291,0,0,,
2022-09-28 15:00:00,238.867,239.537,238.666,239.127,2.7696,237.26759305365394,233.95661237976006,236.99674999999996,240.03688762023987,2.5655521607278615,0.8503542053191566,0.7896639662679377,0,0,,
2022-09-28 15:05:00,239.127,239.127,238.066,238.107,2.9532,237.3321628187575,234.02312351233076,237.08474999999999,240.14637648766922,2.5827274741789426,0.6669455768228341,0.805650324551749,0,0,,
2022-09-28 15:10:00,238.097,238.857,238.056,238.306,3.0624,237.40707337116078,234.2432525906751,237.23475,240.22624740932488,2.521972358033461,0.6790491271462901,0.8314951665043395,0,0,,
2022-09-28 15:15:00,238.296,238.946,238.186,238.777,2.7948000000000004,237.51245234260995,234.4177951236378,237.39030000000002,240.36280487636225,2.504318732789185,0.7332544533445842,0.8821242757150856,0,0,,
2022-09-28 15:20:00,238.787,239.297,238.706,239.166,2.7216,237.63964831625535,234.4896209802456,237.52580000000003,240.56197901975446,2.5565046152918356,0.7701092375199646,0.9986965715498854,0,0,,
2022-09-28 15:25:00,239.166,239.446,238.416,238.436,2.5632,237.70090613808188,234.59912665650293,237.62224999999998,240.64537334349703,2.544478341987796,0.6345876280156516,0.9932606522643255,0,0,,
2022-09-28 15:30:00,238.467,238.557,237.817,238.117,2.7468,237.73291335822944,234.97171884502305,237.77224999999999,240.57278115497692,2.3556417159504,0.5615508239191226,0.9259172914806868,0,0,,
2022-09-28 15:35:00,238.126,238.586,237.926,238.076,2.6088,237.75930463836565,235.39754262334418,237.92020000000002,240.44285737665587,2.120591170195589,0.5308801348612999,0.8198853096830874,0,0,,
2022-09-28 15:40:00,238.036,238.327,237.846,238.327,2.2032,237.80297351233753,235.8576218433663,238.07270000000003,240.28777815663375,1.860841798857007,0.5574020377652125,0.6966129531821821,0,0,,
2022-09-28 15:45:00,238.337,238.947,238.066,238.796,2.3688,237.87936016523466,236.6373882513805,238.27365,239.90991174861952,1.373430716001973,0.6596168829469629,0.22666704073478172,0,0,,
2022-09-28 15:50:00,238.767,239.317,238.736,239.216,2.328,237.98217861406278,237.1777929046782,238.4406,239.70340709532178,1.0592215380449388,0.8070144295484936,-0.04600478324061896,1,0,,238.236
2022-09-28 15:55:00,239.207,239.857,239.196,239.807,2.0172,238.12254948990412,237.5513563090088,238.6056,239.6598436909912,0.8836705349674944,1.0697923593312766,-0.2209575324699813,1,0,,238.696
2022-09-28 16:00:00,239.806,239.966,239.586,239.776,1.9824,238.24973799068073,237.65204925211944,238.71504999999996,239.77805074788049,0.890602203657057,0.9990353967837918,-0.16515035906061826,1,0,,239.086
2022-09-28 16:05:00,239.756,239.867,239.486,239.666,1.9056,238.35868122216684,237.65568137845568,238.781,239.90631862154433,0.942552901231106,0.8932219653423432,-0.08305380854523037,1,0,,238.986
2022-09-28 16:10:00,239.667,240.177,239.646,240.017,1.8648,238.4862442050771,237.67460774193594,238.8765,240.07839225806404,1.006287565385502,0.9744601657710426,-0.014754226302727602,1,0,,239.146
2022-09-28 16:15:00,240.017,240.987,239.876,240.986,1.7388,238.67853311237886,237.5513298753617,239.01794999999998,240.48457012463828,1.2272050066853113,1.1709474276733292,0.09477092449694169,0,0,,
2022-09-28 16:20:00,240.977,241.047,240.156,240.166,1.9212,238.79295364219587,237.56311306564638,239.0969,240.63068693435363,1.2829835387691169,0.8485164647234833,0.09248765803528158,0,0,,
2022-09-28 16:25:00,240.167,240.216,239.696,239.806,2.034,238.8708802851039,237.5634080185588,239.1279,240.69239198144123,1.3084980727395021,0.716715716041999,0.12487835048654006,0,0,,
2022-09-28 16:30:00,239.796,239.987,239.586,239.956,2.1348000000000003,238.95435103240362,237.57133762162076,239.17534999999998,240.7793623783792,1.3412856955193952,0.7433428851680114,0.1937071884678403,0,0,,
2022-09-28 16:35:00,239.956,240.056,239.516,239.547,2.0736,238.99993941452644,237.60326742683958,239.2089,240.81453257316042,1.3424522023724204,0.6052856069475794,0.22493978228823153,0,0,,
2022-09-28 16:40:00,239.557,240.247,239.496,240.227,2.1564,239.09432869033213,237.59899160612554,239.2639,240.92880839387448,1.3916920971985072,0.7892351325584742,0.2307006307043764,0,0,,
2022-09-28 16:45:00,240.216,240.447,239.886,239.906,2.0112,239.15676494492197,237.7556225725062,239.35385000000002,240.95207742749383,1.3354516148320241,0.6727382444142549,0.2225513560542538,0,0,,
2022-09-28 16:50:00,239.917,239.976,239.616,239.847,2.0988,239.20985994915875,237.89479272510235,239.43089999999998,240.9670072748976,1.2831320225565133,0.6354397595792124,0.25295987692845756,0,0,,
2022-09-28 16:55:00,239.856,240.056,239.716,239.946,2.2044,239.2664861069158,237.96832780752766,239.48935,241.01037219247235,1.2702211538612003,0.6501128656307555,0.30471026097643517,0,0,,
2022-09-28 17:00:00,239.976,240.016,239.387,239.947,2.5716,239.31883332946074,238.00249483912225,239.52839999999998,241.0543051608777,1.2740912233185937,0.6371644879158939,0.30108722285760336,0,0,,
2022-09-28 17:05:00,239.947,240.817,239.896,240.676,2.1816,239.4232307656561,238.12285587873265,239.6404,241.15794412126735,1.2665177668434446,0.8412091897318694,0.2366517011539031,0,0,,
2022-09-28 17:10:00,240.667,240.717,240.296,240.407,1.9044,239.4989053221441,238.37508669379042,239.7549,241.13471330620956,1.151019900915118,0.7363000838828611,0.1822106403926398,0,0,,
2022-09-28 17:15:00,240.406,240.926,240.406,240.907,2.0412,239.60722029736382,238.66135284188138,239.89645000000002,241.13154715811865,1.029691900916945,0.9090973707442249,0.08433046047477433,0,0,,
2022-09-28 17:20:00,240.927,240.937,240.556,240.757,2.0196,239.69566488987434,238.95875663238832,240.01794999999998,241.07714336761165,0.8825951289157079,0.8488739745729681,-0.01500507311376964,1,0,,240.056
2022-09-28 17:25:00,240.767,240.807,240.466,240.626,2.3604,239.7672291291148,239.1800877509322,240.10945,241.03881224906783,0.7741155119615839,0.7779056285738475,-0.07389348301708765,1,0,,239.966
2022-09-28 17:30:00,240.626,240.717,240.436,240.587,2.1816,239.83028842687523,239.3230859692388,240.17799999999997,241.03291403076113,0.7119003661960422,0.7392053383635959,-0.08324829826807445,1,0,,239.936
2022-09-28 17:35:00,240.587,240.627,240.166,240.356,2.1648,239.87072777865407,239.3648117960191,240.20545,241.04608820398093,0.6999326651255547,0.5895450618869322,-0.08548723656929269,1,1,239.466,239.666
2022-09-28 17:40:00,240.397,240.487,240.136,240.177,2.064,239.8942871802961,239.4079787464584,240.2255,241.0430212535416,0.6806282043676457,0.4703371626181517,-0.06449938314668202,1,1,239.436,239.636
2022-09-28 17:45:00,240.147,240.187,239.727,239.986,2.1672,239.901342012581,239.45652802598295,240.2415,241.02647197401706,0.6534857416533398,0.3372553362048687,-0.061856221081853846,1,2,240.887,239.227
2022-09-28 17:50:00,239.996,240.017,239.596,239.897,1.6031999999999995,239.90100801161324,239.44196802207333,240.2355,241.02903197792668,0.6606284066482067,0.2867130692801844,-0.026026865258046428,1,2,240.71699999999998,240.517
2022-09-28 17:55:00,239.907,240.146,239.846,239.956,1.9068,239.90523816456607,239.4614641877441,240.18400000000003,240.90653581225595,0.6016519104152874,0.3422223534580471,-0.10099361729211864,1,2,240.84599999999998,239.346
2022-09-28 18:00:00,239.946,240.076,239.736,239.987,2.0844,239.91152753652256,239.44742743988223,240.17505,240.90267256011776,0.6059101976810378,0.3707777834915068,-0.0724254951876162,1,2,240.77599999999998,239.236
2022-09-28 18:05:00,240.016,240.406,239.976,240.357,1.9728,239.94579464909776,239.4914177730059,240.2026,240.91378222699407,0.5921519808645561,0.6085516441071679,-0.08435410875844696,1,2,241.106,239.476
2022-09-28 18:10:00,240.356,240.447,240.136,240.237,2.0544,239.96819506070563,239.51446419126256,240.21665,240.9188358087374,0.5846270928658989,0.5144904665878952,-0.06604944741960139,1,2,241.147,239.636
2022-09-28 18:15:00,240.247,240.416,239.976,240.286,1.5887999999999998,239.9926415944975,239.62203103306751,240.2536,240.8851689669325,0.525751927906588,0.5256504053368559,-0.11696531244766106,1,2,241.11599999999999,239.476
2022-09-28 18:20:00,240.317,240.397,240.116,240.186,1.7052,240.00751531799773,239.61938309957563,240.25155,240.8837169004244,0.5262541702015077,0.44815451429361663,-0.09421411425287829,1,2,241.09699999999998,239.616
2022-09-28 18:25:00,240.197,240.416,239.926,240.376,1.992,240.0358602935364,239.66133786064466,240.27505000000002,240.88876213935538,0.5108413373384852,0.5822453993708036,-0.12517544535265301,1,2,241.11599999999999,239.426
2022-09-28 18:30:00,240.387,240.657,240.366,240.616,1.6488,240.08048642480284,239.71572663158014,240.31350000000003,240.91127336841993,0.4974946213341271,0.7530223124522801,-0.12019397012539912,1,1,239.66600000000003,239.866
2022-09-28 18:35:00,240.587,240.847,240.586,240.676,1.7004,240.1262951613565,239.75731627321818,240.35,240.9426837267818,0.49318387916106876,0.7750202049330134,-0.10464386523543112,1,1,239.88600000000002,240.086
2022-09-28 18:40:00,240.667,240.677,239.936,240.187,1.7232,240.13096476432906,239.79320302392512,240.36200000000002,240.93079697607493,0.47328361061640933,0.3461665520730854,-0.17573751194066745,1,1,239.23600000000002,239.436
2022-09-28 18:45:00,240.156,240.487,240.036,240.427,1.8012,240.15373670553453,239.79815559488512,240.34955,240.90094440511487,0.4588270750786735,0.5702310354272302,-0.22677727451826968,1,2,241.18699999999998,239.536
2022-09-28 18:50:00,240.416,240.687,240.416,240.637,1.9104,240.1909108051088,239.79591975838133,240.36104999999998,240.92618024161862,0.47023445905120387,0.7441472599392723,-0.2064250875732796,1,2,241.387,239.916
2022-09-28 18:55:00,240.597,240.637,240.406,240.426,1.7616,240.20899458933124,239.8287776077424,240.337,240.84522239225757,0.4229248033033443,0.5875600931362459,-0.2640871912969942,1,2,241.337,239.906
2022-09-28 19:00:00,240.426,241.057,240.316,240.946,2.0508,240.26568731322885,239.80162985537245,240.34645,240.89127014462755,0.45336233976208135,1.0502274520427815,-0.3436290023979893,1,1,239.616,239.816
2022-09-28 19:05:00,240.947,241.477,240.816,241.347,1.9776,240.34886521221125,239.69241232441672,240.3825,241.07258767558326,0.57415799867567,1.1988242466327246,-0.29889250505888754,1,1,240.116,240.316
2022-09-28 19:10:00,241.346,241.597,241.206,241.327,2.0244,240.42410634973348,239.61900202998896,240.41950000000003,241.2199979700111,0.6659176730764894,1.0668346666684403,-0.22172219342704125,1,0,,240.706
2022-09-28 19:15:00,241.326,241.507,241.066,241.137,2.1516,240.47894432283093,239.60014905056448,240.45854999999997,241.31695094943547,0.7139699956067204,0.8951824613231113,-0.1797482460561639,1,0,,240.566
2022-09-28 19:20:00,241.136,241.297,240.937,240.987,2.0712,240.51802552876703,239.62138890937808,240.49904999999998,241.37671109062188,0.7298665758737086,0.7779831561487232,-0.1400167529181715,1,1,240.23700000000002,240.437
2022-09-28 19:25:00,241.016,241.477,240.986,241.297,2.1156,240.5779466419388,239.65476344325396,240.5646,241.47443655674607,0.7564176580810789,0.9024898728071237,-0.1148886350282794,1,1,240.286,240.486
2022-09-28 19:30:00,241.296,241.807,241.296,241.787,2.0676,240.67095074640505,239.65820242282675,240.6591,241.65999757717324,0.8317969918222482,1.0634442652890845,-0.04548712014641865,1,0,,240.796
2022-09-28 19:35:00,241.776,241.797,241.416,241.497,1.9584,240.73449299668158,239.72640027358702,240.73615,241.745899726413,0.838885000373223,0.8767517732848656,-0.012300714019062298,1,0,,240.916
2022-09-28 19:40:00,241.497,241.877,241.476,241.707,1.7784,240.8093012277061,239.78954392312903,240.82215000000002,241.854756076871,0.8575673598719974,0.9284547708073003,0.025050916480097385,0,0,,
2022-09-28 19:45:00,241.706,242.197,241.626,242.017,1.7352,240.9022011332672,239.7733462581831,240.90515,242.0369537418169,0.9396260244472944,0.9911849815124044,0.08064907289178791,0,0,,
2022-09-28 19:50:00,241.966,242.306,241.766,241.797,2.1564,240.97103181532358,239.83143905102426,240.98314999999997,242.13486094897567,0.9558435508671083,0.8533221598369987,0.09087101042439372,0,0,,
2022-09-28 19:55:00,241.807,241.907,240.856,240.897,2.3172,240.9653370602987,239.90600616143698,241.01369999999997,242.12139383856297,0.9191957457712939,0.4473229894682024,-0.01354943917391438,1,1,240.156,242.407
2022-09-29 13:30:00,238.907,239.877,238.696,239.836,2.3928000000000003,240.8784649787373,239.82738066409283,240.9962,242.16501933590715,0.9699898470657704,0.003687197688466744,-0.17021505823572625,1,0,,240.377
2022-09-29 13:35:00,239.846,239.917,238.996,239.067,3.3864,240.73912151883445,239.5107370599214,240.93075,242.35076294007857,1.1787726888980161,-0.15624401982451253,0.1513603929969065,0,0,,
2022-09-29 13:40:00,239.056,239.327,237.066,237.116,3.4524,240.4604198635395,238.56838017530387,240.75574999999998,242.94311982469608,1.8170862583311973,-0.33199236793568726,0.797184186860278,0,0,,
2022-09-29 13:45:00,237.077,237.497,236.447,237.057,3.4356,240.19861833557493,237.85662166883927,240.57479999999995,243.29297833116064,2.259736540286586,-0.14708778663867753,1.4317032302615758,0,0,,
2022-09-29 13:50:00,237.047,237.086,236.306,236.527,3.438,239.91618615591534,237.15121415173238,240.39179999999996,243.63238584826755,2.696086845115005,-0.09631192953368187,2.1305655188826904,0,0,,
2022-09-29 13:55:00,236.507,236.797,235.967,236.016,3.4296,239.61617183622957,236.4114488416949,240.17125000000001,243.93105115830514,3.1309335803557863,-0.05258906323029652,2.7935946698140697,0,0,,
2022-09-29 14:00:00,236.017,236.386,235.056,235.336,3.3684,239.2869278488273,235.60647412036616,239.90620000000004,244.20592587963392,3.5845058440622894,-0.03145248417431395,3.3676557233800963,0,0,,
2022-09-29 14:05:00,235.347,235.696,234.967,235.017,3.3671999999999995,238.958471860456,234.84806927234135,239.63575,244.42343072765865,3.9957983962398376,0.017642229846565053,4.0007101100956675,0,0,,
2022-09-29 14:10:00,234.996,235.567,234.616,234.676,3.4608,238.62905094811325,234.1159815906693,239.32225,244.5285184093307,4.350843608841806,0.05378309043066497,4.471961660107041,0,0,,
2022-09-29 14:15:00,234.687,234.957,234.376,234.587,3.4812000000000003,238.31812395210454,233.47853926023214,238.98425000000003,244.48996073976792,4.607592960429728,0.10066463642572147,4.8436474904703175,0,0,,
2022-09-29 14:20:00,234.586,235.316,234.556,235.036,3.5652000000000004,238.06565287886576,233.018405985352,238.6697,244.32099401464802,4.735661053454223,0.17850725952485016,4.968996312902561,0,0,,
2022-09-29 14:25:00,235.016,235.557,234.907,235.107,3.324,237.8380641958761,232.6328214213884,238.36820000000003,244.10357857861166,4.81220110619758,0.21569444324375592,5.032056848461025,0,0,,
2022-09-29 14:30:00,235.086,235.086,234.596,234.627,3.1584,237.59105925773179,232.22630403252273,238.0502,243.87409596747725,4.892998172215151,0.20610738763910202,5.1285286878171235,0,0,,
2022-09-29 14:35:00,234.636,235.307,234.486,235.187,3.054,237.40613162252168,231.9935536760052,237.74469999999997,243.49584632399473,4.838085832403213,0.2776356350621097,4.9328092614450725,0,0,,
2022-09-29 14:40:00,235.186,235.617,235.106,235.106,3.2172,237.22919842078926,231.8650358671921,237.41065000000003,242.95626413280797,4.671748409608364,0.29220966832458717,4.625135361929722,0,0,,
2022-09-29 14:45:00,235.106,235.507,235.026,235.187,3.4608,237.07210623457473,231.80317988387125,237.09515000000002,242.38712011612878,4.464005371791676,0.3197127007402798,4.26381313295326,0,0,,
2022-09-29 14:50:00,235.186,235.687,235.126,235.516,3.4080000000000004,236.95240575499207,231.90025725255632,236.7856,241.67094274744366,4.126385006050768,0.37006029406387775,3.6890935721895914,0,0,,
2022-09-29 14:55:00,235.517,235.957,235.396,235.416,2.7756,236.83422069691576,232.17390389248465,236.45555,240.73719610751533,3.6215230367951547,0.37860393247175134,2.8928563775235716,0,0,,
2022-09-29 15:00:00,235.416,235.606,235.176,235.396,3.264,236.72358833561455,232.6083089079266,236.1355,239.6626910920734,2.9874297528947524,0.3951715429223712,1.9696218125570226,0,0,,
2022-09-29 15:05:00,235.427,236.287,235.116,236.107,3.6732,236.67615846364424,233.12518387473972,235.89600000000002,238.6668161252603,2.349184492539336,0.5380754244347705,0.901753443793126,0,0,,
2022-09-29 15:10:00,236.117,236.126,235.147,235.307,3.3576,236.57083858182546,233.56313888390636,235.66955000000002,237.77596111609367,1.787597180962626,0.41394130109976407,0.058523451909081814,0,0,,
2022-09-29 15:15:00,235.287,235.537,235.186,235.476,3.0996,236.48662022937737,234.07332290199807,235.49,236.90667709800195,1.203173891037361,0.4950588599124827,-0.6641474553079263,1,0,,236.037
2022-09-29 15:20:00,235.477,235.666,235.166,235.377,2.9148,236.4012648271176,234.19867821769876,235.40304999999998,236.6074217823012,1.0232422921463618,0.4891852331718553,-0.8497051945029739,1,0,,236.166
2022-09-29 15:25:00,235.346,235.847,235.346,235.767,3.132,236.35247522503164,234.3829077081337,235.33855000000003,236.29419229186635,0.812142585110961,0.7241686055789903,-1.0973987823850564,1,0,,236.347
2022-09-29 15:30:00,235.767,236.036,235.506,235.657,2.9916,236.29897713079845,234.49287633426198,235.29505000000003,236.09722366573808,0.6818449140668729,0.7256057606098056,-1.230120639537006,1,2,236.736,236.536
2022-09-29 15:35:00,235.636,235.937,235.396,235.746,3.03,236.25644042842936,234.5203200807222,235.28154999999998,236.04277991927776,0.6470799935462693,0.8050655184708688,-1.2370077854949386,1,2,236.637,236.437
2022-09-29 15:40:00,235.727,236.237,235.486,236.226,3.204,236.2540988570117,234.46039753509066,235.32604999999998,236.1917024649093,0.735704750841921,1.0198102220469585,-1.1307721251231726,1,2,236.93699999999998,236.737
2022-09-29 15:45:00,236.227,236.537,236.176,236.526,2.7936,236.2750143295493,234.40377408573124,235.4015,236.39922591426875,0.8476801670921857,1.0635315189864394,-0.9161558576653874,1,2,237.237,235.676
2022-09-29 15:50:00,236.496,236.957,236.346,236.847,2.9208000000000003,236.3190132272763,234.38713032789377,235.51005,236.63296967210624,0.9536065846075232,1.0953008185760584,-0.7541852644056064,1,1,235.64600000000002,235.846
2022-09-29 15:55:00,236.826,237.057,236.666,236.726,2.7612000000000005,236.3503199021012,234.4592012264634,235.61700000000002,236.77479877353665,0.9827803371884255,0.97892605578274,-0.6238652166407235,1,1,235.966,236.166
2022-09-29 16:00:00,236.726,236.897,236.426,236.577,3.0324,236.36775683270884,234.4967367619529,235.69404999999998,236.89136323804706,1.0159893625206808,0.8687213888322924,-0.5187613244943634,1,1,235.726,235.926
2022-09-29 16:05:00,236.587,236.827,236.096,236.256,3.0792,236.35916015326973,234.56213504339388,235.7515,236.9408649566061,1.0089988454844299,0.7120879706425909,-0.4985810761694722,1,2,237.527,237.327
2022-09-29 16:10:00,236.276,236.377,235.946,236.026,2.8068000000000004,236.33353244917208,234.74572373835048,235.82145,236.89717626164952,0.9123226590706834,0.5950753027477242,-0.4897511013379301,1,2,237.077,236.877
2022-09-29 16:15:00,236.027,236.117,235.746,235.886,2.7384,236.29910687615885,234.8207219805353,235.85640000000004,236.89207801946478,0.8782276160110472,0.5142901555520398,-0.4225705470476555,1,2,236.81699999999998,236.617
2022-09-29 16:20:00,235.887,236.017,235.566,235.726,2.4084,236.25502173183895,234.90782572512222,235.88739999999999,236.86697427487775,0.8305439585817325,0.41761727306480834,-0.38227919006206434,1,2,236.71699999999998,236.517
2022-09-29 16:25:00,235.727,235.756,235.516,235.616,2.0508,236.2058662140052,234.97378587920278,235.90884999999997,236.84391412079717,0.7927333974941536,0.34340646085838045,-0.29550568081504025,1,2,236.456,236.256
2022-09-29 16:30:00,235.617,236.017,235.536,236.006,2.3844,236.19049188985096,235.01521857694436,235.93335000000002,236.85148142305567,0.7782972801900665,0.5395640526920391,-0.2716126831649035,1,2,236.71699999999998,236.517
2022-09-29 16:35:00,236.007,236.027,235.576,235.907,2.5403999999999995,236.16868482140092,235.07067784067232,235.95790000000002,236.84512215932773,0.7520173381164234,0.4713149635269579,-0.24805822249086873,1,2,236.72699999999998,236.527
2022-09-29 16:40:00,235.926,235.977,235.586,235.956,2.5500000000000003,236.15232445052393,235.1368525572726,235.98590000000004,236.8349474427275,0.7195747226655943,0.4823920322379131,-0.2244062360607586,1,2,236.677,236.477
2022-09-29 16:45:00,235.966,236.157,235.736,235.826,2.4864,236.12722256971443,235.1219838281811,235.97185,236.82171617181888,0.7203114878481383,0.41419237237796697,-0.20036572803715558,1,2,236.857,236.657
2022-09-29 16:50:00,235.826,235.916,235.596,235.776,2.5392,236.1002054489672,235.19571308164652,235.9953,236.79488691835346,0.6776295276672624,0.3628666909336361,-0.1694728958020164,1,2,236.61599999999999,236.416
2022-09-29 16:55:00,235.767,235.837,235.086,235.206,2.4744,236.03142041443127,235.13961555464257,235.98180000000002,236.82398444535747,0.7137706766856142,0.03941205855995053,-0.11596014840222324,1,2,236.53699999999998,236.337
2022-09-29 17:00:00,235.236,235.287,234.996,235.136,2.328,235.9625419210135,235.08735963853738,235.96974999999998,236.85214036146257,0.7478843042064482,0.027561702613111957,0.028571443299028942,0,0,,
2022-09-29 17:05:00,235.137,235.286,235.006,235.137,2.3784,235.8990386963202,234.98687376001803,235.93824999999998,236.88962623998194,0.8064620636814541,0.07889951087322714,0.1733495997387422,0,0,,
2022-09-29 17:10:00,235.136,235.687,235.106,235.577,2.2056,235.87426648891093,234.97751976111223,235.93424999999996,236.8909802388877,0.8110142879956849,0.31329637891695844,0.17253946914385665,0,0,,
2022-09-29 17:15:00,235.597,235.747,235.466,235.466,2.1768,235.84286137437934,234.94489737145884,235.92025000000004,236.89560262854124,0.8268494362321183,0.2671355022237267,0.24291812258255163,0,0,,
2022-09-29 17:20:00,235.467,235.567,235.296,235.397,2.5344,235.80856434558095,234.8885970713019,235.8788,236.86900292869814,0.8395862016409483,0.25671653454233334,0.2842883756878791,0,0,,
2022-09-29 17:25:00,235.397,235.757,235.236,235.506,2.25,235.78529016515165,234.87170364502182,235.82779999999997,236.7838963549781,0.8108427886603221,0.3317115224190327,0.20267842606403974,0,0,,
2022-09-29 17:30:00,235.507,235.957,235.236,235.897,2.346,235.79388322937078,234.94465699009532,235.78030000000004,236.61594300990475,0.7088319167502242,0.5698264681309658,-0.03744464006510384,1,2,236.65699999999998,234.736
2022-09-29 17:35:00,235.896,236.207,235.806,236.107,2.0472,235.81796913480383,235.01658502403382,235.74935,236.48211497596617,0.6216475048318706,0.7440414128202787,-0.19561670733986602,1,2,236.90699999999998,235.306
2022-09-29 17:40:00,236.106,236.117,235.696,235.757,1.9236,235.8132792013574,235.0812684183834,235.70835000000002,236.33543158161666,0.5320826195734144,0.5387908060340088,-0.33480184613642905,1,2,236.81699999999998,236.617
2022-09-29 17:45:00,235.757,235.847,235.556,235.586,1.8888,235.7957961858684,235.09887073821804,235.67485000000002,236.250829261782,0.4887914529547647,0.4228704869294068,-0.3715724109470102,1,2,236.547,236.347
2022-09-29 17:50:00,235.586,235.767,235.096,235.237,2.3184,235.75281186387852,235.05298420350837,235.63540000000003,236.2178157964917,0.4943364167622177,0.15797630970870896,-0.4004523835964733,1,2,236.46699999999998,236.267
2022-09-29 17:55:00,235.237,235.347,234.946,234.996,2.3304,235.6945955666571,234.9580543948141,235.5909,236.2237456051859,0.5372411287413108,0.029980144347185468,-0.3164017958462182,1,2,236.047,235.847
2022-09-29 18:00:00,234.966,235.127,234.696,235.047,2.622,235.6447805230681,234.88508826570998,235.55695,236.22881173429002,0.5704452653933741,0.12049483251275911,-0.2512263904533256,1,0,,235.627
2022-09-29 18:05:00,235.047,235.386,234.916,235.156,2.3484,235.60718202129365,234.84059800425524,235.53395,236.22730199574477,0.5887490917931474,0.22744724013231976,-0.2161610694992362,1,2,236.08599999999998,235.886
2022-09-29 18:10:00,235.196,235.206,234.936,234.937,2.01,235.55562955811723,234.77621809621186,235.48049999999998,236.1847819037881,0.5981657961386311,0.11414598538124596,-0.16663706000409206,1,2,235.90599999999998,235.706
2022-09-29 18:15:00,234.957,235.047,234.546,234.577,2.5332000000000003,235.480350361339,234.63605013014745,235.414,236.19194986985252,0.6609206503033248,-0.03795240055676594,-0.08590538310230045,1,2,235.74699999999999,235.547
2022-09-29 18:20:00,234.587,234.817,234.516,234.716,2.3304,235.42155417969752,234.55920872860273,235.352,236.14479127139728,0.6737068488028802,0.09888559388459238,-0.04164919556185964,1,0,,235.317
2022-09-29 18:25:00,234.737,235.357,234.636,235.167,2.502,235.40197308895156,234.55348812137498,235.31904999999998,236.08461187862497,0.6506586514138938,0.40069385359608845,-0.1420723533856858,1,2,236.057,235.857
2022-09-29 18:30:00,235.176,235.246,234.836,234.947,2.2956,235.36697515903222,234.52584461425013,235.27759999999998,236.02935538574982,0.6390369382804361,0.2801146448254471,-0.15354939559315994,1,2,235.946,235.746
2022-09-29 18:35:00,234.956,235.807,234.926,235.646,2.4372,235.38843860833745,234.53192913302385,235.29959999999997,236.0672708669761,0.6525050335624186,0.7256175236690291,-0.232309649477088,1,2,236.50699999999998,234.426
2022-09-29 18:40:00,235.626,235.717,235.246,235.336,2.46,235.3844048692346,234.54551194224499,235.3096,236.073688057755,0.6494321164584901,0.5172754957573807,-0.22383717141693182,1,2,236.417,236.217
2022-09-29 18:45:00,235.337,235.587,235.186,235.206,2.3856,235.370681417755,234.551491473028,235.31305000000003,236.07460852697207,0.6472726667492843,0.4297164983329153,-0.19534287085014057,1,2,236.28699999999998,236.087
2022-09-29 18:50:00,235.206,235.287,234.676,234.847,2.2524,235.33039823177387,234.49927978314878,235.27655,236.0538202168512,0.6607290160036833,0.2236803940976124,-0.19699295260699046,1,2,235.987,235.787
2022-09-29 18:55:00,234.856,235.106,234.757,234.887,2.0412000000000003,235.2962906754836,234.45768344744272,235.2476,236.0375165525573,0.6715618374489575,0.2717480417187147,-0.1498858388572728,1,2,235.80599999999998,235.606
2022-09-29 19:00:00,234.917,235.386,234.886,235.287,2.4216,235.2955760081387,234.45489382624118,235.2421,236.0293061737588,0.6692732072692926,0.5285185771509008,-0.1675817041876826,1,2,236.08599999999998,235.886
2022-09-29 19:05:00,235.306,235.747,235.266,235.537,2.2536,235.31414708443575,234.4542524385622,235.24365000000003,236.03304756143785,0.6711318766205365,0.68580624917669,-0.19261289956136807,1,2,236.447,234.766
2022-09-29 19:10:00,235.537,236.177,235.367,236.166,2.5284,235.37967423178688,234.41614960907077,235.25709999999998,236.0980503909292,0.714920307127146,1.0404004860475347,-0.27621383568913416,1,1,234.667,234.867
2022-09-29 19:15:00,236.146,236.437,235.926,236.356,2.6064000000000003,235.45477621395713,234.37309710664533,235.26954999999998,236.16600289335463,0.7620645284140247,1.105971606569515,-0.303855216442912,1,1,235.226,235.426
2022-09-29 19:20:00,236.346,236.367,235.977,236.077,2.01,235.50263958211428,234.34455191817204,235.28555,236.22654808182796,0.7998774950930531,0.9205375203648392,-0.28018068417932795,1,1,235.27700000000002,235.477
2022-09-29 19:25:00,236.076,236.146,235.706,235.947,2.3424,235.5368211527209,234.32706359002657,235.30360000000002,236.28013640997347,0.8300224985707386,0.8294296011028812,-0.25709437831886817,1,1,235.006,235.206
2022-09-29 19:30:00,235.937,236.797,235.816,236.646,2.6316,235.62214260251162,234.2368204761115,235.37404999999998,236.51127952388848,0.9663168254006702,1.059231875923721,-0.22316737980460744,1,1,235.116,235.316
2022-09-29 19:35:00,236.656,237.367,236.366,237.067,3.018,235.73328547924152,234.13781189734965,235.4776,236.81738810265034,1.1379325274678742,1.0931534982494204,-0.13939719116717697,1,0,,235.866
2022-09-29 19:40:00,237.046,237.156,236.306,236.747,2.8464000000000005,235.81126351929987,234.13035555158936,235.56260000000003,236.9948444484107,1.2160202412527887,0.91347690379051,-0.10386605551946104,1,1,235.60600000000002,235.806
2022-09-29 19:45:00,236.757,237.557,236.596,237.397,3.0528,235.93324324858452,234.04952129432687,235.67465,237.29977870567316,1.3791289862300833,1.0299118752833052,-0.010387940739832402,1,0,,236.096
2022-09-29 19:50:00,237.396,237.987,237.336,237.617,2.5812,236.06276299869342,234.01562503921375,235.80865,237.60167496078626,1.5207457069842476,1.0042735153020443,0.13828609022209548,0,0,,
2022-09-29 19:55:00,237.617,237.806,237.086,237.427,2.568,236.16770430648623,234.11972091046306,235.95115,237.78257908953697,1.5523798799344302,0.9029230529403472,0.1855129685503698,0,0,,
2022-09-30 13:30:00,237.756,239.747,237.276,239.387,2.7708,236.41534243675653,233.906138164104,236.18469999999996,238.46326183589593,1.929474547585827,1.2027020179026293,0.22505915500329365,0,0,,
2022-09-30 13:35:00,239.387,239.477,237.796,238.227,3.4235999999999995,236.55470071085222,233.94494776878145,236.33769999999998,238.73045223121852,2.0248586926406897,0.8947964138012466,0.17312599612517943,0,0,,
2022-09-30 13:40:00,238.217,240.476,237.817,239.836,3.3204,236.80710834847898,233.8349602886767,236.58215,239.3293397113233,2.322398127942705,1.0922142884032287,0.14375883195313577,0,0,,
2022-09-30 13:45:00,239.797,240.077,238.457,238.916,3.8208,236.96933078321138,233.85528356821317,236.74565,239.63601643178686,2.4417482912880084,0.8754454757243806,0.1675384933090811,0,0,,
2022-09-30 13:50:00,238.927,239.606,238.336,239.217,3.4896,237.14222841527203,233.93508887041935,236.9397,239.94431112958063,2.536182099986316,0.8789675105673116,0.2578787090531307,0,0,,
2022-09-30 13:55:00,239.216,239.577,238.587,238.776,3.031200000000001,237.26790315255883,234.12262068374085,237.11819999999997,240.1137793162591,2.526654905662345,0.7767077458109665,0.32548331673422126,0,0,,
2022-09-30 14:00:00,238.766,239.356,238.196,239.136,3.0648,237.4116029100543,234.4048225272826,237.33265,240.2604774727174,2.4672774459960825,0.8079672584543118,0.3133525207663297,0,0,,
2022-09-30 14:05:00,239.167,239.437,238.717,239.037,3.39,237.53663345543475,234.750047903302,237.54014999999998,240.33025209669796,2.3491625282698347,0.7682428721464191,0.33266285445651533,0,0,,
2022-09-30 14:10:00,239.057,239.457,238.106,238.177,3.7644,237.58589242040134,235.0833181661122,237.68465,240.2859818338878,2.1888934215043316,0.5946342165167275,0.20444870995507358,0,0,,
2022-09-30 14:15:00,238.176,238.737,237.526,238.577,2.9808,237.66213146498586,235.40533576485936,237.83665000000002,240.26796423514068,2.0445244541921195,0.652253046788324,0.09905331348727486,0,0,,
2022-09-30 14:20:00,238.597,239.136,238.306,238.856,2.6796,237.7539675061408,235.62838912658648,237.97115,240.3139108734135,1.9689452888835564,0.6888476988927028,0.11194384906042387,0,0,,
2022-09-30 14:25:00,238.897,239.337,238.206,238.596,3.1272,237.8187392364377,235.84826787559234,238.08315000000002,240.3180321244077,1.8773962999125942,0.6147375949717951,0.053585769040608966,0,0,,
2022-09-30 14:30:00,238.596,239.287,238.296,239.127,3.1476,237.91937467978866,236.15847159889992,238.23565,240.31282840110006,1.7438014848743844,0.7145578828298906,-0.03205163470823891,1,1,237.596,237.796
2022-09-30 14:35:00,239.126,239.407,238.826,238.906,2.7684,237.99526893518956,236.57545084686126,238.38359999999997,240.1917491531387,1.5170080098955756,0.6444571093853662,-0.12676135544978706,1,0,,238.326
2022-09-30 14:40:00,238.906,239.406,238.557,239.146,3.1884,238.08378670940576,236.85956896330117,238.50859999999997,240.15763103669877,1.3827853894566497,0.6932650101225585,-0.21092609011935792,1,1,237.857,238.057
2022-09-30 14:45:00,239.147,239.287,238.437,238.817,3.3012,238.1401877317592,237.08214545643014,238.59609999999998,240.11005454356982,1.26905221298239,0.5729546342518171,-0.27263999974181274,1,1,237.73700000000002,237.937
2022-09-30 14:50:00,238.826,239.267,238.736,238.806,3.3984,238.19140406008543,237.44420300136014,238.69905,239.95389699863986,1.051405104997161,0.5426147570643814,-0.37977901673735914,1,0,,238.236
2022-09-30 14:55:00,238.806,238.957,238.496,238.947,3.2340000000000004,238.24952682469427,237.6702747223248,238.77655,239.88282527767518,0.9266197017045392,0.5770377877187187,-0.40659587909468087,1,1,237.79600000000002,237.996
2022-09-30 15:00:00,238.977,239.457,238.606,239.226,3.5748000000000006,238.32464014587163,237.8723955108801,238.85700000000003,239.84160448911996,0.8244300892332493,0.687384886051959,-0.5086337003384926,1,1,237.906,238.106
2022-09-30 15:05:00,239.226,239.867,239.146,239.816,2.8452,238.43936013465074,238.1473969317379,238.97644999999997,239.80550306826206,0.6938366255437171,1.006330675405346,-0.6311886269622278,1,0,,238.646
2022-09-30 15:10:00,239.827,240.517,239.666,240.306,2.4912,238.5829478166007,238.02304332693743,239.0224,240.02175667306258,0.8362033625824012,1.142213153020908,-0.5645834321403527,1,0,,239.166
2022-09-30 15:15:00,240.316,240.347,239.956,240.137,2.785200000000001,238.7024902922468,238.07666651994165,239.11790000000002,240.1591334800584,0.8708954704422934,0.9893715096170623,-0.45888851988715373,1,0,,239.456
2022-09-30 15:20:00,240.136,240.396,239.876,240.307,2.6772,238.82591411592014,238.01823720182043,239.14145,240.26466279817956,0.9393710694482832,1.0188464741004768,-0.42278567796162747,1,0,,239.376
2022-09-30 15:25:00,240.306,240.336,239.927,239.956,2.568,238.9128437993109,238.02156101635254,239.19344999999998,240.36533898364743,0.9798671189762503,0.8253507843493006,-0.33035249476606054,1,0,,239.427
2022-09-30 15:30:00,239.946,240.157,239.776,239.867,2.0904000000000003,238.98624043013317,238.01776053224498,239.22595,240.43413946775505,1.0100822822566144,0.7652936551380178,-0.25520044128572295,1,0,,239.276
2022-09-30 15:35:00,239.897,239.917,239.196,239.317,2.6088,239.01168347396907,238.0622179040672,239.25300000000001,240.44378209593282,0.9954166475929693,0.5268730946739077,-0.25219210748502974,1,1,238.496,238.696
2022-09-30 15:40:00,239.336,239.487,238.536,238.537,2.8116000000000003,238.97516936058685,237.99253490866866,239.22305,240.45356509133134,1.028759637778501,0.2212346257136388,-0.21793537842768274,1,1,237.836,239.987
2022-09-30 15:45:00,238.536,238.687,238.047,238.107,2.5092,238.90838710208018,237.85454054844743,239.17655,240.49855945155255,1.105467447835133,0.09548322489528378,-0.050607640134188614,1,2,239.387,239.187
2022-09-30 15:50:00,238.107,238.146,237.816,237.857,2.5944000000000003,238.82751117115095,237.78392100495657,239.16055,240.53717899504343,1.1512174520784741,0.026542734210362087,0.1815516263744712,0,0,,
2022-09-30 15:55:00,237.886,237.887,237.556,237.606,2.406,238.73354877337013,237.59512887825153,239.112,240.62887112174846,1.2687536566533388,0.003583403228065437,0.47206540723846047,0,0,,
2022-09-30 16:00:00,237.556,237.606,236.866,237.197,2.8176,238.61535271388013,237.29881504774798,239.02905,240.75928495225205,1.447719389967063,-0.029422318516758774,0.7434131153144392,0,0,,
2022-09-30 16:05:00,237.187,237.357,236.856,236.877,2.466,238.4816332743509,236.98021417550717,238.94309999999996,240.90598582449275,1.6429734313255224,-0.02629143636865195,1.0936255910729926,0,0,,
2022-09-30 16:10:00,236.876,237.367,236.826,237.156,2.4864,238.37966148401622,236.73598323795645,238.84455000000003,240.9531167620436,1.7656394186457927,0.09959769109622302,1.290695598473377,0,0,,
2022-09-30 16:15:00,237.197,237.397,236.926,236.977,2.3772,238.27176444678423,236.48853438687985,238.74810000000002,241.0076656131202,1.89284489645796,0.10808838882214315,1.511284560366164,0,0,,
2022-09-30 16:20:00,236.967,237.197,236.406,236.957,2.64,238.17062872010854,236.25796469740425,238.63865,241.01933530259578,1.9952218993828241,0.14681388208545612,1.6141333977230943,0,0,,
2022-09-30 16:25:00,236.947,237.406,236.886,237.037,2.598,238.08342651086943,236.0712082899742,238.54965,241.02809171002582,2.0779252537371615,0.19483849592245236,1.7493852246648203,0,0,,
2022-09-30 16:30:00,237.056,237.267,236.746,237.196,2.2152,238.01516293311025,235.92551423401542,238.46914999999998,241.01278576598455,2.133303839079027,0.24973814705990527,1.8331941839912815,0,0,,
2022-09-30 16:35:00,237.206,237.507,236.996,237.386,2.5536,237.96676578440946,235.81531073066992,238.3911,240.96688926933007,2.1609777121126363,0.3048947536260582,1.8607825999075658,0,0,,
2022-09-30 16:40:00,237.397,237.457,237.146,237.317,2.0964,237.9167838009934,235.70922889932902,238.29565000000002,240.88207110067103,2.170766525256339,0.3108100031069725,1.8871174473840142,0,0,,
2022-09-30 16:45:00,237.326,237.606,237.156,237.497,1.9896,237.88449273937852,235.6695063740029,238.1797,240.6898936259971,2.107814919572986,0.3640144742362647,1.7518879396898228,0,0,,
2022-09-30 16:50:00,237.506,237.627,237.036,237.036,2.1972,237.81922406711865,235.66003306194216,238.01619999999997,240.37236693805778,1.9798374548100601,0.2919926673769671,1.5029332218749971,0,0,,
2022-09-30 16:55:00,236.987,237.197,236.816,236.926,1.8576,237.75051452349416,235.66782777001947,237.85565000000003,240.04347222998058,1.839621829441978,0.28753986789678504,1.286556010577101,0,0,,
2022-09-30 17:00:00,236.927,236.996,236.347,236.576,2.3808,237.66016725245615,235.72666854432455,237.66910000000001,239.61153145567548,1.6345679397746369,0.2186258498836175,0.9387024952627883,0,0,,
2022-09-30 17:05:00,236.576,236.937,236.506,236.597,2.1084,237.57838515611337,235.81470150982966,237.50115,239.18759849017033,1.4201602730515914,0.23193666890215364,0.630372287892186,0,0,,
2022-09-30 17:10:00,236.607,236.917,236.236,236.286,2.0376000000000003,237.47897091333542,235.94669403811162,237.3221,238.6975059618884,1.1591048300081535,0.12334756838720137,0.22687273125578145,0,0,,
2022-09-30 17:15:00,236.256,236.636,236.106,236.267,2.3436,237.38574238154038,236.06260471545792,237.1696,238.27659528454208,0.9335052085445016,0.09231985329848245,-0.0851204955540652,1,0,,237.136
2022-09-30 17:20:00,236.287,236.696,236.256,236.507,2.2164,237.31814681372958,236.1204287700903,237.06810000000002,238.01577122990972,0.7994928291994592,0.2039585130945283,-0.25311447589155023,1,0,,237.196
2022-09-30 17:25:00,236.506,236.807,236.326,236.667,2.2584,237.26805859728887,236.1632384508823,236.99609999999998,237.82896154911768,0.7028483161686583,0.3024281464616658,-0.37898266089300137,1,2,237.50699999999998,237.307
2022-09-30 17:30:00,236.676,236.786,236.326,236.356,2.2356,237.19790024365128,236.14333270560644,236.92105,237.69876729439358,0.6565202158217416,0.13672532160891687,-0.42042032418751774,1,2,237.486,237.286
2022-09-30 17:35:00,236.326,236.357,235.696,235.757,2.6136,237.08706176337043,235.96382988025775,236.8286,237.69337011974224,0.7302919662086812,-0.11958662512494699,-0.3267520113549267,1,0,,236.857
2022-09-30 17:40:00,235.766,235.766,235.337,235.337,2.502,236.95244162772656,235.6720861260899,236.73559999999998,237.79911387391004,0.898482419974071,-0.15753726129493567,-0.04718710184454267,1,0,,236.266
2022-09-30 17:45:00,235.336,235.427,235.016,235.106,2.2524,236.81040765636297,235.37158232498848,236.64705000000004,237.9225176750116,1.0779493553894333,-0.10411174277156028,0.25891203028126597,0,0,,
2022-09-30 17:50:00,235.106,235.806,235.096,235.636,2.256,236.7200686058735,235.24577561708918,236.57104999999996,237.89632438291073,1.1204028412696967,0.14722399675972886,0.2905859424404582,0,0,,
2022-09-30 17:55:00,235.636,235.777,235.546,235.606,2.0124,236.63437102080633,235.12741418449622,236.50249999999997,237.87758581550372,1.162850976631327,0.17402034480606254,0.4182986550782175,0,0,,
2022-09-30 18:00:00,235.617,235.807,235.437,235.667,2.5476,236.5599578653597,235.03353640132622,236.43800000000002,237.84246359867382,1.1880185069014286,0.22551798397336498,0.48339426305074085,0,0,,
2022-09-30 18:05:00,235.686,235.967,235.427,235.867,2.2404,236.5066534141782,234.98226093670414,236.3795,237.77673906329588,1.18219986360566,0.3166026081495643,0.456914426303598,0,0,,
2022-09-30 18:10:00,235.897,236.097,235.757,235.836,2.016,236.45506469001066,234.94785598486996,236.31150000000002,237.6751440151301,1.1541071976015245,0.3256509782889862,0.43187410547039917,0,0,,
2022-09-30 18:15:00,235.817,236.237,235.757,235.937,2.1432,236.41521356000985,234.9601172457083,236.23905,237.5179827542917,1.0827445795195183,0.38191325971346274,0.3076909312662508,0,0,,
2022-09-30 18:20:00,235.946,236.096,235.676,235.907,2.0928,236.37612020923987,234.98303568545114,236.16855,237.35406431454888,1.0039561275613271,0.3896892273715273,0.18789552228776074,0,0,,
2022-09-30 18:25:00,235.906,235.997,235.416,235.707,2.2812,236.32464942391374,235.04800538893775,236.07905,237.11009461106224,0.8734740427515633,0.3195761870979113,-0.027772391459706114,1,2,236.697,236.497
2022-09-30 18:30:00,235.686,236.137,235.607,236.107,2.5872,236.30790716053576,235.0990968344989,236.0326,236.9661031655011,0.790995112964136,0.5398498916498371,-0.17453840820923006,1,2,236.837,236.637
2022-09-30 18:35:00,236.077,236.117,235.536,235.766,2.7108,236.26622199434073,235.13047053125683,235.9746,236.8187294687432,0.7154409574108199,0.3764407548106319,-0.30166052651856035,1,2,236.81699999999998,236.617
2022-09-30 18:40:00,235.747,235.777,235.056,235.257,2.6028,236.1885895332376,235.05670486678966,235.90865,236.76059513321033,0.7222669734325857,0.11755166230927677,-0.31966248155026733,1,2,236.47699999999998,236.277
2022-09-30 18:45:00,235.267,235.296,234.687,235.147,2.406,236.1084672614501,234.98406871866536,235.83615,236.68823128133465,0.7226044703788186,0.09560782809324854,-0.3239065605916096,1,0,,235.796
2022-09-30 18:50:00,235.147,235.357,234.846,235.207,2.5836,236.03912362595395,234.91439066610172,235.78220000000002,236.6500093338983,0.7361109819980416,0.16859079665796914,-0.2875439516540439,1,0,,235.857
2022-09-30 18:55:00,235.206,235.227,234.797,234.846,2.4924,235.94734488549597,234.78314757004568,235.71115,236.63915242995432,0.7874064760655731,0.03386436712100671,-0.18111006649780848,1,0,,235.727
2022-09-30 19:00:00,234.856,235.837,234.726,235.617,2.7264,235.92193374045783,234.8132070259231,235.66664999999998,236.52009297407685,0.7242798029138787,0.47091194051149715,-0.3971921417607689,1,2,236.53699999999998,236.337
2022-09-30 19:05:00,235.607,235.897,235.326,235.437,2.736,235.884631145038,234.88151769696117,235.60515,236.32878230303885,0.6142754545381037,0.38381530281756104,-0.5562851827189945,1,2,236.59699999999998,236.397
2022-09-30 19:10:00,235.437,235.717,234.887,235.057,2.6712,235.82096721080433,234.8663244625293,235.54019999999997,236.21407553747065,0.572195775897854,0.14147682091738845,-0.6549855210721489,1,2,236.417,236.217
2022-09-30 19:15:00,235.056,235.407,234.846,235.037,2.7228,235.7606620407425,234.80408155287734,235.5042,236.20431844712266,0.5945698183919117,0.1663421725851649,-0.5971177487017769,1,2,236.107,235.907
2022-09-30 19:20:00,235.066,235.247,234.746,235.167,2.3616,235.71499572991615,234.78364210909407,235.49570000000003,236.20775789090598,0.604731119002133,0.26919011487828587,-0.5334462862685143,1,2,235.947,235.747
2022-09-30 19:25:00,235.167,235.826,234.846,235.756,2.4144,235.718149904538,234.83107774386306,235.52819999999997,236.22532225613688,0.5919650013347935,0.663385975698424,-0.6087196184495838,1,2,236.52599999999998,234.346
2022-09-30 19:30:00,235.777,236.137,234.906,235.057,3.0852,235.66729221957354,234.77488217216566,235.49925000000002,236.22361782783437,0.6151763352404362,0.19473381961052497,-0.6756581539343358,1,2,236.837,236.637
2022-09-30 19:35:00,235.056,235.217,234.707,234.747,2.658,235.5965005103756,234.66369237954615,235.4563,236.24890762045385,0.6732524213230654,0.05255287629341953,-0.5425325535273657,1,2,235.917,235.717
2022-09-30 19:40:00,234.747,235.296,234.746,234.926,3.042,235.544923548039,234.60065318226762,235.41925,236.2378468177324,0.6954374527421903,0.19872225904421315,-0.4806942920601216,1,2,235.99599999999998,235.796
2022-09-30 19:45:00,234.907,235.267,234.746,234.907,2.958,235.49585250588217,234.55072044538196,235.37125,236.19177955461805,0.697221563481562,0.21710342583814757,-0.4534719256703852,1,2,235.96699999999998,235.767
2022-09-30 19:50:00,234.927,234.936,233.616,233.657,2.7996,235.35440231312202,234.18048650405814,235.26229999999995,236.34411349594177,0.9196658333628602,-0.24194859188846818,-0.2679711767001436,1,2,235.636,235.436
2022-09-30 19:55:00,233.657,233.797,232.806,232.837,2.4588,235.1607559813434,233.63774481559818,235.10729999999998,236.57685518440178,1.2501144663749688,-0.27244462273260833,0.1355404805829039,0,0,,
2022-10-03 13:30:00,235.636,236.327,234.796,235.287,1.8372,235.17046705970162,233.65001011361568,235.0763,236.50258988638433,1.213469742704241,0.5738629650295466,-0.49355198849940507,1,1,234.096,234.296
2022-10-03 13:35:00,235.287,235.536,234.796,235.196,1.1508,235.1724311320323,233.65253658638883,235.05075000000002,236.4489634136112,1.1897119354957923,0.551941283993563,-0.5166887589026317,1,2,236.236,234.296
2022-10-03 13:40:00,235.276,235.867,234.747,235.516,1.3608,235.19885950649137,233.69016031614294,235.0212,236.35223968385705,1.1326975471634533,0.6858697400238953,-0.6886837103221524,1,1,234.04700000000003,234.247
2022-10-03 13:45:00,235.597,237.116,235.496,236.427,1.4291999999999998,235.2933318521459,233.62190690213473,235.05425,236.48659309786527,1.2187340563850864,0.979197338279463,-0.8044328302016197,1,1,234.79600000000002,234.996
2022-10-03 13:50:00,236.376,236.507,235.496,235.907,2.4156,235.34053709428855,233.60871185773092,235.08675,236.56478814226907,1.2574406190642995,0.7774793073813289,-0.7869972212200196,1,1,234.79600000000002,234.996
2022-10-03 13:55:00,235.866,235.887,234.646,234.886,2.6196,235.30557270242022,233.59341298728853,235.0737,236.55398701271147,1.2594237574951783,0.4366001328160703,-0.8031521256834253,1,0,,236.387
2022-10-03 14:00:00,234.887,236.916,234.887,236.507,3.0024,235.39799018684946,233.53194375215088,235.13869999999997,236.74545624784906,1.3666455141999947,0.9257957614391508,-0.9173839249843923,1,0,,234.387
2022-10-03 14:05:00,236.466,236.827,235.997,236.436,2.9328000000000003,235.47783709555335,233.52236762620774,235.21820000000002,236.9140323737923,1.4419227541000528,0.8590567142189566,-0.790061115914142,1,0,,235.497
2022-10-03 14:10:00,236.406,236.446,235.696,235.866,2.8596,235.5076957805108,233.51970052383132,235.23065000000003,236.94159947616873,1.454699441734066,0.6856717597011438,-0.7302946335657055,1,1,234.996,235.196
2022-10-03 14:15:00,235.866,236.557,235.767,236.286,3.0528,235.56756533585613,233.5026828853059,235.27310000000003,237.04351711469417,1.5049889806307142,0.7860625305734698,-0.6468632703036405,1,1,235.067,235.267
2022-10-03 14:20:00,236.287,236.677,235.936,236.656,3.252,235.65129107925185,233.48705123526256,235.35305000000002,237.2190487647375,1.5857017911919722,0.8491293843871585,-0.5139620597843475,1,1,235.23600000000002,235.436
2022-10-03 14:25:00,236.666,237.287,236.517,237.117,2.7804,235.76403791930943,233.44682270190623,235.45705000000004,237.46727729809385,1.707510816171195,0.9128761960336509,-0.35373249552114316,1,0,,236.017
2022-10-03 14:30:00,237.107,237.617,237.107,237.407,2.9664,235.8904196178241,233.39316558441138,235.56904999999998,237.74493441558857,1.8473432019941485,0.922345503932214,-0.13378873101547128,1,0,,236.607
2022-10-03 14:35:00,237.436,237.686,237.207,237.346,2.388,236.00238733952995,233.33906689982345,235.64855000000003,237.9580331001766,1.9601080508889854,0.8674956530035209,0.0388073961062787,0,0,,
2022-10-03 14:40:00,237.377,237.797,237.256,237.717,2.4804,236.13428062110458,233.32214621249352,235.78154999999998,238.24095378750644,2.086171532510886,0.8934795111384181,0.23794005525235207,0,0,,
2022-10-03 14:45:00,237.707,238.146,237.596,237.996,2.5524,236.27748980409655,233.35367067730746,235.94400000000002,238.53432932269257,2.1957153584685805,0.8960886328281634,0.4272216601769401,0,0,,
2022-10-03 14:50:00,237.957,238.056,237.706,237.867,2.6916,236.39975981916606,233.416048656075,236.09105,238.766051343925,2.266076027807919,0.8319531042541758,0.6151444111727642,0,0,,
2022-10-03 14:55:00,237.837,238.007,237.366,237.426,2.4612,236.47870137153794,233.5396501909537,236.217,238.89434980904633,2.266856161111452,0.7257829731316702,0.6903863936990717,0,0,,
2022-10-03 15:00:00,237.407,237.607,236.906,236.916,2.4516,236.5123397275735,233.96148118895445,236.37995,238.79841881104556,2.0462554552918357,0.6108242532530826,0.5835947685885117,0,0,,
2022-10-03 15:05:00,236.927,237.527,236.816,237.466,2.5788,236.58569821006787,234.77833781883982,236.6114,238.4444621811602,1.5494284562452927,0.7331072041045299,0.1655261427466712,0,0,,
2022-10-03 15:10:00,237.486,237.747,237.246,237.437,2.3172,236.65118296313958,234.95838644992446,236.7189,238.47941355007552,1.4874296476331461,0.7039461724021417,0.1852333248442335,0,0,,
2022-10-03 15:15:00,237.467,237.717,237.366,237.556,2.4216,236.7207842736673,235.1876533962444,236.8369,238.48614660375563,1.3927277411210957,0.7180086344766407,0.19541211426061977,0,0,,
2022-10-03 15:20:00,237.557,237.736,237.456,237.657,2.4552,236.79280086800063,235.37559640785338,236.94395,238.51230359214662,1.323818221268466,0.7273243749274839,0.22859143498450862,0,0,,
2022-10-03 15:25:00,237.667,238.117,237.577,237.916,2.346,236.87920080123138,235.41431441624857,237.01839999999999,238.6224855837514,1.353553634444763,0.7797855703873445,0.2709364891761368,0,0,,
2022-10-03 15:30:00,237.927,237.997,237.546,237.596,2.8704,236.93433920113668,235.56523961046733,237.10285000000005,238.64046038953276,1.2969986565178073,0.6603624700239659,0.2749635896789755,0,0,,
2022-10-03 15:35:00,237.616,237.627,237.136,237.356,2.8440000000000003,236.9667746472031,236.0717206612082,237.22635,238.3809793387918,0.9734410522202167,0.5561435586487273,0.018101281781213174,0,0,,
2022-10-03 15:40:00,237.356,237.357,236.726,236.887,2.6256,236.96063813587978,236.12675100572244,237.24535,238.36394899427756,0.9429891833728771,0.33982195503785567,0.021440276029892402,0,0,,
2022-10-03 15:45:00,236.887,237.266,236.776,237.217,2.5931999999999995,236.98035827927367,236.22878863211943,237.2844,238.34001136788058,0.8897435886055493,0.4680753722199317,0.011360622799372777,0,0,,
2022-10-03 15:50:00,237.217,237.556,237.166,237.267,2.2308,237.0024076424065,236.52235854469077,237.35444999999999,238.1865414553092,0.7011382810048102,0.4474516896898714,-0.11528540928810571,1,1,236.466,236.666
2022-10-03 15:55:00,237.267,237.517,236.997,237.216,2.5968,237.01883782375987,236.72327471640284,237.40095000000002,238.0786252835972,0.5709120233909611,0.36354083992979797,-0.21883711770510672,1,2,238.21699999999998,236.497
2022-10-03 16:00:00,237.217,237.507,237.136,237.367,2.628,237.0456195296245,236.85047184368113,237.43649999999997,238.0225281563188,0.4936293757015728,0.44070250784830495,-0.25698544485948105,1,2,238.207,236.636
2022-10-03 16:05:00,237.377,237.847,237.256,237.786,2.5548,237.10257187349956,236.8843158223785,237.46994999999998,238.05558417762145,0.4932280295856145,0.7698356858915252,-0.28949955677794037,1,1,236.556,236.756
2022-10-03 16:10:00,237.776,237.997,237.686,237.727,2.4108,237.15060480630729,236.89066369073498,237.48595,238.08123630926502,0.5013233913543268,0.7024656003743959,-0.2642204028106221,1,0,,237.186
2022-10-03 16:15:00,237.736,237.797,237.297,237.456,2.0928,237.17409674428367,236.89941369199317,237.49145,238.0834863080068,0.4985748396473317,0.47006095781579205,-0.27249833625211295,1,1,236.597,236.797
2022-10-03 16:20:00,237.456,237.547,237.146,237.507,2.5068,237.1997046870311,236.89790644245193,237.48095000000004,238.06399355754814,0.49102343370961665,0.5223396688486863,-0.28751635868613334,1,2,238.24699999999999,236.646
2022-10-03 16:25:00,237.486,237.656,237.037,237.166,2.3688,237.19711201879795,236.89187882654542,237.43945,237.98702117345456,0.46123015653428373,0.2503064320617643,-0.36948779837643997,1,2,238.356,238.156
2022-10-03 16:30:00,237.166,237.447,236.866,237.427,2.3724,237.21479570965965,236.90620701471957,237.41745,237.92869298528043,0.43067010051740723,0.509339981452021,-0.44995798923332586,1,2,238.147,236.366
2022-10-03 16:35:00,237.427,237.627,237.296,237.546,2.4288,237.24027296276276,236.90913901431284,237.42344999999995,237.93776098568705,0.4332436292094177,0.6191399789334886,-0.4246375150634947,1,2,238.327,236.796
2022-10-03 16:40:00,237.566,237.657,237.436,237.617,2.3004,237.26925196562718,236.9941800671968,237.45850000000002,237.92281993280324,0.3910745943423554,0.6706797283535397,-0.41068347263774285,1,2,238.357,236.936
2022-10-03 16:45:00,237.587,237.816,237.526,237.706,2.4948,237.30284796827127,236.99378520056706,237.4705,237.9472147994329,0.4014939113977748,0.7470030301976566,-0.381764472156533,1,1,236.82600000000002,237.026
2022-10-03 16:50:00,237.707,237.776,237.167,237.457,2.7048,237.3147058168658,236.99498662138578,237.47150000000002,237.94801337861426,0.4013225828061412,0.48478531700180766,-0.4139202480619417,1,2,238.476,236.667
2022-10-03 16:55:00,237.446,237.837,237.386,237.777,2.3964,237.35026690787612,236.98877415004543,237.48255,237.97632584995458,0.4158417954957732,0.7981616051362903,-0.4158045741810099,1,2,238.53699999999998,236.886
2022-10-03 17:00:00,237.777,238.147,237.746,238.066,2.34,237.40532329957796,236.95151291946382,237.50300000000001,238.0544870805362,0.4644043069234417,1.01043806815257,-0.3829642555864723,1,1,237.04600000000002,237.246
2022-10-03 17:05:00,238.066,238.487,237.916,238.367,2.082,237.47929843037966,236.87957059630492,237.52555,238.1715294036951,0.5439241409567045,1.1512978549987563,-0.3679741861301693,1,1,237.216,237.416
2022-10-03 17:10:00,238.376,238.457,238.206,238.397,2.3988,237.549890858812,236.81608965317469,237.5656,238.3151103468253,0.6309923211317662,1.0546287676491446,-0.25863099634995024,1,0,,237.706
2022-10-03 17:15:00,238.396,238.537,238.286,238.286,2.0736000000000003,237.6065146389034,236.80703754279676,237.6121,238.41716245720323,0.6776274922053505,0.9185389555619782,-0.17698447233627235,1,0,,237.786
2022-10-03 17:20:00,238.286,239.077,238.226,238.957,2.532,237.71039812821854,236.78722843645556,237.7156,238.64397156354443,0.7810775258707724,1.1685900606759518,-0.1468280393722523,1,0,,237.726
2022-10-03 17:25:00,238.956,239.116,238.736,238.896,1.9488,237.80159827220174,236.76870966803887,237.79955,238.83039033196115,0.8669825758384693,1.031823390104465,-0.04280930877300193,1,0,,238.236
2022-10-03 17:30:00,238.907,239.366,238.896,239.326,2.0124,237.91885994357085,236.70687254966376,237.9025,239.09812745033625,1.0051407196950402,1.0952941276146089,0.09228015633868836,0,0,,
2022-10-03 17:35:00,239.327,239.407,239.126,239.226,1.704,238.0194091786808,236.72034728004914,238.00300000000001,239.2856527199509,1.0778458422380177,0.97674634800869,0.20531469204831865,0,0,,
2022-10-03 17:40:00,239.227,239.457,239.206,239.386,1.4388,238.1245315495515,236.72334397727042,238.10395,239.48455602272958,1.1596666268909694,0.9643069705958808,0.32729780700822175,0,0,,
2022-10-03 17:45:00,239.377,239.637,239.346,239.616,2.0148,238.2392598918937,236.6757050904849,238.19545,239.71519490951508,1.2760486478772648,0.9673646185968426,0.458818428624312,0,0,,
2022-10-03 17:50:00,239.596,239.637,239.456,239.486,1.5048,238.33516297713265,236.6809336009773,238.28340000000003,239.88586639902275,1.345008841591749,0.8752340768996408,0.5731448210739529,0,0,,
2022-10-03 17:55:00,239.506,239.556,239.286,239.447,1.5504,238.42068890196862,236.75134570054604,238.38295,240.01455429945395,1.3688934543799836,0.8260747720375927,0.6376157289288358,0,0,,
2022-10-03 18:00:00,239.467,239.677,239.416,239.647,1.8612,238.5150205248941,236.82188423690897,238.48995,240.15801576309102,1.3988562311250616,0.8468238559899215,0.7056427707111368,0,0,,
2022-10-03 18:05:00,239.627,239.957,239.616,239.716,2.1336,238.60740356144072,236.9842049510266,238.61745000000002,240.25069504897343,1.3689233951443258,0.8363089943822251,0.7082623415821274,0,0,,
2022-10-03 18:10:00,239.736,240.297,239.696,240.176,1.9968,238.7280648259453,237.0832837880674,238.7549,240.42651621193258,1.4002780357032147,0.9250676650105693,0.7092675719118802,0,0,,
2022-10-03 18:15:00,240.176,240.426,240.116,240.377,1.8708,238.8549059931803,237.17944417881134,238.89644999999996,240.61345582118858,1.437447748753589,0.931142976258263,0.774326099265096,0,0,,
2022-10-03 18:20:00,240.356,240.716,240.356,240.567,1.6512,238.98660553216646,237.2855891183846,239.04395,240.8023108816154,1.4711611664845754,0.9330880014234589,0.825288752256057,0,0,,
2022-10-03 18:25:00,240.577,241.107,240.436,241.066,1.9476,239.14655895276908,237.35758968172448,239.21195000000003,241.06631031827558,1.550391038805171,0.999916327406135,0.8577664869504531,0,0,,
2022-10-03 18:30:00,241.057,241.226,240.846,240.926,1.8264,239.28343903332532,237.57158188343078,239.38539999999998,241.19921811656917,1.515395773150071,0.9246842574585235,0.8499641739416859,0,0,,
2022-10-03 18:35:00,240.927,241.267,240.856,241.197,1.4436,239.43063603076186,237.73652061938316,239.5564,241.37627938061684,1.5193744609760704,0.9507441585067942,0.8680020039538761,0,0,,
2022-10-03 18:40:00,241.196,241.337,241.066,241.257,1.3463999999999998,239.57112556685712,237.8872111476774,239.71594999999996,241.54468885232254,1.5257548380260664,0.921342281333074,0.913485511532258,0,0,,
2022-10-03 18:45:00,241.257,241.467,241.107,241.246,1.464,239.69996206171427,238.02532191226598,239.85989999999998,241.69447808773398,1.5297080401801235,0.8777707826304857,0.9361512555904028,0,0,,
2022-10-03 18:50:00,241.247,241.517,241.186,241.397,1.344,239.8305034415824,238.18775929193336,240.00989999999996,241.83204070806656,1.518387956552291,0.8806237339024793,0.9498402408890172,0,0,,
2022-10-03 18:55:00,241.336,241.587,241.226,241.316,1.1772,239.94477240761452,238.43652291452605,240.16140000000001,241.88627708547398,1.4364315709968072,0.8346905149716004,0.8940004723133654,0,0,,
2022-10-03 19:00:00,241.317,241.377,241.106,241.247,1.6248,240.04494376087496,238.58227974740709,240.2759,241.96952025259293,1.4097296088312825,0.7866935484838644,0.9013652216380592,0,0,,
2022-10-03 19:05:00,241.247,241.437,241.196,241.277,1.02,240.13971731773074,238.7728299705346,240.39494999999997,242.01707002946534,1.3495458448402335,0.7718818533702246,0.88312023955379,0,0,,
2022-10-03 19:10:00,241.267,241.287,240.876,241.167,1.1976,240.21873906252068,238.9096408145281,240.487,242.0643591854719,1.3118041187023761,0.7155501442737578,0.8489760422185952,0,0,,
2022-10-03 19:15:00,241.167,241.186,240.667,240.827,1.2456,240.26552836540372,239.0947980548519,240.56705000000002,242.03930194514814,1.2239847021012362,0.5882831232985135,0.762050529823739,0,0,,
2022-10-03 19:20:00,240.797,241.177,240.716,241.146,1.1388,240.3332569526804,239.26774664817236,240.65505000000002,242.04235335182767,1.15293932275899,0.6769439969106917,0.6897925474865474,0,0,,
2022-10-03 19:25:00,241.116,241.377,241.096,241.297,1.1976,240.40739103324347,239.41137715241769,240.7391,242.06682284758233,1.1030388063944097,0.7100965578079345,0.6660297388927745,0,0,,
2022-10-03 19:30:00,241.297,241.467,241.096,241.177,1.5528,240.466591722994,239.61594452680217,240.82365,242.0313554731978,1.0029791286676533,0.646289806513996,0.5812093272405718,0,0,,
2022-10-03 19:35:00,241.157,241.427,241.126,241.226,1.5072,240.52500774430214,239.87325012628477,240.91259999999997,241.95194987371517,0.8628439307161153,0.6507673248084255,0.4658176464205326,0,0,,
2022-10-03 19:40:00,241.216,241.217,240.646,240.947,1.824,240.55746868704816,240.11548854549326,240.9776,241.83971145450673,0.7155116944535355,0.48225287470661155,0.29444896314490165,0,0,,
2022-10-03 19:45:00,240.946,241.337,240.786,240.987,1.734,240.59050955727523,240.40179680340864,241.04115000000002,241.6805031965914,0.5304929856096126,0.45765251484725905,0.08345618059738058,0,0,,
2022-10-03 19:50:00,241.047,241.127,240.366,240.896,1.9008,240.61400882210023,240.56910934218655,241.07715,241.58519065781343,0.42147557975813027,0.32171702479516534,-0.09004235665733518,1,1,239.66600000000003,239.866
2022-10-03 19:55:00,240.886,240.916,240.306,240.607,2.01,240.6134696819387,240.63727154460864,241.08865,241.54002845539137,0.3744501911569572,-0.03353233217831746,-0.1496585577012013,1,2,241.61599999999999,241.416
2022-10-04 13:30:00,244.896,246.217,244.816,245.837,2.7168e-06,241.01527970640498,239.2590768264127,241.35215000000002,243.44522317358735,1.734455792987407,1.5713552819353565,0.29198254269405766,0,0,,
2022-10-04 13:35:00,245.846,246.417,245.236,246.207,2.9556e-06,241.4146428059123,238.64032919782778,241.60919999999996,244.57807080217214,2.4575809217299485,1.274334807132067,0.9090435646972423,0,0,,
2022-10-04 13:40:00,246.136,246.237,245.656,246.006,2.5776e-06,241.76782412853447,238.3519114274116,241.8632,245.3744885725884,2.9035327181550548,1.0899258796815534,1.372225833920652,0,0,,
2022-10-04 13:45:00,246.007,247.447,245.886,247.416,2.7552e-06,242.2022991955703,237.9291127905059,242.17415,246.41918720949408,3.5057723621568084,1.1174091935256218,1.7944733030803945,0,0,,
2022-10-04 13:50:00,247.417,248.097,247.156,247.636,2.6988e-06,242.62027618052645,237.65455137877188,242.4931,247.3316486212281,3.990669112835057,1.0314506893075959,2.2409074678062098,0,0,,
2022-10-04 13:55:00,247.646,249.197,247.486,249.127,2.5056e-06,243.12079339740905,237.29419681675347,242.88715000000002,248.48010318324657,4.6053924081587265,1.057831417102792,2.6790516634838752,0,0,,
2022-10-04 14:00:00,249.107,249.897,248.996,249.146,3.2124e-06,243.58427082837758,237.10441470618696,243.27460000000002,249.44478529381308,5.072609548068777,0.9757879804588127,3.1535482045040055,0,0,,
2022-10-04 14:05:00,249.157,249.286,248.606,248.947,3.0612e-06,243.99678845696394,237.08676140516206,243.65614999999997,250.22553859483787,5.392343755606336,0.9026896813622413,3.551847894986821,0,0,,
2022-10-04 14:10:00,248.946,249.746,248.946,249.546,2.4732e-06,244.42365088335134,237.12520924646918,244.07110000000003,251.01699075353088,5.691694554194123,0.8941107191483593,3.9173658346180105,0,0,,
2022-10-04 14:15:00,249.546,250.277,249.496,249.906,2.532e-06,244.84537004617047,237.23972585301803,244.50255,251.765374146982,5.940898487138055,0.8719937238357449,4.249713506060829,0,0,,
2022-10-04 14:20:00,249.897,249.977,249.426,249.767,2.6256e-06,245.22395696569583,237.49435649687143,244.93255,252.37074350312855,6.073666814091112,0.8249747400337595,4.535717208961785,0,0,,
2022-10-04 14:25:00,249.756,249.837,249.277,249.287,2.5044e-06,245.5364987375654,237.9371845877287,245.35555,252.7739154122713,6.047032897581734,0.7649808806598212,4.693939241358521,0,0,,
2022-10-04 14:30:00,249.247,249.877,249.226,249.816,2.4756e-06,245.8656911423681,238.3920562194171,245.78905,253.1860437805829,6.018977477298442,0.7722017970713141,4.816732006899912,0,0,,
2022-10-04 14:35:00,249.827,250.187,249.646,249.816,2.172e-06,246.16956105449364,238.92134892526514,246.215,253.50865107473487,5.924619600540071,0.7468585323798821,4.898511850926411,0,0,,
2022-10-04 14:40:00,249.827,250.036,249.386,249.577,2.2824e-06,246.43167174260952,239.58687500110983,246.635,253.68312499889015,5.715429682640469,0.7087079897464412,4.85709427258729,0,0,,
2022-10-04 14:45:00,249.537,249.776,249.326,249.327,2.4612e-06,246.65438930087035,240.3604002644241,247.04005,253.71969973557592,5.407746424578449,0.6711878684161883,4.760243364159038,0,0,,
2022-10-04 14:50:00,249.326,249.627,249.037,249.487,2.7408e-06,246.87228243157264,241.33020506225074,247.46704999999997,253.6038949377492,4.959726911319493,0.6645756101457622,4.48181536361011,0,0,,
2022-10-04 14:55:00,249.447,249.917,249.416,249.567,2.5392e-06,247.07956839837476,242.47309414641077,247.89604999999997,253.31900585358918,4.375185367890454,0.6540626592870113,4.05912433412999,0,0,,
2022-10-04 15:00:00,249.566,249.887,249.336,249.466,2.6376e-06,247.26314006003824,243.92377622826663,248.32455,252.72532377173334,3.5443726943094074,0.629687420804459,3.3408595398417162,0,0,,
2022-10-04 15:05:00,249.466,249.727,249.267,249.436,2.1672e-06,247.430283132343,246.1349838465005,248.766,251.3970161534995,2.1152538156335687,0.6273272304141599,1.920024705597541,0,0,,
2022-10-04 15:10:00,249.436,249.536,249.066,249.506,2.3532e-06,247.58995366062433,246.6731938215405,248.94944999999998,251.22570617845946,1.8286894616232146,0.6222511783310517,1.6564282017862695,0,0,,
2022-10-04 15:15:00,249.507,249.697,249.297,249.347,1.9248e-06,247.72511107134557,247.2064107925165,249.10645,251.0064892074835,1.5254837500060734,0.563301325323336,1.3821900857315654,0,0,,
2022-10-04 15:20:00,249.346,249.487,249.256,249.406,1.842e-06,247.85441021970362,248.01552296405615,249.27644999999998,250.53737703594382,1.0116696029198402,0.5513709343630068,0.8898683067397144,0,0,,
2022-10-04 15:25:00,249.406,249.407,249.066,249.147,1.7124e-06,247.95384020280338,248.42968869075003,249.363,250.29631130924997,0.7485563690282624,0.38428298368440966,0.631517697112912,0,0,,
2022-10-04 15:30:00,249.166,249.386,248.637,249.106,1.8492e-06,248.04246787951084,248.92058818585565,249.43650000000002,249.9524118141444,0.4136618451143871,0.17969332070040453,0.19816997459182062,0,0,,
2022-10-04 15:35:00,249.127,249.127,248.696,248.767,1.668e-06,248.0982011195485,248.839399835975,249.4185,249.997600164025,0.4643602331222368,-0.06251063328301948,0.2552861187155031,0,0,,
2022-10-04 15:40:00,248.767,248.906,248.517,248.877,2.0124e-06,248.15810872573707,248.78988612754503,249.40505000000002,250.020213872455,0.4933050653585286,0.07080541978784083,0.2862154505083083,0,0,,
2022-10-04 15:45:00,248.877,248.887,248.416,248.677,1.9152e-06,248.1980234391419,248.72690950320955,249.39155,250.05619049679044,0.533009636285143,-0.037546239997845635,0.3331443055053285,0,0,,
2022-10-04 15:50:00,248.696,248.846,248.527,248.546,1.8228e-06,248.22479086690024,248.58658841821324,249.34155,250.09651158178679,0.605564200420486,-0.026881115007988787,0.4248031230050344,0,0,,
2022-10-04 15:55:00,248.536,248.547,248.206,248.507,1.6872e-06,248.24649926175408,248.4804179981988,249.27159999999998,250.06278200180117,0.6347951405624945,0.016798917152248363,0.43704577718912674,0,0,,
2022-10-05 13:30:00,246.097,247.246,245.736,246.926,2.0892,248.14492239546533,247.86600744433576,249.12955000000002,250.39309255566428,1.014365863595273,-0.37197300562686786,0.49666454292005824,0,0,,
2022-10-05 13:35:00,246.926,247.077,245.526,245.706,2.4684,247.95731298042955,246.999222213529,248.95049999999998,250.90177778647094,1.5676030266827885,-0.33137829541633584,1.1090095844642747,0,0,,
2022-10-05 13:40:00,245.696,246.206,245.196,245.797,2.4312,247.79113505885806,246.40753040358848,248.74955,251.09156959641152,1.883034237779741,-0.1303427188491397,1.4869697945959786,0,0,,
2022-10-05 13:45:00,245.846,246.507,245.616,246.217,3.1236,247.67004774663823,246.03763898924643,248.56959999999998,251.10156101075353,2.037224995135003,0.03541938639493521,1.649875475777577,0,0,,
2022-10-05 13:50:00,246.217,246.506,245.706,245.906,3.422400000000001,247.53435176612763,245.6488897580747,248.38604999999998,251.12321024192528,2.2039564958863798,0.04696660392532751,1.8568280912327282,0,0,,
2022-10-05 13:55:00,245.886,246.517,245.886,246.107,2.7624,247.4245554764255,245.3527515144701,248.22504999999995,251.0973484855298,2.314269640014055,0.13129702385209507,2.011669396808003,0,0,,
2022-10-05 14:00:00,246.087,246.087,245.016,245.146,3.5244,247.2492819782389,244.90328390992389,248.00800000000004,251.1127160900762,2.503722533205503,0.03908829068975315,2.1944350098040957,0,0,,
2022-10-05 14:05:00,245.147,245.567,245.006,245.096,3.1608,247.08364490298976,244.52113631756336,247.78445000000002,251.04776368243668,2.633993926928554,0.08807974629141414,2.386652228857173,0,0,,
2022-10-05 14:10:00,245.076,245.707,245.026,245.127,2.958,246.93313375660597,244.2047878505619,247.56750000000002,250.93021214943815,2.716602259535782,0.13712326664537766,2.475968453342432,0,0,,
2022-10-05 14:15:00,245.126,245.127,244.236,244.396,3.3,246.73796962148245,243.79879116929203,247.31550000000001,250.832208830708,2.843904915549558,0.08491019010347324,2.5947502485261396,0,0,,
2022-10-05 14:20:00,244.366,244.867,244.206,244.327,3.21,246.55251041982996,243.46133248363466,247.05655000000002,250.65176751636537,2.910440962901289,0.12039153575894017,2.660828799153194,0,0,,
2022-10-05 14:25:00,244.336,244.707,244.236,244.416,2.9184,246.38816346445844,243.20060808445788,246.81000000000003,250.41939191554218,2.9248344196281733,0.16836519058911287,2.6792092666359224,0,0,,
2022-10-05 14:30:00,244.387,244.716,244.116,244.216,2.7216,246.22107396719244,242.97890749805052,246.5505,250.12209250194948,2.8972502606561186,0.1731850009868495,2.603260581510483,0,0,,
2022-10-05 14:35:00,244.217,244.787,244.096,244.657,2.8884,246.10076058510072,242.87297552861517,246.32599999999996,249.77902447138476,2.803621600143545,0.2583278059812559,2.4011289243208864,0,0,,
2022-10-05 14:40:00,244.666,244.977,244.316,244.877,3.0384,246.0066251554776,242.85590399437393,246.11455,249.37319600562608,2.6480726195392155,0.31011285087988083,2.1075762249492414,0,0,,
2022-10-05 14:45:00,244.887,245.037,244.636,244.657,3.1188,245.90280783582548,242.83209615082,245.90904999999998,248.98600384917995,2.5025137132447726,0.2965439097610047,1.8924430952342561,0,0,,
2022-10-05 14:50:00,244.636,244.717,244.196,244.587,3.3864,245.8015918484543,242.88894457692572,245.69455000000002,248.50015542307432,2.283815756657441,0.3026183598571726,1.5460766456948818,0,0,,
2022-10-05 14:55:00,244.577,244.627,244.206,244.336,3.2808,245.68885401395784,242.97288246433027,245.47750000000002,247.98211753566977,2.0406086388119085,0.27212089595652317,1.197189118040768,0,0,,
2022-10-05 15:00:00,244.317,244.987,244.256,244.827,3.1488,245.62255755134572,243.20917371556314,245.29154999999997,247.3739262844368,1.6978785322501597,0.38845675887880915,0.6362291446772304,0,0,,
2022-10-05 15:05:00,244.827,244.857,244.346,244.677,3.2268,245.54982235508837,243.6177165051395,245.10005,246.58238349486052,1.2095742084593717,0.3573026915107836,-0.05639010777906606,1,0,,245.357
2022-10-05 15:10:00,244.676,244.837,244.436,244.696,2.832,245.48414371238928,243.7583401845678,244.98854999999998,246.21875981543215,1.0042998462027515,0.38109751835413386,-0.3113686821941428,1,0,,245.337
2022-10-05 15:15:00,244.706,245.137,244.356,245.096,3.0372,245.45428650374396,243.77101276807096,244.95805000000001,246.14508723192907,0.9691759319026697,0.5581068547343738,-0.3972195040185227,1,2,245.837,245.637
2022-10-05 15:20:00,245.116,245.547,244.926,245.517,2.6964,245.4591106188406,243.79079764687611,244.94405,246.0973023531239,0.9416455334382602,0.7484061699280321,-0.46564183654297153,1,2,246.24699999999999,244.426
2022-10-05 15:25:00,245.547,245.617,245.066,245.267,2.658,245.44433287892983,243.88771652018983,244.89655000000002,245.9053834798102,0.8238854159523215,0.6836031453226926,-0.6390898346502638,1,2,246.31699999999998,246.117
2022-10-05 15:30:00,245.277,245.456,245.076,245.297,2.8524000000000003,245.43299958055061,243.94832532177776,244.86610000000002,245.78387467822228,0.7496135056851547,0.7347526087964417,-0.7141726062895941,1,2,246.15599999999998,245.956
2022-10-05 15:35:00,245.276,245.857,245.266,245.797,2.8464,245.46099961281598,244.00994682538757,244.85060000000004,245.6912531746125,0.6866662157352033,1.062895631980592,-0.8525991304220497,1,2,246.557,244.766
2022-10-05 15:40:00,245.797,245.917,245.536,245.536,2.4444,245.4667688733686,243.98597378729846,244.8701,245.75422621270155,0.7221185540427724,0.8765865045247683,-0.7662115870916466,1,2,246.617,245.036
2022-10-05 15:45:00,245.546,245.666,245.147,245.186,2.8248,245.4451712677249,243.98502113335243,244.87460000000002,245.7641788666476,0.7265587093537528,0.6750266399501579,-0.7280267617367144,1,2,246.36599999999999,246.166
2022-10-05 15:50:00,245.196,245.516,245.066,245.357,2.3844000000000003,245.43838886251532,243.97801280155156,244.8861,245.79418719844844,0.7416404593388043,0.7592812677045664,-0.6756178938992718,1,2,246.21599999999998,246.016
2022-10-05 15:55:00,245.386,245.627,245.336,245.597,2.1936,245.45058971924493,244.0170458562218,244.94615,245.87525414377816,0.7586191036504765,0.8502567523557459,-0.5668552254888368,1,2,246.327,244.836
2022-10-05 16:00:00,245.596,245.677,244.937,245.237,2.5452,245.4341597408415,244.09990849598347,244.99165,245.88339150401652,0.7279770588234517,0.6375678932150813,-0.5848979253202629,1,2,246.37699999999998,246.177
2022-10-05 16:05:00,245.257,246.756,245.256,246.527,2.9424,245.5182243761614,244.0221069621724,245.0972,246.1722930378276,0.8772789226703526,1.1649657051491766,-0.5909212077628467,1,1,244.556,244.756
2022-10-05 16:10:00,246.557,247.296,246.496,246.817,2.9052,245.61813019337978,243.99257888995285,245.22725,246.46192111004714,1.0069607762164647,1.1437949292987448,-0.4587965407251602,1,0,,245.996
2022-10-05 16:15:00,246.837,247.516,246.816,247.207,2.9964,245.7403509477352,243.8788662816859,245.35475000000002,246.83063371831415,1.2030610520596177,1.127505397957694,-0.25068225143220957,1,0,,246.316
2022-10-05 16:20:00,247.207,247.277,246.846,247.096,2.8488,245.84463164406327,243.825659012712,245.46569999999997,247.10574098728793,1.3362689673448966,0.9970302610229166,-0.05906869962544192,1,0,,246.346
2022-10-05 16:25:00,247.096,247.106,246.586,246.947,2.5296000000000003,245.92942920990458,243.8639994755903,245.58020000000002,247.29640052440973,1.397670108917343,0.8982052156959027,0.05328699815478899,0,0,,
2022-10-05 16:30:00,246.966,247.237,246.916,247.076,2.4936000000000003,246.01762696298886,243.93445585528482,245.70465,247.47484414471515,1.4409122047264167,0.887344519270418,0.1865033352463854,0,0,,
2022-10-05 16:35:00,247.096,247.257,246.856,247.227,2.6616,246.11065565814357,244.07751214939438,245.84919999999997,247.62088785060556,1.4412801429539637,0.8888382480946304,0.2620080706100225,0,0,,
2022-10-05 16:40:00,247.207,247.286,247.016,247.256,2.2404,246.19875906905563,244.16324409374013,245.97065000000003,247.77805590625994,1.4696110338854669,0.8555786764744406,0.37754562912110146,0,0,,
2022-10-05 16:45:00,247.256,248.167,247.106,248.137,2.7888,246.34785452528212,244.20692376483336,246.14364999999998,248.0803762351666,1.5736552498239278,1.014618422522823,0.4076288415647866,0,0,,
2022-10-05 16:50:00,248.097,248.256,247.726,248.166,2.6688,246.4877118694912,244.30982807515034,246.31715,248.32447192484966,1.6298677740057181,0.9605265296792062,0.5037957115908966,0,0,,
2022-10-05 16:55:00,248.157,248.197,247.586,247.616,2.1552,246.57450326414573,244.44190086259061,246.44315,248.4443991374094,1.624106117300796,0.7930294829553961,0.5268349444609441,0,0,,
2022-10-05 17:00:00,247.626,247.906,247.506,247.797,2.1216,246.66854147459605,244.52047493755595,246.55715,248.59382506244407,1.6520916651121749,0.8043809056394442,0.6115526973954672,0,0,,
2022-10-05 17:05:00,247.807,248.097,247.646,247.667,2.4516,246.74534597655023,244.6761749102047,246.67714999999998,248.67812508979526,1.6223432853795139,0.7473419097139515,0.6399739023703148,0,0,,
2022-10-05 17:10:00,247.676,247.907,247.656,247.857,2.2308000000000003,246.83085782450792,244.8466271612307,246.80515,248.76367283876928,1.587100462668047,0.7685314613591573,0.6949646215752807,0,0,,
2022-10-05 17:15:00,247.836,248.407,247.806,248.286,2.4348,246.94279183800734,244.92730867255023,246.9296,248.93189132744976,1.6217507560452602,0.8387119500056957,0.7280124642742294,0,0,,
2022-10-05 17:20:00,248.297,248.917,248.226,248.366,2.6556,247.05226938892986,245.08280767743264,247.07109999999997,249.0593923225673,1.6094899990871718,0.8256311924818062,0.7084543035037427,0,0,,
2022-10-05 17:25:00,248.347,248.467,248.137,248.176,2.2596,247.13871020516603,245.377410980941,247.22060000000002,249.06378901905904,1.4911289909166348,0.7591703808239142,0.6666546208586794,0,0,,
2022-10-05 17:30:00,248.176,248.327,247.976,248.006,2.2056,247.20542480476865,245.69294657250538,247.35305,249.01315342749461,1.3422946897114216,0.6966594337394442,0.5864127815038103,0,0,,
2022-10-05 17:35:00,248.017,248.377,247.837,248.366,2.028,247.29469981978647,245.985597944759,247.4915,248.997402055241,1.2169323433257262,0.7903575292152923,0.47358908982073444,0,0,,
2022-10-05 17:40:00,248.376,248.377,247.926,248.327,2.1216,247.37410752595676,246.50787961973322,247.64600000000002,248.7841203802668,0.9191510303148835,0.7991774911544696,0.1931467448865476,0,0,,
2022-10-05 17:45:00,248.357,248.807,248.156,248.616,1.9524,247.46963771626778,246.65984164225722,247.75045,248.84105835774278,0.8804087804827646,0.8968198088044327,0.1237012590654274,0,0,,
2022-10-05 17:50:00,248.616,248.647,248.086,248.257,2.0196,247.53020404578567,246.79983404570524,247.82245000000003,248.84506595429482,0.8252811271091803,0.7124697928752949,0.06469524596769816,0,0,,
2022-10-05 17:55:00,248.257,248.276,247.537,247.567,1.9596,247.53303450380216,246.84962075639734,247.84045,248.83127924360267,0.799570242551336,0.36200952294982186,0.025705745592404128,0,0,,
2022-10-05 18:00:00,247.547,248.147,247.406,247.997,2.3760000000000003,247.56872415735583,246.95400389159263,247.8855,248.81699610840738,0.7515535264526347,0.5598499548165821,-0.05271324693521251,1,1,246.70600000000002,246.906
2022-10-05 18:05:00,248.026,248.336,247.816,247.816,2.154,247.58774537602076,247.1013371738681,247.92895,248.75656282613187,0.6676209665163211,0.43176156988292935,-0.11184087632096862,1,1,247.116,247.316
2022-10-05 18:10:00,247.806,248.317,247.786,248.107,2.2644,247.62768803940378,247.2489612108864,247.98050000000003,248.71203878911368,0.5899970272772596,0.5864615806314497,-0.18499313215318125,1,1,247.086,247.286
2022-10-05 18:15:00,248.107,248.657,248.006,248.546,1.998,247.6983274209881,247.36223001346227,248.04645,248.73066998653772,0.5516869816421294,0.865050721864915,-0.2569303231799154,1,1,247.306,247.506
2022-10-05 18:20:00,248.546,248.746,248.306,248.656,2.1804,247.77199454245059,247.485652893176,248.11645,248.74724710682398,0.5084685895062506,0.9276731726914599,-0.29258174482532695,1,0,,247.806
2022-10-05 18:25:00,248.656,249.207,248.476,248.957,2.1336,247.86314880841596,247.42779159363616,248.15745,248.88710840636386,0.5880608511764231,1.0478933655985843,-0.2840700784616672,1,0,,247.976
2022-10-05 18:30:00,248.947,249.197,248.396,248.507,2.0832,247.91267582315322,247.42907327658756,248.1745,248.91992672341243,0.6007278938105534,0.7230266165384319,-0.34056809619164596,1,1,247.696,247.896
2022-10-05 18:35:00,248.476,249.186,248.476,248.897,2.094,247.98839306752606,247.47614053653743,248.23854999999998,249.00095946346252,0.6142554921163909,0.9318217647834606,-0.36015489713162196,1,1,247.776,247.976
2022-10-05 18:40:00,248.886,249.017,248.756,248.956,1.824,248.06282437002406,247.5016484415458,248.2965,249.09135155845422,0.6402438684832144,0.9148573359298325,-0.28089476779763345,1,0,,248.256
2022-10-05 18:45:00,248.937,249.026,248.646,248.696,1.764,248.11153018771452,247.59041017267936,248.34795,249.10548982732064,0.6100632820368694,0.7297238953303787,-0.2747330392882077,1,0,,248.146
2022-10-05 18:50:00,248.727,249.196,248.557,249.026,1.9668,248.1818740194288,247.6292610420415,248.40640000000002,249.18353895795855,0.6256996260631992,0.8986417060004451,-0.28466268325897204,1,1,247.857,248.057
2022-10-05 18:55:00,249.027,249.577,248.997,249.527,2.1012,248.28534524870352,247.5536856642409,248.46845,249.38321433575908,0.7363223264435288,1.0785916430167737,-0.201063339628206,1,0,,248.497
2022-10-05 19:00:00,249.526,249.917,249.447,249.807,2.7888,248.40239561418787,247.45778443256015,248.5405,249.62321556743987,0.8712588631952237,1.0848719821193136,-0.07179756743431653,1,0,,248.947
2022-10-05 19:05:00,249.817,249.847,249.516,249.756,2.6352,248.5065190284811,247.42944748016043,248.61949999999996,249.80955251983949,0.9573283832036714,0.9774999342689907,0.04568349304852859,0,0,,
2022-10-05 19:10:00,249.756,250.187,249.476,250.147,2.7,248.6327098724441,247.3992365517233,248.72655,250.0538634482767,1.0672873067042483,1.0350846108898442,0.11807718594201333,0,0,,
2022-10-05 19:15:00,250.146,250.567,249.996,250.217,2.454,248.75457834379458,247.354249168012,248.81910000000002,250.28395083198805,1.1774424326653625,0.9771475598313396,0.21262040416144146,0,0,,
2022-10-05 19:20:00,250.217,250.276,249.896,250.046,2.1276,248.853918471195,247.36593902610113,248.90505,250.44416097389885,1.23670530099639,0.8706522854260998,0.3028620153890529,0,0,,
2022-10-05 19:25:00,250.066,250.077,249.606,249.756,2.0904,248.92330935802613,247.38598534714603,248.96205,250.53811465285398,1.266108350934588,0.751877357493645,0.3437965475355611,0,0,,
2022-10-05 19:30:00,249.776,250.046,249.726,249.996,1.9284,249.00582402279338,247.4464613889283,249.04899999999998,250.65153861107166,1.2869263567183,0.7954686999294001,0.41515556340263515,0,0,,
2022-10-05 19:35:00,249.997,250.177,249.706,249.957,2.3052,249.07899140565544,247.67296096674966,249.1685,250.66403903325033,1.2004238362797373,0.763617325415542,0.36454960916884716,0,0,,
2022-10-05 19:40:00,249.957,250.366,249.866,250.307,2.1012,249.17345360522043,247.81157682714,249.28400000000002,250.75642317286005,1.1813218440493838,0.8473865458164767,0.36098036059587457,0,0,,
2022-10-05 19:45:00,250.306,250.507,249.747,249.847,2.8416,249.22526486635732,248.05921316873318,249.38555000000002,250.71188683126687,1.0636837870252251,0.6739565656030353,0.2239147630278353,0,0,,
2022-10-05 19:50:00,249.867,249.867,248.846,249.067,3.0528,249.2130906458683,248.2321715459003,249.43354999999997,250.63492845409965,0.9632853752830624,0.3474460738208198,0.0878108685500365,0,0,,
2022-10-05 19:55:00,249.086,249.466,248.637,248.987,2.7732,249.1956990577246,248.30507935265166,249.4556,250.60612064734835,0.9224251909745413,0.29635306803054234,0.04968092708918448,0,0,,
2022-10-06 15:00:00,249.257,249.336,248.177,248.357,3.4164e-06,249.13118374559195,248.24218593713667,249.44065,250.63911406286334,0.9609212154180461,0.04790050299423281,0.07138288739074028,0,0,,
2022-10-06 15:05:00,248.376,248.997,248.376,248.587,3.3876e-06,249.0893234574695,248.18363988297435,249.42215000000002,250.66066011702569,0.99310355317334,0.16284086479419607,0.1596652439790489,0,0,,
2022-10-06 15:10:00,248.596,248.657,247.996,248.106,3.222e-06,249.01368319151032,248.09395262299122,249.40210000000002,250.7102473770088,1.049026753991882,0.00460474760738251,0.3114424918713894,0,0,,
2022-10-06 15:15:00,248.107,249.087,248.056,249.027,3.522e-06,249.01470756139415,248.10929427771026,249.40860000000004,250.7079057222898,1.0419093185156991,0.35315234380421534,0.24336796907022062,0,0,,
2022-10-06 15:20:00,249.016,249.756,248.866,249.566,3.0624e-06,249.05711467205614,248.15517634184312,249.4391,250.72302365815688,1.0294485973986274,0.549418826109247,0.17453711952964568,0,0,,
2022-10-06 15:25:00,249.566,249.657,249.116,249.436,3.0564e-06,249.0862596972826,248.23813943521014,249.4761,250.71406056478986,0.9924482263349945,0.4838040075182838,0.16847750603190548,0,0,,
2022-10-06 15:30:00,249.417,249.466,248.696,248.727,3.018e-06,249.05862433595317,248.19490969501248,249.46115,250.72739030498752,1.0151803637460337,0.21010636878785988,0.20833896611125624,0,0,,
2022-10-06 15:35:00,248.717,249.287,248.646,248.997,3.0756e-06,249.05388400241833,248.15294203405188,249.43465,250.71635796594813,1.0276903918105438,0.3292707810096803,0.2201686593458021,0,0,,
2022-10-06 15:40:00,248.997,249.396,248.806,248.976,2.7096e-06,249.0478929253092,248.10849392809507,249.3931,250.67770607190494,1.030185736417673,0.33765451171288224,0.21391574688379933,0,0,,
2022-10-06 15:45:00,248.996,249.837,248.996,249.596,2.8644e-06,249.09005500797775,248.10766070203906,249.38510000000002,250.662539297961,1.0244712278006722,0.5825479536822677,0.11739567056091005,0,0,,
2022-10-06 15:50:00,249.576,249.987,249.416,249.616,2.6352e-06,249.1305123150564,248.1242096134068,249.35855,250.5928903865932,0.9900124833042245,0.6042864686257943,0.027474723707427984,0,0,,
2022-10-06 15:55:00,249.636,249.797,248.246,248.456,3.0252e-06,249.07862675235975,248.0424458481096,249.2705,250.4985541518904,0.985318480839413,0.16837781593498566,-0.16139335262531063,1,0,,250.297
2022-10-06 16:00:00,248.406,248.537,248.036,248.126,3.0996e-06,249.00534777140902,247.9044807088176,249.17450000000002,250.44451929118244,1.0193814304292146,0.0872109946362165,-0.0695284509984333,1,2,249.237,249.037
2022-10-06 16:05:00,248.137,248.306,248.006,248.086,2.6412e-06,248.9346287120699,247.76646309980595,249.09099999999998,250.415536900194,1.0634963930403214,0.12062212088891476,0.07558894298273344,0,0,,
2022-10-06 16:10:00,248.096,248.247,247.796,247.946,2.8068e-06,248.858580349603,247.6428503427802,248.98850000000002,250.33414965721983,1.0808930189304398,0.11264063257226842,0.13629198164773015,0,0,,
2022-10-06 16:15:00,247.946,248.257,247.846,248.107,2.586e-06,248.80076647655662,247.57525854158507,248.89600000000002,250.21674145841496,1.0612797782326298,0.20130414436035216,0.13972737099257415,0,0,,
2022-10-06 16:20:00,248.106,248.417,248.016,248.307,2.7768e-06,248.76278443989844,247.6231581521892,248.796,249.96884184781078,0.9428140708136682,0.2915319951650915,-0.015980421761867092,1,2,249.117,248.917
2022-10-06 16:25:00,248.307,248.467,248.146,248.357,2.5836e-06,248.73157025221397,247.63938124497525,248.72150000000002,249.8036187550248,0.8701449251671172,0.3315804072762426,-0.08731567935046769,1,2,249.167,248.967
2022-10-06 16:30:00,248.336,248.446,247.886,248.356,2.784e-06,248.7026802328129,247.6048534317063,248.68595,249.7670465682937,0.869447243234853,0.3474003110930425,-0.08437030090294684,1,2,249.146,248.946
2022-10-06 16:35:00,248.357,248.446,248.126,248.307,2.4564e-06,248.6722432918273,247.5680956786189,248.65195,249.7358043213811,0.871784292366174,0.340868835785763,-0.029477607892061997,1,2,249.146,248.946
2022-10-06 16:40:00,248.336,248.646,248.116,248.597,2.3748e-06,248.66645534630214,247.5881391476768,248.66395000000003,249.73976085232326,0.8652728731472571,0.46888393537979267,-0.015208512257231632,1,2,249.34599999999998,249.146
2022-10-06 16:45:00,248.577,248.917,248.416,248.607,2.4324e-06,248.66188185812507,247.5893899644946,248.66495,249.74051003550542,0.8650676627368823,0.4730605460936572,-0.0005574848292724255,1,2,249.617,249.417
2022-10-06 16:50:00,248.606,248.646,248.227,248.377,1.932e-06,248.63996786903854,247.6248430349604,248.67849999999999,249.73215696503956,0.8474049546217941,0.3569268699378595,0.041191113308173044,0,0,,
2022-10-06 16:55:00,248.356,248.586,248.246,248.287,1.5552e-06,248.6128164944971,247.58742172967257,248.6415,249.69557827032745,0.8478699415241924,0.33184360688420217,0.07356154733238895,0,0,,
2022-10-06 17:00:00,248.287,248.486,247.776,248.097,2.2164e-06,248.57313830261273,247.57918327997317,248.56805,249.55691672002683,0.7956507041245521,0.26182331225222727,-0.05509841030203688,1,2,249.18599999999998,248.986
2022-10-06 17:05:00,248.127,248.247,247.626,247.786,2.0856e-06,248.51258920241176,247.52519309239912,248.48555000000002,249.44590690760091,0.7729680117020057,0.13578644852589844,-0.11048773412520063,1,2,248.947,248.747
2022-10-06 17:10:00,247.787,248.337,247.696,248.267,2.31e-06,248.49369772530318,247.50439417239326,248.46255000000002,249.42070582760678,0.7712678048315608,0.3979550119272029,-0.1349845625263697,1,2,249.03699999999998,248.837
2022-10-06 17:15:00,248.247,248.526,247.897,247.977,2.5152e-06,248.45395174643372,247.4640886604315,248.41154999999998,249.35901133956844,0.7628158510089107,0.2706766588503251,-0.16613710864729114,1,2,249.226,249.026
2022-10-06 17:20:00,247.996,248.466,247.937,248.127,2.244e-06,248.42880161209268,247.45097802554508,248.36909999999997,249.28722197445487,0.7393206115051278,0.3681547731478134,-0.20553138345462685,1,2,249.166,248.966
2022-10-06 17:25:00,248.126,248.506,247.977,248.427,1.662e-06,248.4286630265471,247.58339756103734,248.31064999999998,249.03790243896262,0.5857601669220688,0.57999285651484,-0.45411250390785085,1,2,249.206,249.006
2022-10-06 17:30:00,248.437,248.437,247.717,247.777,1.602e-06,248.3785351014281,247.75908533533263,248.21869999999998,248.67831466466734,0.3703304099710103,0.019488787069407747,-0.7875083788821371,1,2,249.137,248.937
2022-10-06 17:35:00,247.757,247.867,247.497,247.717,1.5156e-06,248.32764778593364,247.68691391605165,248.18175000000002,248.6765860839484,0.3987691149315944,0.030400050566543678,-0.6931585745011262,1,2,248.56699999999998,248.367
2022-10-06 17:40:00,247.717,248.257,247.716,248.216,1.4964e-06,248.31905949470797,247.6918870260857,248.18624999999997,248.68061297391424,0.39838063060646084,0.5300892275209055,-0.6822988599210191,1,2,248.957,248.757
2022-10-06 17:45:00,248.176,248.397,248.156,248.326,1.7412e-06,248.31959337973046,247.70255377248023,248.19825,248.69394622751977,0.3994357152153752,0.6288591610220556,-0.6161168602359623,1,2,249.09699999999998,247.656
2022-10-06 17:50:00,248.346,248.427,247.896,248.256,1.9932e-06,248.31470158128965,247.7313655579029,248.21374999999998,248.69613444209705,0.3886847059013222,0.5437928717356125,-0.6146845420628892,1,2,249.12699999999998,248.927
2022-10-06 17:55:00,248.256,248.547,248.097,248.187,2.0052e-06,248.30487838272893,247.73765131225204,248.21774999999997,248.6978486877479,0.38683670909749696,0.46797533425450627,-0.5916542026825482,1,2,249.24699999999999,249.047
2022-10-06 18:00:00,248.177,248.237,247.746,247.816,2.5248e-06,248.26727235328823,247.68450417735414,248.1932,248.70189582264584,0.40991922634935024,0.1292479874927211,-0.5407972686959681,1,2,248.93699999999998,248.737
2022-10-06 18:05:00,247.816,247.867,247.536,247.716,2.1588e-06,248.22486678765068,247.61815781775664,248.16115,248.70414218224334,0.4376125612275352,0.09009538759760533,-0.4561991861135368,1,2,248.56699999999998,248.367
2022-10-06 18:10:00,247.716,247.827,247.596,247.667,2.0928e-06,248.1819539578314,247.5510813415312,248.12670000000003,248.70231865846887,0.4639715584569018,0.10069049774824942,-0.3597997224254641,1,2,248.527,248.327
2022-10-06 18:15:00,247.637,247.696,247.396,247.526,2.2932e-06,248.13149596107516,247.46242707177558,248.08765000000002,248.71287292822447,0.5040338994903177,0.050840208631639905,-0.2600913211561249,1,2,248.396,248.196
2022-10-06 18:20:00,247.526,247.957,247.496,247.896,2.1192e-06,248.11338088714632,247.46826434305476,248.05259999999998,248.6369356569452,0.47113850606301105,0.3660016737480423,-0.321270092494359,1,2,248.65699999999998,248.457
2022-10-06 18:25:00,247.866,248.057,247.656,247.746,2.0952e-06,248.0851208189043,247.46976875729356,248.00955,248.54933124270642,0.4352906915934691,0.25587332501722393,-0.3698072925008091,1,2,248.75699999999998,248.557
2022-10-06 18:30:00,247.746,248.106,247.396,247.557,2.3724e-06,248.04449614052706,247.42211044252107,247.96855,248.5149895574789,0.44073295381928024,0.1234258717480549,-0.40965959342284464,1,2,248.80599999999998,248.606
2022-10-06 18:35:00,247.557,247.937,247.497,247.616,2.7048e-06,248.01153489894807,247.38849290948988,247.935,248.48150709051012,0.44084706919968425,0.20814651306515655,-0.4023183317343353,1,2,248.637,248.437
2022-10-06 18:40:00,247.616,247.687,247.296,247.297,2.6436e-06,247.9565706759521,247.28801565096137,247.89500000000004,248.5019843490387,0.48971084454197844,0.007400807823839667,-0.30519103299201333,1,2,248.387,248.187
2022-10-06 18:45:00,247.266,247.317,246.716,246.777,2.5452e-06,247.86583447010963,247.06618132772576,247.84455000000003,248.6229186722743,0.6281103798927744,-0.1857611553666655,-0.10538286384871753,1,0,,247.817
2022-10-06 18:50:00,246.776,247.017,246.466,246.997,2.9148e-06,247.799001049332,246.94576310917856,247.78105,248.61633689082143,0.6742136986032113,0.03067023521168254,-0.05203116567079746,1,0,,247.517
2022-10-06 18:55:00,246.996,247.397,246.947,247.297,2.736e-06,247.76038558399878,246.8913270366654,247.74705000000003,248.60277296333467,0.6908037559556348,0.2370352209281343,-0.020702897301134726,1,2,248.09699999999998,247.897
2022-10-06 19:00:00,247.296,247.407,246.776,247.237,3.2244e-06,247.72012515446042,246.8379699921475,247.70255000000003,248.56713000785257,0.6980792146488102,0.23076522949195957,-0.04449100891315538,1,2,248.107,247.907
2022-10-06 19:05:00,247.237,247.237,246.786,246.967,2.7684e-06,247.6621924502712,246.775486893445,247.62955000000002,248.48361310655505,0.6897909450265781,0.11211882651594268,-0.05728209909011639,1,2,247.93699999999998,247.737
2022-10-06 19:10:00,246.977,247.087,246.526,246.956,2.6424e-06,247.6078699540965,246.6890173709412,247.5885,248.48798262905882,0.7265948370451853,0.14840899670188745,-0.008827318905844095,1,0,,247.587
2022-10-06 19:15:00,246.967,247.267,246.867,247.206,2.7948e-06,247.57695688070447,246.6505813300104,247.56295,248.4753186699896,0.7370801406184602,0.3043828050320497,0.025252526592993263,0,0,,
2022-10-06 19:20:00,247.197,247.796,247.056,247.317,3.0588e-06,247.55696019757337,246.651317820664,247.51800000000003,248.38468217933607,0.7002983050412804,0.3840405371239968,-0.09842528373707182,1,2,248.49599999999998,248.296
2022-10-06 19:25:00,247.327,247.766,247.097,247.747,2.9328e-06,247.5715786439139,246.69677417051966,247.48905,248.28132582948032,0.6402512187754017,0.6627905272392423,-0.2591047323477653,1,2,248.46599999999998,246.597
2022-10-06 19:30:00,247.747,247.887,247.476,247.567,2.9532e-06,247.57122644053592,246.74289320645445,247.45459999999997,248.1663067935455,0.5752221163361012,0.5789651026373461,-0.35970181001326296,1,2,248.587,248.387
2022-10-06 19:35:00,247.566,247.637,247.246,247.247,3.0084e-06,247.5462859451101,246.77591324220074,247.4076,248.03928675779926,0.5106445863419379,0.3728800326925448,-0.4393876930396061,1,2,248.337,248.137
2022-10-06 19:40:00,247.247,247.507,247.146,247.307,2.5992e-06,247.52787933394782,246.77791220742242,247.38215,247.98638779257757,0.4885055713013879,0.43781421741312276,-0.44946052008614856,1,2,248.207,248.007
2022-10-06 19:45:00,247.326,247.487,246.966,247.046,3e-06,247.49081169287493,246.7478817335452,247.34865,247.94941826645478,0.4857663597151574,0.2481141923607462,-0.45330163547905045,1,2,248.18699999999998,247.987
2022-10-06 19:50:00,247.046,247.397,246.856,247.216,2.9916e-06,247.46967233188457,246.7411740559873,247.3261,247.9110259440127,0.4729997715669278,0.40588552181094667,-0.4817206339274662,1,2,248.09699999999998,247.897
2022-10-06 19:55:00,247.257,247.467,246.406,246.656,2.73e-06,247.40708215250885,246.63732164147615,247.2826,247.92787835852386,0.521895481949683,0.01447310162902881,-0.5015590215172381,1,2,248.167,247.967
2022-10-07 13:30:00,240.447,240.587,237.796,238.546,2.9184,246.72546044846973,242.97680048589473,246.81509999999997,250.65339951410522,3.1102631193190735,-0.5771827432450396,1.4776228369251498,0,0,,
2022-10-07 13:35:00,238.546,239.807,238.467,239.017,3.4392,246.13250195243359,241.2836184485784,246.37865000000002,251.47368155142163,4.135935927420345,-0.22243419159455277,3.010169319687293,0,0,,
2022-10-07 13:40:00,239.017,239.416,238.666,238.916,3.7272,245.57738641763103,239.9405026847725,245.9466,251.95269731522748,4.884066147064032,-0.08528855186670373,4.255614819848802,0,0,,
2022-10-07 13:45:00,238.877,239.656,238.537,238.777,3.684,245.05427977012096,238.79531476392899,245.50465,252.213985236071,5.465750026381181,-0.0013648717260790484,5.153291549776014,0,0,,
2022-10-07 13:50:00,238.797,238.797,237.946,238.006,3.4344,244.5121044031886,237.64041087409848,245.0401,252.4397891259015,6.039574033720617,0.02470300573991895,6.079351981158425,0,0,,
2022-10-07 13:55:00,238.017,238.087,236.806,237.266,3.3036,243.9547117567895,236.4815573741227,244.56454999999997,252.64754262587724,6.610109785639225,0.048524269548752205,6.909242352062051,0,0,,
2022-10-07 14:00:00,237.247,237.307,236.426,236.706,3.5028,243.39711854472876,235.36416544021316,244.05,252.73583455978687,7.118077901894575,0.07724269617102632,7.689943835858855,0,0,,
2022-10-07 14:05:00,236.706,237.017,236.226,236.717,3.4956,242.88326327205732,234.4121946996333,243.52100000000002,252.62980530036674,7.48091975670823,0.1265152357726831,8.226475597765216,0,0,,
2022-10-07 14:10:00,236.746,236.967,236.437,236.836,3.072,242.41808917420678,233.6166738004207,243.00094999999996,252.38522619957922,7.723653919525223,0.17152767731429572,8.601642182939742,0,0,,
2022-10-07 14:15:00,236.806,236.887,236.196,236.517,3.378,241.96415923772935,232.87454320172301,242.47845,252.082356798277,7.921451822441949,0.18963411842618375,8.85920935465083,0,0,,
2022-10-07 14:20:00,236.517,236.777,236.127,236.166,3.3264000000000005,241.51814698867327,232.19059121556901,241.93894999999998,251.68730878443094,8.058527809954505,0.20390143983929276,9.012461097340605,0,0,,
2022-10-07 14:25:00,236.166,236.366,235.897,236.127,3.186,241.10344337415995,231.637669801428,241.385,251.132330198572,8.076168940548918,0.23028511946941704,8.991753719775971,0,0,,
2022-10-07 14:30:00,236.126,236.297,235.596,235.736,3.2484,240.69056311460918,231.16158554245303,240.80595,250.45031445754697,8.010071559732616,0.2371547901203259,8.786173833874358,0,0,,
2022-10-07 14:35:00,235.736,236.057,235.166,235.167,2.8308,240.26567364425463,230.78785429327743,240.17695000000003,249.56604570672263,7.818481920702714,0.23320380596328869,8.35096609482838,0,0,,
2022-10-07 14:40:00,235.177,235.836,235.127,235.286,3.2388,239.88262182546583,230.5902415778824,239.56290000000004,248.53555842211767,7.490858077037497,0.26167041032914684,7.750105439927637,0,0,,
2022-10-07 14:45:00,235.277,236.207,235.196,236.077,3.342,239.58988168504538,230.64484670092952,239.00439999999998,247.36395329907043,6.995313307261671,0.32490691217164136,6.834352981850856,0,0,,
2022-10-07 14:50:00,236.076,236.307,235.516,236.097,3.3144,239.32119847850345,230.9252929508186,238.44390000000004,245.96250704918148,6.306394962656993,0.34392720721748965,5.70439247645902,0,0,,
2022-10-07 14:55:00,236.106,236.406,235.776,235.927,3.3108,239.06010628784935,231.42568549055733,237.88795,244.35021450944265,5.433032240130416,0.3482768697308307,4.384587038884234,0,0,,
2022-10-07 15:00:00,235.927,236.527,235.916,236.466,3.192,238.86055965032247,232.4917338537322,237.35045,242.2091661462678,4.094128447001298,0.408983157960424,2.460455577667318,0,0,,
2022-10-07 15:05:00,236.467,236.617,236.116,236.116,2.9592,238.64943967722076,234.48201287934006,236.82345,239.16488712065996,1.9773693193473423,0.3489282514235113,-0.3332795842642895,1,0,,237.117
2022-10-07 15:10:00,236.117,236.256,235.616,235.776,2.658,238.4284058558961,234.44182865018306,236.68495000000001,238.92807134981697,1.8954490767722745,0.29739170150688116,-0.3375080498763907,1,0,,236.756
2022-10-07 15:15:00,235.777,236.107,235.506,235.817,2.9052,238.22752848236564,234.52690861153854,236.52495,238.52299138846143,1.6894973561659732,0.3228390052157212,-0.5286280684039752,1,0,,236.607
2022-10-07 15:20:00,235.837,236.247,235.736,236.127,3.0048,238.06594936833753,234.71139337256994,236.3855,238.05960662743007,1.4164207427528877,0.4227946428965449,-0.8108109764005462,1,0,,236.747
2022-10-07 15:25:00,236.127,236.447,235.996,236.347,2.7852,237.93372249385004,234.99907865856986,236.26400000000004,237.52892134143022,1.0707694286308376,0.5328083641573025,-1.1870755382260256,1,0,,236.947
2022-10-07 15:30:00,236.377,236.687,236.056,236.107,3.084,237.79320537893852,235.18824370413643,236.16905000000003,237.14985629586363,0.8305968083994083,0.4683678621040087,-1.4378551666825103,1,0,,237.187
2022-10-07 15:35:00,236.107,236.427,235.996,236.037,2.9208,237.65811265748172,235.2651605897123,236.1076,236.95003941028767,0.7136063475192512,0.4580978767506403,-1.4768423891588327,1,0,,236.927
2022-10-07 15:40:00,236.036,236.217,235.526,235.747,2.8884,237.5111039915216,235.25039274176504,236.05965,236.86890725823497,0.6856379378982936,0.3068290418043961,-1.4343667507880582,1,0,,236.717
2022-10-07 15:45:00,235.746,235.837,235.496,235.526,2.5476,237.3584036844815,235.2182770277063,236.00009999999997,236.78192297229364,0.6625615601804133,0.19679836945115797,-1.3218011311081455,1,0,,236.337
2022-10-07 15:50:00,235.527,235.947,235.456,235.676,2.4336,237.22898801644448,235.2499630482295,235.94210000000004,236.6342369517706,0.5867006793366253,0.30776925771746255,-1.3317991417834207,1,0,,236.447
2022-10-07 15:55:00,235.677,236.167,235.646,235.986,2.3568,237.13337355364106,235.27483368991707,235.91555,236.55626631008292,0.5431742927356186,0.5549775297517213,-1.320433012656423,1,0,,236.667
2022-10-07 16:00:00,235.946,236.037,235.716,235.997,2.4744,237.045960203361,235.2754247986455,235.90710000000004,236.53877520135458,0.5355287749750132,0.571159988398463,-1.2200479954095726,1,0,,236.537
2022-10-07 16:05:00,236.026,236.226,235.846,236.156,2.4792,236.9775017261794,235.2747328418177,235.90855000000002,236.54236715818234,0.5373414046945942,0.6952061385570795,-1.1361871626994855,1,0,,236.726
2022-10-07 16:10:00,236.166,236.267,235.906,235.947,2.0688,236.89823236262717,235.29011672517763,235.91910000000001,236.5480832748224,0.5332194594014547,0.5221786501460366,-1.0343230154992682,1,0,,236.767
2022-10-07 16:15:00,235.957,236.257,235.906,236.067,2.1672,236.83429141165584,235.43611897760792,235.9641,236.49208102239209,0.4475096189565136,0.5974466842897157,-1.012858002184629,1,0,,236.757
2022-10-07 16:20:00,236.067,236.136,235.396,235.396,2.394,236.72365361075924,235.46837494076397,235.96959999999999,236.470825059236,0.42482172215066716,-0.07219804699539,-0.9742150106191332,1,0,,236.636
2022-10-07 16:25:00,235.407,235.507,235.196,235.226,1.9512,236.6084494868547,235.33353016881804,235.92705,236.52056983118197,0.5031384329876245,-0.09058683734619588,-0.7723711844012371,1,0,,236.007
2022-10-07 16:30:00,235.216,235.347,234.926,235.017,2.082,236.4860302955582,235.16561562848105,235.87304999999998,236.5804843715189,0.599843323787036,-0.10503845619061562,-0.575890833056377,1,0,,235.847
2022-10-07 16:35:00,234.997,235.147,234.756,234.936,2.0232,236.3667971958999,235.0076121400545,235.82350000000002,236.63938785994554,0.6919478847065871,-0.043886018882104506,-0.37999922990829305,1,0,,235.647
2022-10-07 16:40:00,234.947,235.006,234.616,234.796,1.92,236.24596664236915,234.86457210462154,235.73999999999995,236.61542789537836,0.7427062826659949,-0.03916490723197215,-0.26649375734655223,1,0,,235.506
2022-10-07 16:45:00,234.787,234.877,234.556,234.656,1.776,236.12366151603308,234.69140069700373,235.667,236.64259930299627,0.8279473180345762,-0.018143051606843215,-0.08847266851674362,1,0,,235.377
2022-10-07 16:50:00,234.677,234.837,234.586,234.636,1.974,236.00922601479976,234.53807929397414,235.60999999999999,236.68192070602583,0.9099110445446711,0.045675349620263254,0.10256987465689349,0,0,,
2022-10-07 16:55:00,234.637,234.896,234.576,234.777,1.854,235.91443939827673,234.4317646782279,235.558,236.6842353217721,0.9562276142369183,0.15326962096557045,0.21558456958115357,0,0,,
2022-10-07 17:00:00,234.797,234.797,234.346,234.556,1.9056,235.80994405994778,234.3048121026004,235.47944999999999,236.65408789739956,0.9976563962584231,0.10692141721107631,0.2816895977982483,0,0,,
2022-10-07 17:05:00,234.556,234.707,234.466,234.567,1.986,235.71433297841335,234.22251396150835,235.39044999999996,236.55838603849156,0.9923393565810371,0.1474764144347143,0.31202567218559807,0,0,,
2022-10-07 17:10:00,234.566,234.967,234.566,234.966,1.9548,235.6567689031508,234.20008690998134,235.33339999999998,236.46671309001863,0.9631553277338841,0.33790886947492577,0.2659108538370276,0,0,,
2022-10-07 17:15:00,234.987,235.116,234.796,235.017,1.9332000000000005,235.60755591060075,234.18923680998319,235.2824,236.3755631900168,0.9292349874166618,0.37860915807276746,0.22655164299536068,0,0,,
2022-10-07 17:20:00,235.027,235.027,234.656,234.736,1.8144,235.54051314824687,234.13580049837705,235.23184999999998,236.3278995016229,0.9318886890724439,0.2738012748211731,0.2427938162225587,0,0,,
2022-10-07 17:25:00,234.747,234.957,234.656,234.727,1.878,235.47793521376636,234.0834730245037,235.19190000000003,236.30032697549638,0.9425724061894503,0.29028839505108095,0.2872313553722847,0,0,,
2022-10-07 17:30:00,234.726,234.736,234.496,234.567,2.3256,235.40786327424587,234.0195162553186,235.13645000000002,236.25338374468146,0.9500302863987548,0.2450833575798026,0.33229723123585586,0,0,,
2022-10-07 17:35:00,234.567,234.796,234.566,234.657,1.986,235.35010456084234,234.0062772917681,235.07,236.1337227082319,0.9050263395855643,0.3058704600344266,0.2892158627334709,0,0,,
2022-10-07 17:40:00,234.666,235.146,234.616,234.896,2.1744000000000003,235.31517344077756,234.03843917568295,235.01495,235.99146082431704,0.8310201749438033,0.43909437712418403,0.13633558315183336,0,0,,
2022-10-07 17:45:00,234.896,235.007,234.676,234.677,1.9956,235.26608317610237,234.1078481530906,234.94099999999997,235.77415184690935,0.7092434670060771,0.3415654955460369,-0.03181860938298087,1,2,235.707,235.507
2022-10-07 17:50:00,234.677,234.836,234.376,234.526,2.2824,235.20915370101758,234.1586220938915,234.86994999999996,235.58127790610843,0.6057206603982038,0.25823386300023543,-0.19040964958463746,1,2,235.536,235.336
2022-10-07 17:55:00,234.556,234.717,234.326,234.377,2.0616,235.1451418778624,234.29612332996368,234.78545,235.27477667003632,0.4168287856307279,0.08264077454671451,-0.4385596898764561,1,2,235.417,235.217
2022-10-07 18:00:00,234.376,234.627,234.326,234.546,2.0244,235.09905404110376,234.33169753495093,234.74294999999998,235.15420246504902,0.3503853598577045,0.26054854774366065,-0.5052923367767903,1,2,235.327,235.127
2022-10-07 18:05:00,234.546,234.707,234.386,234.476,1.656,235.0511268071727,234.34338841682805,234.70545,235.06751158317198,0.3085242231673484,0.18313401550388372,-0.5404122851466298,1,2,235.40699999999998,235.207
2022-10-07 18:10:00,234.487,234.517,234.176,234.477,2.0172,235.00696320662095,234.33319967051568,234.67845000000003,235.02370032948437,0.2942326655765315,0.20825516618492068,-0.5414688847086495,1,2,235.21699999999998,235.017
2022-10-07 18:15:00,234.477,234.577,234.346,234.366,2.0052000000000003,234.95765834457322,234.30036826419405,234.64995,234.99953173580593,0.29796020481226715,0.09387180319168413,-0.4954308865592054,1,2,235.277,235.077
2022-10-07 18:20:00,234.366,234.467,234.076,234.106,2.16,234.89214616422146,234.20029148809263,234.61545,235.0306085119074,0.3539055180785226,-0.1135608272361196,-0.40654814642297765,1,2,235.167,234.967
2022-10-07 18:25:00,234.127,234.317,234.016,234.077,1.8468,234.8294426131275,234.1104107226483,234.58649999999997,235.06258927735163,0.4058965689429372,-0.03508871574903584,-0.3023619849472823,1,0,,234.817
2022-10-07 18:30:00,234.076,234.197,233.896,234.187,1.7519999999999998,234.78002395057925,234.05801147378955,234.56405,235.07008852621047,0.43147151169197523,0.12744931416231464,-0.2400102349170936,1,0,,234.697
2022-10-07 18:35:00,234.186,234.477,234.176,234.197,1.9728,234.73517595438085,234.01487061747,234.53505,235.05522938253003,0.4435834921305085,0.17506401507512417,-0.20619330610918496,1,2,235.177,234.977
2022-10-07 18:40:00,234.217,234.426,234.136,234.136,1.8108,234.68908549635157,233.96579550616588,234.51405000000005,235.06230449383423,0.46756643692280164,0.1552239842521009,-0.14717317683931697,1,2,235.12599999999998,234.926
2022-10-07 18:45:00,234.136,234.296,234.026,234.286,1.836,234.65807891970914,233.9435523384815,234.5,235.0564476615185,0.4745822273078807,0.30770877946003583,-0.11650832623377028,1,2,234.99599999999998,234.796
2022-10-07 18:50:00,234.277,234.467,234.156,234.416,1.896,234.63945746434692,233.9581178463346,234.4725,234.9868821536654,0.43875691491786417,0.4450797431468112,-0.17322088287235715,1,2,235.167,234.967
2022-10-07 18:55:00,234.416,234.797,234.326,234.777,1.596,234.65003765939716,233.98799497356165,234.4605,234.93300502643834,0.40305725394114683,0.8349170720846203,-0.2803262923339105,1,2,235.49699999999999,233.826
2022-10-07 19:00:00,234.776,235.087,234.756,235.016,2.2296,234.6781886086743,233.95583536846107,234.47450000000003,234.993164631539,0.4424060028181896,1.0220136163837046,-0.26442084735015214,1,2,235.78699999999998,234.256
2022-10-07 19:05:00,235.017,235.017,234.526,234.606,1.7796,234.6726356387763,233.95896615333803,234.46845,234.97793384666195,0.43458627091360474,0.6349895594347145,-0.31111968185680894,1,2,235.71699999999998,235.517
2022-10-07 19:10:00,234.606,234.736,234.196,234.197,1.6644,234.63604828194738,233.9293739824872,234.44995,234.9705260175128,0.4440828565011928,0.25704797043039496,-0.3173795559089001,1,2,235.43599999999998,235.236
2022-10-07 19:15:00,234.207,234.297,234.006,234.056,1.2576,234.59142918333606,233.88152024554265,234.4199,234.95827975445738,0.4593293952069485,0.16204152646232398,-0.2677300500670299,1,2,234.99699999999999,234.797
2022-10-07 19:20:00,234.056,234.116,233.716,233.736,1.5012,234.5256269384641,233.7921576371642,234.36189999999996,234.93164236283573,0.4862073253679616,-0.049283361065773974,-0.22865222221017234,1,2,234.816,234.616
2022-10-07 19:25:00,233.746,233.776,233.446,233.707,1.6488,234.4626556355053,233.69605199440687,234.3134,234.93074800559313,0.5269421258819421,0.008866964413858409,-0.15399471421031308,1,0,,234.276
2022-10-07 19:30:00,233.707,233.757,233.156,233.286,2.0076,234.37214366354337,233.4978663511097,234.25140000000002,235.00493364889033,0.6433546598998436,-0.14058187807651965,-0.022976430931862524,1,0,,234.257
2022-10-07 19:35:00,233.307,234.087,233.196,234.086,2.1216,234.35013261250157,233.4823418754513,234.23685,234.9913581245487,0.6442266659141742,0.40003421097007946,-0.116560519099977,1,2,234.78699999999998,234.587
2022-10-07 19:40:00,234.087,234.397,233.897,234.097,2.502,234.3306608730784,233.47139033652985,234.2144,234.95740966347017,0.634469668363825,0.42099698982938044,-0.1494691093548397,1,2,235.09699999999998,234.897
2022-10-07 19:45:00,234.127,234.167,233.666,233.796,2.5068,234.28953311361082,233.42623545561324,234.18040000000002,234.9345645443868,0.6440885269533932,0.2451484540999028,-0.1428972024548898,1,2,234.867,234.667
2022-10-07 19:50:00,233.837,234.827,233.706,234.247,2.9196,234.28626133564077,233.4262507153372,234.16889999999998,234.91154928466275,0.6342851545724264,0.5525820206206074,-0.30034467676543386,1,0,,235.327
2022-10-07 19:55:00,234.207,234.786,233.876,234.227,2.742,234.28170277136073,233.42422363473293,234.16195,234.89967636526706,0.630099266996252,0.5440881626729341,-0.39175150459655583,1,1,233.17600000000002,235.286
2022-10-10 13:30:00,233.297,234.516,232.836,233.286,2.9976e-06,234.20511025048683,233.2900782950959,234.12095,234.9518217049041,0.7097798850586399,-0.002454226730686973,-0.46861303449631464,1,2,235.21599999999998,235.016
2022-10-10 13:35:00,233.337,233.527,231.396,231.447,3.1176e-06,233.99294792352632,232.55739057734652,233.98944999999998,235.42150942265343,1.2240375988348642,-0.3876901194815949,-0.02640772251834278,1,2,234.22699999999998,234.027
2022-10-10 13:40:00,231.447,231.717,231.006,231.057,3.5004e-06,233.76710577556278,231.91856430479365,233.83295000000004,235.74733569520643,1.637396008737341,-0.22502370001797736,0.5821725638605244,0,0,,
2022-10-10 13:45:00,231.057,231.407,230.586,230.656,3.5496e-06,233.52778994667335,231.3039685469149,233.65590000000003,236.00783145308517,2.013158198089706,-0.13775243025576064,1.1157314771055553,0,0,,
2022-10-10 13:50:00,230.626,231.127,230.566,230.726,3.2616e-06,233.31226764308312,230.8234337793256,233.48539999999997,236.14736622067434,2.2801992935527213,-0.01830109235963837,1.5451805281213637,0,0,,
2022-10-10 13:55:00,230.747,231.257,230.566,230.967,3.4824e-06,233.13186243976907,230.47055860333154,233.31945000000002,236.1683413966685,2.442052213536829,0.08712887357675632,1.7807448176919536,0,0,,
2022-10-10 15:00:00,229.007,229.026,228.446,228.446,3.138e-06,232.77141148286378,229.51818083974803,233.02095,236.52371916025197,3.0063984892791593,-0.15304760186807476,2.221798445939868,0,0,,
2022-10-10 15:05:00,228.426,228.907,228.407,228.737,3.0792e-06,232.4610721380281,228.85135656350585,232.71895,236.58654343649417,3.3238319754314474,-0.01478394321735004,2.719377075926076,0,0,,
2022-10-10 15:10:00,228.736,229.267,228.726,229.246,3.018e-06,232.21375889664134,228.4326582858141,232.43044999999998,236.42824171418584,3.439989652118185,0.10172387311972923,2.8981388165290127,0,0,,
2022-10-10 15:15:00,229.227,229.347,228.996,229.137,3.1968e-06,231.97708513536125,228.0453095933651,232.157,236.26869040663493,3.5421636277475335,0.13275445117089554,3.090121118278745,0,0,,
2022-10-10 15:20:00,229.117,229.947,229.076,229.736,3.3432e-06,231.8046939711027,227.80515828934008,231.93395,236.06274171065994,3.560316814903489,0.23382648556413727,3.046131402147182,0,0,,
2022-10-10 15:25:00,229.756,229.756,229.256,229.406,2.6772e-06,231.62017905024865,227.55317529959572,231.70145000000002,235.84972470040432,3.580706724454508,0.22332473548867235,3.081743945083275,0,0,,
2022-10-10 15:30:00,229.406,229.817,229.326,229.767,3.1008e-06,231.47762681561414,227.38338909604138,231.50300000000001,235.62261090395864,3.559012975174084,0.2893004897219959,3.046914030096758,0,0,,
2022-10-10 15:35:00,229.777,229.936,229.506,229.556,3.024e-06,231.32980936825922,227.22291705476613,231.29545,235.36798294523385,3.5214985381111994,0.2864412610786024,2.997971487930215,0,0,,
2022-10-10 15:40:00,229.577,229.717,229.246,229.546,2.796e-06,231.19259326300852,227.07542312307302,231.10845,235.141476876927,3.490159599899512,0.3062931332123254,2.9507046060331845,0,0,,
2022-10-10 15:45:00,229.546,229.877,229.306,229.847,2.8248e-06,231.08908608893097,227.07148954249587,230.89649999999997,234.72151045750408,3.3131818433836,0.36281083258988195,2.64519268860019,0,0,,
2022-10-10 15:50:00,229.816,230.227,229.646,229.686,2.706e-06,230.98115638978243,227.11497291638713,230.67595,234.23692708361287,3.0874281290380456,0.3610002287636716,2.2775919593664753,0,0,,
2022-10-10 15:55:00,229.687,229.716,229.096,229.177,2.5248e-06,230.84237512902993,227.13295622009363,230.445,233.75704377990635,2.8744765821834806,0.30857740956011004,1.9445977151119962,0,0,,
2022-10-10 17:00:00,227.407,227.476,227.116,227.127,1.6164e-06,230.5565770421815,226.9627444122374,230.08900000000003,233.21525558776264,2.717431591916705,0.026270338932868634,1.4564710529486717,0,0,,
2022-10-10 17:05:00,227.127,227.227,226.996,227.036,1.8288e-06,230.28576342355217,226.9552974825602,229.72944999999999,232.50360251743976,2.415147485391859,0.014545436296752081,1.1506069859414367,0,0,,
2022-10-10 17:10:00,227.076,227.566,226.706,227.316,2.5668e-06,230.05732008327894,226.9866399153304,229.43095000000002,231.87526008466966,2.130758805357026,0.06737281139887195,0.7429307942663854,0,0,,
2022-10-10 17:15:00,227.306,227.557,227.186,227.526,2.424e-06,229.86260315379596,226.84036773669305,229.2349,231.62943226330697,2.0891515762276653,0.1431662195188107,0.769896238656429,0,0,,
2022-10-10 17:20:00,227.507,227.827,227.486,227.646,2.5836e-06,229.6920952188886,226.72803955187493,229.06434999999996,231.400660448125,2.0398725931163306,0.1964551519387656,0.7822230924887776,0,0,,
2022-10-10 17:25:00,227.647,227.766,227.506,227.696,2.1564e-06,229.53854943282025,226.62756497077194,228.91634999999997,231.205135029228,1.9996693370552376,0.23340659248990817,0.815501231271412,0,0,,
2022-10-10 17:30:00,227.657,228.447,227.636,228.147,2.5008e-06,229.43150716875718,226.63439332095356,228.7874,230.94040667904642,1.8821024925729544,0.35127774887265223,0.6098808618476426,0,0,,
2022-10-10 17:35:00,228.176,228.667,228.086,228.526,2.358e-06,229.36185277116047,226.75763206749048,228.66535000000005,230.57306793250962,1.6685675661044137,0.46347730510224766,0.30373505028214254,0,0,,
2022-10-10 17:40:00,228.507,228.627,228.136,228.167,2.0016e-06,229.26994101953275,226.73341747661286,228.65140000000002,230.5693825233872,1.6776477409604023,0.3737214771006961,0.4067480108956545,0,0,,
2022-10-10 17:45:00,228.166,230.097,228.156,229.796,3.198e-06,229.31040709495332,226.72243211319983,228.70435000000003,230.68626788680024,1.7331702582834159,0.7754024289478566,0.18883666121266174,0,0,,
2022-10-10 17:50:00,229.777,230.577,229.666,230.557,2.9772e-06,229.40629885688,226.63950173675943,228.7699,230.9002982632406,1.8624812645724627,0.9194286183095168,0.22367001151849308,0,0,,
2022-10-10 17:55:00,230.537,230.686,229.976,229.987,2.37e-06,229.45096817558155,226.62135327297236,228.81239999999997,231.00344672702758,1.9151468425903595,0.7680454016591186,0.25725926118374787,0,0,,
2022-10-10 19:00:00,229.646,230.127,229.406,229.587,2.952e-06,229.46143216207528,226.62553324544882,228.80495000000002,230.98436675455122,1.9050433607762403,0.6794172680298164,0.21124476164490602,0,0,,
2022-10-10 19:05:00,229.566,229.937,229.426,229.917,2.5728e-06,229.49647584191567,226.61186866514095,228.83049999999997,231.049131334859,1.9391045641721942,0.7448581661425662,0.26021143651519196,0,0,,
2022-10-10 19:10:00,229.916,230.257,229.636,230.017,2.8704e-06,229.53651616176833,226.60071322083493,228.843,231.08528677916505,1.959672595766579,0.7617863180813028,0.2515973473301756,0,0,,
2022-10-10 19:15:00,230.067,230.677,229.936,230.657,2.6556e-06,229.6227072262477,226.5375048532133,228.89805,231.25859514678672,2.06252971293264,0.8725728360659339,0.3005904227456426,0,0,,
2022-10-10 19:20:00,230.677,230.717,230.146,230.346,2.7996e-06,229.678345131921,226.50882843949586,228.93805000000003,231.3672715605042,2.12216497913228,0.7897944804400133,0.35879109589561153,0,0,,
2022-10-10 19:25:00,230.356,230.356,229.446,229.646,2.7396e-06,229.67585704485015,226.51227774774952,228.92800000000003,231.34372225225053,2.1104646458716307,0.6486097996843526,0.2916684985570157,0,0,,
2022-10-10 19:30:00,229.647,229.987,229.536,229.806,2.8032e-06,229.68586804140017,226.5101943147153,228.93399999999997,231.35780568528463,2.117471136034545,0.6798824066826197,0.33851895575241997,0,0,,
2022-10-10 19:35:00,229.816,230.257,229.676,229.967,2.9844e-06,229.70749357667708,226.50972220969135,228.9735,231.43727779030866,2.1520200287881823,0.7016212671264378,0.40754217787474545,0,0,,
2022-10-10 19:40:00,229.977,230.037,229.456,229.697,2.9532e-06,229.70668637847118,226.772422785135,229.102,231.431577214865,2.0336594310525418,0.6277055759738962,0.41810213694859044,0,0,,
2022-10-10 19:45:00,229.727,230.147,229.526,229.876,2.9376e-06,229.71971050320417,227.09634593101728,229.24399999999997,231.39165406898266,1.8736839952039654,0.6471372902013502,0.36822423658210823,0,0,,
2022-10-10 19:50:00,229.857,230.136,229.366,229.847,2.8704e-06,229.72950200295773,227.4013767242272,229.37055,231.33972327577283,1.7170236333939275,0.6209771648492978,0.28166771312473315,0,0,,
2022-10-10 19:55:00,229.846,229.847,228.856,229.046,2.244e-06,229.67692492580713,227.65905650630057,229.44654999999997,231.23404349369937,1.5580914105698265,0.3879576341363341,0.17885036558919865,0,0,,
2022-10-11 13:30:00,227.097,227.846,226.806,227.016,2.0964,229.47223839305275,227.4852099574012,229.41505,231.34489004259882,1.682400559683257,-0.12156705919764854,0.24771530764198246,0,0,,
2022-10-11 13:35:00,227.006,227.047,226.146,226.246,2.7324,229.22406620897178,227.07963007432483,229.34255000000002,231.6054699256752,1.9733973705927588,-0.18419345396768386,0.7986927845237801,0,0,,
2022-10-11 13:40:00,226.247,226.407,225.446,225.846,3.3816,228.96421496212778,226.53916129365777,229.22750000000002,231.91583870634227,2.3455638667631504,-0.12892000773981355,1.3984689119671714,0,0,,
2022-10-11 13:45:00,225.886,226.427,225.636,225.776,3.2028,228.71896765734874,226.0182431736841,229.08999999999997,232.16175682631584,2.6817031090976147,-0.0394307211444596,1.9452793933097894,0,0,,
2022-10-11 13:50:00,225.786,226.077,225.616,225.686,3.018,228.48566245293733,225.5716615929818,228.96595000000002,232.36023840701824,2.9648848721988776,0.01684276545001256,2.4874254914413427,0,0,,
2022-10-11 13:55:00,225.667,225.966,225.196,225.407,2.9844,228.24884226424984,225.04190973925344,228.74650000000003,232.4510902607466,3.239035579339211,0.049275390130863364,2.8569261942722903,0,0,,
2022-10-11 14:00:00,225.406,225.447,224.896,225.417,2.8764,228.03100824392294,224.6137645859116,228.4895,232.36523541408837,3.392484480983487,0.10362361310431731,3.0639441158496936,0,0,,
